{"type": "FeatureCollection", "features": [{"type": "Feature", "properties": {"SPR_ID": 1, "Unit_Site": "Fowler Unit", "Site_typ": "Unit", "layer": "Crawfordsville", "Shape_Area": 17303.4991249, "Site_Score": 28.1, "Final_Rank": 65, "SITE_EVAL": "Poor", "RATIONALE": "Strong low flood risk and land cover suitability; limited by distance from transmission infrastructure.", "dataset": "facility_sites", "layer_title": "INDOT Facilities", "layer_type": "facility", "center_latitude": 40.613108, "center_longitude": -87.316932, "source_geometry_valid": true, "sol_s": 0.696541207759118, "slp_s": 0.677579703950369, "trn_s": 0.220535240306535, "fld_s": 1.0, "lc_s": 1.0, "Site_ID": 10401, "Site_Statu": "Active", "Site_Avail": "Yes", "Acreage": 5.0, "Address": "600 S Grant Ave, Fowler, IN 47944", "County": "Benton", "Solar_Type": "Rooftop and Canopy", "Electrical": "Yes", "Ownership": "INDOT"}, "geometry": {"type": "Polygon", "coordinates": [[[-87.31506721416957, 40.61280930821232], [-87.31506183999379, 40.61275063668619], [-87.31494472140585, 40.612754667742855], [-87.31494296954898, 40.61252506640287], [-87.31496030841157, 40.612537237791244], [-87.31496794633149, 40.612118338116034], [-87.31493985999555, 40.612117324636536], [-87.31493921209137, 40.61203245425607], [-87.31576126177997, 40.61202340272664], [-87.31649332684944, 40.61252760041148], [-87.31764420762036, 40.613339568409536], [-87.31760243421697, 40.6133746059911], [-87.31757026419987, 40.61377060519492], [-87.31695493474794, 40.61375940562302], [-87.31690823781943, 40.613442570032674], [-87.31656671549324, 40.61343363023473], [-87.31653333295114, 40.61287683227377], [-87.31641542546231, 40.612876293203804], [-87.316414058048, 40.61287586182369], [-87.31640506827297, 40.61287370181136], [-87.3163958650198, 40.612872146875226], [-87.31638651927139, 40.61287120853227], [-87.31637698614895, 40.61287089591424], [-87.3155346575763, 40.612872263251944], [-87.31544148468443, 40.612871836689166], [-87.31535783933151, 40.6128152185215], [-87.31506721416957, 40.61280930821232]]]}}, {"type": "Feature", "properties": {"SPR_ID": 3, "Unit_Site": "Ashboro Unit", "Site_typ": "Unit", "layer": "Crawfordsville", "Shape_Area": 14449.9193666, "Site_Score": 22.73, "Final_Rank": 70, "SITE_EVAL": "Poor", "RATIONALE": "Strong low flood risk and land cover suitability; limited by distance from transmission infrastructure.", "dataset": "facility_sites", "layer_title": "INDOT Facilities", "layer_type": "facility", "center_latitude": 39.389294, "center_longitude": -87.111779, "source_geometry_valid": true, "sol_s": 0.610523711759507, "slp_s": 0.73159868708528, "trn_s": 0.209539188112105, "fld_s": 1.0, "lc_s": 0.9111111111102, "Site_ID": 11101, "Site_Statu": "Active", "Site_Avail": "Yes", "Acreage": 4.0, "Address": "179 IN-59, Center Point, IN 47840", "County": "Clay", "Solar_Type": "Rooftop and Canopy", "Electrical": "Yes", "Ownership": "INDOT"}, "geometry": {"type": "Polygon", "coordinates": [[[-87.11098326976209, 39.38965749554123], [-87.1109645497424, 39.389483210354946], [-87.11074577648317, 39.38948710418169], [-87.1107236323145, 39.38910468469264], [-87.11105773224402, 39.3891009286859], [-87.11113373803336, 39.388892129288834], [-87.11282072348219, 39.38890122588915], [-87.11282435605139, 39.38966068892515], [-87.11209962273941, 39.3896694900673], [-87.11201775285649, 39.389701371452425], [-87.11136249431527, 39.389706148983635], [-87.11134568215141, 39.389659564180064], [-87.11098326976209, 39.38965749554123]]]}}, {"type": "Feature", "properties": {"SPR_ID": 4, "Unit_Site": "Frankfort Subdistrict", "Site_typ": "Subdistrict", "layer": "Crawfordsville", "Shape_Area": 26077.7134414, "Site_Score": 36.44, "Final_Rank": 54, "SITE_EVAL": "Poor", "RATIONALE": "Strong low flood risk and land cover suitability; limited by distance from transmission infrastructure.", "dataset": "facility_sites", "layer_title": "INDOT Facilities", "layer_type": "facility", "center_latitude": 40.277487, "center_longitude": -86.533276, "source_geometry_valid": true, "sol_s": 0.703149513481817, "slp_s": 0.902424844514629, "trn_s": 0.217783869520923, "fld_s": 1.0, "lc_s": 0.94285714285832, "Site_ID": 11201, "Site_Statu": "Active", "Site_Avail": "Yes", "Acreage": 20.0, "Address": "1675 IN-28, Frankfort, IN 46041", "County": "Clinton", "Solar_Type": "All", "Electrical": "Yes", "Ownership": "INDOT"}, "geometry": {"type": "Polygon", "coordinates": [[[-86.53260719335603, 40.27814519073254], [-86.53254450792046, 40.27679269082388], [-86.53397411378934, 40.27682841431829], [-86.53397596097015, 40.2786345084113], [-86.53397559469593, 40.27879047986005], [-86.53263302280632, 40.27882300392862], [-86.53260719335603, 40.27814519073254]]]}}, {"type": "Feature", "properties": {"SPR_ID": 5, "Unit_Site": "Veedersburg Unit", "Site_typ": "Unit", "layer": "Crawfordsville", "Shape_Area": 15395.2135167, "Site_Score": 51.92, "Final_Rank": 40, "SITE_EVAL": "Fair", "RATIONALE": "Strong low flood risk and land cover suitability; limited by distance from transmission infrastructure.", "dataset": "facility_sites", "layer_title": "INDOT Facilities", "layer_type": "facility", "center_latitude": 40.103675, "center_longitude": -87.248744, "source_geometry_valid": true, "sol_s": 0.605024064988396, "slp_s": 0.753096667101841, "trn_s": 0.402566232817893, "fld_s": 1.0, "lc_s": 1.0, "Site_ID": 12301, "Site_Statu": "Active", "Site_Avail": "Yes", "Acreage": 4.0, "Address": "201 S Sterling Ave, Veedersburg, IN 47987", "County": "Fountain", "Solar_Type": "Rooftop and Canopy", "Electrical": "Yes", "Ownership": "INDOT"}, "geometry": {"type": "Polygon", "coordinates": [[[-87.24781064863546, 40.10395174366297], [-87.24782542308995, 40.10335072670286], [-87.24967798244086, 40.10332987314601], [-87.24967160069775, 40.1034138935649], [-87.24967131147041, 40.104239566069566], [-87.24952986624884, 40.10423936633418], [-87.24806086084659, 40.10421066818387], [-87.24803749120566, 40.10393543090837], [-87.24800024328016, 40.10394916024978], [-87.24797569370892, 40.10421554906892], [-87.24785770478177, 40.104228843945045], [-87.24783910880065, 40.10424781115857], [-87.24780748786955, 40.10424797791994], [-87.24781064863546, 40.10395174366297]]]}}, {"type": "Feature", "properties": {"SPR_ID": 7, "Unit_Site": "Plainfield Unit", "Site_typ": "Unit", "layer": "Crawfordsville", "Shape_Area": 26706.5966794, "Site_Score": 58.99, "Final_Rank": 29, "SITE_EVAL": "Fair", "RATIONALE": "Strong land cover suitability and low flood risk; limited by distance from transmission infrastructure.", "dataset": "facility_sites", "layer_title": "INDOT Facilities", "layer_type": "facility", "center_latitude": 39.691045, "center_longitude": -86.394052, "source_geometry_valid": true, "sol_s": 0.569873553236164, "slp_s": 0.859758543871227, "trn_s": 0.496515374571338, "fld_s": 0.905197435, "lc_s": 0.96774193548325, "Site_ID": 13202, "Site_Statu": "Active", "Site_Avail": "Yes", "Acreage": 6.0, "Address": "1000 S Center St, Plainfield, IN 46168", "County": "Hendricks", "Solar_Type": "All", "Electrical": "Yes", "Ownership": "INDOT"}, "geometry": {"type": "Polygon", "coordinates": [[[-86.39339881905441, 39.690082654267435], [-86.39467472139431, 39.690070434268364], [-86.39471178709789, 39.692494860568814], [-86.39471209495439, 39.6925150296778], [-86.39458327443047, 39.69246704471033], [-86.39431054516012, 39.6923655318677], [-86.39406494498999, 39.69227342422904], [-86.3938250863654, 39.69218433111905], [-86.39377020832201, 39.69216378251547], [-86.39360418589601, 39.69210154093391], [-86.39342864760108, 39.69203562550962], [-86.39342823027239, 39.69200788546421], [-86.39339881905441, 39.690082654267435]]]}}, {"type": "Feature", "properties": {"SPR_ID": 9, "Unit_Site": "Crawfordsville District", "Site_typ": "District Office", "layer": "Crawfordsville", "Shape_Area": 12121.7076257, "Site_Score": 50.05, "Final_Rank": 41, "SITE_EVAL": "Fair", "RATIONALE": "Strong low flood risk and land cover suitability; limited by distance from transmission infrastructure.", "dataset": "facility_sites", "layer_title": "INDOT Facilities", "layer_type": "facility", "center_latitude": 40.082177, "center_longitude": -86.906744, "source_geometry_valid": true, "sol_s": 0.621347576686121, "slp_s": 0.907326516000999, "trn_s": 0.326898785655952, "fld_s": 1.0, "lc_s": 0.9999999999997, "Site_ID": 15401, "Site_Statu": "Active", "Site_Avail": "Yes", "Acreage": 25.0, "Address": "41 W 300 N, Crawfordsville, IN 47933", "County": "Montgomery", "Solar_Type": "Rooftop", "Electrical": "Yes", "Ownership": "INDOT"}, "geometry": {"type": "MultiPolygon", "coordinates": [[[[-86.90669452475717, 40.08166200225537], [-86.9070502546388, 40.08166200262144], [-86.90703986899203, 40.08180481382885], [-86.9066893308291, 40.08180741059659], [-86.90669452475717, 40.08166200225537]]], [[[-86.9070866072315, 40.081810007560975], [-86.90707102806789, 40.081662003070115], [-86.90743974092047, 40.08167758227104], [-86.90744233789256, 40.08181779738843], [-86.9070866072315, 40.081810007560975]]], [[[-86.90765525661874, 40.081739900293805], [-86.90810186755027, 40.08172691662571], [-86.90811484980884, 40.08187751820796], [-86.90765006354584, 40.0818827111887], [-86.90765525661874, 40.081739900293805]]], [[[-86.9081667814495, 40.08174768945111], [-86.90861339228772, 40.0817321099259], [-86.90862118205385, 40.08188530844796], [-86.90816158824055, 40.081887904682155], [-86.9081667814495, 40.08174768945111]]], [[[-86.90751504198786, 40.081750286508814], [-86.9076396768534, 40.081747689349626], [-86.90763967742483, 40.081893097368486], [-86.90752802411403, 40.08189309749129], [-86.90751504198786, 40.081750286508814]]], [[[-86.90896704616436, 40.08183098753798], [-86.90910331387647, 40.08182766455753], [-86.90910497592932, 40.08191407853911], [-86.9089620598263, 40.081915740318934], [-86.90896704616436, 40.08183098753798]]], [[[-86.90961428647842, 40.08204702284772], [-86.90961109576998, 40.081909823758465], [-86.90974191289517, 40.08190663362188], [-86.90975254819541, 40.08198533689829], [-86.90966427329987, 40.08198001905912], [-86.90966852735409, 40.082044895626495], [-86.90961428647842, 40.08204702284772]]], [[[-86.90895873727884, 40.08196393225154], [-86.90903850326379, 40.08195728540823], [-86.90910663761233, 40.08196725583498], [-86.90910663720875, 40.0823062645978], [-86.90895208985319, 40.08231124991613], [-86.90895873727884, 40.08196393225154]]], [[[-86.9062582998508, 40.08205148872936], [-86.90722682155021, 40.08203590955204], [-86.90721383906212, 40.08231114645827], [-86.90627907289075, 40.08230335652163], [-86.9062582998508, 40.08205148872936]]], [[[-86.9103428226238, 40.08231397528221], [-86.91034388669411, 40.082273560516036], [-86.91041727200083, 40.082277814895136], [-86.91042471606366, 40.082313975566926], [-86.9103428226238, 40.08231397528221]]], [[[-86.90545855600894, 40.08235788394809], [-86.90545595941427, 40.08218131747493], [-86.90581688286929, 40.082202089559416], [-86.90582207537325, 40.082357884533025], [-86.90545855600894, 40.08235788394809]]], [[[-86.90741117850895, 40.08224103881563], [-86.90806032223486, 40.08223324891059], [-86.90807849867653, 40.08231633972418], [-86.90806032231968, 40.082474730657545], [-86.90738521360169, 40.08248511621471], [-86.90740858172344, 40.08235528749672], [-86.90741117850895, 40.08224103881563]]], [[[-86.90815899250882, 40.08249290665419], [-86.90817716798978, 40.082378656793495], [-86.90861339239916, 40.082383849847695], [-86.90860300605843, 40.08250848596605], [-86.90815899250882, 40.08249290665419]]], [[[-86.90468996913806, 40.082529257797304], [-86.90468477620023, 40.08212159648227], [-86.90497559262997, 40.08213977185462], [-86.90498078640192, 40.08253964429516], [-86.90468996913806, 40.082529257797304]]], [[[-86.90949316804632, 40.082656908342344], [-86.90946866393759, 40.082643975632045], [-86.90943599155949, 40.082613345138846], [-86.90943599118005, 40.08257999223316], [-86.90941313745749, 40.082581189769115], [-86.9094183304195, 40.082007347057], [-86.90956633538117, 40.08202033030684], [-86.90956197314365, 40.082470783508526], [-86.90987439213595, 40.08246912144409], [-86.90987771578104, 40.082502358008256], [-86.90979130165964, 40.0825023583214], [-86.90978299347242, 40.082651920518906], [-86.90958914413098, 40.082645337385145], [-86.90957484949074, 40.082650782485324], [-86.90955442946044, 40.082658269798976], [-86.9095299251871, 40.08265963094628], [-86.90949316804632, 40.082656908342344]]], [[[-86.91122354775273, 40.08274925403684], [-86.91124874997504, 40.08221307891067], [-86.91139196563842, 40.08221782942624], [-86.91137825731309, 40.08275368992981], [-86.91122354775273, 40.08274925403684]]], [[[-86.91009208910089, 40.0824176057195], [-86.91019013601439, 40.08241594380778], [-86.91019013596843, 40.08264361192016], [-86.91028485910564, 40.08265358244217], [-86.91029815360625, 40.08284801425065], [-86.91010206003435, 40.08285466094044], [-86.91009208910089, 40.0824176057195]]], [[[-86.91052268038924, 40.08287345641809], [-86.91052469073668, 40.08278300356833], [-86.91076174717185, 40.082788272383596], [-86.9107597371391, 40.08287872433675], [-86.91052268038924, 40.08287345641809]]], [[[-86.91040527429034, 40.082912162221724], [-86.91040187170535, 40.08287540553515], [-86.91048491407139, 40.08287812848798], [-86.91047946861332, 40.08291896872589], [-86.91040527429034, 40.082912162221724]]], [[[-86.91080813563583, 40.08292112328524], [-86.91080739080823, 40.08288428216397], [-86.91088885404608, 40.08288820279871], [-86.91089029597414, 40.08292208838238], [-86.91086017237582, 40.0829214480441], [-86.91085803298496, 40.082921418467855], [-86.91080813563583, 40.08292112328524]]]]}}, {"type": "Feature", "properties": {"SPR_ID": 12, "Unit_Site": "Bainbridge Unit", "Site_typ": "Unit", "layer": "Crawfordsville", "Shape_Area": 44735.6685786, "Site_Score": 13.88, "Final_Rank": 81, "SITE_EVAL": "Poor", "RATIONALE": "Strong low flood risk and land cover suitability; limited by distance from transmission infrastructure.", "dataset": "facility_sites", "layer_title": "INDOT Facilities", "layer_type": "facility", "center_latitude": 39.761382, "center_longitude": -86.878254, "source_geometry_valid": true, "sol_s": 0.68043404460396, "slp_s": 0.615866706130413, "trn_s": 0.204950172136742, "fld_s": 1.0, "lc_s": 0.728, "Site_ID": 16702, "Site_Statu": "Active", "Site_Avail": "See Comment", "Acreage": 9.0, "Address": "1558 US-36, Bainbridge, IN 46105", "County": "Putnam", "Solar_Type": "All", "Electrical": "Yes", "Ownership": "INDOT"}, "geometry": {"type": "Polygon", "coordinates": [[[-86.8773476664525, 39.76116448103295], [-86.87735766595718, 39.760201481706744], [-86.87917366597733, 39.76022048128216], [-86.87915947681152, 39.76159919128841], [-86.87987403724793, 39.76215704084853], [-86.88006038496312, 39.76255918352942], [-86.87919623361876, 39.762535683549345], [-86.87919514907568, 39.762535658093114], [-86.87760147059672, 39.7625048180576], [-86.87733384212954, 39.76249456397731], [-86.8773476664525, 39.76116448103295]]]}}, {"type": "Feature", "properties": {"SPR_ID": 13, "Unit_Site": "Romney Unit", "Site_typ": "Unit", "layer": "Crawfordsville", "Shape_Area": 22616.9674954, "Site_Score": 7.05, "Final_Rank": 93, "SITE_EVAL": "Poor", "RATIONALE": "Strong low flood risk and slope; limited by distance from transmission infrastructure.", "dataset": "facility_sites", "layer_title": "INDOT Facilities", "layer_type": "facility", "center_latitude": 40.230517, "center_longitude": -86.906793, "source_geometry_valid": true, "sol_s": 0.603062052467268, "slp_s": 0.685226326372334, "trn_s": 0.248582765410284, "fld_s": 1.0, "lc_s": 0.328, "Site_ID": 17902, "Site_Statu": "Active", "Site_Avail": "Yes", "Acreage": 8.0, "Address": "12800 US-231, Linden, IN 47955", "County": "Tippecanoe", "Solar_Type": "All", "Electrical": "Yes", "Ownership": "INDOT"}, "geometry": {"type": "Polygon", "coordinates": [[[-86.90587204583929, 40.231122120167726], [-86.90591220988004, 40.23112123205934], [-86.90593140609083, 40.22991351044697], [-86.90767340873074, 40.22987499137763], [-86.90765163236335, 40.23124741371676], [-86.90588580897888, 40.23128646625048], [-86.90587204583929, 40.231122120167726]]]}}, {"type": "Feature", "properties": {"SPR_ID": 14, "Unit_Site": "Lafayette Unit", "Site_typ": "Unit", "layer": "Crawfordsville", "Shape_Area": 20453.5508982, "Site_Score": 37.82, "Final_Rank": 51, "SITE_EVAL": "Poor", "RATIONALE": "Strong low flood risk and land cover suitability; limited by solar resource.", "dataset": "facility_sites", "layer_title": "INDOT Facilities", "layer_type": "facility", "center_latitude": 40.487436, "center_longitude": -86.872489, "source_geometry_valid": true, "sol_s": 0.395452360141315, "slp_s": 0.625762151048382, "trn_s": 0.760828647260662, "fld_s": 1.0, "lc_s": 0.904, "Site_ID": 17903, "Site_Statu": "Active", "Site_Avail": "Yes", "Acreage": 8.0, "Address": "5110 IN-43, West Lafayette, IN 47906", "County": "Tippecanoe", "Solar_Type": "Rooftop and Canopy", "Electrical": "Yes", "Ownership": "INDOT"}, "geometry": {"type": "Polygon", "coordinates": [[[-86.87199357083881, 40.488605230909265], [-86.87195461720788, 40.48745073639186], [-86.87202722826146, 40.48742052392225], [-86.87205774568642, 40.4872040173629], [-86.87223823841299, 40.487133351926616], [-86.87223261475431, 40.486975339782106], [-86.87208441520876, 40.486894246759114], [-86.87201701507044, 40.48678235375254], [-86.87236390435334, 40.48649803368921], [-86.87299879338484, 40.48611241462594], [-86.87298466479659, 40.487776830768944], [-86.87298435216718, 40.48818676505007], [-86.87293263546758, 40.48822821824234], [-86.87291256504749, 40.48845367615022], [-86.87299665833378, 40.48844007575333], [-86.87299768386758, 40.4885395258334], [-86.87272388947902, 40.48854271745126], [-86.87272729960456, 40.488769442614576], [-86.87221472200137, 40.48876406800433], [-86.87199357083881, 40.488605230909265]]]}}, {"type": "Feature", "properties": {"SPR_ID": 15, "Unit_Site": "West Lafayette Subdistrict", "Site_typ": "Subdistrict", "layer": "Crawfordsville", "Shape_Area": 12138.0070486, "Site_Score": 21.85, "Final_Rank": 71, "SITE_EVAL": "Poor", "RATIONALE": "Strong low flood risk and transmission access; limited by land cover suitability.", "dataset": "facility_sites", "layer_title": "INDOT Facilities", "layer_type": "facility", "center_latitude": 40.450558, "center_longitude": -86.945523, "source_geometry_valid": true, "sol_s": 0.45609752307449, "slp_s": 0.688205630558531, "trn_s": 0.913968022933258, "fld_s": 1.0, "lc_s": 0.3454545454542, "Site_ID": 17904, "Site_Statu": "Active", "Site_Avail": "Yes", "Acreage": 4.0, "Address": "2319 US-231, West Lafayette, IN 47906", "County": "Tippecanoe", "Solar_Type": "Rooftop and Canopy", "Electrical": "Yes", "Ownership": "INDOT"}, "geometry": {"type": "Polygon", "coordinates": [[[-86.94614199553021, 40.45079686324697], [-86.94580411657813, 40.450795321538685], [-86.94463509072656, 40.450824232721644], [-86.94454188895064, 40.45061205711061], [-86.94450175323098, 40.4505037836175], [-86.94453531355639, 40.45035625230549], [-86.9447786224391, 40.45014026662344], [-86.9458505403456, 40.45014387553083], [-86.94640088704698, 40.4501497212579], [-86.94662047811515, 40.450874610273885], [-86.94641397593733, 40.45086249930085], [-86.94614199553021, 40.45079686324697]]]}}, {"type": "Feature", "properties": {"SPR_ID": 16, "Unit_Site": "Newport Unit", "Site_typ": "Unit", "layer": "Crawfordsville", "Shape_Area": 22217.0626143, "Site_Score": 53.41, "Final_Rank": 37, "SITE_EVAL": "Fair", "RATIONALE": "Strong transmission access and low flood risk; limited by solar resource.", "dataset": "facility_sites", "layer_title": "INDOT Facilities", "layer_type": "facility", "center_latitude": 39.869379, "center_longitude": -87.410743, "source_geometry_valid": true, "sol_s": 0.506899375101589, "slp_s": 0.745047955605074, "trn_s": 1.0, "fld_s": 1.0, "lc_s": 0.6448275862075, "Site_ID": 18301, "Site_Statu": "Active", "Site_Avail": "See Comment", "Acreage": 5.0, "Address": "951 S Old Ushwy 63, Hillsdale, IN 47854", "County": "Vermillion", "Solar_Type": "All", "Electrical": "Yes", "Ownership": "INDOT"}, "geometry": {"type": "Polygon", "coordinates": [[[-87.41033117895941, 39.87064258798404], [-87.41026711951012, 39.868103398330135], [-87.41068449933223, 39.86811464337488], [-87.41174481366393, 39.87077984847829], [-87.41033117895941, 39.87064258798404]]]}}, {"type": "Feature", "properties": {"SPR_ID": 18, "Unit_Site": "Fort Harrison Unit", "Site_typ": "Unit", "layer": "Crawfordsville", "Shape_Area": 15328.8346024, "Site_Score": 26.33, "Final_Rank": 67, "SITE_EVAL": "Poor", "RATIONALE": "Strong low flood risk and land cover suitability; limited by distance from transmission infrastructure.", "dataset": "facility_sites", "layer_title": "INDOT Facilities", "layer_type": "facility", "center_latitude": 39.507532, "center_longitude": -87.374011, "source_geometry_valid": true, "sol_s": 0.347680817798507, "slp_s": 0.856048310898015, "trn_s": 0.31302937280715, "fld_s": 1.0, "lc_s": 1.0, "Site_ID": 18402, "Site_Statu": "Active", "Site_Avail": "Yes", "Acreage": 4.0, "Address": "2900 Fort Harrison Rd, Terre Haute, IN 47804", "County": "Vigo", "Solar_Type": "Rooftop and Canopy", "Electrical": "Yes", "Ownership": "INDOT"}, "geometry": {"type": "Polygon", "coordinates": [[[-87.37342657414257, 39.508097922158086], [-87.3734002599358, 39.50683934786339], [-87.37389619725015, 39.506841077092986], [-87.37389806244856, 39.50680841872226], [-87.37397958962231, 39.50680813848347], [-87.37398005139326, 39.506808136097064], [-87.37404537926022, 39.50680792053371], [-87.37404052217815, 39.50696268036183], [-87.37412384063771, 39.50696648413984], [-87.37411782946162, 39.50685025047966], [-87.37419973317401, 39.50685922449496], [-87.3741952348535, 39.50681297799195], [-87.37456605368746, 39.50681656579979], [-87.37465111891915, 39.50827199369912], [-87.37342657414257, 39.508097922158086]]]}}, {"type": "Feature", "properties": {"SPR_ID": 19, "Unit_Site": "Carbondale Unit", "Site_typ": "Unit", "layer": "Crawfordsville", "Shape_Area": 20113.0996785, "Site_Score": 10.11, "Final_Rank": 91, "SITE_EVAL": "Poor", "RATIONALE": "Strong low flood risk and land cover suitability; limited by distance from transmission infrastructure.", "dataset": "facility_sites", "layer_title": "INDOT Facilities", "layer_type": "facility", "center_latitude": 40.345991, "center_longitude": -87.350655, "source_geometry_valid": true, "sol_s": 0.643108004667462, "slp_s": 0.63554477853506, "trn_s": 0.081824321399752, "fld_s": 1.0, "lc_s": 0.8913043478266, "Site_ID": 18601, "Site_Statu": "Active", "Site_Avail": "Yes", "Acreage": 8.0, "Address": "1538 W 200 N, Williamsport, IN 47993", "County": "Warren", "Solar_Type": "Rooftop and Canopy", "Electrical": "Yes", "Ownership": "INDOT"}, "geometry": {"type": "Polygon", "coordinates": [[[-87.35058289799085, 40.345485993974634], [-87.35127938446733, 40.34507278669119], [-87.35176815047453, 40.3450400977889], [-87.35210696198675, 40.34507054786766], [-87.35250062048075, 40.345472082414446], [-87.35187599519807, 40.345905275331354], [-87.35167330591189, 40.34577574255362], [-87.35141091375064, 40.34555792012362], [-87.35125048931906, 40.345272480380274], [-87.35106507653946, 40.34539801670445], [-87.3515577174526, 40.34580368471559], [-87.35120818379342, 40.34607717592612], [-87.35135449506254, 40.3462025446386], [-87.3513708142123, 40.34625619100518], [-87.35119325371721, 40.34636715284778], [-87.35105259465828, 40.34638062701469], [-87.3507859074977, 40.346551402532334], [-87.35092815637807, 40.346625590922656], [-87.3506321021396, 40.346857450391795], [-87.35009789183223, 40.34624025940209], [-87.34986598593471, 40.34569141666455], [-87.35019023035453, 40.34561221905744], [-87.35058289799085, 40.345485993974634]]]}}, {"type": "Feature", "properties": {"SPR_ID": 20, "Unit_Site": "Monroe Unit", "Site_typ": "Unit", "layer": "Fort Wayne", "Shape_Area": 26352.3290452, "Site_Score": 4.66, "Final_Rank": 96, "SITE_EVAL": "Poor", "RATIONALE": "Strong low flood risk and slope; limited by distance from transmission infrastructure.", "dataset": "facility_sites", "layer_title": "INDOT Facilities", "layer_type": "facility", "center_latitude": 40.747261, "center_longitude": -84.95535, "source_geometry_valid": true, "sol_s": 0.600466716982685, "slp_s": 0.808737121376057, "trn_s": 0.207292892027036, "fld_s": 0.89682983, "lc_s": 0.2774193548388, "Site_ID": 20101, "Site_Statu": "Active", "Site_Avail": "See Comment", "Acreage": 6.0, "Address": "201 N 100 W, Monroe, IN 46772", "County": "Adams", "Solar_Type": "All", "Electrical": "Yes", "Ownership": "INDOT"}, "geometry": {"type": "Polygon", "coordinates": [[[-84.95362968569611, 40.74674347772851], [-84.95649718151094, 40.74672289575521], [-84.95645084038561, 40.74831572079796], [-84.95614878031472, 40.7482265229175], [-84.95551567851768, 40.74801236828906], [-84.95508824567695, 40.74784596510707], [-84.95453387018257, 40.747642037126965], [-84.95390396656036, 40.74687951725775], [-84.95372846154035, 40.74683621094326], [-84.95362968569611, 40.74674347772851]]]}}, {"type": "Feature", "properties": {"SPR_ID": 21, "Unit_Site": "Fort Wayne District", "Site_typ": "District Office", "layer": "Fort Wayne", "Shape_Area": 54488.6488728, "Site_Score": 96.29, "Final_Rank": 4, "SITE_EVAL": "Good", "RATIONALE": "Strong transmission access and low flood risk; limited by solar resource.", "dataset": "facility_sites", "layer_title": "INDOT Facilities", "layer_type": "facility", "center_latitude": 41.127239, "center_longitude": -85.175962, "source_geometry_valid": true, "sol_s": 0.6876223687946, "slp_s": 0.809548900171626, "trn_s": 1.0, "fld_s": 1.0, "lc_s": 1.0, "Site_ID": 20201, "Site_Statu": "Active", "Site_Avail": "See Comment", "Acreage": 15.0, "Address": "5333 Hatfield Rd, Fort Wayne, IN 46808", "County": "Allen", "Solar_Type": "Rooftop and Canopy", "Electrical": "Yes", "Ownership": "INDOT"}, "geometry": {"type": "Polygon", "coordinates": [[[-85.1744387507615, 41.12775770241284], [-85.17440610993036, 41.12671940745423], [-85.17440877723425, 41.126717598711636], [-85.17441145039169, 41.126715793664744], [-85.17441412702131, 41.126713992275775], [-85.17441681067028, 41.12671219550174], [-85.17441949776645, 41.12671040328598], [-85.17442219069123, 41.12670861566627], [-85.17442488946963, 41.12670683174223], [-85.17442759286097, 41.12670505329572], [-85.17443030091519, 41.126703278526], [-85.17443301479804, 41.12670150835234], [-85.17443573331879, 41.12669974275582], [-85.17443845766819, 41.126697981755335], [-85.17444118546479, 41.12669622531315], [-85.17444392030569, 41.126694472585505], [-85.17444665856883, 41.126692725316516], [-85.1744494026606, 41.126690982643545], [-85.17445215260597, 41.12668924366628], [-85.17445490597358, 41.126687510147626], [-85.17445766519477, 41.12668578032465], [-85.17446042902893, 41.126684055979176], [-85.17446319871667, 41.12668233532939], [-85.17446597182665, 41.12668062013825], [-85.17446875079023, 41.126678908642766], [-85.17447153558246, 41.126677201743334], [-85.1744743237969, 41.126675500302525], [-85.17447711786495, 41.126673802557406], [-85.17447991654596, 41.12667211028978], [-85.17448271986488, 41.12667042259931], [-85.1744855278467, 41.12666873858565], [-85.17448834163217, 41.12666706006834], [-85.17449115886485, 41.12666538610933], [-85.17449398195113, 41.126663715846014], [-85.17449680962541, 41.126662051960515], [-85.17449964198754, 41.1266603908515], [-85.17450248012837, 41.12665873613918], [-85.17450532174136, 41.1266570850848], [-85.174508169183, 41.12665543862645], [-85.17451102004688, 41.126653797626716], [-85.1745138767394, 41.12665216122301], [-85.17451673690407, 41.12665052847724], [-85.17451960284747, 41.12664890212818], [-85.17452247345375, 41.12664727945593], [-85.17452534869795, 41.126645661360804], [-85.17452822855513, 41.12664404874319], [-85.17453111307515, 41.126642439802396], [-85.17453400220818, 41.12664083633907], [-85.17453689476343, 41.12663923833437], [-85.17453979317229, 41.126637644025344], [-85.17454269619411, 41.12663605519383], [-85.17454560385386, 41.12663447093944], [-85.17454851615153, 41.1266328912622], [-85.1745514318964, 41.12663131614323], [-85.17455435344496, 41.126629746520635], [-85.17455727963144, 41.12662818147518], [-85.17456020926514, 41.12662662098801], [-85.17456314351182, 41.12662506597831], [-85.17456608358712, 41.126623515564646], [-85.17456902710963, 41.12662196970923], [-85.17457197527007, 41.12662042843099], [-85.17457492685277, 41.126618892611326], [-85.1745778842641, 41.12661736138771], [-85.1745808450977, 41.12661583562269], [-85.17458381175993, 41.126614314453704], [-85.17458678186938, 41.12661279784296], [-85.17458975659181, 41.12661128670974], [-85.17459273476143, 41.12660978013476], [-85.17459571756899, 41.12660827813692], [-85.17459870498955, 41.12660678161659], [-85.17460169704799, 41.12660528967337], [-85.1746046937444, 41.12660380230732], [-85.17460769386305, 41.126602320399876], [-85.17461069859468, 41.12660084396991], [-85.17461370796424, 41.12659937211707], [-85.174616720781, 41.1265979048225], [-85.17461973821077, 41.12659644300544], [-85.17462276027845, 41.12659498576549], [-85.1746257857684, 41.12659353398416], [-85.17462881589628, 41.12659208677998], [-85.17463184947137, 41.126590644134055], [-85.17463488763448, 41.12658920786596], [-85.17463793046049, 41.12658777527464], [-85.17464097670876, 41.12658634814194], [-85.17464402757001, 41.126584926486736], [-85.1746470830692, 41.126583509408654], [-85.17465014199065, 41.12658209778917], [-85.17465320555004, 41.12658069074684], [-85.17465627134098, 41.12657928914424], [-85.17465934296057, 41.12657789213765], [-85.17466241800243, 41.126576500589664], [-85.17466549765726, 41.126575114519156], [-85.1746685795686, 41.12657373298803], [-85.1746716673086, 41.126572356052904], [-85.17467475844593, 41.126570985476754], [-85.17467785303047, 41.126569619458834], [-85.17468095225294, 41.12656825801808], [-85.17468405489768, 41.126566902035904], [-85.17468716215542, 41.12656555153123], [-85.17469027286039, 41.126564205584785], [-85.17469338698761, 41.12656286509698], [-85.17469650572784, 41.126561530086605], [-85.17469962791529, 41.126560199634525], [-85.17470275352501, 41.12655887464103], [-85.17470588374772, 41.126557555125025], [-85.17470901741764, 41.126556240167275], [-85.17471215572554, 41.126554929786636], [-85.17471529624002, 41.12655362574609], [-85.1747184413675, 41.126552327183006], [-85.17472158994222, 41.12655103317819], [-85.17472474315487, 41.1265497437505], [-85.17472789857413, 41.12654846066288], [-85.17473105863135, 41.126547182152386], [-85.17473422211084, 41.12654590910049], [-85.17473739022829, 41.12654464062574], [-85.17474056055232, 41.12654337849105], [-85.17474373551434, 41.126542120933486], [-85.1747469138986, 41.12654086883454], [-85.17475009573013, 41.126539621293816], [-85.17475328095898, 41.12653838011203], [-85.17475646963507, 41.126537143488534], [-85.17475966173342, 41.12653591232362], [-85.17476285844478, 41.126534686636184], [-85.17476605860338, 41.12653346550698], [-85.1747692609686, 41.12653225071787], [-85.17477246797178, 41.12653104050586], [-85.17477567720653, 41.126529835733585], [-85.17477889105427, 41.1265286364388], [-85.17478210834926, 41.12652744170225], [-85.17478532904157, 41.126526253324634], [-85.17478855318113, 41.12652506950526], [-85.17479178071802, 41.12652389204486], [-85.17479501051146, 41.12652271912382], [-85.17479824491788, 41.12652155168024], [-85.17480148277157, 41.12652038879491], [-85.17480472283187, 41.12651923224966], [-85.17480796750517, 41.12651808118187], [-85.17481121443501, 41.126516934653466], [-85.17481446595289, 41.126515794502865], [-85.17481771972733, 41.12651465889164], [-85.17482097692405, 41.126513528739025], [-85.17482423754306, 41.126512404044966], [-85.17482750158439, 41.12651128480953], [-85.17483076785727, 41.126510171013805], [-85.17483403874319, 41.126509062695554], [-85.17483731186067, 41.126507959817], [-85.17484058840046, 41.126506862397065], [-85.1748438683875, 41.126505769535356], [-85.17484715177189, 41.1265046830326], [-85.17485043741281, 41.12650360106921], [-85.17485372645108, 41.126502525464765], [-85.17485701891167, 41.1265014553189], [-85.17486031362878, 41.126500389712405], [-85.17486361293396, 41.12649933048374], [-85.1748669144957, 41.12649827579441], [-85.17487021826405, 41.12649722744519], [-85.1748735266704, 41.12649618367306], [-85.17487683609265, 41.12649514622213], [-85.17488015012793, 41.12649411424865], [-85.17488346641976, 41.12649308681457], [-85.17488678610894, 41.1264920657394], [-85.1748901080297, 41.126491050103944], [-85.17489343339776, 41.126490039026734], [-85.17489676216316, 41.12648903430846], [-85.17490009316015, 41.126488035029894], [-85.17490342757945, 41.12648704120993], [-85.17490676423034, 41.126486052829684], [-85.17491010311285, 41.12648506988914], [-85.17491344660837, 41.12648409242607], [-85.1749167911448, 41.126483120383824], [-85.17492014029423, 41.12648215381906], [-85.17492349045962, 41.12648119357547], [-85.17492684407226, 41.12648023789012], [-85.17493020110722, 41.126479287663365], [-85.17493356034885, 41.126478343776654], [-85.17493692182207, 41.12647740532969], [-85.17494028671761, 41.12647647234128], [-85.17494365384475, 41.126475544792605], [-85.17494702439423, 41.12647462270251], [-85.1749503959846, 41.12647370603325], [-85.17495377218798, 41.12647279484144], [-85.17495714940732, 41.12647188997084], [-85.17496053004899, 41.12647099055881], [-85.17496391294722, 41.126470095686145], [-85.17496729924282, 41.126469207172406], [-85.17497068655437, 41.12646832497987], [-85.1749740773132, 41.12646744734556], [-85.17497747030365, 41.12646657515098], [-85.17498086669146, 41.126465709315305], [-85.17498426531088, 41.12646484891936], [-85.17498766616194, 41.12646399396312], [-85.17499447453393, 41.12646230127011], [-85.17499788207984, 41.12646146263301], [-85.17500129302313, 41.12646063035482], [-85.17500470619802, 41.12645980351636], [-85.1750081215796, 41.12645898301795], [-85.17501153921775, 41.1264581670589], [-85.17501495906255, 41.12645735743992], [-85.175018381139, 41.12645655326064], [-85.17502180544706, 41.126455754521075], [-85.17502523317746, 41.12645496124008], [-85.17502866192382, 41.126454174280276], [-85.1750320929018, 41.12645339276018], [-85.17503552730214, 41.126452616698664], [-85.17503896274339, 41.12645184605799], [-85.17504240158203, 41.12645108177624], [-85.17504584146157, 41.12645032291533], [-85.17504928357276, 41.126449569494135], [-85.17505272908133, 41.126448822431854], [-85.17505617565578, 41.12644807989007], [-85.17505962443691, 41.12644734368834], [-85.17506307542472, 41.12644661382667], [-85.17506652866912, 41.126445888504364], [-85.1750699841202, 41.12644516952211], [-85.17507344177795, 41.1264444568799], [-85.17507690050161, 41.12644374875819], [-85.17508036262265, 41.126443046995405], [-85.17508382578461, 41.12644235065345], [-85.17508729115326, 41.12644166065155], [-85.17509075877851, 41.12644097518902], [-85.17509422861046, 41.126440296066534], [-85.17509769945838, 41.126439623265235], [-85.17510117253792, 41.12643895590364], [-85.17510464787408, 41.12643829308143], [-85.17510812539199, 41.12643763749957], [-85.17511160395081, 41.12643698733857], [-85.17511508474128, 41.126436342617296], [-85.1751185677634, 41.12643570333571], [-85.17512205299224, 41.12643507039419], [-85.17512553926198, 41.12643444287347], [-85.17512902773844, 41.126433821692835], [-85.17513251725583, 41.12643320593303], [-85.17513600900487, 41.12643259561293], [-85.17513950298557, 41.126431990732534], [-85.17514299798226, 41.126431392173316], [-85.17514649518563, 41.12643079995416], [-85.17514999345492, 41.12643021225547], [-85.17515349390595, 41.1264296317972], [-85.1751569954229, 41.12642905585942], [-85.17516049914653, 41.12642848626168], [-85.17516400507687, 41.126427923004], [-85.17516751207313, 41.126427364266796], [-85.17517102008536, 41.12642681185079], [-85.17517453030432, 41.126426265774825], [-85.17517804156421, 41.12642572511971], [-85.17518155505579, 41.12642518990428], [-85.17518506956336, 41.12642466101004], [-85.17518858630257, 41.12642413755548], [-85.17519210405779, 41.12642362042213], [-85.17519562404469, 41.12642310872847], [-85.17519914507254, 41.12642260245565], [-85.1752026671164, 41.126422102504016], [-85.17520619020122, 41.1264216079732], [-85.17520971549276, 41.12642111978244], [-85.17521324182525, 41.12642063701253], [-85.17521676917374, 41.12642016056379], [-85.17522029875391, 41.12641968955476], [-85.17522382937506, 41.12641922396655], [-85.17522736101219, 41.12641876469953], [-85.17523089485606, 41.126418311772554], [-85.17523442974091, 41.12641786426641], [-85.17523796447598, 41.12641742216224], [-85.1752415014178, 41.12641698639811], [-85.17524504059129, 41.12641655607369], [-85.17524857959009, 41.12641613205157], [-85.17525212082057, 41.12641571346916], [-85.17525566306706, 41.12641530120793], [-85.17525920635454, 41.12641489436753], [-85.17526275068298, 41.12641449294795], [-85.17526629602743, 41.12641409784958], [-85.1752698423879, 41.12641370907238], [-85.17527338978937, 41.12641332571601], [-85.17527693942253, 41.126412947799324], [-85.17528048888099, 41.12641257618498], [-85.17528403935547, 41.12641221089179], [-85.17528759206164, 41.12641185103833], [-85.17529114461807, 41.126411496586805], [-85.17529469938127, 41.12641114847533], [-85.17529825396976, 41.126410806666186], [-85.17530181078996, 41.126410470296726], [-85.17530536746042, 41.12641013932924], [-85.17530892514691, 41.12640981468295], [-85.17531248387441, 41.12640949545747], [-85.17531604359297, 41.12640918345351], [-85.17531960437746, 41.126408875970036], [-85.17532316617802, 41.12640857480777], [-85.17532672782883, 41.12640827904745], [-85.17533029166144, 41.12640799052753], [-85.17533385536927, 41.12640770650921], [-85.17533742009316, 41.12640742881209], [-85.1753409870238, 41.126407157455], [-85.175344552614, 41.12640689148101], [-85.17534812043593, 41.126406630946725], [-85.1753516880582, 41.126406377615105], [-85.17535525674646, 41.126406128803964], [-85.17535882642578, 41.126405887214354], [-85.17536239598037, 41.12640565012635], [-85.17536596652604, 41.12640542025988], [-85.1753695381127, 41.12640519581425], [-85.17537311074037, 41.12640497678944], [-85.17537668319338, 41.126404764066955], [-85.17538025668739, 41.12640455676528], [-85.17538383000672, 41.126404355765935], [-85.1753874043671, 41.12640416018741], [-85.17539097971854, 41.12640397183041], [-85.17539455613597, 41.126403787993894], [-85.17539813118802, 41.126403610440846], [-85.17540170844684, 41.126403439227836], [-85.17540528555595, 41.126403273416784], [-85.17540886249041, 41.12640311390804], [-85.17541244046588, 41.12640295982013], [-85.1754160182667, 41.12640281203454], [-85.1754195982743, 41.126402670588995], [-85.1754231769415, 41.126402534526534], [-85.1754267566497, 41.12640240388492], [-85.17543033737397, 41.12640227956448], [-85.17543391673287, 41.12640216152748], [-85.1754374983235, 41.12640204893018], [-85.17544107854879, 41.126401942616354], [-85.1754446598151, 41.126401841723336], [-85.17544824209747, 41.126401747151476], [-85.17545182792703, 41.12640165353647], [-85.17603155103632, 41.12636758907483], [-85.17608952552266, 41.12636636076594], [-85.17616185620962, 41.12636463648375], [-85.17623280849817, 41.126363218198044], [-85.17630388875882, 41.12636182441358], [-85.1763749467747, 41.126360373486214], [-85.17651759195861, 41.126357591570034], [-85.1765898994074, 41.126356103545824], [-85.1766627679464, 41.126354313603485], [-85.17673584663494, 41.12635259179536], [-85.17681056740327, 41.126351150846084], [-85.17688707921286, 41.12634964452354], [-85.17696430329124, 41.12634814131824], [-85.17704236982495, 41.12634662887758], [-85.17712150252402, 41.12634507290956], [-85.1771221485632, 41.12634505881508], [-85.17720173571473, 41.12634313707789], [-85.17728153841014, 41.12634138983791], [-85.17736150454945, 41.12633967665518], [-85.17744100882014, 41.12633790836836], [-85.1774849819673, 41.12633700723254], [-85.17748569217284, 41.12697315471471], [-85.17751539286655, 41.127505784696524], [-85.17751561145842, 41.127512735575806], [-85.17736899661236, 41.12751565765868], [-85.17736094614317, 41.127516043674376], [-85.177352957063, 41.127516880131125], [-85.17734368298649, 41.12751843485881], [-85.1773346220727, 41.12752059465471], [-85.17732584504827, 41.12752334352415], [-85.17731741921719, 41.12752666001381], [-85.17730940719531, 41.127530519894016], [-85.17730187060717, 41.12753489171343], [-85.17729486628951, 41.127539744845755], [-85.17728844892201, 41.12754504052382], [-85.17728266603994, 41.12755073986747], [-85.17727756178091, 41.127556797637496], [-85.17727317551964, 41.12756316851936], [-85.17726953956127, 41.12756980438439], [-85.17726668387935, 41.12757665526549], [-85.17726462783055, 41.12758366742462], [-85.1772633871246, 41.12759078976817], [-85.17726297285785, 41.127597965725045], [-85.17726338771674, 41.12760514129331], [-85.17726462721838, 41.12761226325825], [-85.17726668338243, 41.12761927564752], [-85.17726953976876, 41.12762612685868], [-85.17727317524906, 41.127632762512725], [-85.17727756140103, 41.12763913351972], [-85.17728266501443, 41.127645191614654], [-85.17728844806621, 41.127650890257875], [-85.17729486647988, 41.12765618641681], [-85.17730187015043, 41.12766103966572], [-85.17730940773225, 41.12766541136074], [-85.17731741929526, 41.12766927172957], [-85.17732584500902, 41.12767258739853], [-85.17732783502592, 41.1276732106805], [-85.17716331798408, 41.127698537049945], [-85.17711659324519, 41.127796083707416], [-85.17713777000462, 41.12784144696594], [-85.17757278458475, 41.12782761541401], [-85.17756839580231, 41.127772832218724], [-85.1777992954868, 41.12777265675758], [-85.17779831884252, 41.127668695722946], [-85.17787640956467, 41.127665160041516], [-85.17788552804704, 41.12766475125481], [-85.17786997821081, 41.1278683322489], [-85.1778408532637, 41.12801842589153], [-85.17726266495875, 41.12807590423063], [-85.17715287737074, 41.128088875682764], [-85.17714133850679, 41.1281599696223], [-85.17665107978053, 41.12818564607487], [-85.17664936965295, 41.12789095493312], [-85.17660141829938, 41.12788981743236], [-85.17662257048529, 41.128124686495035], [-85.17655961383895, 41.12825753989564], [-85.17642691339553, 41.12832851861627], [-85.17602142063804, 41.12834911226585], [-85.17594923945603, 41.12834131888042], [-85.17587662789441, 41.12816523852078], [-85.17579937573825, 41.12818104971826], [-85.17579534807285, 41.12811229628175], [-85.17586319926784, 41.12811082551031], [-85.17584168402993, 41.12808015946413], [-85.17579716232238, 41.12805403623997], [-85.17575222236955, 41.128028606249686], [-85.17572570268162, 41.12795301029265], [-85.17566515280103, 41.127643890382174], [-85.17537657345993, 41.12767422332047], [-85.1753744789439, 41.128070495645765], [-85.17569065309893, 41.12807637189035], [-85.17576433361673, 41.128109366710305], [-85.17578457645202, 41.12818643052316], [-85.17579315537809, 41.12826182605789], [-85.17575373568343, 41.12826176191425], [-85.17575738709952, 41.12834529776267], [-85.17542150914896, 41.12835438430199], [-85.17538170347963, 41.128465613119594], [-85.1742201720437, 41.12845986374097], [-85.17417879814647, 41.12777130267114], [-85.1744387507615, 41.12775770241284]]]}}, {"type": "Feature", "properties": {"SPR_ID": 22, "Unit_Site": "New Haven Unit", "Site_typ": "Unit", "layer": "Fort Wayne", "Shape_Area": 11582.2592135, "Site_Score": 84.14, "Final_Rank": 11, "SITE_EVAL": "Good", "RATIONALE": "Strong low flood risk and land cover suitability; limited by solar resource.", "dataset": "facility_sites", "layer_title": "INDOT Facilities", "layer_type": "facility", "center_latitude": 41.068584, "center_longitude": -84.993855, "source_geometry_valid": true, "sol_s": 0.649616536033641, "slp_s": 0.849893427020982, "trn_s": 0.844698568218395, "fld_s": 0.9598484475, "lc_s": 0.8545454545456, "Site_ID": 20202, "Site_Statu": "Active", "Site_Avail": "Yes", "Acreage": 4.0, "Address": "2111 McConnell Dr, New Haven, IN 46774", "County": "Allen", "Solar_Type": "Rooftop and Canopy", "Electrical": "Yes", "Ownership": "INDOT"}, "geometry": {"type": "MultiPolygon", "coordinates": [[[[-84.99499596663289, 41.06793020973571], [-84.99514096563244, 41.067900386232026], [-84.9951580307707, 41.068516704295796], [-84.99516094641857, 41.06864984248777], [-84.99515748191556, 41.068649956932425], [-84.99514807249501, 41.068650893864934], [-84.99513880614039, 41.068652449390555], [-84.99512975468922, 41.068654609447165], [-84.99512098527553, 41.068657358089254], [-84.99511256635975, 41.06866067489077], [-84.9951045618083, 41.06866453394126], [-84.99509703200108, 41.06866890656744], [-84.99509003385883, 41.06867376043289], [-84.99508362216947, 41.068679055057366], [-84.99507784444695, 41.068684754337795], [-84.99507274493753, 41.06869081220607], [-84.99506836188509, 41.06869718429109], [-84.9950647301564, 41.06870381985784], [-84.99506187623685, 41.06871066982685], [-84.99505982190821, 41.068717683235334], [-84.99505858192465, 41.06872480539517], [-84.99505855610408, 41.068725263420696], [-84.99499596663289, 41.06793020973571]]], [[[-84.99312761730363, 41.0687476055759], [-84.99311665608597, 41.06850183780377], [-84.99348824001338, 41.06850005491115], [-84.99347188025587, 41.06833963248718], [-84.9945820806711, 41.06817957075281], [-84.99459601751113, 41.06840609014742], [-84.9946983638819, 41.06840651628935], [-84.99471163974589, 41.06850877474429], [-84.99459305187102, 41.068527739747545], [-84.99457891643831, 41.06873259498756], [-84.99482244207626, 41.06874221812785], [-84.99481668887377, 41.06865085354174], [-84.99474615778661, 41.068668325037535], [-84.9947353047534, 41.06833464646674], [-84.99499537405725, 41.06831573905893], [-84.99500117212253, 41.06864124641625], [-84.99494409694452, 41.06865535830687], [-84.99494742298761, 41.068756258171966], [-84.99506125959682, 41.06877760724567], [-84.99506622303329, 41.06884730796797], [-84.99460486429517, 41.06884702053282], [-84.99459640732672, 41.068986127177375], [-84.99319860724225, 41.06902026848887], [-84.99319598054949, 41.068758692989526], [-84.99312761730363, 41.0687476055759]]]]}}, {"type": "Feature", "properties": {"SPR_ID": 23, "Unit_Site": "US27 South Unit", "Site_typ": "Unit", "layer": "Fort Wayne", "Shape_Area": 13549.1610883, "Site_Score": 4.47, "Final_Rank": 98, "SITE_EVAL": "Poor", "RATIONALE": "Strong land cover suitability and low flood risk; limited by distance from transmission infrastructure.", "dataset": "facility_sites", "layer_title": "INDOT Facilities", "layer_type": "facility", "center_latitude": 40.989242, "center_longitude": -85.092305, "source_geometry_valid": true, "sol_s": 0.424800732272703, "slp_s": 0.443439942080097, "trn_s": 0.307203164572711, "fld_s": 0.492872285, "lc_s": 0.65714285714232, "Site_ID": 20203, "Site_Statu": "Active", "Site_Avail": "Yes", "Acreage": 4.0, "Address": "10422 US Hwy 27, Fort Wayne, IN 46816", "County": "Allen", "Solar_Type": "Rooftop and Canopy", "Electrical": "Yes", "Ownership": "INDOT"}, "geometry": {"type": "Polygon", "coordinates": [[[-85.09141303436682, 40.988782305571846], [-85.09174451402936, 40.988618933245604], [-85.09184541639654, 40.98876849271914], [-85.09223609473423, 40.98857917021217], [-85.09211326851707, 40.98845349913363], [-85.09222512034411, 40.988406667784155], [-85.09320435522228, 40.98970229109369], [-85.09282508024762, 40.98998349700147], [-85.09251767609986, 40.99022669225183], [-85.09236639974885, 40.990073913407144], [-85.09141303436682, 40.988782305571846]]]}}, {"type": "Feature", "properties": {"SPR_ID": 26, "Unit_Site": "New Paris Unit", "Site_typ": "Unit", "layer": "Fort Wayne", "Shape_Area": 12270.571193, "Site_Score": 86.16, "Final_Rank": 8, "SITE_EVAL": "Good", "RATIONALE": "Strong low flood risk and land cover suitability; limited by solar resource.", "dataset": "facility_sites", "layer_title": "INDOT Facilities", "layer_type": "facility", "center_latitude": 41.45092, "center_longitude": -85.871694, "source_geometry_valid": true, "sol_s": 0.653848740076553, "slp_s": 0.847107864790768, "trn_s": 0.808988585387807, "fld_s": 0.98843859, "lc_s": 0.8857142857134, "Site_ID": 22002, "Site_Statu": "Active", "Site_Avail": "Yes", "Acreage": 6.0, "Address": "21335 US-6, New Paris, IN 46553", "County": "Elkhart", "Solar_Type": "Rooftop and Ground", "Electrical": "Yes", "Ownership": "INDOT"}, "geometry": {"type": "MultiPolygon", "coordinates": [[[[-85.87071051079313, 41.45075312783086], [-85.8710371078504, 41.45075312718932], [-85.87102843726888, 41.45082827386022], [-85.87070762145136, 41.450834054480644], [-85.87071051079313, 41.45075312783086]]], [[[-85.87016714603604, 41.45083983498123], [-85.87041281592288, 41.45083694428369], [-85.8704243776731, 41.45096700540559], [-85.87017870743718, 41.450972785668455], [-85.87016714603604, 41.45083983498123]]], [[[-85.87084635255245, 41.451620199125244], [-85.87085213259547, 41.45144389452182], [-85.87115560836111, 41.451435224028884], [-85.87115560752252, 41.451481468456016], [-85.87119607141076, 41.45148724832403], [-85.87120474208811, 41.45155372359986], [-85.8711440470555, 41.45153927291274], [-85.87114404657292, 41.451611528654595], [-85.87098508358261, 41.45161441900286], [-85.87084635255245, 41.451620199125244]]], [[[-85.87206663095284, 41.45105028932357], [-85.87177512717359, 41.45099848296314], [-85.87160817674426, 41.45105387421409], [-85.87142839519723, 41.451042563587386], [-85.87119761667553, 41.4512783073814], [-85.8710454280731, 41.45086079038292], [-85.87103613423164, 41.45072614703899], [-85.87074787563556, 41.450737658005046], [-85.87071387543291, 41.45050129029694], [-85.87060589735951, 41.45049012845573], [-85.87051487572013, 41.450319653146565], [-85.87039550712927, 41.450198328816626], [-85.87012452378592, 41.4501311947919], [-85.87063070289788, 41.450119642733995], [-85.87062195031838, 41.450086714333736], [-85.87171354080407, 41.45001050357341], [-85.87203578376453, 41.45002168679361], [-85.87171938942348, 41.45013774510649], [-85.87085809378603, 41.450155063456904], [-85.871105521924, 41.45037197416902], [-85.87149795582867, 41.45060350367661], [-85.87173342602935, 41.45070748183025], [-85.87248448529141, 41.45097861198831], [-85.87250975193342, 41.451712855577156], [-85.87127415051795, 41.4516890964353], [-85.871313119845, 41.45160319509553], [-85.87210170920365, 41.45160496846565], [-85.8722935663148, 41.451437671559276], [-85.87206663095284, 41.45105028932357]]]]}}, {"type": "Feature", "properties": {"SPR_ID": 27, "Unit_Site": "Gas City Unit", "Site_typ": "Unit", "layer": "Fort Wayne", "Shape_Area": 38848.3979643, "Site_Score": 74.02, "Final_Rank": 16, "SITE_EVAL": "Good", "RATIONALE": "Strong low flood risk and slope; limited by distance from transmission infrastructure.", "dataset": "facility_sites", "layer_title": "INDOT Facilities", "layer_type": "facility", "center_latitude": 40.481641, "center_longitude": -85.568975, "source_geometry_valid": true, "sol_s": 0.735396921611271, "slp_s": 0.855761125706338, "trn_s": 0.654180506711551, "fld_s": 1.0, "lc_s": 0.7538461538455, "Site_ID": 22701, "Site_Statu": "Active", "Site_Avail": "Yes", "Acreage": 10.0, "Address": "5291 IN-22, Gas City, IN 46933", "County": "Grant", "Solar_Type": "All", "Electrical": "Yes", "Ownership": "INDOT"}, "geometry": {"type": "Polygon", "coordinates": [[[-85.56971379993757, 40.48069976011229], [-85.5700797654801, 40.48070270907602], [-85.57005852318862, 40.48257897811514], [-85.56787186254265, 40.482584200930916], [-85.56788916541747, 40.4806886593972], [-85.56857527314428, 40.480693373117674], [-85.5695008144177, 40.48069856601522], [-85.56971379993757, 40.48069976011229]]]}}, {"type": "Feature", "properties": {"SPR_ID": 28, "Unit_Site": "Markle Winter Unit", "Site_typ": "Unit", "layer": "Fort Wayne", "Shape_Area": 11761.5232244, "Site_Score": 42.98, "Final_Rank": 48, "SITE_EVAL": "Fair", "RATIONALE": "Strong low flood risk and land cover suitability; limited by distance from transmission infrastructure.", "dataset": "facility_sites", "layer_title": "INDOT Facilities", "layer_type": "facility", "center_latitude": 40.82968, "center_longitude": -85.344146, "source_geometry_valid": false, "sol_s": 0.639997343103065, "slp_s": 0.878658891354876, "trn_s": 0.277136797234951, "fld_s": 1.0, "lc_s": 1.0, "Site_ID": 23501, "Site_Statu": "Active", "Site_Avail": "Yes", "Acreage": 3.0, "Address": "350 W Logan St, Markle, IN 46770, USA", "County": "Huntington", "Solar_Type": "Ground and Canopy", "Electrical": "Yes", "Ownership": "INDOT"}, "geometry": {"type": "Polygon", "coordinates": [[[-85.34327857739177, 40.83001128264429], [-85.34327858373697, 40.829973158381215], [-85.34328608292358, 40.829845282920274], [-85.34328618959981, 40.82984161731531], [-85.3432861849157, 40.82971576354657], [-85.3432862124973, 40.82964325082828], [-85.34328618841704, 40.82959139080024], [-85.3439827230226, 40.82958550539371], [-85.34400085926951, 40.82912624487686], [-85.34434851556993, 40.829124239394034], [-85.34436814541878, 40.82942308078237], [-85.3447749956792, 40.82943185497188], [-85.3447540631778, 40.82912523729979], [-85.34500455373016, 40.82911729895683], [-85.34500564980804, 40.830264051465726], [-85.34486656206637, 40.83023843225782], [-85.34486581828885, 40.83023829727472], [-85.34475898513102, 40.83021922566448], [-85.3447548003198, 40.830218544959735], [-85.34462545974195, 40.830199511435055], [-85.34447290056407, 40.830176640403806], [-85.34447073204181, 40.83017633273354], [-85.34446760125063, 40.830175949096265], [-85.34433337083485, 40.830161031953565], [-85.34421436591123, 40.830142424680204], [-85.34421133376858, 40.830141984801294], [-85.34420879901798, 40.83014166826541], [-85.34411152412592, 40.830130438675724], [-85.34400655256965, 40.830115445773814], [-85.34389973643341, 40.83010018758025], [-85.34389852619917, 40.83010002067101], [-85.34389572538615, 40.830099673284096], [-85.34372820043053, 40.83008065707395], [-85.34356937899445, 40.83006173949303], [-85.34345632153631, 40.83004667140212], [-85.34337722713585, 40.830035870756895], [-85.34329036715107, 40.8300177890853], [-85.3432808540414, 40.830016154417606], [-85.34327882705085, 40.83001587848416], [-85.34327857810966, 40.83001363553161], [-85.34327857762986, 40.830013416631466], [-85.34335058449336, 40.829982456469175], [-85.34327857739177, 40.83001128264429]], [[-85.34361238880723, 40.82987764821099], [-85.34366663446535, 40.829881729538094], [-85.34369375251292, 40.829920292865424], [-85.3437374291031, 40.829945679325405], [-85.34383541785087, 40.829941650100075], [-85.34388860619752, 40.82991006897146], [-85.34389445507964, 40.82985641601385], [-85.34387531547486, 40.829814054239215], [-85.34382216745873, 40.82977749798828], [-85.34372018072358, 40.82978230933334], [-85.34366328509657, 40.829832762853925], [-85.34361610321201, 40.82983528851168], [-85.34360634808131, 40.829872488181024], [-85.34335058449336, 40.829982456469175], [-85.34361238880723, 40.82987764821099]]]}}, {"type": "Feature", "properties": {"SPR_ID": 29, "Unit_Site": "Warsaw Unit", "Site_typ": "Unit", "layer": "Fort Wayne", "Shape_Area": 35062.9254641, "Site_Score": 64.35, "Final_Rank": 25, "SITE_EVAL": "Fair", "RATIONALE": "Strong low flood risk and land cover suitability; limited by slope.", "dataset": "facility_sites", "layer_title": "INDOT Facilities", "layer_type": "facility", "center_latitude": 41.270797, "center_longitude": -85.894076, "source_geometry_valid": true, "sol_s": 0.686700924697932, "slp_s": 0.623862958266791, "trn_s": 0.775008629709142, "fld_s": 1.0, "lc_s": 0.8243902439021, "Site_ID": 24301, "Site_Statu": "Active", "Site_Avail": "Yes", "Acreage": 10.0, "Address": "2790 N Fox Farm Rd, Warsaw, IN 46582", "County": "Kosciusko", "Solar_Type": "All", "Electrical": "Yes", "Ownership": "INDOT"}, "geometry": {"type": "Polygon", "coordinates": [[[-85.8922794926911, 41.270119966128156], [-85.89522239740512, 41.27008693480973], [-85.89583644495609, 41.27053393168582], [-85.8958504930493, 41.27106089806694], [-85.89585051012969, 41.27106144319017], [-85.89585439260196, 41.2711709893431], [-85.8951152768789, 41.271181977744625], [-85.89232613350669, 41.27124131522729], [-85.8922794926911, 41.270119966128156]]]}}, {"type": "Feature", "properties": {"SPR_ID": 35, "Unit_Site": "Wabash Subdistrict", "Site_typ": "Subdistrict", "layer": "Fort Wayne", "Shape_Area": 144719.341498, "Site_Score": 25.83, "Final_Rank": 68, "SITE_EVAL": "Poor", "RATIONALE": "Strong low flood risk and land cover suitability; limited by distance from transmission infrastructure.", "dataset": "facility_sites", "layer_title": "INDOT Facilities", "layer_type": "facility", "center_latitude": 40.825946, "center_longitude": -85.804223, "source_geometry_valid": true, "sol_s": 0.60156954941253, "slp_s": 0.748683597925232, "trn_s": 0.227268432836218, "fld_s": 1.0, "lc_s": 0.915, "Site_ID": 28501, "Site_Statu": "Active", "Site_Avail": "Yes", "Acreage": 14.0, "Address": "1290 Manchester Ave, Wabash, IN 46992", "County": "Wabash", "Solar_Type": "All", "Electrical": "Yes", "Ownership": "INDOT"}, "geometry": {"type": "Polygon", "coordinates": [[[-85.80566526146723, 40.8242259455558], [-85.80688714398087, 40.82421549162546], [-85.8069339007824, 40.82714851986836], [-85.80569665030134, 40.827162039934066], [-85.80111632993946, 40.827210147571066], [-85.80122048025044, 40.82686951483998], [-85.80137239753807, 40.82638675837863], [-85.80141098892945, 40.826263604404076], [-85.8016524626162, 40.82562841301653], [-85.80171448703716, 40.825483197986884], [-85.80204745675391, 40.82477991342891], [-85.80230198042754, 40.82425896498586], [-85.80355875248043, 40.82424391800492], [-85.80565293985583, 40.82422604319126], [-85.80566526146723, 40.8242259455558]]]}}, {"type": "Feature", "properties": {"SPR_ID": 36, "Unit_Site": "Bluffton Subdistrict", "Site_typ": "Subdistrict", "layer": "Fort Wayne", "Shape_Area": 76362.1563195, "Site_Score": 28.15, "Final_Rank": 64, "SITE_EVAL": "Poor", "RATIONALE": "Strong low flood risk and slope; limited by distance from transmission infrastructure.", "dataset": "facility_sites", "layer_title": "INDOT Facilities", "layer_type": "facility", "center_latitude": 40.74121, "center_longitude": -85.277295, "source_geometry_valid": true, "sol_s": 0.651803621451023, "slp_s": 0.843814102506782, "trn_s": 0.342580508985193, "fld_s": 1.0, "lc_s": 0.5858823529416, "Site_ID": 29001, "Site_Statu": "Active", "Site_Avail": "Yes", "Acreage": 18.0, "Address": "2800 W Division Rd, Bluffton, IN 46714", "County": "Wells", "Solar_Type": "All", "Electrical": "Yes", "Ownership": "INDOT"}, "geometry": {"type": "Polygon", "coordinates": [[[-85.27518530690246, 40.7399247255918], [-85.27932751901456, 40.73993301748687], [-85.27932836574227, 40.73997699113326], [-85.27932840372307, 40.73997827444403], [-85.2793369338004, 40.74019268571403], [-85.27933701273002, 40.74019421825717], [-85.27934277558951, 40.74028381704755], [-85.27934982869266, 40.74039352119491], [-85.27934990562464, 40.74039457988552], [-85.27936212783533, 40.74054496663376], [-85.27936237485555, 40.74054742140379], [-85.2793803222258, 40.740695967600544], [-85.27938038295346, 40.74069646034481], [-85.27940083428688, 40.74085524457249], [-85.2794009216875, 40.7408558971567], [-85.27940285471342, 40.740869765926256], [-85.27940570172204, 40.74155049062196], [-85.27940317569693, 40.74155048358268], [-85.27868391151644, 40.74154933613377], [-85.27868555788751, 40.74194041024007], [-85.27518629690083, 40.74193174078264], [-85.27518530690246, 40.7399247255918]]]}}, {"type": "Feature", "properties": {"SPR_ID": 37, "Unit_Site": "Laud Unit", "Site_typ": "Unit", "layer": "Fort Wayne", "Shape_Area": 19209.7368799, "Site_Score": 54.2, "Final_Rank": 36, "SITE_EVAL": "Fair", "RATIONALE": "Strong low flood risk and land cover suitability; limited by distance from transmission infrastructure.", "dataset": "facility_sites", "layer_title": "INDOT Facilities", "layer_type": "facility", "center_latitude": 41.08346, "center_longitude": -85.468407, "source_geometry_valid": true, "sol_s": 0.743674021459442, "slp_s": 0.732930439484253, "trn_s": 0.454704591583683, "fld_s": 1.0, "lc_s": 0.84, "Site_ID": 29201, "Site_Statu": "Active", "Site_Avail": "Yes", "Acreage": 4.0, "Address": "5501 IN-9, Columbia City, IN 46725", "County": "Whitley", "Solar_Type": "All", "Electrical": "Yes", "Ownership": "INDOT"}, "geometry": {"type": "Polygon", "coordinates": [[[-85.46997870926607, 41.082994034249616], [-85.4700162291251, 41.08299404883945], [-85.47001481223697, 41.083138829132196], [-85.46997806014687, 41.08313881482998], [-85.46922072716914, 41.083138507560676], [-85.46921834430617, 41.08368002654786], [-85.46921595178902, 41.0842250313245], [-85.46759225637321, 41.08422325317425], [-85.46759660544765, 41.083239132042074], [-85.46781609982068, 41.083239346517466], [-85.46781720543642, 41.08299317908144], [-85.46783534221852, 41.082993183396574], [-85.46997870926607, 41.082994034249616]]]}}, {"type": "Feature", "properties": {"SPR_ID": 38, "Unit_Site": "Muncie Unit", "Site_typ": "Unit", "layer": "Greenfield", "Shape_Area": 23935.8513635, "Site_Score": 62.87, "Final_Rank": 27, "SITE_EVAL": "Fair", "RATIONALE": "Strong low flood risk and land cover suitability; limited by distance from transmission infrastructure.", "dataset": "facility_sites", "layer_title": "INDOT Facilities", "layer_type": "facility", "center_latitude": 40.238895, "center_longitude": -85.367017, "source_geometry_valid": true, "sol_s": 0.722731664557218, "slp_s": 0.78972142291246, "trn_s": 0.423811026990454, "fld_s": 1.0, "lc_s": 0.9999999999996, "Site_ID": 31801, "Site_Statu": "Active", "Site_Avail": "Yes", "Acreage": 6.0, "Address": "5400 Old State Rd 3, Muncie, IN 47303", "County": "Delaware", "Solar_Type": "All", "Electrical": "Yes", "Ownership": "INDOT"}, "geometry": {"type": "Polygon", "coordinates": [[[-85.36676708621906, 40.23715261052781], [-85.36789155739139, 40.23712771946637], [-85.36789328866527, 40.23761332739053], [-85.36789279009612, 40.237614557268905], [-85.36789173811636, 40.237617146879955], [-85.36789067538736, 40.237619743546446], [-85.36788963415653, 40.23762232610206], [-85.36788858061206, 40.237624931906886], [-85.36788751925259, 40.23762752048472], [-85.36788645667468, 40.237630110847114], [-85.3678853941183, 40.237632700308936], [-85.36788433138882, 40.23763529697533], [-85.36788327000741, 40.237637886453705], [-85.36788220742915, 40.237640476816054], [-85.36788113547149, 40.23764306614518], [-85.36788006231697, 40.23764565635832], [-85.36787900095686, 40.237648244936075], [-85.36787792899894, 40.237650834265175], [-85.36787684644321, 40.23765342434567], [-85.36787577448511, 40.23765601367477], [-85.36787470269996, 40.23765859579923], [-85.367873620144, 40.237661185879695], [-85.36787253878468, 40.23766377507613], [-85.36787145524806, 40.23766635703478], [-85.36787037388859, 40.23766894623121], [-85.36786929169996, 40.237671521001815], [-85.36786819956957, 40.23767411815421], [-85.36786710663164, 40.23767669998021], [-85.36786602409668, 40.23767928916002], [-85.36786493233373, 40.23768187100257], [-85.36786384057068, 40.2376844528451], [-85.36786274782708, 40.23768702656586], [-85.36786164646821, 40.23768961638098], [-85.3678605533351, 40.2376922063121], [-85.36785945217073, 40.23769478802196], [-85.36785834983117, 40.23769736971526], [-85.36785725708712, 40.237699943435956], [-85.36785614534641, 40.23770252499662], [-85.36785503258189, 40.23770510023665], [-85.36785393124406, 40.23770768915108], [-85.36785281832795, 40.237710270695125], [-85.36785171616087, 40.237712845183715], [-85.3678506044197, 40.2377154267443], [-85.36784949150334, 40.23771800828831], [-85.36784836935895, 40.237720582495086], [-85.36784725761753, 40.237723164055616], [-85.3678461352783, 40.237725746367566], [-85.3678450133283, 40.2377283124691], [-85.36784390038987, 40.2377308949136], [-85.36784276886569, 40.23773346808711], [-85.36784163729816, 40.237736043061766], [-85.36784052457575, 40.23773861650045], [-85.36783939183293, 40.23774119145851], [-85.36783827071145, 40.23774377198577], [-85.36783713796845, 40.23774634694379], [-85.36783600542002, 40.23774891379658], [-85.36783486331912, 40.23775148682083], [-85.36783373177259, 40.237754060894815], [-85.36783259902924, 40.23775663585277], [-85.36783145710112, 40.237759201672326], [-85.36783030457516, 40.237761768243274], [-85.36782917285524, 40.23776434952182], [-85.36782803071056, 40.23776692434711], [-85.36782688878206, 40.23776949016661], [-85.36782573608272, 40.23777206394214], [-85.36782459413241, 40.23777463066219], [-85.36782344160594, 40.237777197233044], [-85.36782229008145, 40.23777977102509], [-85.36782113755477, 40.237782337595924], [-85.36781998504964, 40.23778490326617], [-85.36781882312181, 40.237787469704344], [-85.36781767059486, 40.237790036275136], [-85.36781650849382, 40.23779260991793], [-85.36781534558524, 40.237795168234285], [-85.36781418483217, 40.237797734689025], [-85.36781302290389, 40.23780030112712], [-85.36781185980038, 40.237802867548666], [-85.36781068727417, 40.23780543473813], [-85.36780951594464, 40.237808001043604], [-85.36780835303553, 40.23781055935989], [-85.36780718053069, 40.23781312564876], [-85.36780600939554, 40.23781568384899], [-85.3678048263144, 40.23781824998862], [-85.3678036539823, 40.23782080907283], [-85.3678024732296, 40.23782337614617], [-85.36780129151798, 40.23782593419714], [-85.36780011920723, 40.23782849238073], [-85.36779892672466, 40.23783105838766], [-85.367797743816, 40.23783361732261], [-85.36779656227705, 40.23783616816891], [-85.36779536979417, 40.23783873417581], [-85.36779418803874, 40.23784129402786], [-85.36779299575035, 40.23784385192956], [-85.36779180346188, 40.23784640983121], [-85.36779061113005, 40.23784896953402], [-85.36778939886429, 40.23785152715387], [-85.36778821730306, 40.23785407890064], [-85.3677870144381, 40.237856636653035], [-85.36778581272652, 40.237859195322606], [-85.36778461120954, 40.23786174588696], [-85.36778340830104, 40.23786430544048], [-85.36778220560875, 40.23786685598824], [-85.36778100291636, 40.23786940653595], [-85.36777979060658, 40.23787196595682], [-85.36777857968814, 40.23787451638848], [-85.36777736759447, 40.23787706680353], [-85.3677761555007, 40.23787961721857], [-85.36777494319057, 40.237882176639395], [-85.3677737310966, 40.23788472705441], [-85.36777250840483, 40.23788727822079], [-85.3677712963107, 40.23788982863578], [-85.36777007381338, 40.23789237169694], [-85.36776885229644, 40.23789492287986], [-85.36776762960427, 40.237897474046186], [-85.36776639753263, 40.2379000241793], [-85.36776517621009, 40.23790256725697], [-85.36776394411663, 40.237905118290634], [-85.36776272125103, 40.237907676661514], [-85.36776148835, 40.237910212368774], [-85.36776025625625, 40.237912763402385], [-85.3677590149561, 40.23791530619817], [-85.36775779361135, 40.23791785017632], [-85.36775654173488, 40.23792039282288], [-85.36775530846562, 40.237922943839855], [-85.36775406598997, 40.23792548661901], [-85.3677528246677, 40.23792803031529], [-85.36775158219184, 40.2379305730944], [-85.36775033031489, 40.23793311574088], [-85.36774908783885, 40.237935658519966], [-85.36774783594007, 40.237938202066985], [-85.36774658423587, 40.2379407375088], [-85.36774533118341, 40.23794328013864], [-85.36774407928434, 40.23794582368562], [-85.36774282738517, 40.237948367232576], [-85.36774157570224, 40.237950901773736], [-85.36774031205161, 40.237953445154915], [-85.3677390509242, 40.23795598136458], [-85.36773777926382, 40.23795851562388], [-85.36773652618906, 40.23796105915419], [-85.36773526392949, 40.23796359354608], [-85.3677340028017, 40.23796612975569], [-85.36773272994417, 40.23796866489893], [-85.36773145824003, 40.237971200959315], [-85.36773019595846, 40.23797373625172], [-85.36772892312226, 40.23797627049433], [-85.36772765141784, 40.23797880655466], [-85.36772637033395, 40.237981341581765], [-85.36772509745421, 40.23798387762549], [-85.36772381502195, 40.2379864198406], [-85.36772254250974, 40.23798894057448], [-85.36772126142546, 40.23799147560153], [-85.3677199791443, 40.23799401151256], [-85.36771869590423, 40.23799653840123], [-85.36771740422189, 40.2379990741796], [-85.36771612213514, 40.238001601985395], [-85.3677148306689, 40.23800412875797], [-85.36771353898625, 40.23800666453629], [-85.36771224632307, 40.238009192192834], [-85.36771095483489, 40.23801171986593], [-85.3677096621715, 40.23801424752244], [-85.367708360107, 40.23801677504629], [-85.36770705684563, 40.23801930345413], [-85.3677057653787, 40.23802183022659], [-85.36770446331391, 40.23802435775038], [-85.36770316142206, 40.23802687806957], [-85.36770185935706, 40.23802940559335], [-85.36770054789093, 40.238031932984484], [-85.3676992448453, 40.23803445238647], [-85.36769793335736, 40.23803698067814], [-85.3676966207158, 40.23803950805264], [-85.36769529767105, 40.23804202807331], [-85.36769399697528, 40.23804454750836], [-85.3676926845065, 40.2380470676782], [-85.36769136246352, 40.238049594920014], [-85.36769004999454, 40.23805211508982], [-85.36768872812442, 40.238054635126986], [-85.3676874062542, 40.23805715516412], [-85.36768608320877, 40.238059675184665], [-85.36768475193733, 40.23806219508916], [-85.36768342889168, 40.238064715109665], [-85.3676821081962, 40.23806723516331], [-85.36768077594402, 40.238069746945975], [-85.36767944349705, 40.2380722668338], [-85.36767812162613, 40.23807478687082], [-85.36767677877586, 40.238077299404814], [-85.36767543692758, 40.238079819159964], [-85.36767410585001, 40.2380823309591], [-85.36767276302108, 40.23808484259245], [-85.36767143055188, 40.23808736338075], [-85.36767008772273, 40.238089875014055], [-85.36766953599201, 40.238092534741774], [-85.3676689948374, 40.23809519461871], [-85.36766843233575, 40.238097862302396], [-85.36766788058324, 40.23810052293069], [-85.36766731710107, 40.23810318249261], [-85.36766676654523, 40.238105842236884], [-85.36766620306295, 40.23810850179879], [-85.36766564190926, 40.23811116229445], [-85.3676650794073, 40.238113829978104], [-85.36766451710001, 40.23811648955658], [-85.36766394519694, 40.238119157107626], [-85.3676633830626, 40.2381218094815], [-85.36766281135414, 40.238124468927325], [-85.36766223862192, 40.23812712205253], [-85.36766166691335, 40.238129781498365], [-85.36766109400797, 40.23813244182818], [-85.36766051289827, 40.23813510114139], [-85.36765992941663, 40.23813776132199], [-85.36765934830684, 40.23814042063516], [-85.36765876499817, 40.23814307361116], [-85.36765818386665, 40.23814573382492], [-85.36765760258366, 40.238148400342695], [-85.3676570100685, 40.23815104508083], [-85.36765642660819, 40.23815370436084], [-85.36765583490032, 40.23815636442538], [-85.36765524219032, 40.23815901726869], [-85.36765464090826, 40.2381616844052], [-85.36765404841448, 40.23816432824275], [-85.36765344728371, 40.23816698907522], [-85.36765284401899, 40.23816964086874], [-85.36765224290976, 40.238172300800606], [-85.36765163964495, 40.238174952594115], [-85.36765103873032, 40.2381776044208], [-85.36765042586964, 40.23818026418686], [-85.36764982375817, 40.238182916897514], [-85.36764920169105, 40.23818556842574], [-85.36764860058153, 40.2381882283576], [-85.3676479878937, 40.23819088091902], [-85.36764736462969, 40.238193533331234], [-85.36764675313854, 40.23819618500868], [-85.36764613104954, 40.23819883743746], [-85.36764550898211, 40.238201488965665], [-85.367644886893, 40.238204141394455], [-85.3676442646308, 40.23820680102784], [-85.36764363198704, 40.238209452406835], [-85.36764301009248, 40.23821209673041], [-85.36764236800431, 40.23821474977791], [-85.36764174593658, 40.2382174013061], [-85.36764111444612, 40.23822005360222], [-85.36764048178047, 40.238222705881746], [-85.36763983971373, 40.23822535802866], [-85.36763919764694, 40.238228010175554], [-85.36763856537054, 40.2382306462447], [-85.36763793370673, 40.238233305745396], [-85.36763727046579, 40.23823595849445], [-85.36763662859349, 40.23823860253613], [-85.3676359769307, 40.238241262655556], [-85.36763533388314, 40.23824390668066], [-85.3676346826096, 40.23824655058969], [-85.36763402996621, 40.23824920258735], [-85.3676333681164, 40.238251846347175], [-85.36763271662639, 40.23825449926197], [-85.36763205357973, 40.23825714390578], [-85.3676314011308, 40.2382597877982], [-85.36763073906445, 40.23826244056377], [-85.36763007721436, 40.23826508432355], [-85.36762940476642, 40.238267728834714], [-85.36762874254848, 40.2382703879043], [-85.36762807029511, 40.23827302431026], [-85.367627397847, 40.2382756688214], [-85.36762672657395, 40.23827831334909], [-85.36762606472354, 40.23828095710887], [-85.36762538169907, 40.238283601470776], [-85.367624699655, 40.23828625395445], [-85.3676240272066, 40.238288898465555], [-85.36762334537873, 40.23829154194345], [-85.36762266370224, 40.23829417911731], [-85.36762197127645, 40.23829682334657], [-85.36762128942676, 40.23829946772503], [-85.36762059700087, 40.23830211195425], [-85.36761991497801, 40.23830476353732], [-85.36761922272504, 40.238307400561936], [-85.36761853029897, 40.23831004479114], [-85.36761782883954, 40.23831267357795], [-85.36761713624027, 40.238315325011754], [-85.36761643323783, 40.23831796909175], [-85.36761573177822, 40.23832059787851], [-85.3676150297561, 40.238323250080256], [-85.36761432812331, 40.23832588607163], [-85.3676136252937, 40.23832852294698], [-85.36761291286827, 40.238331167794904], [-85.36761221104061, 40.23833381189143], [-85.3676114986367, 40.238336455838734], [-85.3676107866005, 40.23833908447626], [-85.36761007419648, 40.23834172842356], [-85.3676093525644, 40.23834436503361], [-85.36760864033332, 40.2383470017763], [-85.36760791735293, 40.23834964557438], [-85.36760719569905, 40.238352283084986], [-85.36760647408835, 40.23835491879443], [-85.36760576185705, 40.23835755553708], [-85.36760500967115, 40.23836019171605], [-85.36760429743973, 40.23836282845868], [-85.36760356503628, 40.23836547302468], [-85.36760283184704, 40.23836810136369], [-85.36760210081331, 40.23837073784105], [-85.36760136860437, 40.238373374301815], [-85.3676006258192, 40.23837601061337], [-85.36759988420907, 40.2383786469415], [-85.36759915217303, 40.238381276197636], [-85.36759841058442, 40.23838391162518], [-85.3675976583763, 40.23838654870465], [-85.36759691576388, 40.23838917781154], [-85.36759616357726, 40.238391813990425], [-85.36759542079164, 40.23839445030193], [-85.36759466877798, 40.23839707927618], [-85.36759390601497, 40.23839971530584], [-85.36759316577414, 40.2384023435453], [-85.3675924029894, 40.23840498047551], [-85.36759165097547, 40.23840760944973], [-85.3675908883853, 40.238410238274746], [-85.36759012562199, 40.23841287430436], [-85.3675893642068, 40.23841550314592], [-85.36758860161643, 40.238418131970896], [-85.36758782943024, 40.23842076876843], [-85.36758705743867, 40.238423397460785], [-85.36758629604488, 40.23842602540176], [-85.36758552405318, 40.23842865409407], [-85.36758473088737, 40.238431283388536], [-85.36758396949341, 40.23843391132948], [-85.36758319630476, 40.238436540905795], [-85.36758241491174, 40.23843916946544], [-85.36758164311443, 40.23844179005254], [-85.36758084977525, 40.23844442655157], [-85.36758006838205, 40.23844705511123], [-85.36757928600834, 40.238449675549084], [-85.3675784940388, 40.23845230395949], [-85.36757770087243, 40.238454933253884], [-85.36757690907584, 40.23845755445968], [-85.3675761171061, 40.23846018287006], [-85.36757532513629, 40.238462811280435], [-85.36757454274057, 40.23846543261883], [-85.36757373079335, 40.23846806074735], [-85.36757292842022, 40.2384706818039], [-85.3675721258523, 40.2384733109656], [-85.36757132350067, 40.238475931121535], [-85.36757052110572, 40.238478553078615], [-85.36756970915816, 40.2384811812071], [-85.36756890680635, 40.23848380136301], [-85.3675680950101, 40.23848642318744], [-85.36756728325706, 40.23848904321069], [-85.36756647128762, 40.23849167223974], [-85.36756566891388, 40.238494293296185], [-85.36756483716174, 40.23849691393816], [-85.36756401478895, 40.23849953561332], [-85.36756320186045, 40.23850215561998], [-85.36756238066266, 40.238504777311704], [-85.3675615477351, 40.23850739793707], [-85.36756072675351, 40.238510010623], [-85.36755989382581, 40.238512631248355], [-85.36755907145262, 40.23851525292348], [-85.36755823969993, 40.23851787356539], [-85.36755740814186, 40.2385204861021], [-85.36755656579116, 40.23852310749533], [-85.36755573286312, 40.23852572812065], [-85.36755489070701, 40.238528341408674], [-85.3675540577572, 40.23853096293454], [-85.36755321677609, 40.23853357623915], [-85.36755237427361, 40.238536203936384], [-85.3675515217357, 40.23853880896999], [-85.36755068075438, 40.238541422274565], [-85.36754982782692, 40.23854404351853], [-85.36754897626923, 40.23854665667389], [-85.36754812353635, 40.23854926981264], [-85.3675472708034, 40.2385518829514], [-85.3675464190508, 40.23855450421189], [-85.36754555691662, 40.238557117218], [-85.36754470535858, 40.23855973037331], [-85.36754384322425, 40.23856234337937], [-85.36754297991473, 40.23856495636888], [-85.36754211778027, 40.238567569374936], [-85.36754124624466, 40.23857018224836], [-85.36754038428313, 40.23857278804979], [-85.36753952214846, 40.238575401055805], [-85.36753864003641, 40.238578013779986], [-85.36753776732537, 40.2385806266368], [-85.36753689476569, 40.238583233189544], [-85.36753602322966, 40.23858584606292], [-85.36753514111732, 40.23858845878706], [-85.36753425800283, 40.238591064289984], [-85.36753337589036, 40.238593677014094], [-85.36753249395088, 40.238596282533585], [-85.36753161318647, 40.23859888806965], [-85.3675307204759, 40.238601501545105], [-85.3675298373827, 40.23860410614742], [-85.3675289460202, 40.238606712434816], [-85.36752805333107, 40.23860932500967], [-85.36752716199007, 40.23861193039647], [-85.36752626947386, 40.2386145357667], [-85.36752536755648, 40.23861714100427], [-85.3675244656174, 40.238619747142394], [-85.36752356254637, 40.23862235146279], [-85.36752267002989, 40.23862495683296], [-85.36752175868948, 40.238627562838424], [-85.36752085679336, 40.238630167175366], [-85.36751995367878, 40.23863277329688], [-85.36751904253288, 40.238635371197134], [-85.36751813006032, 40.23863797538484], [-85.36751721754442, 40.23864058137367], [-85.36751630522315, 40.23864317925731], [-85.36751538332764, 40.23864578421292], [-85.36751447100623, 40.23864838209654], [-85.36751354911056, 40.238650987052125], [-85.3675126273879, 40.238653584803096], [-85.36751170429532, 40.238656190642665], [-85.36751078259415, 40.23865878749303], [-85.36750985969614, 40.23866138522738], [-85.367508928399, 40.23866399005028], [-85.3675079960781, 40.23866658855256], [-85.36750706377876, 40.23866918615423], [-85.36750613147935, 40.2386717837559], [-85.36750520035497, 40.23867438137416], [-85.36750425747918, 40.238676978826604], [-85.36750332537424, 40.23867956832304], [-85.36750238230357, 40.23868217388067], [-85.36750143120157, 40.238684771217], [-85.3675004989017, 40.238687368818624], [-85.36749955602552, 40.238689966271], [-85.3674986049233, 40.238692563607316], [-85.36749765164379, 40.23869515370585], [-85.36749670994251, 40.23869775117479], [-85.36749575764328, 40.23870034939507], [-85.36749480556034, 40.23870293860956], [-85.36749384268471, 40.23870553668061], [-85.36749287179939, 40.2387081256298], [-85.36749193009773, 40.2387107230987], [-85.3674909568187, 40.238713313815865], [-85.36749000473537, 40.238715903030325], [-85.36748905263032, 40.23871849314533], [-85.367488070952, 40.238721090951046], [-85.36748710827057, 40.238723680916806], [-85.36748613620956, 40.23872626984936], [-85.3674851641052, 40.23872886058304], [-85.36748419086891, 40.23873144949899], [-85.36748321993954, 40.23873404024924], [-85.36748223728034, 40.2387366299331], [-85.36748126521897, 40.238739218865604], [-85.36748028253798, 40.238741809450005], [-85.36747930122678, 40.23874439194581], [-85.3674783185889, 40.238746980729054], [-85.36747733708282, 40.23874957133001], [-85.3674763451951, 40.23875215367655], [-85.367475362557, 40.23875474245977], [-85.36747437049607, 40.238757332010884], [-85.36747337743299, 40.23875991434081], [-85.36747239592651, 40.23876250494173], [-85.36747139346217, 40.23876508713897], [-85.36747039217288, 40.238767669352825], [-85.36746938953529, 40.23877025875467], [-85.36746839647184, 40.23877284108455], [-85.36746739520393, 40.23877542239775], [-85.36746638331643, 40.23877800536289], [-85.36746538085163, 40.238780587560086], [-85.36746437960512, 40.2387831679727], [-85.36746336654225, 40.23878575092123], [-85.36746235350093, 40.23878833296917], [-85.3674613428098, 40.23879091505023], [-85.36746032976832, 40.23879349709816], [-85.36745931907704, 40.238796079179224], [-85.36745829565386, 40.2387986529727], [-85.36745727321102, 40.238801234887944], [-85.36745625074646, 40.238803817703754], [-85.36745522965168, 40.23880639243093], [-85.36745420723024, 40.23880897344555], [-85.36745318496015, 40.23881154815613], [-85.36745215309413, 40.238814130839245], [-85.36745113084554, 40.23881670464922], [-85.36745009799894, 40.23881927921054], [-85.36744906617596, 40.23882186009246], [-85.36744802508159, 40.238824435438254], [-85.36744699225639, 40.23882700909896], [-85.36744594998673, 40.23882958442815], [-85.36744491716136, 40.23883215808885], [-85.36744387610995, 40.238834731633446], [-85.36744283384002, 40.238837306962616], [-85.36744178101539, 40.238839881241944], [-85.36744073878857, 40.23884245476995], [-85.367439687312, 40.23884502186125], [-85.36743863585697, 40.238847588051954], [-85.36743759341356, 40.238850170585685], [-85.36743653001224, 40.238852744715736], [-85.36743547855697, 40.2388553109064], [-85.36743442688527, 40.23885788610284], [-85.36743336485357, 40.23886045214425], [-85.36743231202819, 40.238863026423495], [-85.36743124057355, 40.2388655932328], [-85.36743017734481, 40.2388681601582], [-85.36742911513969, 40.23887073340418], [-85.36742804368481, 40.238873300213456], [-85.36742698163097, 40.23887586715539], [-85.36742591017591, 40.23887843396464], [-85.36742483754563, 40.23888100075731], [-85.36742375551414, 40.238883567417325], [-85.36742268292696, 40.238886132408815], [-85.36742161029642, 40.23888869920144], [-85.36742051886354, 40.23889126572878], [-85.36741944642756, 40.23889382441618], [-85.36741836439565, 40.23889639107614], [-85.36741729176477, 40.23889895786871], [-85.3674161993295, 40.2389015171748], [-85.36741510909296, 40.23890408281805], [-85.36741402605865, 40.238906642256765], [-85.36741293462516, 40.23890920878399], [-85.36741183161327, 40.23891176794081], [-85.36741074017962, 40.23891433446801], [-85.36740964776547, 40.23891689287344], [-85.36740855532959, 40.23891945217941], [-85.36740745351413, 40.23892201045217], [-85.36740635187167, 40.23892456152029], [-85.36740524849144, 40.23892713598681], [-85.367404146481, 40.23892970236472], [-85.36740303445673, 40.23893224517838], [-85.36740193259756, 40.23893480525222], [-85.3674008202053, 40.23893736337567], [-85.36739970898809, 40.23893992151567], [-85.36739859655239, 40.23894248144024], [-85.36739748433295, 40.23894503235904], [-85.36739636251758, 40.23894759125033], [-85.36739525012487, 40.23895014937373], [-85.3673941273289, 40.23895270014325], [-85.36739300549162, 40.238955259935096], [-85.3673918828902, 40.238957802599394], [-85.36739076107438, 40.23896036149064], [-85.36738962866053, 40.23896292113323], [-85.36738850706091, 40.2389654710187], [-85.36738737484163, 40.238968022556044], [-85.36738624264389, 40.238970573192816], [-85.36738511042444, 40.23897312473016], [-85.3673839782049, 40.23897567626748], [-85.3673828460069, 40.23897822690422], [-85.36738170440766, 40.23898077740828], [-85.36738056161157, 40.238983328796344], [-85.36737942018527, 40.23898587209576], [-85.36737826800949, 40.23898842245056], [-85.36737712638826, 40.23899097385515], [-85.3673759837649, 40.23899351803853], [-85.36737483139413, 40.23899607649846], [-85.36737367956415, 40.238998612443986], [-85.3673725273663, 40.239001163699285], [-85.3673713753847, 40.23900370594881], [-85.36737022220625, 40.23900624908231], [-85.36736907118326, 40.23900880035414], [-85.36736790860346, 40.23901134335496], [-85.36736674717709, 40.23901388727293], [-85.36736558459712, 40.23901643027372], [-85.36736442201706, 40.239018973274504], [-85.36736326999157, 40.23902151732507], [-85.3673620780111, 40.23902406081187], [-85.36736092602871, 40.23902660306127], [-85.36735975400387, 40.23902914773048], [-85.36735858221692, 40.23903168249334], [-85.36735741021354, 40.23903422626196], [-85.3673562276554, 40.23903676898073], [-85.36735505584657, 40.23903930464415], [-85.36735387326662, 40.23904184826349], [-85.36735269088129, 40.2390443837776], [-85.36735150967102, 40.23904691930833], [-85.36735032711243, 40.239049462027026], [-85.3673491341289, 40.23905199829246], [-85.36734795291835, 40.23905453382313], [-85.36734677170773, 40.23905706935376], [-85.36734557874557, 40.23905960471857], [-85.36734438695846, 40.23906214009996], [-85.36734318339818, 40.23906467621607], [-85.36734199278601, 40.23906721161401], [-85.36734080099862, 40.239069746995334], [-85.3673395974597, 40.23907228221083], [-85.36733839644405, 40.23907481025487], [-85.36733719288331, 40.2390773463709], [-85.3673359916944, 40.23907988161954], [-85.36733478010218, 40.239082409514275], [-85.36733357773794, 40.239084944746274], [-85.36733236614553, 40.239087472640996], [-85.3673311533779, 40.23909000051912], [-85.36732994159055, 40.23909253651901], [-85.36732872884438, 40.239095063496514], [-85.36732752782792, 40.23909759154043], [-85.3673262950608, 40.23910012003716], [-85.36732508348948, 40.239102647031224], [-85.36732386014496, 40.23910517476001], [-85.36732263912901, 40.239107703422526], [-85.36732140638316, 40.23911023101864], [-85.36732018421353, 40.23911275876397], [-85.36731895281571, 40.239115279172026], [-85.36731773066752, 40.239117806016736], [-85.36731649792128, 40.23912033361278], [-85.3673152665232, 40.23912285402079], [-85.36731403375515, 40.23912538251736], [-85.36731279180219, 40.23912790187551], [-85.36731156040383, 40.239130422283466], [-85.36731030767965, 40.23913294959754], [-85.36730907628109, 40.239135470005465], [-85.36730783313098, 40.239137990247535], [-85.36730659215796, 40.239140517727364], [-85.3673053397796, 40.23914303063214], [-85.36730409662921, 40.239145550874184], [-85.3673028452527, 40.239148071000116], [-85.36730159270094, 40.239150591109464], [-85.3673003401491, 40.239153111218805], [-85.36729908896703, 40.2391556232395], [-85.367297836415, 40.23915814334879], [-85.36729657446169, 40.239160663325414], [-85.36729532325771, 40.23916317624664], [-85.36729405074954, 40.23916569517341], [-85.36729278777226, 40.23916820882937], [-85.36729152718844, 40.239170720717304], [-85.36729026405952, 40.23917324067727], [-85.36728900227874, 40.23917575344918], [-85.36728772054201, 40.23917826503861], [-85.36728645895577, 40.23918076970529], [-85.36728518640365, 40.23918329043309], [-85.36728390349148, 40.239185802005856], [-85.36728263230904, 40.239188314645034], [-85.36728135995136, 40.2391908272676], [-85.3672800781924, 40.2391933397575], [-85.36727879545295, 40.2391958441256], [-85.36727751369381, 40.23919835661545], [-85.36727622270648, 40.239200861768026], [-85.36727493979363, 40.2392033733407], [-85.36727365820731, 40.23920587862587], [-85.36727236589309, 40.23920839006583], [-85.36727107255507, 40.23921089518519], [-85.3672697815889, 40.23921339943708], [-85.36726848923112, 40.239215912678155], [-85.36726718771008, 40.23921841588022], [-85.36726589554682, 40.23922092101606], [-85.36726460338348, 40.239223426151874], [-85.36726329126417, 40.23922593010522], [-85.36726198871904, 40.23922842698657], [-85.36726068717587, 40.239230931089125], [-85.36725937503462, 40.23923343594297], [-85.36725807346961, 40.23923594094607], [-85.36725676169601, 40.23923843049009], [-85.36725544938135, 40.239240942548506], [-85.36725413743447, 40.23924343929708], [-85.36725282529272, 40.23924594415086], [-85.36725152274681, 40.23924844103207], [-85.36725020022328, 40.239250937631375], [-85.36724887885316, 40.239253435147816], [-85.36724755615633, 40.23925593895169], [-85.36724623478602, 40.239258436468106], [-85.36724489228459, 40.23926093278543], [-85.36724356976056, 40.239263429384636], [-85.36724224858469, 40.239265918795795], [-85.36724092603882, 40.239268416295545], [-85.36723959411331, 40.23927091276204], [-85.3672382621877, 40.23927340922851], [-85.36723691985877, 40.23927589834111], [-85.36723558793297, 40.23927839480755], [-85.36723425615853, 40.239280884969936], [-85.3672329138293, 40.23928337408246], [-85.36723157250199, 40.2392858704162], [-85.36723023015091, 40.23928836042927], [-85.36722887824706, 40.23929085661372], [-85.36722753611217, 40.239293337621], [-85.36722619476284, 40.23929583485523], [-85.3667088597937, 40.24025092804449], [-85.3664609560191, 40.240661876192696], [-85.36676708621906, 40.23715261052781]]]}}, {"type": "Feature", "properties": {"SPR_ID": 39, "Unit_Site": "Westfield Unit", "Site_typ": "Unit", "layer": "Greenfield", "Shape_Area": 16691.4659078, "Site_Score": 80.82, "Final_Rank": 13, "SITE_EVAL": "Good", "RATIONALE": "Strong low flood risk and land cover suitability; limited by distance from transmission infrastructure.", "dataset": "facility_sites", "layer_title": "INDOT Facilities", "layer_type": "facility", "center_latitude": 40.040953, "center_longitude": -86.170705, "source_geometry_valid": true, "sol_s": 0.707388763632569, "slp_s": 0.892307565057059, "trn_s": 0.598447054330078, "fld_s": 1.0, "lc_s": 1.0, "Site_ID": 32901, "Site_Statu": "Active", "Site_Avail": "Yes", "Acreage": 5.0, "Address": "651 IN-32, Westfield, IN 46074", "County": "Hamilton", "Solar_Type": "Rooftop and Canopy", "Electrical": "Yes", "Ownership": "INDOT"}, "geometry": {"type": "Polygon", "coordinates": [[[-86.170222113633, 40.042134325667945], [-86.17022716226549, 40.04013683387439], [-86.17118991706216, 40.040115898625736], [-86.17118170854161, 40.041780642614164], [-86.17091856420055, 40.041768387219236], [-86.17089345621032, 40.041874005167685], [-86.170607172836, 40.04187136968029], [-86.17060508501174, 40.04197537115459], [-86.17051486376384, 40.04197583706304], [-86.17051873528006, 40.04212027291296], [-86.17046416865092, 40.042169612387774], [-86.17040133109514, 40.04220403402878], [-86.17039085692872, 40.042338594475616], [-86.1702871206068, 40.0423395535602], [-86.1702958366361, 40.04214552456333], [-86.170222113633, 40.042134325667945]]]}}, {"type": "Feature", "properties": {"SPR_ID": 40, "Unit_Site": "Greenfield District", "Site_typ": "District Office", "layer": "Greenfield", "Shape_Area": 11951.3328135, "Site_Score": 99.62, "Final_Rank": 2, "SITE_EVAL": "Good", "RATIONALE": "Strong transmission access and low flood risk; limited by solar resource.", "dataset": "facility_sites", "layer_title": "INDOT Facilities", "layer_type": "facility", "center_latitude": 39.783442, "center_longitude": -85.780032, "source_geometry_valid": true, "sol_s": 0.723098156194934, "slp_s": 0.947471116055008, "trn_s": 0.999770987242213, "fld_s": 1.0, "lc_s": 1.0, "Site_ID": 33001, "Site_Statu": "Active", "Site_Avail": "Yes", "Acreage": 21.0, "Address": "32 S Broadway St, Greenfield, IN 46140", "County": "Hancock", "Solar_Type": "Rooftop and Canopy", "Electrical": "Yes", "Ownership": "INDOT"}, "geometry": {"type": "Polygon", "coordinates": [[[-85.7797199582831, 39.78386256471096], [-85.7797033939699, 39.78359323008359], [-85.77946649849727, 39.78360172868288], [-85.77946934554566, 39.78329138391669], [-85.77946975359897, 39.78314583093497], [-85.77924855221295, 39.783132130130134], [-85.77926431056137, 39.78294180963371], [-85.77956312901861, 39.78294029118699], [-85.78007570094631, 39.78294575851112], [-85.78058647192373, 39.782914135760386], [-85.78060686817659, 39.78398244617858], [-85.78043571199524, 39.78406041179984], [-85.77944378547248, 39.784096287149545], [-85.77946450708673, 39.78402053747709], [-85.77945629387253, 39.78387409826846], [-85.7797199582831, 39.78386256471096]]]}}, {"type": "Feature", "properties": {"SPR_ID": 41, "Unit_Site": "New Castle Unit", "Site_typ": "Unit", "layer": "Greenfield", "Shape_Area": 14951.7710624, "Site_Score": 100.0, "Final_Rank": 1, "SITE_EVAL": "Good", "RATIONALE": "Strong transmission access and low flood risk; limited by slope.", "dataset": "facility_sites", "layer_title": "INDOT Facilities", "layer_type": "facility", "center_latitude": 39.876215, "center_longitude": -85.386544, "source_geometry_valid": true, "sol_s": 0.827539400181307, "slp_s": 0.825751987047307, "trn_s": 1.0, "fld_s": 1.0, "lc_s": 0.95294117647036, "Site_ID": 33301, "Site_Statu": "Active", "Site_Avail": "Yes", "Acreage": 5.0, "Address": "3906 IN-3, New Castle, IN 47362", "County": "Henry", "Solar_Type": "Rooftop and Canopy", "Electrical": "Yes", "Ownership": "INDOT"}, "geometry": {"type": "Polygon", "coordinates": [[[-85.38647108887953, 39.87677284637799], [-85.3862730519802, 39.87675425482069], [-85.38613528558429, 39.87690365677188], [-85.38507932391542, 39.876551755180195], [-85.38534565449017, 39.87641391178855], [-85.3858740387938, 39.87651062373077], [-85.38608552999385, 39.87596555471785], [-85.38576268507248, 39.87594312326231], [-85.38614782486684, 39.87554970581676], [-85.38736998409534, 39.875859050623355], [-85.38719280659622, 39.876080619371486], [-85.38700574675609, 39.8763496125448], [-85.38683302327748, 39.87679440972662], [-85.38672755862775, 39.87708924384679], [-85.38636303756537, 39.87701354841604], [-85.38647108887953, 39.87677284637799]]]}}, {"type": "Feature", "properties": {"SPR_ID": 42, "Unit_Site": "New Castle Lab", "Site_typ": "Support", "layer": "Greenfield", "Shape_Area": 3635.54768936, "Site_Score": 70.28, "Final_Rank": 17, "SITE_EVAL": "Good", "RATIONALE": "Strong low flood risk and land cover suitability; limited by slope.", "dataset": "facility_sites", "layer_title": "INDOT Facilities", "layer_type": "facility", "center_latitude": 39.990385, "center_longitude": -85.38399, "source_geometry_valid": true, "sol_s": 0.661402948404619, "slp_s": 0.5416784402163, "trn_s": 0.986730823727671, "fld_s": 1.0, "lc_s": 1.0, "Site_ID": 33302, "Site_Statu": "Inactive", "Site_Avail": "See Comment", "Acreage": 1.0, "Address": "168 W CR 400 N New Castle, IN 47362", "County": "Henry", "Solar_Type": null, "Electrical": "Yes", "Ownership": "INDOT"}, "geometry": {"type": "Polygon", "coordinates": [[[-85.38372609853471, 39.99002912175789], [-85.38411642255518, 39.990023247171514], [-85.38418810066239, 39.99002441966397], [-85.38425690044589, 39.990025615042185], [-85.38425905815777, 39.99002565413764], [-85.38425630821399, 39.99074040378822], [-85.38372094688957, 39.990743909035366], [-85.38372379276534, 39.990029152660874], [-85.38372609853471, 39.99002912175789]]]}}, {"type": "Feature", "properties": {"SPR_ID": 43, "Unit_Site": "Kokomo Unit", "Site_typ": "Unit", "layer": "Greenfield", "Shape_Area": 30236.9213229, "Site_Score": 47.02, "Final_Rank": 43, "SITE_EVAL": "Fair", "RATIONALE": "Strong low flood risk and slope; limited by distance from transmission infrastructure.", "dataset": "facility_sites", "layer_title": "INDOT Facilities", "layer_type": "facility", "center_latitude": 40.478743, "center_longitude": -86.054999, "source_geometry_valid": true, "sol_s": 0.629453665661219, "slp_s": 0.912734748186128, "trn_s": 0.330897292065973, "fld_s": 1.0, "lc_s": 0.9111111111122, "Site_ID": 33401, "Site_Statu": "Active", "Site_Avail": "Yes", "Acreage": 8.0, "Address": "3814 E 00 N S, Kokomo, IN 46901", "County": "Howard", "Solar_Type": "All", "Electrical": "Yes", "Ownership": "INDOT"}, "geometry": {"type": "Polygon", "coordinates": [[[-86.05476557215007, 40.477270516599], [-86.05566933962022, 40.47726293644451], [-86.05567071267312, 40.47738376822138], [-86.05567314160345, 40.477597635034826], [-86.05568093497034, 40.47828374244089], [-86.05569577786099, 40.479590416892556], [-86.05433306691197, 40.47960743533127], [-86.0543292594213, 40.47945570941165], [-86.05432292227853, 40.479203113116704], [-86.05429787169237, 40.478204721959834], [-86.05427640283875, 40.47734902878375], [-86.05427453738265, 40.477274646264334], [-86.05447319046533, 40.47727297621161], [-86.05476557215007, 40.477270516599]]]}}, {"type": "Feature", "properties": {"SPR_ID": 44, "Unit_Site": "Portland Winter Unit", "Site_typ": "Unit", "layer": "Greenfield", "Shape_Area": 7559.04811874, "Site_Score": 15.91, "Final_Rank": 78, "SITE_EVAL": "Poor", "RATIONALE": "Strong low flood risk and land cover suitability; limited by distance from transmission infrastructure.", "dataset": "facility_sites", "layer_title": "INDOT Facilities", "layer_type": "facility", "center_latitude": 40.420365, "center_longitude": -85.026998, "source_geometry_valid": true, "sol_s": 0.556830245531019, "slp_s": 0.753353896806477, "trn_s": 0.105333719074246, "fld_s": 1.0, "lc_s": 1.0, "Site_ID": 33801, "Site_Statu": "Active", "Site_Avail": "Yes", "Acreage": 7.0, "Address": "2328 IN-67, Portland, IN 47371", "County": "Jay", "Solar_Type": "Ground", "Electrical": "Low", "Ownership": "INDOT"}, "geometry": {"type": "Polygon", "coordinates": [[[-85.02655831707894, 40.420455264410556], [-85.02670927999668, 40.420230340481204], [-85.02681608009046, 40.420273868678876], [-85.0269751006829, 40.420159148797396], [-85.02689724645148, 40.42008415262019], [-85.02697137714358, 40.419837766868746], [-85.02716872535011, 40.41964139589558], [-85.02746223218293, 40.419621066215996], [-85.02782823437143, 40.4198880346454], [-85.02771229056059, 40.420045493778176], [-85.02726480175954, 40.420470088434804], [-85.02689131937574, 40.420816611515015], [-85.02663744220534, 40.42103774712214], [-85.02646311679008, 40.42094609651676], [-85.02659861464164, 40.42071379663456], [-85.02670980876549, 40.42054770600013], [-85.02655831707894, 40.420455264410556]]]}}, {"type": "Feature", "properties": {"SPR_ID": 45, "Unit_Site": "Anderson Unit", "Site_typ": "Unit", "layer": "Greenfield", "Shape_Area": 58658.577986, "Site_Score": 94.39, "Final_Rank": 6, "SITE_EVAL": "Good", "RATIONALE": "Strong low flood risk and transmission access; limited by solar resource.", "dataset": "facility_sites", "layer_title": "INDOT Facilities", "layer_type": "facility", "center_latitude": 40.047943, "center_longitude": -85.661163, "source_geometry_valid": true, "sol_s": 0.728304734597768, "slp_s": 0.825356008295733, "trn_s": 0.998281547668636, "fld_s": 1.0, "lc_s": 0.847058823529, "Site_ID": 34801, "Site_Statu": "Active", "Site_Avail": "Yes", "Acreage": 14.0, "Address": "6536 Columbus Ave, Anderson, IN 46013", "County": "Madison", "Solar_Type": "All", "Electrical": "Yes", "Ownership": "INDOT"}, "geometry": {"type": "Polygon", "coordinates": [[[-85.6617583306351, 40.04714987107831], [-85.6626518164596, 40.04715069951615], [-85.6627641002494, 40.04751625705759], [-85.66285812905097, 40.04782658036532], [-85.66292781210441, 40.04805984893819], [-85.66319243434617, 40.04895974624528], [-85.6600136423951, 40.048954790262016], [-85.65954602619222, 40.048139056227356], [-85.65935462712372, 40.04780973178302], [-85.65915774480084, 40.04748232199095], [-85.65895541104402, 40.047156881247915], [-85.66119853374227, 40.047151059159816], [-85.6617583306351, 40.04714987107831]]]}}, {"type": "Feature", "properties": {"SPR_ID": 46, "Unit_Site": "Alexandria Unit", "Site_typ": "Unit", "layer": "Greenfield", "Shape_Area": 30734.2368076, "Site_Score": 31.33, "Final_Rank": 62, "SITE_EVAL": "Poor", "RATIONALE": "Strong low flood risk and slope; limited by distance from transmission infrastructure.", "dataset": "facility_sites", "layer_title": "INDOT Facilities", "layer_type": "facility", "center_latitude": 40.278447, "center_longitude": -85.669722, "source_geometry_valid": true, "sol_s": 0.723704664879985, "slp_s": 0.798288617689892, "trn_s": 0.298552956046469, "fld_s": 1.0, "lc_s": 0.717647058824, "Site_ID": 34802, "Site_Statu": "Active", "Site_Avail": "Yes", "Acreage": 7.0, "Address": "76 IN-28, Alexandria, IN 46001", "County": "Madison", "Solar_Type": "All", "Electrical": "Yes", "Ownership": "INDOT"}, "geometry": {"type": "Polygon", "coordinates": [[[-85.67061647254725, 40.27790173626668], [-85.6706732350797, 40.2778992443696], [-85.6696130325008, 40.27998940190888], [-85.66807451728639, 40.27999090557531], [-85.66807449570184, 40.27896680794449], [-85.66904845047931, 40.2789654285987], [-85.66904841478379, 40.27792922341812], [-85.66929185992376, 40.27792764097715], [-85.66929272109282, 40.277927632864596], [-85.66975517567124, 40.27792178819085], [-85.66975670179747, 40.27792176069377], [-85.67015102261783, 40.277912485066366], [-85.67061355236972, 40.27790183424241], [-85.67061647254725, 40.27790173626668]]]}}, {"type": "Feature", "properties": {"SPR_ID": 47, "Unit_Site": "Fortville Unit", "Site_typ": "Unit", "layer": "Greenfield", "Shape_Area": 19736.8066803, "Site_Score": 54.55, "Final_Rank": 34, "SITE_EVAL": "Fair", "RATIONALE": "Strong land cover suitability and low flood risk; limited by distance from transmission infrastructure.", "dataset": "facility_sites", "layer_title": "INDOT Facilities", "layer_type": "facility", "center_latitude": 39.996095, "center_longitude": -85.842198, "source_geometry_valid": true, "sol_s": 0.605734253920739, "slp_s": 0.829426601307073, "trn_s": 0.391346407190994, "fld_s": 0.98821175, "lc_s": 1.0, "Site_ID": 34803, "Site_Statu": "Active", "Site_Avail": "Yes", "Acreage": 7.0, "Address": "7400 SR 13, Pendleton, IN 46064", "County": "Madison", "Solar_Type": "Rooftop and Canopy", "Electrical": "Yes", "Ownership": "INDOT"}, "geometry": {"type": "Polygon", "coordinates": [[[-85.84165691189779, 39.997135414328376], [-85.84170783239168, 39.99625238931346], [-85.84184108831529, 39.996180822678994], [-85.84173200778073, 39.99490515873704], [-85.84189937025812, 39.994921186163694], [-85.84239416132618, 39.99498225786806], [-85.84246844846848, 39.995076664323996], [-85.84250357270524, 39.99522123541239], [-85.8427158268989, 39.995203701923664], [-85.84273450499998, 39.99550248265431], [-85.84265462888554, 39.99576107980014], [-85.8424884969993, 39.995754595982966], [-85.84242236595144, 39.99599113897658], [-85.84256233354948, 39.996009788359665], [-85.84256067888299, 39.996484174387035], [-85.84276396436744, 39.996463772728866], [-85.84277765807916, 39.99670609433463], [-85.84297976382683, 39.996698089283925], [-85.84296008266126, 39.99717767395844], [-85.84277045705906, 39.997191782287096], [-85.84165691189779, 39.997135414328376]]]}}, {"type": "Feature", "properties": {"SPR_ID": 48, "Unit_Site": "Indianapolis Subdistrict", "Site_typ": "Subdistrict", "layer": "Greenfield", "Shape_Area": 147200.154665, "Site_Score": 55.86, "Final_Rank": 32, "SITE_EVAL": "Fair", "RATIONALE": "Strong land cover suitability and low flood risk; limited by solar resource.", "dataset": "facility_sites", "layer_title": "INDOT Facilities", "layer_type": "facility", "center_latitude": 39.745237, "center_longitude": -86.040651, "source_geometry_valid": true, "sol_s": 0.58822768657732, "slp_s": 0.704884279420014, "trn_s": 0.701495495333673, "fld_s": 0.79300293, "lc_s": 0.98171428571371, "Site_ID": 34901, "Site_Statu": "Active", "Site_Avail": "Yes", "Acreage": 48.0, "Address": "7105 S Brookville Rd, Indianapolis, IN 46239", "County": "Marion", "Solar_Type": "All", "Electrical": "Yes", "Ownership": "INDOT"}, "geometry": {"type": "Polygon", "coordinates": [[[-86.04181871088826, 39.74141470304694], [-86.0424869774148, 39.73988702439296], [-86.04213360045584, 39.74246723764148], [-86.04212933038741, 39.742467968251916], [-86.0421204549586, 39.742470127681166], [-86.04211185612573, 39.74247287774342], [-86.04210360191007, 39.74247619467318], [-86.0420957509971, 39.742480054627855], [-86.04208836913666, 39.74248442931824], [-86.04208150700765, 39.74248928312276], [-86.04207521995698, 39.74249458045839], [-86.04206955407064, 39.742500280259655], [-86.04206455312561, 39.742506339640116], [-86.04206025510155, 39.74251271296239], [-86.04205669453955, 39.742519350055765], [-86.04205389544052, 39.74252620336558], [-86.04205188191767, 39.742533217229045], [-86.04205064499828, 39.74254053392973], [-86.04203254561624, 39.7427046976011], [-86.04201413567601, 39.742866080927676], [-86.04201392306035, 39.742868286615796], [-86.04197872457735, 39.74331329498399], [-86.04197860066766, 39.743315247322826], [-86.0419606239376, 39.74368760894806], [-86.04194594892822, 39.74389074823041], [-86.04194582246572, 39.74389313753146], [-86.04193514017945, 39.74420245169891], [-86.04192936991481, 39.74439238556804], [-86.04192934980448, 39.744393247656035], [-86.04192561213972, 39.74461549362589], [-86.0419142220923, 39.74568387632634], [-86.0419056469679, 39.74711581792457], [-86.04189811355553, 39.74819975076595], [-86.04189814454766, 39.74820197918558], [-86.04194013555355, 39.749531723124015], [-86.0419114152652, 39.75074125606844], [-86.04157654833107, 39.75006773871497], [-86.04098098719477, 39.74906975785341], [-86.04055189108, 39.748621118719825], [-86.04029386772865, 39.748269695512725], [-86.04019563956612, 39.748134997963035], [-86.04010290097386, 39.747997873393274], [-86.04001509154868, 39.747857573859555], [-86.03993224681327, 39.74771414561745], [-86.03985452526717, 39.74756785668324], [-86.03978200437092, 39.74741884285722], [-86.03971479541856, 39.74726732491266], [-86.03965298111275, 39.74711348103906], [-86.03959664485784, 39.74695752276801], [-86.03954584874509, 39.74679959928537], [-86.03950075342645, 39.74664024261439], [-86.03946259299167, 39.74647849800685], [-86.03943077243997, 39.74631518405597], [-86.03940538366639, 39.74615074031248], [-86.03938646549888, 39.745985393251765], [-86.03937405246248, 39.74581942697641], [-86.0393681618887, 39.745653102920706], [-86.0393688042566, 39.74548667164918], [-86.0393759781246, 39.74532040164663], [-86.03938967182347, 39.74515454149015], [-86.03940278654342, 39.74504726023796], [-86.03975197494448, 39.74401610981366], [-86.04043593570913, 39.742970927000286], [-86.04131925275905, 39.74203074716541], [-86.04181871088826, 39.74141470304694]]]}}, {"type": "Feature", "properties": {"SPR_ID": 49, "Unit_Site": "71st St Unit", "Site_typ": "Unit", "layer": "Greenfield", "Shape_Area": 36460.492746, "Site_Score": 79.73, "Final_Rank": 15, "SITE_EVAL": "Good", "RATIONALE": "Strong transmission access and land cover suitability; limited by slope.", "dataset": "facility_sites", "layer_title": "INDOT Facilities", "layer_type": "facility", "center_latitude": 39.882877, "center_longitude": -86.294863, "source_geometry_valid": true, "sol_s": 0.70117086604799, "slp_s": 0.616321329081741, "trn_s": 1.0, "fld_s": 0.92550137, "lc_s": 1.0, "Site_ID": 34906, "Site_Statu": "Active", "Site_Avail": "Yes", "Acreage": 9.0, "Address": "7160 Lafayette Rd, Indianapolis, IN 46278", "County": "Marion", "Solar_Type": "All", "Electrical": "Yes", "Ownership": "INDOT"}, "geometry": {"type": "Polygon", "coordinates": [[[-86.29118530455649, 39.88065321404501], [-86.2912210772151, 39.880621643159486], [-86.29193679578874, 39.880685291680244], [-86.2923182859514, 39.88086282681289], [-86.29270851665534, 39.88104909770197], [-86.29303233824328, 39.88113838034513], [-86.29337846099189, 39.88133262863656], [-86.29361744826623, 39.88149294729101], [-86.29403859370734, 39.88182945767228], [-86.2943336742752, 39.882068120969834], [-86.29482977712568, 39.882449161667644], [-86.29498753208907, 39.88257469651631], [-86.29514509595992, 39.88270273112585], [-86.29614077399074, 39.88352989911629], [-86.29687134022603, 39.88413328186119], [-86.29717024646601, 39.884519199342456], [-86.29774905370222, 39.88488830134715], [-86.29774823815482, 39.885207354486], [-86.29626068679262, 39.884138081584915], [-86.29589583044778, 39.88389664266268], [-86.29463055947257, 39.88305155156052], [-86.29374372717724, 39.88245490121206], [-86.29286636331999, 39.8818671143398], [-86.29232398326103, 39.88144258418762], [-86.29118530455649, 39.88065321404501]]]}}, {"type": "Feature", "properties": {"SPR_ID": 50, "Unit_Site": "65th St Unit", "Site_typ": "Unit", "layer": "Greenfield", "Shape_Area": 17186.128061, "Site_Score": 52.96, "Final_Rank": 39, "SITE_EVAL": "Fair", "RATIONALE": "Strong land cover suitability and low flood risk; limited by distance from transmission infrastructure.", "dataset": "facility_sites", "layer_title": "INDOT Facilities", "layer_type": "facility", "center_latitude": 39.877656, "center_longitude": -86.077949, "source_geometry_valid": true, "sol_s": 0.582620744443967, "slp_s": 0.697288775067974, "trn_s": 0.494037385027838, "fld_s": 0.9514741075, "lc_s": 1.0, "Site_ID": 34907, "Site_Statu": "Active", "Site_Avail": "Yes", "Acreage": 5.0, "Address": "5350 E 65th St, Indianapolis, IN 46220", "County": "Marion", "Solar_Type": "Rooftop and Canopy", "Electrical": "Yes", "Ownership": "INDOT"}, "geometry": {"type": "Polygon", "coordinates": [[[-86.07690584843189, 39.87954025852949], [-86.07688705496734, 39.878182862893276], [-86.07726455023234, 39.878186768806415], [-86.07725642628832, 39.878039847419], [-86.07787175509512, 39.87804400719328], [-86.07792400378014, 39.87732022792671], [-86.07792522025842, 39.876980994894694], [-86.07792827643316, 39.876114534638056], [-86.07792833631746, 39.876100807804455], [-86.07810644088731, 39.876099105374585], [-86.07797557231518, 39.8779909549896], [-86.07797778912739, 39.87954195609968], [-86.0777085448149, 39.879547353752926], [-86.07690584843189, 39.87954025852949]]]}}, {"type": "Feature", "properties": {"SPR_ID": 51, "Unit_Site": "Madison & Morris Unit", "Site_typ": "Unit", "layer": "Greenfield", "Shape_Area": 7366.9811402, "Site_Score": 58.77, "Final_Rank": 30, "SITE_EVAL": "Fair", "RATIONALE": "Strong low flood risk and land cover suitability; limited by solar resource.", "dataset": "facility_sites", "layer_title": "INDOT Facilities", "layer_type": "facility", "center_latitude": 39.752676, "center_longitude": -86.155487, "source_geometry_valid": true, "sol_s": 0.541825698746861, "slp_s": 0.649801280366071, "trn_s": 0.6681055557974, "fld_s": 1.0, "lc_s": 1.0, "Site_ID": 34908, "Site_Statu": "Active", "Site_Avail": "Yes", "Acreage": 3.0, "Address": "1040 Madison Ave, Indianapolis, IN 46225", "County": "Marion", "Solar_Type": "Rooftop and Canopy", "Electrical": "Yes", "Ownership": "INDOT"}, "geometry": {"type": "Polygon", "coordinates": [[[-86.15561249525007, 39.75227037055164], [-86.15567217983741, 39.752081908095626], [-86.15578994460029, 39.752099763870824], [-86.15584452272475, 39.75216300202522], [-86.15588699703807, 39.753269395711776], [-86.15500118917913, 39.75326791303887], [-86.15498122124491, 39.75322073273067], [-86.15496034099458, 39.75317141130605], [-86.15495987903674, 39.753170336652964], [-86.15495875647697, 39.75316772639027], [-86.1549262822859, 39.75309092652449], [-86.15482564813132, 39.7528531414058], [-86.15485934964835, 39.752781646420274], [-86.15486256688405, 39.7527760917503], [-86.15490846854983, 39.75274349618838], [-86.15505614038707, 39.752687202753755], [-86.15510543971384, 39.75267745509686], [-86.15511568818407, 39.75267499788461], [-86.15514936500857, 39.752665399582696], [-86.15515613451691, 39.75266326483047], [-86.15518865522408, 39.75265198674558], [-86.15519524709549, 39.75264948669382], [-86.15522668546882, 39.75263650864111], [-86.1552297141176, 39.75263520891583], [-86.15523302700721, 39.752633669790946], [-86.15526323400883, 39.75261905645983], [-86.15526930168306, 39.75261589395726], [-86.15529814222677, 39.75259971464385], [-86.15530392787724, 39.75259622752875], [-86.15533129275344, 39.75257853549958], [-86.15533670813691, 39.75257478079405], [-86.15534787998868, 39.75256648729066], [-86.15539624842204, 39.75254473320684], [-86.15553414425011, 39.75240731128589], [-86.15561249525007, 39.75227037055164]]]}}, {"type": "Feature", "properties": {"SPR_ID": 52, "Unit_Site": "Albany Subdistrict", "Site_typ": "Subdistrict", "layer": "Greenfield", "Shape_Area": 74739.9630675, "Site_Score": 35.4, "Final_Rank": 55, "SITE_EVAL": "Poor", "RATIONALE": "Strong low flood risk and land cover suitability; limited by distance from transmission infrastructure.", "dataset": "facility_sites", "layer_title": "INDOT Facilities", "layer_type": "facility", "center_latitude": 40.297058, "center_longitude": -85.211032, "source_geometry_valid": true, "sol_s": 0.840955343201951, "slp_s": 0.757525608215613, "trn_s": 0.211840330600266, "fld_s": 1.0, "lc_s": 0.9627906976743, "Site_ID": 36801, "Site_Statu": "Active", "Site_Avail": "Yes", "Acreage": 18.0, "Address": "12239 IN-28, Albany, IN 47320", "County": "Randolph", "Solar_Type": "All", "Electrical": "Yes", "Ownership": "INDOT"}, "geometry": {"type": "Polygon", "coordinates": [[[-85.20982501897662, 40.295609052459355], [-85.21220872008001, 40.2955947987594], [-85.21224022961624, 40.29866361142605], [-85.21224746677466, 40.29933480894201], [-85.21193651487442, 40.29922693735741], [-85.21193577093995, 40.29922668262399], [-85.2115452169685, 40.29909391913348], [-85.21154461869425, 40.29909371799899], [-85.21114296136707, 40.298959411254664], [-85.21012295119942, 40.298600811793385], [-85.20985461041806, 40.29850773485935], [-85.20982501897662, 40.295609052459355]]]}}, {"type": "Feature", "properties": {"SPR_ID": 53, "Unit_Site": "Winchester Unit", "Site_typ": "Unit", "layer": "Greenfield", "Shape_Area": 13327.8836901, "Site_Score": 85.98, "Final_Rank": 9, "SITE_EVAL": "Good", "RATIONALE": "Strong low flood risk and land cover suitability; limited by distance from transmission infrastructure.", "dataset": "facility_sites", "layer_title": "INDOT Facilities", "layer_type": "facility", "center_latitude": 40.172657, "center_longitude": -84.994603, "source_geometry_valid": true, "sol_s": 0.972955000202789, "slp_s": 0.891628275952927, "trn_s": 0.585497739066537, "fld_s": 1.0, "lc_s": 0.9999999999991, "Site_ID": 36802, "Site_Statu": "Active", "Site_Avail": "Yes", "Acreage": 4.0, "Address": "101 Inks Dr, Winchester, IN 47394", "County": "Randolph", "Solar_Type": "Rooftop and Canopy", "Electrical": "Yes", "Ownership": "INDOT"}, "geometry": {"type": "Polygon", "coordinates": [[[-84.99396126704134, 40.17311063711551], [-84.99394956568271, 40.17287469375463], [-84.99375998772302, 40.1729749605126], [-84.99376119719068, 40.172855329309655], [-84.99376376007004, 40.17241033647487], [-84.99380918685955, 40.17241159237575], [-84.9938333830679, 40.1723855625599], [-84.9938988671893, 40.172389547973694], [-84.99391466132218, 40.172459467201875], [-84.99412649828552, 40.1724247604529], [-84.99413171395469, 40.1723331991863], [-84.99444372191017, 40.172337109126424], [-84.99446877600356, 40.17219368319089], [-84.99544868041619, 40.172158516790496], [-84.99544019954085, 40.17289839378293], [-84.99537734103008, 40.17289288091428], [-84.9953661661799, 40.173156628440644], [-84.99396126704134, 40.17311063711551]]]}}, {"type": "Feature", "properties": {"SPR_ID": 54, "Unit_Site": "Rushville Unit", "Site_typ": "Unit", "layer": "Greenfield", "Shape_Area": 15772.1168722, "Site_Score": 53.35, "Final_Rank": 38, "SITE_EVAL": "Fair", "RATIONALE": "Strong low flood risk and land cover suitability; limited by distance from transmission infrastructure.", "dataset": "facility_sites", "layer_title": "INDOT Facilities", "layer_type": "facility", "center_latitude": 39.598596, "center_longitude": -85.482625, "source_geometry_valid": true, "sol_s": 0.766937540350011, "slp_s": 0.882713910493601, "trn_s": 0.307860547632594, "fld_s": 1.0, "lc_s": 1.0, "Site_ID": 37001, "Site_Statu": "Active", "Site_Avail": "Yes", "Acreage": 8.0, "Address": "2071 IN-44, Rushville, IN 46173", "County": "Rush", "Solar_Type": "Ground", "Electrical": "Yes", "Ownership": "INDOT"}, "geometry": {"type": "Polygon", "coordinates": [[[-85.48222880851388, 39.59926028694055], [-85.48219159626711, 39.597979138312], [-85.48399303910963, 39.59796136944858], [-85.48402645405697, 39.59849289898401], [-85.48411303950672, 39.598581081867806], [-85.48426805899905, 39.598767163764464], [-85.48421293663088, 39.599054796909556], [-85.48416142979666, 39.599065003283734], [-85.48346963172074, 39.59913955462689], [-85.48346759203685, 39.59910759085917], [-85.48367129768374, 39.59906664966], [-85.48366433580065, 39.5988944232976], [-85.48385010080968, 39.59887450718962], [-85.48380818434381, 39.59870840449129], [-85.48388153862528, 39.59865680573987], [-85.48388417014529, 39.59862842037835], [-85.48389235876375, 39.59861805962913], [-85.48395308156317, 39.59861135863928], [-85.48392041449625, 39.59841823547149], [-85.48382525728313, 39.59842892436436], [-85.4838411072692, 39.59820300521671], [-85.48375611132165, 39.59807156055175], [-85.48365799927879, 39.59802316481973], [-85.48352897908146, 39.5980613239059], [-85.48350294071541, 39.59814971730574], [-85.48343163303839, 39.59816981264189], [-85.48318939965313, 39.59853832801411], [-85.48304208922269, 39.59855169504262], [-85.4830362513526, 39.5988421443499], [-85.48318011353958, 39.59883220920152], [-85.48323374258386, 39.599164973885415], [-85.48261600026501, 39.59923153938058], [-85.48222880851388, 39.59926028694055]]]}}, {"type": "Feature", "properties": {"SPR_ID": 55, "Unit_Site": "Shelbyville Unit", "Site_typ": "Unit", "layer": "Greenfield", "Shape_Area": 23827.9841082, "Site_Score": 85.98, "Final_Rank": 10, "SITE_EVAL": "Good", "RATIONALE": "Strong low flood risk and land cover suitability; limited by solar resource.", "dataset": "facility_sites", "layer_title": "INDOT Facilities", "layer_type": "facility", "center_latitude": 39.547975, "center_longitude": -85.771788, "source_geometry_valid": true, "sol_s": 0.570269961174679, "slp_s": 0.879260683676614, "trn_s": 0.900094808846621, "fld_s": 1.0, "lc_s": 1.0, "Site_ID": 37301, "Site_Statu": "Active", "Site_Avail": "Yes", "Acreage": 5.0, "Address": "76 E Rampart Rd, Shelbyville, IN 46176", "County": "Shelby", "Solar_Type": "All", "Electrical": "Yes", "Ownership": "INDOT"}, "geometry": {"type": "Polygon", "coordinates": [[[-85.77087879443548, 39.54751569284745], [-85.77269402955689, 39.54752053836949], [-85.77269390283051, 39.54752944803168], [-85.77267895382283, 39.548421118160356], [-85.77269030621838, 39.549247843542894], [-85.77258285015024, 39.54921848630786], [-85.7723521195806, 39.54913974976413], [-85.7720330773341, 39.54902522585326], [-85.77174070864051, 39.548920094906705], [-85.77146796736197, 39.548785691440564], [-85.77108566445158, 39.548597484557156], [-85.77090124886769, 39.548506481083685], [-85.77087879443548, 39.54751569284745]]]}}, {"type": "Feature", "properties": {"SPR_ID": 56, "Unit_Site": "Tipton Subdistrict", "Site_typ": "Subdistrict", "layer": "Greenfield", "Shape_Area": 4726.25115561, "Site_Score": 43.97, "Final_Rank": 46, "SITE_EVAL": "Fair", "RATIONALE": "Strong low flood risk and land cover suitability; limited by distance from transmission infrastructure.", "dataset": "facility_sites", "layer_title": "INDOT Facilities", "layer_type": "facility", "center_latitude": 40.281767, "center_longitude": -86.054193, "source_geometry_valid": true, "sol_s": 0.734455991164614, "slp_s": 0.8584464637324, "trn_s": 0.257705876047416, "fld_s": 1.0, "lc_s": 1.0, "Site_ID": 38001, "Site_Statu": "Active", "Site_Avail": "Yes", "Acreage": 10.0, "Address": "2152 W State Rte 28, Tipton, IN 46072", "County": "Tipton", "Solar_Type": "Rooftop", "Electrical": "Yes", "Ownership": "INDOT"}, "geometry": {"type": "MultiPolygon", "coordinates": [[[[-86.05514118773739, 40.280225644360925], [-86.05550004887527, 40.280195229714224], [-86.05551770128403, 40.28040277193262], [-86.05537430899216, 40.28041594388916], [-86.0554020293288, 40.28087955102014], [-86.05520611616458, 40.28086674488002], [-86.05519252963309, 40.280421202076], [-86.05515003086383, 40.28041146927802], [-86.05514118773739, 40.280225644360925]]], [[[-86.05460411391806, 40.280804030944154], [-86.05476234636934, 40.28079348213078], [-86.05477289407096, 40.28134729383136], [-86.0546041143711, 40.28133674440742], [-86.05460411391806, 40.280804030944154]]], [[[-86.05537867435916, 40.28146616571408], [-86.05536355072832, 40.28145320328273], [-86.05532682456766, 40.281468326204426], [-86.05527350648849, 40.28143306864941], [-86.0551818189858, 40.28137491088006], [-86.05533114471282, 40.2812328431073], [-86.05546941057048, 40.28130845698148], [-86.05541107917949, 40.28138407123677], [-86.05544996644042, 40.28141431624207], [-86.05550535884959, 40.28139046533231], [-86.05559471319819, 40.28137758999585], [-86.05568545000769, 40.28143376036716], [-86.05572433719401, 40.28151153400595], [-86.05567680869376, 40.28158930866678], [-86.05563360052768, 40.281636836981846], [-86.05559471288718, 40.28164979906626], [-86.0555190994668, 40.281645478174255], [-86.05542464689891, 40.28161480118957], [-86.05536225456913, 40.281548433937324], [-86.05537867435916, 40.28146616571408]]], [[[-86.05472015017928, 40.281552995200336], [-86.05486783332184, 40.28154772050982], [-86.05483618727253, 40.28171650175737], [-86.05470960176329, 40.28170595301822], [-86.05472015017928, 40.281552995200336]]], [[[-86.05389509167252, 40.28172489853102], [-86.05448807682743, 40.28171650165742], [-86.05448807784336, 40.281809049156095], [-86.05389948215958, 40.28182283246041], [-86.05389509167252, 40.28172489853102]]], [[[-86.05336368694549, 40.28183537719319], [-86.05333057002308, 40.28149879072035], [-86.05353099811438, 40.28150089265118], [-86.05354806738504, 40.281831060304384], [-86.05336368694549, 40.28183537719319]]]]}}, {"type": "Feature", "properties": {"SPR_ID": 59, "Unit_Site": "Old Cambridge City Unit", "Site_typ": "Unit", "layer": "Greenfield", "Shape_Area": 28943.5138522, "Site_Score": 46.25, "Final_Rank": 44, "SITE_EVAL": "Fair", "RATIONALE": "Strong low flood risk and land cover suitability; limited by distance from transmission infrastructure.", "dataset": "facility_sites", "layer_title": "INDOT Facilities", "layer_type": "facility", "center_latitude": 39.852362, "center_longitude": -85.143407, "source_geometry_valid": true, "sol_s": 0.593189150454583, "slp_s": 0.614366547262009, "trn_s": 0.478553786130266, "fld_s": 1.0, "lc_s": 1.0, "Site_ID": 38903, "Site_Statu": "Active", "Site_Avail": "See Comment", "Acreage": 6.0, "Address": "14178 Frontage Rd, Cambridge City, IN 47327", "County": "Wayne", "Solar_Type": "Ground", "Electrical": "Need Review", "Ownership": "INDOT"}, "geometry": {"type": "MultiPolygon", "coordinates": [[[[-85.13949139044006, 39.852686664138446], [-85.1389477011571, 39.85265951988753], [-85.13901078500086, 39.852655111448655], [-85.13938068264024, 39.852667000202125], [-85.13938262751766, 39.85266704942544], [-85.13960567539571, 39.852671085612336], [-85.13960755438077, 39.852671107648185], [-85.13978601195699, 39.85267191817231], [-85.13978664196078, 39.852671919269156], [-85.13978892883355, 39.85267190009647], [-85.13993255278369, 39.85266952994715], [-85.13994147498477, 39.85266909557042], [-85.14008238227103, 39.85265763915213], [-85.14008900427399, 39.85265693813795], [-85.14023833962305, 39.852637457094396], [-85.14023906341075, 39.85263736149282], [-85.14024583164029, 39.85263626641106], [-85.14037074109999, 39.85261278169158], [-85.14037365919589, 39.852612198745305], [-85.14050912420845, 39.85258358394916], [-85.14051725492747, 39.85258159536679], [-85.14071993587838, 39.852525041353346], [-85.14072749123754, 39.852522672353274], [-85.14086169577314, 39.85247591317517], [-85.14086870678807, 39.852473227325135], [-85.14100438116921, 39.85241639135779], [-85.14100678200325, 39.85241535414923], [-85.14101124298914, 39.85241325625223], [-85.14115399473035, 39.852342342308226], [-85.14115657866556, 39.85234101703513], [-85.1412755681016, 39.85227806363767], [-85.14127945200966, 39.852275908731926], [-85.14137748395996, 39.85221890231257], [-85.1413809277509, 39.852216813323764], [-85.14161298260638, 39.85206998628943], [-85.14173277852841, 39.85199326490114], [-85.14180786580916, 39.852286703265776], [-85.14262738183035, 39.851914161802675], [-85.14262322414152, 39.85173896760634], [-85.14281972048474, 39.85163877217066], [-85.14297292086786, 39.85189368075319], [-85.14365506404438, 39.85165411113324], [-85.14401181303113, 39.851332364678264], [-85.14385058776038, 39.851052824013685], [-85.1434396295443, 39.850963606994256], [-85.14309492273803, 39.851169784684835], [-85.14300393096549, 39.851180194532816], [-85.14340891748282, 39.85092162713152], [-85.14378416905346, 39.85068156918158], [-85.1439236705107, 39.850599383305095], [-85.14402809183439, 39.85054657333418], [-85.14410948568569, 39.850511063551025], [-85.14421104929515, 39.85048544513573], [-85.14428034760944, 39.8504783602327], [-85.14432676674035, 39.85047557053234], [-85.14436609148083, 39.85052952153255], [-85.14435387110724, 39.85173898502203], [-85.14403945912723, 39.85173482735821], [-85.14403762779995, 39.851734816067214], [-85.14403369535577, 39.851734872051786], [-85.14387468821285, 39.851739384908875], [-85.14386634561421, 39.851739873912535], [-85.14373307739953, 39.85175175183158], [-85.14372679787087, 39.85175245763608], [-85.14372350835933, 39.851752945531175], [-85.14360498200641, 39.85177202337184], [-85.14360107222562, 39.851772713049755], [-85.1434281822914, 39.85180580539759], [-85.14341959127646, 39.85180774807702], [-85.14326884875668, 39.85184718496141], [-85.14326664804906, 39.85184778126905], [-85.14326225377549, 39.851849099226214], [-85.1431027909861, 39.85190008027427], [-85.14309373238596, 39.85190336771978], [-85.14293169044124, 39.85196949490314], [-85.1429282896967, 39.85197094317442], [-85.1427742652781, 39.85203943730798], [-85.14277350096461, 39.85203977912789], [-85.14262787936615, 39.852105801282995], [-85.14248528644288, 39.852169251896704], [-85.14225182234843, 39.85226397425816], [-85.1421184395324, 39.85231667806242], [-85.14201957491558, 39.852351440726544], [-85.14187725591563, 39.852397285634886], [-85.14172709501541, 39.85244376688125], [-85.14152776843939, 39.85249686284405], [-85.14139505692837, 39.8525287635675], [-85.1412818720859, 39.85255518872354], [-85.14115564795364, 39.85257954256068], [-85.1409962037005, 39.852604940326], [-85.14084765276534, 39.85262694037583], [-85.14063501957256, 39.85265041100864], [-85.14030446720461, 39.852676866035914], [-85.13970756089324, 39.85268830956781], [-85.13949139044006, 39.852686664138446]]], [[[-85.14403867173581, 39.85189955209995], [-85.14435184712366, 39.851903604396306], [-85.14433893560731, 39.85279334967519], [-85.1419254780826, 39.852783604181674], [-85.14115437954533, 39.8527696752861], [-85.14105045979879, 39.85276448868095], [-85.1412010599202, 39.85274050046164], [-85.14120538082739, 39.85273973907548], [-85.14133628646327, 39.85271448272571], [-85.1413413159307, 39.852713410162664], [-85.14145743940146, 39.852686299601736], [-85.14145827583503, 39.85268610129144], [-85.14159293712738, 39.8526537317355], [-85.14159602776141, 39.852652948816974], [-85.1417993871755, 39.852598778602584], [-85.14180102990113, 39.852598329240855], [-85.141804305466, 39.85259736369099], [-85.14195757379984, 39.852549920405984], [-85.14195895787277, 39.85254948311425], [-85.14210359297977, 39.852502891416954], [-85.14210673776883, 39.852501833671525], [-85.14220935876295, 39.85246575000657], [-85.14221375711557, 39.85246410962673], [-85.14234981268834, 39.85241034851007], [-85.14235083833204, 39.852409938805856], [-85.14258666644467, 39.85231425679818], [-85.14259031784832, 39.85231270354093], [-85.14273508782635, 39.852248284946484], [-85.14273583916881, 39.852247947423706], [-85.1428814514579, 39.85218193129308], [-85.14303340570426, 39.85211435884293], [-85.14318930566776, 39.85205073772993], [-85.14334086680564, 39.85200228326005], [-85.14348404034556, 39.851964826953015], [-85.14365061890233, 39.851932941626934], [-85.14376244568845, 39.85191494121031], [-85.14388674135951, 39.85190386380997], [-85.14403867173581, 39.85189955209995]]]]}}, {"type": "Feature", "properties": {"SPR_ID": 60, "Unit_Site": "Richmond Unit", "Site_typ": "Unit", "layer": "Greenfield", "Shape_Area": 55404.4523595, "Site_Score": 98.19, "Final_Rank": 3, "SITE_EVAL": "Good", "RATIONALE": "Strong low flood risk and land cover suitability; limited by slope.", "dataset": "facility_sites", "layer_title": "INDOT Facilities", "layer_type": "facility", "center_latitude": 39.866186, "center_longitude": -84.941046, "source_geometry_valid": true, "sol_s": 0.976814974721621, "slp_s": 0.736143649824231, "trn_s": 0.988940590511098, "fld_s": 1.0, "lc_s": 1.0, "Site_ID": 38904, "Site_Statu": "Active", "Site_Avail": "Yes", "Acreage": 14.0, "Address": "2801 Salisbury Rd, Richmond, IN 47374", "County": "Wayne", "Solar_Type": "All", "Electrical": "Yes", "Ownership": "INDOT"}, "geometry": {"type": "Polygon", "coordinates": [[[-84.94213365479605, 39.86549260028377], [-84.94279055818441, 39.86538735710704], [-84.94280592065506, 39.8665363474566], [-84.94281076979213, 39.86689886770729], [-84.94281619976711, 39.8673049809041], [-84.93932614876911, 39.86730615259485], [-84.93927890772957, 39.86583498308416], [-84.939314509677, 39.86582905911487], [-84.93939229793195, 39.865816115555546], [-84.93942682189454, 39.86581163905238], [-84.93966035847285, 39.86578135874558], [-84.94028770962382, 39.86575167455566], [-84.9405640797769, 39.86573859648614], [-84.94061239650027, 39.865736310551206], [-84.94144243845138, 39.86560333769195], [-84.94213365479605, 39.86549260028377]]]}}, {"type": "Feature", "properties": {"SPR_ID": 61, "Unit_Site": "Monticello Subdistrict", "Site_typ": "Subdistrict", "layer": "La Porte", "Shape_Area": 69965.3940871, "Site_Score": 42.56, "Final_Rank": 49, "SITE_EVAL": "Fair", "RATIONALE": "Strong low flood risk and land cover suitability; limited by distance from transmission infrastructure.", "dataset": "facility_sites", "layer_title": "INDOT Facilities", "layer_type": "facility", "center_latitude": 40.726196, "center_longitude": -86.752111, "source_geometry_valid": true, "sol_s": 0.526396029129257, "slp_s": 0.746466593819691, "trn_s": 0.377294650485705, "fld_s": 1.0, "lc_s": 0.9999999999991, "Site_ID": 40801, "Site_Statu": "Active", "Site_Avail": "Yes", "Acreage": 15.0, "Address": "12209 N 1200 W, Monticello, IN 47960", "County": "Carroll", "Solar_Type": "All", "Electrical": "Yes", "Ownership": "INDOT"}, "geometry": {"type": "Polygon", "coordinates": [[[-86.75035861879577, 40.72462230109412], [-86.7502936191061, 40.724217300600856], [-86.75046761875572, 40.724296300836784], [-86.75057461872198, 40.724344300501485], [-86.75104761864677, 40.72455930063952], [-86.75389907029444, 40.725801014640325], [-86.75342730378904, 40.72644209259251], [-86.75290313187611, 40.72713165355302], [-86.75290282842978, 40.72713205468943], [-86.75239324402325, 40.72781176468009], [-86.75239297024511, 40.72781214696057], [-86.75237659147614, 40.727833974925424], [-86.75221981226797, 40.728043983326884], [-86.75143961814214, 40.72770430038671], [-86.7508116180371, 40.72743130035503], [-86.75074661851716, 40.72702830023159], [-86.75068561892199, 40.72665030049289], [-86.75062761794571, 40.7262873002806], [-86.7505976185389, 40.726104300307895], [-86.7504686191119, 40.72530330063868], [-86.75035861879577, 40.72462230109412]]]}}, {"type": "Feature", "properties": {"SPR_ID": 62, "Unit_Site": "Flora Unit", "Site_typ": "Unit", "layer": "La Porte", "Shape_Area": 496.466869105, "Site_Score": 1.96, "Final_Rank": 101, "SITE_EVAL": "Poor", "RATIONALE": "Strong slope and low flood risk; limited by land cover suitability.", "dataset": "facility_sites", "layer_title": "INDOT Facilities", "layer_type": "facility", "center_latitude": 40.533366, "center_longitude": -86.527358, "source_geometry_valid": true, "sol_s": 0.580352896122173, "slp_s": 1.0, "trn_s": 0.104277218215488, "fld_s": 1.0, "lc_s": 0.0, "Site_ID": 40803, "Site_Statu": "Active", "Site_Avail": "Yes", "Acreage": 5.0, "Address": "1011 S IN-75, Flora, IN 46929", "County": "Carroll", "Solar_Type": "Rooftop", "Electrical": "Yes", "Ownership": "INDOT"}, "geometry": {"type": "MultiPolygon", "coordinates": [[[[-86.52789330270669, 40.53283094091667], [-86.5280507861796, 40.53283019058425], [-86.52804755605074, 40.53301003782542], [-86.52788858492589, 40.53301374510892], [-86.52789330270669, 40.53283094091667]]], [[[-86.52721502778566, 40.533424500569005], [-86.52721221134664, 40.53333719799991], [-86.52749946318539, 40.533333443327805], [-86.52750603402907, 40.533394460597414], [-86.52747974954549, 40.533399154866544], [-86.5274440775605, 40.53339821619711], [-86.52745158803128, 40.533422622352056], [-86.52721502778566, 40.533424500569005]]]]}}, {"type": "Feature", "properties": {"SPR_ID": 63, "Unit_Site": "Logansport Unit", "Site_typ": "Unit", "layer": "La Porte", "Shape_Area": 16105.8621607, "Site_Score": 55.29, "Final_Rank": 33, "SITE_EVAL": "Fair", "RATIONALE": "Strong low flood risk and land cover suitability; limited by solar resource.", "dataset": "facility_sites", "layer_title": "INDOT Facilities", "layer_type": "facility", "center_latitude": 40.734643, "center_longitude": -86.398623, "source_geometry_valid": true, "sol_s": 0.354014097010619, "slp_s": 0.780285966107676, "trn_s": 0.982449809468392, "fld_s": 1.0, "lc_s": 1.0, "Site_ID": 40901, "Site_Statu": "Active", "Site_Avail": "Yes", "Acreage": 6.0, "Address": "2168 Old State Rd 25, Logansport, IN 46947", "County": "Cass", "Solar_Type": "Rooftop and Canopy", "Electrical": "Yes", "Ownership": "INDOT"}, "geometry": {"type": "Polygon", "coordinates": [[[-86.3980758393001, 40.73423865625144], [-86.39826852808653, 40.734234090046385], [-86.39831418844919, 40.73421066253579], [-86.39833581451965, 40.734172950038605], [-86.39833873014973, 40.73413536071754], [-86.39826630748946, 40.734125654793964], [-86.39825935293538, 40.73399176273443], [-86.39832841106896, 40.73398462399518], [-86.39834023475969, 40.733958612992836], [-86.39856306317886, 40.73395083148576], [-86.39856938477185, 40.73390560170963], [-86.39897419945422, 40.733899718840185], [-86.39897413436543, 40.73395538072418], [-86.39900509329064, 40.733958860689434], [-86.39900874851187, 40.73403026462102], [-86.3989722434604, 40.734030217775], [-86.39897789990135, 40.73409795752707], [-86.39856744992623, 40.734104811896835], [-86.39856936830229, 40.73408628673733], [-86.39856539318174, 40.73403283612961], [-86.39848925106118, 40.73403716795485], [-86.39845198060806, 40.734067665054], [-86.39845178610736, 40.734132124041025], [-86.39844764717066, 40.73417181770008], [-86.39846937852614, 40.734206559039976], [-86.3985178196856, 40.7342297932734], [-86.39862303872036, 40.73423281168723], [-86.3986253596971, 40.734157867882395], [-86.39865519165261, 40.73416248796129], [-86.3988301892309, 40.734156488169845], [-86.39883564742823, 40.734239790119034], [-86.39916943602795, 40.734223837078005], [-86.39916625728524, 40.73504568412935], [-86.39910407995559, 40.735063237973556], [-86.39911283226681, 40.735412539856846], [-86.39903346849944, 40.735480699966196], [-86.3990351444003, 40.735625195487714], [-86.39870160873495, 40.73563279398447], [-86.39869846617447, 40.735897245155016], [-86.39837402454593, 40.735895915732456], [-86.3983485071403, 40.735641430015086], [-86.3980849832941, 40.735639402941665], [-86.3980758393001, 40.73423865625144]]]}}, {"type": "Feature", "properties": {"SPR_ID": 64, "Unit_Site": "Rochester Unit", "Site_typ": "Unit", "layer": "La Porte", "Shape_Area": 22037.6323483, "Site_Score": 12.09, "Final_Rank": 85, "SITE_EVAL": "Poor", "RATIONALE": "Strong low flood risk and slope; limited by distance from transmission infrastructure.", "dataset": "facility_sites", "layer_title": "INDOT Facilities", "layer_type": "facility", "center_latitude": 41.064382, "center_longitude": -86.241249, "source_geometry_valid": true, "sol_s": 0.632934160951109, "slp_s": 0.928849160858879, "trn_s": 0.138998482388974, "fld_s": 1.0, "lc_s": 0.5333333333336, "Site_ID": 42501, "Site_Statu": "Active", "Site_Avail": "Yes", "Acreage": 5.0, "Address": "8 E 50 N, Rochester, IN 46975", "County": "Fulton", "Solar_Type": "All", "Electrical": "Yes", "Ownership": "INDOT"}, "geometry": {"type": "Polygon", "coordinates": [[[-86.24045473815771, 41.06511121334648], [-86.24044073791138, 41.063635213311116], [-86.24204572801683, 41.063652353644294], [-86.24205573765306, 41.06512421334214], [-86.24045473815771, 41.06511121334648]]]}}, {"type": "Feature", "properties": {"SPR_ID": 65, "Unit_Site": "Rensselaer Subdistrict", "Site_typ": "Subdistrict", "layer": "La Porte", "Shape_Area": 71309.2899873, "Site_Score": 12.31, "Final_Rank": 84, "SITE_EVAL": "Poor", "RATIONALE": "Strong low flood risk and slope; limited by land cover suitability.", "dataset": "facility_sites", "layer_title": "INDOT Facilities", "layer_type": "facility", "center_latitude": 40.946713, "center_longitude": -87.13851, "source_geometry_valid": true, "sol_s": 0.441046208802199, "slp_s": 0.772384274949046, "trn_s": 0.572791993925452, "fld_s": 1.0, "lc_s": 0.29259259259255, "Site_ID": 43701, "Site_Statu": "Active", "Site_Avail": "Yes", "Acreage": 15.0, "Address": "1130 E Maple St, Rensselaer, IN 47978", "County": "Jasper", "Solar_Type": "All", "Electrical": "Yes", "Ownership": "INDOT"}, "geometry": {"type": "Polygon", "coordinates": [[[-87.13975156467272, 40.94587746279552], [-87.14018948643292, 40.945874747579055], [-87.14019786801002, 40.94753630468136], [-87.14024967327406, 40.9481604874225], [-87.13683348494948, 40.94813128113956], [-87.13683248409934, 40.94792328118984], [-87.13682255236262, 40.945890044278705], [-87.13761466900702, 40.94588890704192], [-87.13761532838093, 40.94588890535413], [-87.13819120709707, 40.94588542583356], [-87.13975156467272, 40.94587746279552]]]}}, {"type": "Feature", "properties": {"SPR_ID": 66, "Unit_Site": "Gary Subdistrict/Miller Unit", "Site_typ": "Subdistrict", "layer": "La Porte", "Shape_Area": 11009.5825149, "Site_Score": 68.76, "Final_Rank": 20, "SITE_EVAL": "Fair", "RATIONALE": "Strong low flood risk and land cover suitability; limited by solar resource.", "dataset": "facility_sites", "layer_title": "INDOT Facilities", "layer_type": "facility", "center_latitude": 41.594696, "center_longitude": -87.246476, "source_geometry_valid": true, "sol_s": 0.467439221658259, "slp_s": 0.872590222648256, "trn_s": 0.794948865818833, "fld_s": 1.0, "lc_s": 1.0, "Site_ID": 44501, "Site_Statu": "Active", "Site_Avail": "Yes", "Acreage": 10.0, "Address": "7601 Melton Rd, Gary, IN 46403", "County": "Lake", "Solar_Type": "Rooftop and Canopy", "Electrical": "Yes", "Ownership": "INDOT"}, "geometry": {"type": "Polygon", "coordinates": [[[-87.24575481632922, 41.59513911756091], [-87.24576119971023, 41.59506350118724], [-87.2458762283475, 41.59506624026422], [-87.2458973215285, 41.59437205063637], [-87.24590138757141, 41.5942907087594], [-87.24640612501193, 41.59426884468754], [-87.24706232698234, 41.5942848862883], [-87.24706500162831, 41.5950208846617], [-87.2469488600112, 41.59505510519449], [-87.24694316842148, 41.595109436810965], [-87.2467957747991, 41.59510572613614], [-87.24678283401275, 41.59512433235986], [-87.24703802544201, 41.595130345230004], [-87.24710720138052, 41.59526771183809], [-87.24704283004303, 41.595336515479914], [-87.2464290889226, 41.595340947328474], [-87.24641196891207, 41.59530281381064], [-87.24628228301171, 41.595283013525865], [-87.24616987769092, 41.595168363511654], [-87.24614133077532, 41.595169576663956], [-87.2461412673712, 41.59521605353918], [-87.24588641065151, 41.595214202035265], [-87.24588639217443, 41.59514262470703], [-87.24575481632922, 41.59513911756091]]]}}, {"type": "Feature", "properties": {"SPR_ID": 67, "Unit_Site": "Gary West Unit", "Site_typ": "Unit", "layer": "La Porte", "Shape_Area": 21707.2433358, "Site_Score": 43.42, "Final_Rank": 47, "SITE_EVAL": "Fair", "RATIONALE": "Strong low flood risk and land cover suitability; limited by distance from transmission infrastructure.", "dataset": "facility_sites", "layer_title": "INDOT Facilities", "layer_type": "facility", "center_latitude": 41.589502, "center_longitude": -87.42949, "source_geometry_valid": true, "sol_s": 0.433707521735201, "slp_s": 0.888874532113176, "trn_s": 0.414860264531115, "fld_s": 1.0, "lc_s": 1.0, "Site_ID": 44502, "Site_Statu": "Active", "Site_Avail": "Yes", "Acreage": 9.0, "Address": "7306 W 15th Ave, Gary, IN 46406", "County": "Lake", "Solar_Type": "Rooftop and Canopy", "Electrical": "Yes", "Ownership": "INDOT"}, "geometry": {"type": "Polygon", "coordinates": [[[-87.4290006544045, 41.59056140701171], [-87.42901231977146, 41.59021178277456], [-87.42891822804071, 41.590234666449824], [-87.42888450793559, 41.58981035558963], [-87.42888424772113, 41.589741855274895], [-87.42888398630805, 41.589673354963814], [-87.42888372592304, 41.58960482852697], [-87.4288834597073, 41.589536327331466], [-87.42888319812484, 41.58946780089744], [-87.42888294031569, 41.589399300569674], [-87.4288826787296, 41.58933077323331], [-87.42888241972302, 41.589262272908364], [-87.42888215711835, 41.589193772596026], [-87.42888189572054, 41.58912527317909], [-87.42888163053985, 41.58905674585289], [-87.42888137033816, 41.58898824552914], [-87.42888006059725, 41.58864569078775], [-87.42887826192589, 41.58817269524811], [-87.42929452033569, 41.58818144788712], [-87.42929562031465, 41.58834278226843], [-87.42947596339154, 41.58834768876212], [-87.42962470622797, 41.588656497241274], [-87.42987105540794, 41.588816358258526], [-87.42989771288511, 41.588926806783476], [-87.43009656618386, 41.58894376148772], [-87.4300962451909, 41.58979759548246], [-87.43007590353481, 41.59022759635768], [-87.42951269003508, 41.59022358854111], [-87.42949634676147, 41.590659532665406], [-87.42936592069174, 41.59077494011482], [-87.42910290191766, 41.59075434422011], [-87.42903458957763, 41.59069510876737], [-87.4290006544045, 41.59056140701171]]]}}, {"type": "Feature", "properties": {"SPR_ID": 68, "Unit_Site": "Crown Point Unit", "Site_typ": "Unit", "layer": "La Porte", "Shape_Area": 16369.3279518, "Site_Score": 14.64, "Final_Rank": 80, "SITE_EVAL": "Poor", "RATIONALE": "Strong low flood risk and land cover suitability; limited by distance from transmission infrastructure.", "dataset": "facility_sites", "layer_title": "INDOT Facilities", "layer_type": "facility", "center_latitude": 41.382857, "center_longitude": -87.312502, "source_geometry_valid": true, "sol_s": 0.441234047773168, "slp_s": 0.693036958811652, "trn_s": 0.160872947949182, "fld_s": 1.0, "lc_s": 1.0, "Site_ID": 44503, "Site_Statu": "Active", "Site_Avail": "Yes", "Acreage": 5.0, "Address": "1717 E 129th Ave, Crown Point, IN 46307", "County": "Lake", "Solar_Type": "Ground and Canopy", "Electrical": "Yes", "Ownership": "INDOT"}, "geometry": {"type": "Polygon", "coordinates": [[[-87.3119036128807, 41.38368609863868], [-87.31193688748586, 41.38203624009915], [-87.31261851825396, 41.38204751985579], [-87.31275590105862, 41.38204790048663], [-87.31272352961547, 41.38213499488922], [-87.31269639923869, 41.382188218991075], [-87.31274211414575, 41.38224540034946], [-87.31278065834732, 41.38228441839412], [-87.31285505121143, 41.38231979446876], [-87.31295312877562, 41.38230842498485], [-87.3130038580866, 41.382281920800374], [-87.3130472290723, 41.38225253615705], [-87.31308021340332, 41.382193313184], [-87.31308107646878, 41.382382733920124], [-87.3129097470647, 41.38237475888668], [-87.31290391283764, 41.38253113805694], [-87.31308338856937, 41.382542128304905], [-87.31308531578766, 41.383185800457944], [-87.31300777276424, 41.38317287018932], [-87.31290567805692, 41.3831800566944], [-87.31289832895612, 41.38338694208589], [-87.31309785262246, 41.38338262428899], [-87.31310246941753, 41.38368536684412], [-87.31248516381713, 41.383684579432675], [-87.31248469139928, 41.38368457981477], [-87.3119036128807, 41.38368609863868]]]}}, {"type": "Feature", "properties": {"SPR_ID": 69, "Unit_Site": "LaPorte District", "Site_typ": "District Office", "layer": "La Porte", "Shape_Area": 69676.7485958, "Site_Score": 34.61, "Final_Rank": 57, "SITE_EVAL": "Poor", "RATIONALE": "Strong low flood risk and land cover suitability; limited by distance from transmission infrastructure.", "dataset": "facility_sites", "layer_title": "INDOT Facilities", "layer_type": "facility", "center_latitude": 41.585508, "center_longitude": -86.693087, "source_geometry_valid": true, "sol_s": 0.453503435228588, "slp_s": 0.731768807425861, "trn_s": 0.419293560346851, "fld_s": 1.0, "lc_s": 0.8947368421063, "Site_ID": 44601, "Site_Statu": "Active", "Site_Avail": "Yes", "Acreage": 21.0, "Address": "315 Boyd Blvd, La Porte, IN 46350", "County": "Laporte", "Solar_Type": "All", "Electrical": "Yes", "Ownership": "INDOT"}, "geometry": {"type": "Polygon", "coordinates": [[[-86.69424922563714, 41.58417360324487], [-86.69453153793914, 41.584171384828814], [-86.69507314094648, 41.584180348085255], [-86.69499739239531, 41.5866589979192], [-86.69265055289863, 41.58659226430895], [-86.69186341193608, 41.58592230916701], [-86.69154454459017, 41.58611260083938], [-86.69096359922763, 41.58572013285516], [-86.69100009779434, 41.58566991705388], [-86.69128228549611, 41.585346674260855], [-86.69162829410784, 41.58505887815242], [-86.6919246498374, 41.584848839525684], [-86.69236342577472, 41.58461409143208], [-86.69276184937941, 41.58445218580219], [-86.69323771344085, 41.58431414581833], [-86.69360054818824, 41.584233105386254], [-86.69393986716354, 41.58419087494524], [-86.69424922563714, 41.58417360324487]]]}}, {"type": "Feature", "properties": {"SPR_ID": 70, "Unit_Site": "Wanatah Unit", "Site_typ": "Unit", "layer": "La Porte", "Shape_Area": 84614.9524277, "Site_Score": 31.64, "Final_Rank": 61, "SITE_EVAL": "Poor", "RATIONALE": "Strong low flood risk and land cover suitability; limited by distance from transmission infrastructure.", "dataset": "facility_sites", "layer_title": "INDOT Facilities", "layer_type": "facility", "center_latitude": 41.436648, "center_longitude": -86.903707, "source_geometry_valid": true, "sol_s": 0.558315117257854, "slp_s": 0.848868457557695, "trn_s": 0.248541151060067, "fld_s": 1.0, "lc_s": 0.9322580645159, "Site_ID": 44603, "Site_Statu": "Active", "Site_Avail": "Yes", "Acreage": 22.0, "Address": "10621 W US-30 Wanatah, IN 46390", "County": "Laporte", "Solar_Type": "All", "Electrical": "Yes", "Ownership": "INDOT"}, "geometry": {"type": "Polygon", "coordinates": [[[-86.90249992980888, 41.43521491431178], [-86.90239505417414, 41.43431707028948], [-86.90469291089074, 41.43432870963864], [-86.90479485231587, 41.438692950507885], [-86.90290339861008, 41.4386687481595], [-86.90280172197923, 41.43779838707974], [-86.9028009998331, 41.43779220909158], [-86.90275045623163, 41.437359545426816], [-86.90275027422882, 41.437357982462856], [-86.90269954689991, 41.43692375667835], [-86.90263510489693, 41.43637209948055], [-86.90256771886021, 41.43579523026069], [-86.90249992980888, 41.43521491431178]]]}}, {"type": "Feature", "properties": {"SPR_ID": 71, "Unit_Site": "Michigan City Unit", "Site_typ": "Unit", "layer": "La Porte", "Shape_Area": 18671.4010853, "Site_Score": 16.86, "Final_Rank": 77, "SITE_EVAL": "Poor", "RATIONALE": "Strong low flood risk and solar resource; limited by distance from transmission infrastructure.", "dataset": "facility_sites", "layer_title": "INDOT Facilities", "layer_type": "facility", "center_latitude": 41.696996, "center_longitude": -86.819687, "source_geometry_valid": true, "sol_s": 0.690865150424054, "slp_s": 0.614399706942937, "trn_s": 0.348458318428397, "fld_s": 1.0, "lc_s": 0.5333333333339, "Site_ID": 44609, "Site_Statu": "Active", "Site_Avail": "Yes", "Acreage": 6.0, "Address": "6100 E  Michigan Blvd., Michigan City, IN, 46360", "County": "Laporte", "Solar_Type": "All", "Electrical": "Yes", "Ownership": "INDOT"}, "geometry": {"type": "Polygon", "coordinates": [[[-86.81876320480788, 41.6961499698384], [-86.81876305254796, 41.696086912407864], [-86.82078042112589, 41.69659347434816], [-86.82042504998074, 41.697429897234784], [-86.818766213468, 41.69739802636948], [-86.81876320480788, 41.6961499698384]]]}}, {"type": "Feature", "properties": {"SPR_ID": 72, "Unit_Site": "Old Plymouth Unit", "Site_typ": "Unit", "layer": "La Porte", "Shape_Area": 67145.8941096, "Site_Score": 27.29, "Final_Rank": 66, "SITE_EVAL": "Poor", "RATIONALE": "Strong low flood risk and land cover suitability; limited by distance from transmission infrastructure.", "dataset": "facility_sites", "layer_title": "INDOT Facilities", "layer_type": "facility", "center_latitude": 41.418382, "center_longitude": -86.303536, "source_geometry_valid": true, "sol_s": 0.60940337737632, "slp_s": 0.811237286801881, "trn_s": 0.189794848015739, "fld_s": 1.0, "lc_s": 1.0, "Site_ID": 45001, "Site_Statu": "Purged", "Site_Avail": "See Comment", "Acreage": 17.0, "Address": "12640 4A Rd, Plymouth, IN 46563", "County": "Marshall", "Solar_Type": "Rooftop and Ground", "Electrical": "Low", "Ownership": "INDOT"}, "geometry": {"type": "Polygon", "coordinates": [[[-86.30385483253575, 41.41969991984209], [-86.30097645615716, 41.41569015849686], [-86.30102646630158, 41.41568777719594], [-86.30104823562563, 41.41568699608744], [-86.30104871923335, 41.41568697830813], [-86.30180140952841, 41.41565745599294], [-86.30221802945759, 41.41564352679853], [-86.30263528119752, 41.415635061173134], [-86.30263814074047, 41.41563497491927], [-86.30305594011016, 41.41561825390987], [-86.30305927440887, 41.41561808224793], [-86.30309670942272, 41.41561571844993], [-86.30313823011325, 41.415617107591565], [-86.30335982931518, 41.41560529862846], [-86.30401697869054, 41.415573836654296], [-86.30441804658896, 41.41559695235222], [-86.30404405466533, 41.41733481921025], [-86.30440863378708, 41.41733343811096], [-86.30391808487762, 41.41942963989416], [-86.30385483253575, 41.41969991984209]]]}}, {"type": "Feature", "properties": {"SPR_ID": 73, "Unit_Site": "Plymouth Subdistrict", "Site_typ": "Subdistrict", "layer": "Seymour", "Shape_Area": 19322.290338, "Site_Score": 67.46, "Final_Rank": 22, "SITE_EVAL": "Fair", "RATIONALE": "Strong low flood risk and land cover suitability; limited by distance from transmission infrastructure.", "dataset": "facility_sites", "layer_title": "INDOT Facilities", "layer_type": "facility", "center_latitude": 41.366667, "center_longitude": -86.343803, "source_geometry_valid": true, "sol_s": 0.72305060550023, "slp_s": 0.801939163237434, "trn_s": 0.476971281787686, "fld_s": 1.0, "lc_s": 0.92727272727282, "Site_ID": 45003, "Site_Statu": "Active", "Site_Avail": "Yes", "Acreage": 14.0, "Address": "2845 Jack Greenlee Dr, Plymouth, IN 46563", "County": "Marshall", "Solar_Type": "Rooftop and Canopy", "Electrical": "Yes", "Ownership": "INDOT"}, "geometry": {"type": "Polygon", "coordinates": [[[-86.34225983086138, 41.367105558813115], [-86.3422789051056, 41.36688810758639], [-86.34299611051144, 41.36630823990499], [-86.34482919975889, 41.36630522357354], [-86.34483625743631, 41.36656021183393], [-86.34504899840213, 41.36656378911549], [-86.34505745732596, 41.36677106222618], [-86.34471209860413, 41.366783140791824], [-86.34468371749902, 41.366887567178935], [-86.34471993985153, 41.366919116245896], [-86.34476411332618, 41.36694067612172], [-86.34480934258359, 41.3669436467279], [-86.34481867228816, 41.36692352645281], [-86.34481886413377, 41.36687353363208], [-86.34511750661969, 41.36687518309201], [-86.34512320953145, 41.366930084365826], [-86.34513621871841, 41.366937105949525], [-86.34516820482469, 41.366938383289146], [-86.34520021450275, 41.36690928446599], [-86.34520261948569, 41.36683649162002], [-86.34519599555364, 41.3668207347877], [-86.3451345644409, 41.36681899895329], [-86.3451312495145, 41.36646763461075], [-86.34521415594308, 41.36648057017419], [-86.34519803920143, 41.366429073063195], [-86.34513053451073, 41.36641766995267], [-86.34511106531674, 41.36642029476276], [-86.34511230418168, 41.366485386143], [-86.34483451751014, 41.366490864216146], [-86.34483169239384, 41.36630442347882], [-86.34529373938503, 41.366294459599956], [-86.34529777985045, 41.3663872274219], [-86.34537280551885, 41.366388353224], [-86.34536971608811, 41.367086883108726], [-86.34518205931217, 41.367078854385156], [-86.34512483601758, 41.3670368902825], [-86.34469007238724, 41.36703320201192], [-86.34464072812561, 41.36707401992837], [-86.34225983086138, 41.367105558813115]]]}}, {"type": "Feature", "properties": {"SPR_ID": 74, "Unit_Site": "Roselawn Unit", "Site_typ": "Unit", "layer": "La Porte", "Shape_Area": 11428.6189363, "Site_Score": 11.29, "Final_Rank": 88, "SITE_EVAL": "Poor", "RATIONALE": "Strong low flood risk and land cover suitability; limited by distance from transmission infrastructure.", "dataset": "facility_sites", "layer_title": "INDOT Facilities", "layer_type": "facility", "center_latitude": 41.143577, "center_longitude": -87.276406, "source_geometry_valid": true, "sol_s": 0.287678441853598, "slp_s": 0.605692645376512, "trn_s": 0.248102137285334, "fld_s": 1.0, "lc_s": 0.999999999999, "Site_ID": 45602, "Site_Statu": "Active", "Site_Avail": "Yes", "Acreage": 3.0, "Address": "9958 N 1200 W, De Motte, IN 46310", "County": "Jasper", "Solar_Type": "Rooftop and Canopy", "Electrical": "Yes", "Ownership": "INDOT"}, "geometry": {"type": "Polygon", "coordinates": [[[-87.27587054535266, 41.14338061740865], [-87.27585228156892, 41.142995634889616], [-87.27683979189855, 41.1430149328919], [-87.27690404534125, 41.14428015917361], [-87.27606794706514, 41.144251186511866], [-87.27587520365036, 41.14408556058075], [-87.27585019979601, 41.14370200670412], [-87.27592387043374, 41.14364243872571], [-87.27596457366205, 41.14351158830705], [-87.27596207168338, 41.143411065922876], [-87.27587054535266, 41.14338061740865]]]}}, {"type": "Feature", "properties": {"SPR_ID": 75, "Unit_Site": "Chesterton Unit", "Site_typ": "Unit", "layer": "La Porte", "Shape_Area": 17141.4307844, "Site_Score": 39.04, "Final_Rank": 50, "SITE_EVAL": "Poor", "RATIONALE": "Strong low flood risk and land cover suitability; limited by solar resource.", "dataset": "facility_sites", "layer_title": "INDOT Facilities", "layer_type": "facility", "center_latitude": 41.635672, "center_longitude": -87.041419, "source_geometry_valid": true, "sol_s": 0.409159101320914, "slp_s": 0.855141076931056, "trn_s": 0.414451192343369, "fld_s": 1.0, "lc_s": 1.0, "Site_ID": 46401, "Site_Statu": "Active", "Site_Avail": "Yes", "Acreage": 5.0, "Address": "144 US-20, Chesterton, IN 46304", "County": "Porter", "Solar_Type": "Rooftop and Canopy", "Electrical": "Yes", "Ownership": "INDOT"}, "geometry": {"type": "Polygon", "coordinates": [[[-87.04090169326484, 41.63677477778225], [-87.0408704265209, 41.634940538246695], [-87.04197246010695, 41.634923720947924], [-87.04193734998753, 41.63642590462275], [-87.0416439766896, 41.636424193616214], [-87.04163484629724, 41.636518474798265], [-87.04138057118935, 41.63650766605173], [-87.0413725839993, 41.63640381905821], [-87.04106546896645, 41.63640734742854], [-87.04108985132994, 41.63657074445079], [-87.04191163766134, 41.636557264771426], [-87.04193444755158, 41.63676605596592], [-87.04090169326484, 41.63677477778225]]]}}, {"type": "Feature", "properties": {"SPR_ID": 76, "Unit_Site": "Winamac Unit", "Site_typ": "Unit", "layer": "La Porte", "Shape_Area": 57998.097377, "Site_Score": 11.92, "Final_Rank": 86, "SITE_EVAL": "Poor", "RATIONALE": "Strong low flood risk and slope; limited by distance from transmission infrastructure.", "dataset": "facility_sites", "layer_title": "INDOT Facilities", "layer_type": "facility", "center_latitude": 41.079039, "center_longitude": -86.604855, "source_geometry_valid": true, "sol_s": 0.525815003141964, "slp_s": 0.932378096070973, "trn_s": 0.195281096373198, "fld_s": 1.0, "lc_s": 0.4682539682535, "Site_ID": 46601, "Site_Statu": "Active", "Site_Avail": "Yes", "Acreage": 14.0, "Address": "1651 N US-35, Winamac, IN 46996", "County": "Pulaski", "Solar_Type": "All", "Electrical": "Yes", "Ownership": "INDOT"}, "geometry": {"type": "Polygon", "coordinates": [[[-86.60356672484076, 41.07825925613004], [-86.60614595814069, 41.07822932180889], [-86.60612812108192, 41.080658906229694], [-86.60357909522061, 41.08067937107089], [-86.60357248863463, 41.079585606649125], [-86.60356669600935, 41.0784930942418], [-86.60356672484076, 41.07825925613004]]]}}, {"type": "Feature", "properties": {"SPR_ID": 77, "Unit_Site": "Medaryville Unit", "Site_typ": "Unit", "layer": "La Porte", "Shape_Area": 16167.3923874, "Site_Score": 24.92, "Final_Rank": 69, "SITE_EVAL": "Poor", "RATIONALE": "Strong low flood risk and land cover suitability; limited by distance from transmission infrastructure.", "dataset": "facility_sites", "layer_title": "INDOT Facilities", "layer_type": "facility", "center_latitude": 41.143853, "center_longitude": -86.892645, "source_geometry_valid": true, "sol_s": 0.60839037509347, "slp_s": 0.715681146046263, "trn_s": 0.259929522256415, "fld_s": 1.0, "lc_s": 0.8333333333332, "Site_ID": 46602, "Site_Statu": "Active", "Site_Avail": "Yes", "Acreage": 6.0, "Address": "15028 W 600 N, Medaryville, IN 47957", "County": "Pulaski", "Solar_Type": "Rooftop and Canopy", "Electrical": "Yes", "Ownership": "INDOT"}, "geometry": {"type": "Polygon", "coordinates": [[[-86.89281684542578, 41.14425737737098], [-86.89271651588388, 41.14425040365866], [-86.89265279689683, 41.14433637710675], [-86.89260447470818, 41.144335592509506], [-86.89254870389816, 41.144301753255846], [-86.8920908209041, 41.14433782030418], [-86.89181098783375, 41.14423616726971], [-86.89164802568675, 41.144039599833704], [-86.89163590111511, 41.14373391778104], [-86.89206946198718, 41.143339155940744], [-86.8936534172431, 41.14336954120316], [-86.8936486886836, 41.14397227280855], [-86.8932761545858, 41.143972427322126], [-86.89326720578437, 41.1440699406604], [-86.8934666909952, 41.14407192061208], [-86.89346969769285, 41.144143224502024], [-86.89310918164874, 41.144155759389186], [-86.89306061025859, 41.14408179186942], [-86.89323638194216, 41.14405656853047], [-86.89320071141245, 41.14398022319879], [-86.8928964775034, 41.143992553758835], [-86.89287426884688, 41.144213779766794], [-86.89352277879449, 41.14421864000124], [-86.89356833098005, 41.14453963751306], [-86.89330396559322, 41.144513887678976], [-86.8933142628378, 41.144400509785285], [-86.89283793937291, 41.1443638095262], [-86.89281684542578, 41.14425737737098]]]}}, {"type": "Feature", "properties": {"SPR_ID": 78, "Unit_Site": "Mishawaka Unit", "Site_typ": "Unit", "layer": "La Porte", "Shape_Area": 12998.4036158, "Site_Score": 59.19, "Final_Rank": 28, "SITE_EVAL": "Fair", "RATIONALE": "Strong low flood risk and land cover suitability; limited by solar resource.", "dataset": "facility_sites", "layer_title": "INDOT Facilities", "layer_type": "facility", "center_latitude": 41.653745, "center_longitude": -86.151566, "source_geometry_valid": true, "sol_s": 0.479592075549932, "slp_s": 0.863025778410469, "trn_s": 0.576258345963122, "fld_s": 1.0, "lc_s": 1.0, "Site_ID": 47101, "Site_Statu": "Active", "Site_Avail": "Yes", "Acreage": 3.0, "Address": "2625 E 4th St., Mishawaka, IN 46544", "County": "St Joseph", "Solar_Type": "Rooftop and Canopy", "Electrical": "Yes", "Ownership": "INDOT"}, "geometry": {"type": "Polygon", "coordinates": [[[-86.15053482654044, 41.654001806481176], [-86.15052945699367, 41.653492979407616], [-86.15052805214403, 41.65336024406561], [-86.15053571009473, 41.653360105209465], [-86.15264377097274, 41.6533506063691], [-86.15264404160104, 41.653635541546336], [-86.15259015039753, 41.65364554742422], [-86.15260794139654, 41.653844290458665], [-86.15257724583445, 41.65400609098516], [-86.15186852569998, 41.654043862413], [-86.15157287944392, 41.654032984073716], [-86.1515360508836, 41.65405765375754], [-86.15138822243671, 41.6540598923141], [-86.15136944166149, 41.6540361919888], [-86.1511380607822, 41.65401177917996], [-86.15102352702117, 41.653964540392806], [-86.15090609177399, 41.65396595619955], [-86.15089330929777, 41.65391131570184], [-86.15085963699076, 41.653918042033744], [-86.15086429386126, 41.6540709610655], [-86.15055581081087, 41.654086104946515], [-86.15055250039653, 41.654005345387056], [-86.15053482654044, 41.654001806481176]]]}}, {"type": "Feature", "properties": {"SPR_ID": 80, "Unit_Site": "South Bend Unit", "Site_typ": "Unit", "layer": "La Porte", "Shape_Area": 44719.9805271, "Site_Score": 34.12, "Final_Rank": 58, "SITE_EVAL": "Poor", "RATIONALE": "Strong transmission access and low flood risk; limited by land cover suitability.", "dataset": "facility_sites", "layer_title": "INDOT Facilities", "layer_type": "facility", "center_latitude": 41.652809, "center_longitude": -86.29085, "source_geometry_valid": true, "sol_s": 0.556000371758672, "slp_s": 0.910375939872035, "trn_s": 1.0, "fld_s": 1.0, "lc_s": 0.2666666666667, "Site_ID": 47103, "Site_Statu": "Active", "Site_Avail": "Yes", "Acreage": 33.0, "Address": "2010 New Energy Dr, South Bend, IN 46614", "County": "St Joseph", "Solar_Type": "All", "Electrical": "Yes", "Ownership": "INDOT"}, "geometry": {"type": "Polygon", "coordinates": [[[-86.28879469082017, 41.65215744717524], [-86.29252277600139, 41.6520880586025], [-86.29252339603295, 41.652131598399535], [-86.29252385916978, 41.65213833228119], [-86.29252505665445, 41.652145013937925], [-86.29252712961294, 41.65215202614084], [-86.29253000898285, 41.65215887577458], [-86.29253120342588, 41.65216122588195], [-86.29258816820833, 41.652268313726665], [-86.29262362332479, 41.65240468015863], [-86.29272662279358, 41.652528280285836], [-86.29302627350008, 41.653090344907326], [-86.29303775764785, 41.65311192997982], [-86.29308005211634, 41.65329852065557], [-86.2925021616232, 41.65332514516495], [-86.28884540486432, 41.65334289505117], [-86.28879469082017, 41.65215744717524]]]}}, {"type": "Feature", "properties": {"SPR_ID": 82, "Unit_Site": "Columbus Lab", "Site_typ": "Support", "layer": "Seymour", "Shape_Area": 441.612400982, "Site_Score": 80.86, "Final_Rank": 12, "SITE_EVAL": "Good", "RATIONALE": "Strong slope and low flood risk; limited by solar resource.", "dataset": "facility_sites", "layer_title": "INDOT Facilities", "layer_type": "facility", "center_latitude": 39.221522, "center_longitude": -85.905032, "source_geometry_valid": true, "sol_s": 0.49522072079865, "slp_s": 1.0, "trn_s": 0.953252405517822, "fld_s": 1.0, "lc_s": 1.0, "Site_ID": 50302, "Site_Statu": "Active", "Site_Avail": "Yes", "Acreage": 0.0, "Address": "1802 23rd St. Columbus,IN 47201", "County": "Bartholomew", "Solar_Type": "Rooftop and Canopy", "Electrical": "Yes", "Ownership": "INDOT"}, "geometry": {"type": "Polygon", "coordinates": [[[-85.9048195772386, 39.22146938970197], [-85.9052440397852, 39.22146785639575], [-85.90524966250267, 39.22157540575959], [-85.90481529468997, 39.22157649813656], [-85.9048195772386, 39.22146938970197]]]}}, {"type": "Feature", "properties": {"SPR_ID": 84, "Unit_Site": "Falls City Subdistrict", "Site_typ": "Subdistrict", "layer": "Seymour", "Shape_Area": 105274.879197, "Site_Score": 10.93, "Final_Rank": 90, "SITE_EVAL": "Poor", "RATIONALE": "Strong land cover suitability and low flood risk; limited by solar resource.", "dataset": "facility_sites", "layer_title": "INDOT Facilities", "layer_type": "facility", "center_latitude": 38.349005, "center_longitude": -85.752593, "source_geometry_valid": true, "sol_s": 0.089450449496097, "slp_s": 0.675413296301794, "trn_s": 0.646654088006215, "fld_s": 0.934860445, "lc_s": 0.96638655462194, "Site_ID": 51001, "Site_Statu": "Active", "Site_Avail": "Yes", "Acreage": 22.0, "Address": "5701 US-31, Clarksville, IN 47129", "County": "Clark", "Solar_Type": "All", "Electrical": "Yes", "Ownership": "INDOT"}, "geometry": {"type": "Polygon", "coordinates": [[[-85.74898719366901, 38.34620137550972], [-85.74926896759915, 38.3462033650904], [-85.74976937379869, 38.34621520949969], [-85.75004182609497, 38.34624429744634], [-85.75023442558182, 38.34627430085505], [-85.75045507427635, 38.34632039257363], [-85.75050668057372, 38.3463321442957], [-85.75118493429738, 38.34658448327223], [-85.7512792639636, 38.34663364917257], [-85.75147283783808, 38.34674495429737], [-85.7517482817989, 38.34694169992198], [-85.75188203384445, 38.3470395183582], [-85.75199424740369, 38.34712067334128], [-85.75199599082187, 38.34712190579722], [-85.75207699074724, 38.34717790616322], [-85.75207876337456, 38.34717910378254], [-85.7520802561387, 38.34718007222521], [-85.75216825613214, 38.34723607223461], [-85.75217479764099, 38.34723991332077], [-85.75218169871754, 38.347243340082635], [-85.75218474838496, 38.347244673852785], [-85.7523087099927, 38.3472967758379], [-85.75231415823194, 38.34729890834744], [-85.75233643707706, 38.3473069983672], [-85.75248806312197, 38.34741521135638], [-85.75265107432428, 38.3475327193554], [-85.75301157384483, 38.34782680557771], [-85.75330763454023, 38.3480909710309], [-85.75355013833686, 38.348383352096064], [-85.75370893933834, 38.34862841110725], [-85.75382652683805, 38.34888576653187], [-85.75390608802051, 38.34912387207715], [-85.75394265363977, 38.34930132315515], [-85.75396172204671, 38.349490519076234], [-85.75396202353043, 38.34949302667807], [-85.75398665415099, 38.34966897478062], [-85.75401465712952, 38.350049614588215], [-85.75401507606904, 38.35005361580293], [-85.75406801399654, 38.35044316294143], [-85.75409887239404, 38.35069734429419], [-85.75410253806052, 38.3514911717078], [-85.75373486426342, 38.35165163951082], [-85.74955269128665, 38.3470685936358], [-85.74884838780149, 38.34620067212751], [-85.74898719366901, 38.34620137550972]]]}}, {"type": "Feature", "properties": {"SPR_ID": 86, "Unit_Site": "Aurora Subdistrict", "Site_typ": "Subdistrict", "layer": "Seymour", "Shape_Area": 39486.5515729, "Site_Score": 37.48, "Final_Rank": 52, "SITE_EVAL": "Poor", "RATIONALE": "Strong low flood risk and land cover suitability; limited by distance from transmission infrastructure.", "dataset": "facility_sites", "layer_title": "INDOT Facilities", "layer_type": "facility", "center_latitude": 39.032768, "center_longitude": -84.969113, "source_geometry_valid": true, "sol_s": 0.747313632625383, "slp_s": 0.719604271622646, "trn_s": 0.335693698412355, "fld_s": 1.0, "lc_s": 0.8086956521734, "Site_ID": 51501, "Site_Statu": "Active", "Site_Avail": "Yes", "Acreage": 10.0, "Address": "10995 Marsh Rd, Aurora, IN 47001", "County": "Dearborn", "Solar_Type": "All", "Electrical": "Yes", "Ownership": "INDOT"}, "geometry": {"type": "Polygon", "coordinates": [[[-84.96767812530808, 39.03285009488744], [-84.96769376680997, 39.032459539958744], [-84.96769380076049, 39.032458395363946], [-84.96769703280576, 39.032312934616925], [-84.9676970491143, 39.03231139777428], [-84.96769612337307, 39.03204071124654], [-84.96769872189485, 39.03185450197851], [-84.9677019897959, 39.03179673106532], [-84.96770515419504, 39.03176490930455], [-84.96938886827428, 39.032000008678494], [-84.96938621125521, 39.03266973721369], [-84.96995293991213, 39.032677370147404], [-84.9705444134268, 39.032685333709935], [-84.97053750058232, 39.033656138113216], [-84.9676768668621, 39.033627189600644], [-84.96767473497964, 39.03314259083661], [-84.96767812530808, 39.03285009488744]]]}}, {"type": "Feature", "properties": {"SPR_ID": 88, "Unit_Site": "Brookville Unit", "Site_typ": "Unit", "layer": "Seymour", "Shape_Area": 2532.94544711, "Site_Score": 15.06, "Final_Rank": 79, "SITE_EVAL": "Poor", "RATIONALE": "Strong low flood risk and land cover suitability; limited by solar resource.", "dataset": "facility_sites", "layer_title": "INDOT Facilities", "layer_type": "facility", "center_latitude": 39.423777, "center_longitude": -85.007942, "source_geometry_valid": true, "sol_s": 0.15040691983254, "slp_s": 0.687677907276888, "trn_s": 0.552908059722542, "fld_s": 1.0, "lc_s": 1.0, "Site_ID": 52401, "Site_Statu": "Active", "Site_Avail": "See Comment", "Acreage": 7.0, "Address": "24010 Long St, Brookville, IN 47012", "County": "Franklin", "Solar_Type": "Rooftop", "Electrical": "Need Review", "Ownership": "INDOT"}, "geometry": {"type": "Polygon", "coordinates": [[[-85.00763359076012, 39.42398423384967], [-85.00762642892968, 39.42356560550709], [-85.00825521025936, 39.423569496649975], [-85.00825417453241, 39.423999136698534], [-85.00772947322862, 39.42398671004465], [-85.00763359076012, 39.42398423384967]]]}}, {"type": "Feature", "properties": {"SPR_ID": 89, "Unit_Site": "Corydon Unit", "Site_typ": "Unit", "layer": "Seymour", "Shape_Area": 15251.5942455, "Site_Score": 86.81, "Final_Rank": 7, "SITE_EVAL": "Good", "RATIONALE": "Strong low flood risk and land cover suitability; limited by slope.", "dataset": "facility_sites", "layer_title": "INDOT Facilities", "layer_type": "facility", "center_latitude": 38.247781, "center_longitude": -86.131633, "source_geometry_valid": true, "sol_s": 0.763764947527034, "slp_s": 0.6755929547079, "trn_s": 0.84370253414804, "fld_s": 1.0, "lc_s": 1.0, "Site_ID": 53101, "Site_Statu": "Active", "Site_Avail": "Yes", "Acreage": 4.0, "Address": "3180 Harrison Way NW, Corydon, IN 47112", "County": "Harrison", "Solar_Type": "Rooftop and Canopy", "Electrical": "Yes", "Ownership": "INDOT"}, "geometry": {"type": "Polygon", "coordinates": [[[-86.13114341788896, 38.24854691876606], [-86.13113514693424, 38.24854665925896], [-86.13112604288148, 38.24854697397346], [-86.1311247533267, 38.24854710772077], [-86.13118011437642, 38.24691396984598], [-86.13195735702651, 38.2469662050445], [-86.13214226845542, 38.2469786298134], [-86.13214102519363, 38.247016198205856], [-86.13208603911312, 38.24860595879765], [-86.13114341788896, 38.24854691876606]]]}}, {"type": "Feature", "properties": {"SPR_ID": 90, "Unit_Site": "Seymour District", "Site_typ": "District Office", "layer": "Seymour", "Shape_Area": 43262.9668325, "Site_Score": 67.07, "Final_Rank": 23, "SITE_EVAL": "Fair", "RATIONALE": "Strong low flood risk and land cover suitability; limited by solar resource.", "dataset": "facility_sites", "layer_title": "INDOT Facilities", "layer_type": "facility", "center_latitude": 38.961456, "center_longitude": -85.861201, "source_geometry_valid": true, "sol_s": 0.443240688718937, "slp_s": 0.796012820352324, "trn_s": 0.974792227360799, "fld_s": 1.0, "lc_s": 0.98367346938726, "Site_ID": 53601, "Site_Statu": "Active", "Site_Avail": "Yes", "Acreage": 12.0, "Address": "157 Agrico Ln., Seymour, IN 47240", "County": "Jackson", "Solar_Type": "Rooftop and Canopy", "Electrical": "Yes", "Ownership": "INDOT"}, "geometry": {"type": "Polygon", "coordinates": [[[-85.85985256709306, 38.96238961525161], [-85.8598791549952, 38.96177301717623], [-85.86036308241492, 38.96178532251795], [-85.8603684792583, 38.960563115033196], [-85.86084889913329, 38.96057001618769], [-85.86090785299723, 38.9605654292423], [-85.86094985557274, 38.96053476285502], [-85.86098597620568, 38.96049611653333], [-85.86099199042044, 38.960398309916606], [-85.86099765388897, 38.96002810328127], [-85.86128440644818, 38.960027807377855], [-85.8612840683379, 38.95997856053348], [-85.86094753540445, 38.959978996813916], [-85.86095601032528, 38.959778113464985], [-85.86205336394185, 38.95976828590364], [-85.86206211091456, 38.95984146157314], [-85.86242842446966, 38.95983873342439], [-85.86242835085349, 38.95990951805752], [-85.86215287441881, 38.95990601052516], [-85.86217215375083, 38.95995930238768], [-85.86234162962494, 38.95996890516594], [-85.86242389947179, 38.96002960088282], [-85.86242545989981, 38.96045547888303], [-85.86235839230007, 38.96045769779129], [-85.8623446683794, 38.960493411727455], [-85.86216722829133, 38.9605228725579], [-85.86216843400716, 38.96058134074765], [-85.86242820248364, 38.96057858204129], [-85.86242839501242, 38.960648528529966], [-85.86218193613124, 38.96065387792521], [-85.86216312865527, 38.960681831522834], [-85.86218226483203, 38.960699349947475], [-85.86229360625157, 38.96070354792814], [-85.86235401832911, 38.960723250216404], [-85.8623576251379, 38.960761493999534], [-85.86242013977783, 38.96075971370149], [-85.86241834228763, 38.96125467810956], [-85.8624271084315, 38.961434147264576], [-85.86208938602188, 38.96142416565324], [-85.86208744678491, 38.96145383271644], [-85.86198807849973, 38.96145830547815], [-85.8619548123763, 38.96175050646924], [-85.86148816508661, 38.96175998299525], [-85.86146569174291, 38.96171248911489], [-85.86127991237683, 38.961698862921736], [-85.86106144818403, 38.961684578617124], [-85.86090796640893, 38.96167656194077], [-85.86090736073521, 38.9617651219334], [-85.86083105709378, 38.961772182442644], [-85.86074609017733, 38.96314666992184], [-85.85997281615421, 38.963091710030824], [-85.85997527959682, 38.96270404863369], [-85.85994013189982, 38.96250560840381], [-85.85985256709306, 38.96238961525161]]]}}, {"type": "Feature", "properties": {"SPR_ID": 91, "Unit_Site": "Brownstown Unit", "Site_typ": "Unit", "layer": "Seymour", "Shape_Area": 6566.36378086, "Site_Score": 10.02, "Final_Rank": 92, "SITE_EVAL": "Poor", "RATIONALE": "Strong low flood risk and land cover suitability; limited by slope.", "dataset": "facility_sites", "layer_title": "INDOT Facilities", "layer_type": "facility", "center_latitude": 38.884628, "center_longitude": -86.038558, "source_geometry_valid": true, "sol_s": 0.272257972296773, "slp_s": 0.21548524312231, "trn_s": 0.743655407129604, "fld_s": 1.0, "lc_s": 1.0, "Site_ID": 53602, "Site_Statu": "Active", "Site_Avail": "Yes", "Acreage": 3.0, "Address": "700 N Main St, Brownstown, IN 47220", "County": "Jackson", "Solar_Type": "Rooftop and Canopy", "Electrical": "Yes", "Ownership": "INDOT"}, "geometry": {"type": "Polygon", "coordinates": [[[-86.0386674524349, 38.88505382100943], [-86.03862578230385, 38.88496770511806], [-86.03848410799537, 38.885051042590305], [-86.03830076356324, 38.88485936527442], [-86.03845910680577, 38.884759359281674], [-86.03841743752317, 38.88472880226781], [-86.03817853487276, 38.884862143240156], [-86.03806463932986, 38.884748247007884], [-86.03811186427032, 38.88471769046757], [-86.03798685697087, 38.88457045916793], [-86.03875634560325, 38.884078763586764], [-86.03911582206138, 38.88442781978978], [-86.03911451293432, 38.8844424955758], [-86.03907028847907, 38.8846858160496], [-86.03903345724993, 38.88486925261176], [-86.0390234429208, 38.88490415822845], [-86.0389535797733, 38.88494270293086], [-86.03893969047772, 38.8850732663538], [-86.0388619075426, 38.88507604408838], [-86.0386674524349, 38.88505382100943]]]}}, {"type": "Feature", "properties": {"SPR_ID": 92, "Unit_Site": "Old Brownstown Unit", "Site_typ": "Unit", "layer": "Seymour", "Shape_Area": 9605.9468076, "Site_Score": 0.0, "Final_Rank": 102, "SITE_EVAL": "Poor", "RATIONALE": "Strong transmission access and land cover suitability; limited by flood risk.", "dataset": "facility_sites", "layer_title": "INDOT Facilities", "layer_type": "facility", "center_latitude": 38.881113, "center_longitude": -86.113626, "source_geometry_valid": true, "sol_s": 0.147435548735566, "slp_s": 0.472750864536221, "trn_s": 0.667244509632155, "fld_s": 1.7e-07, "lc_s": 0.49090909090902, "Site_ID": 53607, "Site_Statu": "Inactive", "Site_Avail": "See Comment", "Acreage": 4.0, "Address": "317 IN-135, Brownstown, IN 47220", "County": "Jackson", "Solar_Type": "Rooftop and Canopy", "Electrical": "Low", "Ownership": "INDOT"}, "geometry": {"type": "MultiPolygon", "coordinates": [[[[-86.11344003696843, 38.88041017575388], [-86.11344107916307, 38.880396445922806], [-86.11344451170017, 38.88039678287393], [-86.11344003696843, 38.88041017575388]]], [[[-86.11317322029132, 38.881704180617206], [-86.11330185999701, 38.88109927582269], [-86.1134251537082, 38.88052963383971], [-86.11356641559246, 38.88056491772332], [-86.11356998753631, 38.88081030841209], [-86.11397331691163, 38.880795257655436], [-86.11409293919415, 38.88097014213358], [-86.11394663916758, 38.880970141388374], [-86.11393258087246, 38.88106704867852], [-86.11395888761655, 38.88112690767524], [-86.11409274885058, 38.88124374840303], [-86.11416222279807, 38.881416006706466], [-86.11401334003916, 38.88159957025647], [-86.11382816292945, 38.88166139293183], [-86.11360243935607, 38.88160360410251], [-86.11336879417942, 38.881688610974294], [-86.11317322029132, 38.881704180617206]]], [[[-86.11288324412214, 38.880610311877106], [-86.11294518022629, 38.88057461910626], [-86.11319908159685, 38.88058654476208], [-86.1130940132358, 38.88107197635871], [-86.1129558845901, 38.88172148240083], [-86.11287823154281, 38.881727663576406], [-86.11279424297449, 38.88152733125609], [-86.11277431732579, 38.88108822185901], [-86.11288324412214, 38.880610311877106]]]]}}, {"type": "Feature", "properties": {"SPR_ID": 93, "Unit_Site": "Madison Subdistrict", "Site_typ": "Subdistrict", "layer": "Seymour", "Shape_Area": 143058.000092, "Site_Score": 33.62, "Final_Rank": 59, "SITE_EVAL": "Poor", "RATIONALE": "Strong low flood risk and slope; limited by distance from transmission infrastructure.", "dataset": "facility_sites", "layer_title": "INDOT Facilities", "layer_type": "facility", "center_latitude": 38.834353, "center_longitude": -85.422608, "source_geometry_valid": true, "sol_s": 0.649361741855995, "slp_s": 0.91258824946095, "trn_s": 0.258514340489948, "fld_s": 1.0, "lc_s": 0.804651162791, "Site_ID": 53901, "Site_Statu": "Active", "Site_Avail": "Yes", "Acreage": 43.0, "Address": "1875 W JPG Woodfill Rd., Madison, IN 47250", "County": "Jefferson", "Solar_Type": "All", "Electrical": "Yes", "Ownership": "INDOT"}, "geometry": {"type": "MultiPolygon", "coordinates": [[[[-85.42268297324816, 38.834199676066625], [-85.42266948609978, 38.832746572782455], [-85.42372715358862, 38.8328848465337], [-85.42372505155905, 38.83350306539216], [-85.42516338600579, 38.83351165871561], [-85.4251653116335, 38.833927685458676], [-85.4251695298393, 38.835987746174084], [-85.42441203672048, 38.83598198974793], [-85.42185622140708, 38.83597004744204], [-85.42135617149752, 38.8359686660853], [-85.42136367439473, 38.83563437940551], [-85.42136369136905, 38.83563293338978], [-85.4213632900822, 38.83562575440926], [-85.42136287141312, 38.835623272562096], [-85.42136422549572, 38.835599531895205], [-85.4213643307938, 38.83559586138758], [-85.42136425075594, 38.83559265333584], [-85.42136257300945, 38.83555898495724], [-85.42136178682969, 38.83555165389681], [-85.42135626501019, 38.835518174147886], [-85.42135553134729, 38.835514410301], [-85.42135460992223, 38.83551080160642], [-85.42134524310151, 38.83547791776551], [-85.4213430536772, 38.835471473329825], [-85.42133035364168, 38.83543938244325], [-85.42132871213234, 38.83543556667673], [-85.42132706970271, 38.8354322618143], [-85.42131052258208, 38.835400965945425], [-85.4213068909874, 38.83539482370279], [-85.42128726462892, 38.83536492344149], [-85.42128478118721, 38.83536135760875], [-85.42128249948595, 38.835358411747876], [-85.42125953831538, 38.83533010728311], [-85.42125428480588, 38.83532421614351], [-85.42122798748662, 38.83529730741355], [-85.42122499216626, 38.83529438344282], [-85.42122234640925, 38.83529201115752], [-85.42119347840107, 38.83526710232411], [-85.42118659452836, 38.835261688343955], [-85.42115707786976, 38.83524053547592], [-85.42024014682065, 38.83450546229326], [-85.41985551714485, 38.834195750904584], [-85.42268297324816, 38.834199676066625]]], [[[-85.41790078791502, 38.83419299693445], [-85.41956137742163, 38.83419533829974], [-85.4200892259488, 38.83462037469798], [-85.42100837669867, 38.835357230776516], [-85.42101261224289, 38.83536044094563], [-85.42104070787312, 38.835380574431], [-85.42106331951493, 38.83540008590771], [-85.42108415615351, 38.835421406194854], [-85.42110208385617, 38.83544350533916], [-85.42111753835965, 38.83546704972966], [-85.42113057758533, 38.83549171215463], [-85.42114058456143, 38.83551699858796], [-85.42114798087987, 38.83554296428967], [-85.42115228750102, 38.83556907745026], [-85.42115361195444, 38.83559563327817], [-85.42115190013673, 38.835625653288965], [-85.42115179482764, 38.83562932379614], [-85.42115219609323, 38.83563650277695], [-85.42115287643321, 38.83564054163681], [-85.42114552342277, 38.835968105507405], [-85.41947658126114, 38.83596383241759], [-85.41791750972509, 38.83595978759071], [-85.41790078791502, 38.83419299693445]]]]}}, {"type": "Feature", "properties": {"SPR_ID": 94, "Unit_Site": "North Vernon Unit", "Site_typ": "Unit", "layer": "Seymour", "Shape_Area": 11272.4553971, "Site_Score": 69.85, "Final_Rank": 18, "SITE_EVAL": "Fair", "RATIONALE": "Strong low flood risk and land cover suitability; limited by distance from transmission infrastructure.", "dataset": "facility_sites", "layer_title": "INDOT Facilities", "layer_type": "facility", "center_latitude": 39.027559, "center_longitude": -85.638912, "source_geometry_valid": true, "sol_s": 0.63388270449149, "slp_s": 0.810106877004857, "trn_s": 0.503533882455325, "fld_s": 1.0, "lc_s": 1.0, "Site_ID": 54001, "Site_Statu": "Active", "Site_Avail": "Yes", "Acreage": 4.0, "Address": "2900 IN-3, North Vernon, IN 47265", "County": "Jennings", "Solar_Type": "Rooftop and Canopy", "Electrical": "Yes", "Ownership": "INDOT"}, "geometry": {"type": "Polygon", "coordinates": [[[-85.63824824662363, 39.02745068230994], [-85.63840576961658, 39.027375652214836], [-85.63852643247996, 39.02735283352212], [-85.6385910868826, 39.02729610575052], [-85.63862368137004, 39.02708939319696], [-85.63989031514616, 39.027093686094204], [-85.63990544647359, 39.02717521731093], [-85.63996457621325, 39.02717528328926], [-85.63995806032118, 39.027308511038804], [-85.63988864843435, 39.02730491907428], [-85.63990508170136, 39.02758233106489], [-85.63985584287482, 39.027605999466395], [-85.63985547978646, 39.027729989012016], [-85.6399076931403, 39.027787880357245], [-85.63990266932537, 39.02784638825561], [-85.63992596494631, 39.02797655124934], [-85.63971895871138, 39.02797228988106], [-85.63972844116435, 39.02765933164591], [-85.63979294619547, 39.027659537898536], [-85.63980148002726, 39.02756997382552], [-85.63972248619972, 39.02757193959657], [-85.63972054153858, 39.02743335810425], [-85.63966601249358, 39.02740691613321], [-85.63964861284529, 39.02753868692153], [-85.63951966963467, 39.027537390143124], [-85.63940875280431, 39.027696400794085], [-85.63921134279941, 39.02780014558414], [-85.63903231274219, 39.02784921803665], [-85.63903230322067, 39.02793060511062], [-85.6390892558881, 39.027973682528085], [-85.63901875000464, 39.028008967811274], [-85.6382116886571, 39.0280057314024], [-85.63821957909657, 39.02766393105582], [-85.63832481107606, 39.02762774422447], [-85.63831878609761, 39.02754824474118], [-85.63824824662363, 39.02745068230994]]]}}, {"type": "Feature", "properties": {"SPR_ID": 98, "Unit_Site": "Aberdeen Unit", "Site_typ": "Unit", "layer": "Seymour", "Shape_Area": 15987.2329339, "Site_Score": 63.93, "Final_Rank": 26, "SITE_EVAL": "Fair", "RATIONALE": "Strong low flood risk and land cover suitability; limited by distance from transmission infrastructure.", "dataset": "facility_sites", "layer_title": "INDOT Facilities", "layer_type": "facility", "center_latitude": 38.904185, "center_longitude": -84.988599, "source_geometry_valid": true, "sol_s": 0.592917846414027, "slp_s": 0.70517049590191, "trn_s": 0.556421840630459, "fld_s": 1.0, "lc_s": 1.0, "Site_ID": 55801, "Site_Statu": "Active", "Site_Avail": "Yes", "Acreage": 3.0, "Address": "9057 Aberdeen Rd, Rising Sun, IN 47040", "County": "Ohio", "Solar_Type": "Rooftop and Ground", "Electrical": "Low", "Ownership": "INDOT"}, "geometry": {"type": "MultiPolygon", "coordinates": [[[[-84.98905634050422, 38.90467508839103], [-84.98905411565134, 38.90467363273288], [-84.98905665961036, 38.90467693830189], [-84.98883868201449, 38.90467307597715], [-84.98882232022612, 38.904576893584604], [-84.9890380364658, 38.904568774694276], [-84.98905634050422, 38.90467508839103]]], [[[-84.98905665961036, 38.90467693830189], [-84.98905634050422, 38.90467508839103], [-84.98930989111426, 38.90484091728863], [-84.98905675465319, 38.90467749317318], [-84.98905665961036, 38.90467693830189]]], [[[-84.98930989111426, 38.90484091728863], [-84.98943763137716, 38.90492338547655], [-84.98947108026051, 38.90454626615884], [-84.98946803099187, 38.90441447552415], [-84.9894418081257, 38.904210922131774], [-84.98911588281788, 38.904158811050394], [-84.9885633388625, 38.904333052396886], [-84.98816467099526, 38.90453748463037], [-84.9881393124413, 38.90502876315363], [-84.98859488657857, 38.904931112772054], [-84.98860840125337, 38.90509191228408], [-84.98835648070896, 38.90513076765903], [-84.98835057462509, 38.90513181647779], [-84.98812324357255, 38.90517761864659], [-84.9881042933405, 38.90422819718819], [-84.98827878962553, 38.90410375049456], [-84.98828097159883, 38.9041021491275], [-84.98865376355988, 38.90382071613384], [-84.98892221452617, 38.90362555902889], [-84.98913482189668, 38.90347043521487], [-84.98913614576944, 38.903469451571375], [-84.98951868931292, 38.90318047630543], [-84.98952328992026, 38.903194548587486], [-84.98992928890407, 38.904467548736584], [-84.99011790270814, 38.90506864448157], [-84.98991741403964, 38.905068408346935], [-84.98932348970646, 38.905061161066314], [-84.98932184329556, 38.90506115072263], [-84.98932088608437, 38.905061154054515], [-84.98901028893297, 38.90506335873032], [-84.98900691409175, 38.90506342492195], [-84.98891712193537, 38.9050663107845], [-84.98891104463935, 38.905066643965235], [-84.98876109945607, 38.90507827026265], [-84.98876738482244, 38.9049250418557], [-84.98943572262301, 38.90492821816764], [-84.98930989111426, 38.90484091728863]]]]}}, {"type": "Feature", "properties": {"SPR_ID": 99, "Unit_Site": "Spencer Unit", "Site_typ": "Unit", "layer": "Seymour", "Shape_Area": 249.610294866, "Site_Score": 11.56, "Final_Rank": 87, "SITE_EVAL": "Poor", "RATIONALE": "Strong solar resource and slope; limited by land cover suitability.", "dataset": "facility_sites", "layer_title": "INDOT Facilities", "layer_type": "facility", "center_latitude": 39.28415, "center_longitude": -86.72807, "source_geometry_valid": true, "sol_s": 1.0, "slp_s": 1.0, "trn_s": 0.339871995062621, "fld_s": 1.0, "lc_s": 0.0, "Site_ID": 56001, "Site_Statu": "Active", "Site_Avail": "Yes", "Acreage": 2.0, "Address": "2201 IN-46, Spencer, IN 47460", "County": "Owen", "Solar_Type": "Rooftop", "Electrical": "Yes", "Ownership": "INDOT"}, "geometry": {"type": "Polygon", "coordinates": [[[-86.72815028394623, 39.284232431513786], [-86.72793996488976, 39.28418132609201], [-86.72799696829588, 39.28406732094506], [-86.7281974591876, 39.28411842675162], [-86.72815028394623, 39.284232431513786]]]}}, {"type": "Feature", "properties": {"SPR_ID": 100, "Unit_Site": "Penntown Unit", "Site_typ": "Unit", "layer": "Seymour", "Shape_Area": 11573.809789, "Site_Score": 54.43, "Final_Rank": 35, "SITE_EVAL": "Fair", "RATIONALE": "Strong low flood risk and land cover suitability; limited by distance from transmission infrastructure.", "dataset": "facility_sites", "layer_title": "INDOT Facilities", "layer_type": "facility", "center_latitude": 39.284098, "center_longitude": -85.10251, "source_geometry_valid": true, "sol_s": 0.549333886001322, "slp_s": 0.703886955443523, "trn_s": 0.506880394667393, "fld_s": 1.0, "lc_s": 1.0, "Site_ID": 56901, "Site_Statu": "Active", "Site_Avail": "Yes", "Acreage": 5.0, "Address": "69010 St Marys Rd, Sunman, IN 47041", "County": "Ripley", "Solar_Type": "Rooftop and Canopy", "Electrical": "Yes", "Ownership": "INDOT"}, "geometry": {"type": "Polygon", "coordinates": [[[-85.10165021487295, 39.28448759791232], [-85.10167800518965, 39.28367404670167], [-85.10259044945167, 39.28378566814315], [-85.10347877534882, 39.283865516910076], [-85.10347591029348, 39.283946404608585], [-85.10333528334954, 39.28403038959153], [-85.10337612435396, 39.28416622470963], [-85.10365013190933, 39.28422837521464], [-85.10363412910864, 39.28429834327763], [-85.10359329184811, 39.284374954290435], [-85.10267800928894, 39.284441690029645], [-85.10165021487295, 39.28448759791232]]]}}, {"type": "Feature", "properties": {"SPR_ID": 101, "Unit_Site": "Versailles Unit", "Site_typ": "Unit", "layer": "Seymour", "Shape_Area": 19387.8681643, "Site_Score": 80.56, "Final_Rank": 14, "SITE_EVAL": "Good", "RATIONALE": "Strong low flood risk and land cover suitability; limited by solar resource.", "dataset": "facility_sites", "layer_title": "INDOT Facilities", "layer_type": "facility", "center_latitude": 39.048363, "center_longitude": -85.261522, "source_geometry_valid": true, "sol_s": 0.58277178527576, "slp_s": 0.72044153493704, "trn_s": 0.896568669661139, "fld_s": 1.0, "lc_s": 1.0, "Site_ID": 56902, "Site_Statu": "Active", "Site_Avail": "Yes", "Acreage": 5.0, "Address": "1805 S 421, Versailles, IN 47042", "County": "Ripley", "Solar_Type": "All", "Electrical": "Yes", "Ownership": "INDOT"}, "geometry": {"type": "Polygon", "coordinates": [[[-85.26070519841167, 39.048976534166435], [-85.26069519806909, 39.047734534236774], [-85.26089288962524, 39.047732605663356], [-85.26091548804187, 39.04773891392359], [-85.2609240928614, 39.04774099752437], [-85.2609507865102, 39.04774650095645], [-85.26095944187553, 39.04774798431363], [-85.2609605936274, 39.04774813754883], [-85.2609878147772, 39.04775163861572], [-85.26099862444042, 39.047752586443586], [-85.26102611341122, 39.04775388394356], [-85.26103249392511, 39.04775403406592], [-85.2610332381332, 39.047754031649376], [-85.26185971522453, 39.04774948994934], [-85.26186044912528, 39.047749483769685], [-85.26253836880673, 39.04774207839292], [-85.26269377302474, 39.04775048861894], [-85.2619951981578, 39.048971534491095], [-85.26107419769873, 39.048975534185175], [-85.26070519841167, 39.048976534166435]]]}}, {"type": "Feature", "properties": {"SPR_ID": 102, "Unit_Site": "Osgood Lab", "Site_typ": "Support", "layer": "Seymour", "Shape_Area": 3611.4393481, "Site_Score": 68.15, "Final_Rank": 21, "SITE_EVAL": "Fair", "RATIONALE": "Strong low flood risk and solar resource; limited by distance from transmission infrastructure.", "dataset": "facility_sites", "layer_title": "INDOT Facilities", "layer_type": "facility", "center_latitude": 39.12169, "center_longitude": -85.296052, "source_geometry_valid": true, "sol_s": 0.85500202527331, "slp_s": 0.788582965372649, "trn_s": 0.518134565290386, "fld_s": 1.0, "lc_s": 0.8, "Site_ID": 56903, "Site_Statu": "Active", "Site_Avail": "Yes", "Acreage": 0.0, "Address": null, "County": "Ripley", "Solar_Type": "All", "Electrical": "Yes", "Ownership": "INDOT"}, "geometry": {"type": "Polygon", "coordinates": [[[-85.29564518271816, 39.12146052201407], [-85.29646426773398, 39.12146319300035], [-85.29646186241814, 39.12192276308578], [-85.29563718205911, 39.121916522306606], [-85.29564518271816, 39.12146052201407]]]}}, {"type": "Feature", "properties": {"SPR_ID": 103, "Unit_Site": "Scottsburg Unit", "Site_typ": "Unit", "layer": "Seymour", "Shape_Area": 15362.2775376, "Site_Score": 47.03, "Final_Rank": 42, "SITE_EVAL": "Fair", "RATIONALE": "Strong low flood risk and land cover suitability; limited by solar resource.", "dataset": "facility_sites", "layer_title": "INDOT Facilities", "layer_type": "facility", "center_latitude": 38.684169, "center_longitude": -85.794981, "source_geometry_valid": true, "sol_s": 0.337904433183367, "slp_s": 0.660440917943426, "trn_s": 0.994170757834764, "fld_s": 1.0, "lc_s": 1.0, "Site_ID": 57201, "Site_Statu": "Active", "Site_Avail": "Yes", "Acreage": 5.0, "Address": "1601 W McClain Ave, Scottsburg, IN 47170", "County": "Scott", "Solar_Type": "Rooftop and Canopy", "Electrical": "Yes", "Ownership": "INDOT"}, "geometry": {"type": "Polygon", "coordinates": [[[-85.7951848438074, 38.68490727572394], [-85.79518114812394, 38.68485740097601], [-85.79488183574509, 38.68485434012797], [-85.79489741341494, 38.684583259199314], [-85.79479265077771, 38.68458611298129], [-85.79477523651995, 38.68489989442624], [-85.79437877220018, 38.68489336901353], [-85.79437995185187, 38.683601101592004], [-85.7943705340789, 38.68350118965921], [-85.79471230478954, 38.68349387663095], [-85.7948618165864, 38.68354088913346], [-85.79512300647004, 38.6834870755143], [-85.79555566099538, 38.68351272836527], [-85.795593420692, 38.683611031621375], [-85.79569656722549, 38.68360491546144], [-85.79571024246582, 38.68374566668068], [-85.79559626190289, 38.68375447651621], [-85.79556552933558, 38.68464535555052], [-85.79537500629486, 38.684650576907615], [-85.79537462833824, 38.68486811192637], [-85.79528500919108, 38.68486370035587], [-85.79527161912647, 38.684901648205056], [-85.7951848438074, 38.68490727572394]]]}}, {"type": "Feature", "properties": {"SPR_ID": 104, "Unit_Site": "Austin Unit", "Site_typ": "Unit", "layer": "Seymour", "Shape_Area": 15255.5006751, "Site_Score": 21.06, "Final_Rank": 73, "SITE_EVAL": "Poor", "RATIONALE": "Strong land cover suitability and slope; limited by solar resource.", "dataset": "facility_sites", "layer_title": "INDOT Facilities", "layer_type": "facility", "center_latitude": 38.741202, "center_longitude": -85.823546, "source_geometry_valid": true, "sol_s": 0.328147239233191, "slp_s": 0.747188506154139, "trn_s": 0.521722811687956, "fld_s": 0.74324908, "lc_s": 1.0, "Site_ID": 57202, "Site_Statu": "Active", "Site_Avail": "See Comment", "Acreage": 14.0, "Address": "104 S Dowling St, Austin, IN 47102", "County": "Scott", "Solar_Type": "All", "Electrical": "Low", "Ownership": "INDOT"}, "geometry": {"type": "Polygon", "coordinates": [[[-85.82274979176088, 38.740480420561425], [-85.82298308964569, 38.74048042078604], [-85.8231372733282, 38.740500686226795], [-85.82354301725223, 38.74058708753312], [-85.8239381645454, 38.74070108979328], [-85.82431990759741, 38.74084188359232], [-85.82444480476293, 38.74089668427818], [-85.82442133612848, 38.741506878357086], [-85.82268082086323, 38.74150687819392], [-85.82261590621574, 38.7405859059871], [-85.82274979176088, 38.740480420561425]]]}}, {"type": "Feature", "properties": {"SPR_ID": 106, "Unit_Site": "Grantsburg Unit", "Site_typ": "Unit", "layer": "Vincennes", "Shape_Area": 12596.6421693, "Site_Score": 12.94, "Final_Rank": 82, "SITE_EVAL": "Poor", "RATIONALE": "Strong low flood risk and land cover suitability; limited by solar resource.", "dataset": "facility_sites", "layer_title": "INDOT Facilities", "layer_type": "facility", "center_latitude": 38.29697, "center_longitude": -86.470368, "source_geometry_valid": true, "sol_s": 0.270909242188733, "slp_s": 0.484452878677595, "trn_s": 0.52969687489204, "fld_s": 1.0, "lc_s": 0.9230769230762, "Site_ID": 61301, "Site_Statu": "Active", "Site_Avail": "See Comment", "Acreage": 4.0, "Address": "2696 Old State Rd 37, English, IN 47118", "County": "Crawford", "Solar_Type": "Rooftop and Canopy", "Electrical": "Low", "Ownership": "INDOT"}, "geometry": {"type": "Polygon", "coordinates": [[[-86.47128892516552, 38.29735936541191], [-86.47109485730842, 38.29732309999406], [-86.47089713687357, 38.29732621437989], [-86.47083519578989, 38.29729942515754], [-86.47075327215083, 38.29729362204101], [-86.47066574623513, 38.29721301990099], [-86.46960037740493, 38.29726235137932], [-86.46951949599718, 38.29715081018354], [-86.46953326539932, 38.297034527483056], [-86.46949187972324, 38.29691325577126], [-86.4694874083884, 38.29665001446078], [-86.46964004990843, 38.29645617480038], [-86.46985273868202, 38.29647728237798], [-86.46987721031392, 38.296389288196785], [-86.47031943988821, 38.296476628249884], [-86.47075871402329, 38.29659533972733], [-86.47106941686475, 38.29659027015629], [-86.47107472652282, 38.29677631538474], [-86.47120826936325, 38.296842471474584], [-86.4712332164574, 38.29702627551174], [-86.47133633940578, 38.297121041940294], [-86.47139591176023, 38.297267040136916], [-86.47145588704457, 38.297352801550005], [-86.47150611930091, 38.29744576136549], [-86.47144645534166, 38.29744979595791], [-86.47139334769163, 38.29738558247936], [-86.47128892516552, 38.29735936541191]]]}}, {"type": "Feature", "properties": {"SPR_ID": 107, "Unit_Site": "Washington Unit", "Site_typ": "Unit", "layer": "Vincennes", "Shape_Area": 18076.4984014, "Site_Score": 34.99, "Final_Rank": 56, "SITE_EVAL": "Poor", "RATIONALE": "Strong low flood risk and land cover suitability; limited by distance from transmission infrastructure.", "dataset": "facility_sites", "layer_title": "INDOT Facilities", "layer_type": "facility", "center_latitude": 38.646111, "center_longitude": -87.171059, "source_geometry_valid": true, "sol_s": 0.707672954976363, "slp_s": 0.468410672141516, "trn_s": 0.44381386816998, "fld_s": 1.0, "lc_s": 0.9999999999994, "Site_ID": 61401, "Site_Statu": "Active", "Site_Avail": "See Comment", "Acreage": 5.0, "Address": "630 S 57, Washington, IN 47501", "County": "Daviess", "Solar_Type": "Rooftop and Canopy", "Electrical": "Need Review", "Ownership": "INDOT"}, "geometry": {"type": "Polygon", "coordinates": [[[-87.17203033790938, 38.64641583808147], [-87.16979308495064, 38.646387891172324], [-87.16981107666379, 38.64540563055588], [-87.17031881618256, 38.64535125995717], [-87.17080534825318, 38.64537260543784], [-87.17084226249135, 38.64543777694224], [-87.17085167225761, 38.64587070191555], [-87.17191076306882, 38.645880348584626], [-87.1727276718075, 38.6463407021532], [-87.1726507862782, 38.6464011620001], [-87.17234897810036, 38.64639635308631], [-87.17203033790938, 38.64641583808147]]]}}, {"type": "Feature", "properties": {"SPR_ID": 108, "Unit_Site": "Crane Unit", "Site_typ": "Unit", "layer": "Vincennes", "Shape_Area": 50488.0534533, "Site_Score": 5.66, "Final_Rank": 95, "SITE_EVAL": "Poor", "RATIONALE": "Strong low flood risk and transmission access; limited by land cover suitability.", "dataset": "facility_sites", "layer_title": "INDOT Facilities", "layer_type": "facility", "center_latitude": 38.901568, "center_longitude": -86.913056, "source_geometry_valid": true, "sol_s": 0.308613777032151, "slp_s": 0.646660127130491, "trn_s": 0.755581185504468, "fld_s": 1.0, "lc_s": 0.2677966101695, "Site_ID": 61403, "Site_Statu": "Active", "Site_Avail": "Yes", "Acreage": 8.0, "Address": "13573 E 1700 N, Newberry, IN 47449", "County": "Daviess", "Solar_Type": "All", "Electrical": "Yes", "Ownership": "INDOT"}, "geometry": {"type": "Polygon", "coordinates": [[[-86.91251591735248, 38.90063777503093], [-86.91402789746604, 38.90063146810491], [-86.91352072622813, 38.90290864116241], [-86.9138267262194, 38.90291764100439], [-86.91382478377919, 38.90395401486478], [-86.9137732890448, 38.90395442021323], [-86.91377138608772, 38.903954448545846], [-86.91276240736896, 38.90397662430398], [-86.91276134977166, 38.90397665144944], [-86.91259209641751, 38.90398170377732], [-86.91259063631223, 38.90398173963142], [-86.9121738009684, 38.903989653433726], [-86.91207072673888, 38.90249764103495], [-86.91251591735248, 38.90063777503093]]]}}, {"type": "Feature", "properties": {"SPR_ID": 109, "Unit_Site": "Loogootee Unit", "Site_typ": "Unit", "layer": "Vincennes", "Shape_Area": 49100.8356748, "Site_Score": 11.02, "Final_Rank": 89, "SITE_EVAL": "Poor", "RATIONALE": "Strong low flood risk and slope; limited by land cover suitability.", "dataset": "facility_sites", "layer_title": "INDOT Facilities", "layer_type": "facility", "center_latitude": 38.663347, "center_longitude": -86.931886, "source_geometry_valid": true, "sol_s": 0.501924841255606, "slp_s": 0.808183913575588, "trn_s": 0.330189886043455, "fld_s": 1.0, "lc_s": 0.3220338983052, "Site_ID": 61404, "Site_Statu": "Active", "Site_Avail": "Yes", "Acreage": 12.0, "Address": "46 N 1250 E, Loogootee, IN 47553", "County": "Daviess", "Solar_Type": "All", "Electrical": "Yes", "Ownership": "INDOT"}, "geometry": {"type": "Polygon", "coordinates": [[[-86.93109466594939, 38.662891396391785], [-86.93110379847964, 38.66200557742305], [-86.93303372675632, 38.662054281830166], [-86.93303759022301, 38.66218227795081], [-86.93303082777332, 38.66260370194408], [-86.93303082008963, 38.66260454725382], [-86.93302905393067, 38.66320504638165], [-86.93302903283829, 38.66380771650651], [-86.93240274050272, 38.6638206866202], [-86.93240181563493, 38.664387539361286], [-86.93210646127301, 38.66439040440282], [-86.93210549228874, 38.66439041645703], [-86.93129181662589, 38.664404191817724], [-86.93087976733544, 38.66441147757749], [-86.930378648759, 38.664421836026186], [-86.92996554481878, 38.66442719930947], [-86.93063374086759, 38.6634896874165], [-86.93109466594939, 38.662891396391785]]]}}, {"type": "Feature", "properties": {"SPR_ID": 110, "Unit_Site": "Jasper Unit", "Site_typ": "Unit", "layer": "Vincennes", "Shape_Area": 17386.8781164, "Site_Score": 20.78, "Final_Rank": 74, "SITE_EVAL": "Poor", "RATIONALE": "Strong land cover suitability and low flood risk; limited by distance from transmission infrastructure.", "dataset": "facility_sites", "layer_title": "INDOT Facilities", "layer_type": "facility", "center_latitude": 38.365667, "center_longitude": -86.898344, "source_geometry_valid": true, "sol_s": 0.532564749454771, "slp_s": 0.642125745682982, "trn_s": 0.2862360008335, "fld_s": 0.85258167, "lc_s": 1.0, "Site_ID": 61901, "Site_Statu": "Active", "Site_Avail": "Yes", "Acreage": 5.0, "Address": "1981 E 3rd Ave, Jasper, IN 47546", "County": "Dubois", "Solar_Type": "Rooftop and Canopy", "Electrical": "Yes", "Ownership": "INDOT"}, "geometry": {"type": "Polygon", "coordinates": [[[-86.89774358368038, 38.36595480451937], [-86.89680195668572, 38.36540215249963], [-86.89672009486485, 38.365495942079], [-86.89635872978485, 38.36527671090317], [-86.89629738063611, 38.36523151928141], [-86.89639801295772, 38.36517005850411], [-86.89804235011947, 38.36526598163251], [-86.89811825310416, 38.36527339536831], [-86.898845639413, 38.36525503977893], [-86.89921799846476, 38.36533571080489], [-86.89944905961754, 38.36547549673129], [-86.89942381959473, 38.36583750595499], [-86.89876633967992, 38.365883995320225], [-86.8983232647442, 38.36637443351714], [-86.89774358368038, 38.36595480451937]]]}}, {"type": "Feature", "properties": {"SPR_ID": 111, "Unit_Site": "Princeton Unit", "Site_typ": "Unit", "layer": "Vincennes", "Shape_Area": 491.949420115, "Site_Score": 19.68, "Final_Rank": 75, "SITE_EVAL": "Poor", "RATIONALE": "Strong slope and low flood risk; limited by solar resource.", "dataset": "facility_sites", "layer_title": "INDOT Facilities", "layer_type": "facility", "center_latitude": 38.356229, "center_longitude": -87.610766, "source_geometry_valid": true, "sol_s": 0.196346061009041, "slp_s": 1.0, "trn_s": 0.348580710715126, "fld_s": 1.0, "lc_s": 1.0, "Site_ID": 62601, "Site_Statu": "Active", "Site_Avail": "Yes", "Acreage": 12.0, "Address": "3210 W Broadway, Princeton, IN 47670", "County": "Gibson", "Solar_Type": "Rooftop", "Electrical": "Low", "Ownership": "INDOT"}, "geometry": {"type": "MultiPolygon", "coordinates": [[[[-87.61065458710985, 38.356152937264454], [-87.61088167635967, 38.35615141280172], [-87.61086948433457, 38.35632515917207], [-87.61065763559203, 38.35630534618599], [-87.61065458710985, 38.356152937264454]]], [[[-87.61069430957905, 38.356883833329476], [-87.61069192813775, 38.356795721424106], [-87.6108705323204, 38.35680048498521], [-87.61086338799565, 38.356883833080914], [-87.61069430957905, 38.356883833329476]]]]}}, {"type": "Feature", "properties": {"SPR_ID": 112, "Unit_Site": "Oakland City Unit", "Site_typ": "Unit", "layer": "Vincennes", "Shape_Area": 56904.1453517, "Site_Score": 21.45, "Final_Rank": 72, "SITE_EVAL": "Poor", "RATIONALE": "Strong low flood risk and land cover suitability; limited by solar resource.", "dataset": "facility_sites", "layer_title": "INDOT Facilities", "layer_type": "facility", "center_latitude": 38.335662, "center_longitude": -87.358705, "source_geometry_valid": true, "sol_s": 0.224787330927438, "slp_s": 0.60784906786274, "trn_s": 0.747260281148183, "fld_s": 1.0, "lc_s": 0.925, "Site_ID": 62602, "Site_Statu": "Active", "Site_Avail": "Yes", "Acreage": 14.0, "Address": "200 S Broshears CT, Oakland City, IN 47660", "County": "Gibson", "Solar_Type": "All", "Electrical": "Yes", "Ownership": "INDOT"}, "geometry": {"type": "Polygon", "coordinates": [[[-87.35874489247549, 38.335867709730714], [-87.35873577722182, 38.33586739694728], [-87.35872666161949, 38.335867709620764], [-87.35871761546453, 38.33586864753765], [-87.35870870851316, 38.335870202373506], [-87.35870000593582, 38.335872364015444], [-87.35869157744423, 38.335875115126846], [-87.35868348356993, 38.33587843299178], [-87.35867578941681, 38.335882293979104], [-87.35866854976432, 38.3358866690819], [-87.35866182279793, 38.335891523875354], [-87.35865565868484, 38.335896822156805], [-87.35865010528613, 38.33590252412565], [-87.35864520357103, 38.33590858459496], [-87.35864098993201, 38.33591495839184], [-87.35863749846432, 38.33592159854792], [-87.35863475407847, 38.335928451814226], [-87.35863277940996, 38.335935467652526], [-87.35863158907155, 38.335942592845306], [-87.3586311908019, 38.33594977239367], [-87.3586315481561, 38.33595657652036], [-87.35863261698323, 38.33596333340961], [-87.35867931555381, 38.33618371448838], [-87.35868592333998, 38.33640556911422], [-87.35864256642667, 38.336638651806545], [-87.35857385148778, 38.33675395943308], [-87.3585702487605, 38.3367607864819], [-87.35856750548147, 38.33676763974236], [-87.35856552964012, 38.336774655582154], [-87.35856506590324, 38.33677691188768], [-87.35853806930577, 38.336920726840326], [-87.35853697464341, 38.3369307861566], [-87.35852132415148, 38.33744121904925], [-87.35806592213305, 38.33743992290467], [-87.35807449774613, 38.3368951178729], [-87.35751754312342, 38.336895117371256], [-87.35753999322728, 38.33545670889424], [-87.35751754586315, 38.33474600082437], [-87.35983519847908, 38.333928617204506], [-87.35988909474209, 38.33634551625688], [-87.35915247593611, 38.336352561803736], [-87.35917027390354, 38.33744156482757], [-87.35892205679912, 38.33744420744614], [-87.35873052343588, 38.33744247461003], [-87.35874593392367, 38.33693982278002], [-87.35876974136258, 38.33681299228085], [-87.35883848669889, 38.33669763578152], [-87.35884208939785, 38.33669080872451], [-87.35884483379233, 38.33668395545418], [-87.35884680845565, 38.336676938712], [-87.35884729339875, 38.33667457599481], [-87.3588941708449, 38.33642254932917], [-87.35889499964382, 38.33641659504265], [-87.35889527562412, 38.33641060910222], [-87.3588952466409, 38.336408676944934], [-87.35888825685655, 38.336173997136584], [-87.35888781958924, 38.3361681629835], [-87.35888685845735, 38.33616236738414], [-87.35883893736737, 38.33593621141531], [-87.35883877465152, 38.335935467493734], [-87.35883679945161, 38.335928452021726], [-87.35883405613413, 38.33592159841842], [-87.3588305644085, 38.335914958894975], [-87.35882635084492, 38.33590858474039], [-87.35882144886104, 38.335902523617804], [-87.3588158952981, 38.33589682137729], [-87.35880973042995, 38.33589152385854], [-87.35880300364406, 38.33588666876215], [-87.35879576547192, 38.33588229378529], [-87.35878806986, 38.33587843300972], [-87.35877997644889, 38.33587511509237], [-87.35877154828961, 38.33587236417364], [-87.35876284613586, 38.33587020259843], [-87.3587539375843, 38.33586864818456], [-87.35874489247549, 38.335867709730714]]]}}, {"type": "Feature", "properties": {"SPR_ID": 113, "Unit_Site": "Linton Subdistrict", "Site_typ": "Subdistrict", "layer": "Vincennes", "Shape_Area": 66731.1342703, "Site_Score": 37.15, "Final_Rank": 53, "SITE_EVAL": "Poor", "RATIONALE": "Strong low flood risk and land cover suitability; limited by solar resource.", "dataset": "facility_sites", "layer_title": "INDOT Facilities", "layer_type": "facility", "center_latitude": 39.029791, "center_longitude": -87.154504, "source_geometry_valid": true, "sol_s": 0.308341820715064, "slp_s": 0.803369724033958, "trn_s": 0.620935842005322, "fld_s": 1.0, "lc_s": 1.0, "Site_ID": 62801, "Site_Statu": "Active", "Site_Avail": "Yes", "Acreage": 17.0, "Address": "6161 12 St. SE, Linton, IN 47441", "County": "Greene", "Solar_Type": "All", "Electrical": "Yes", "Ownership": "INDOT"}, "geometry": {"type": "Polygon", "coordinates": [[[-87.15266198723634, 39.03075363035135], [-87.15265813275006, 39.02939900301766], [-87.15266168758149, 39.028918814737956], [-87.15292561756277, 39.028918658272886], [-87.15293294759161, 39.028918454920216], [-87.15294023979597, 39.02891785511924], [-87.15335052394279, 39.028872859204284], [-87.15434223746378, 39.02878289895748], [-87.1549280607437, 39.028778373680176], [-87.15492908547856, 39.02877836150564], [-87.15547476246176, 39.02877000923061], [-87.15547744956831, 39.028769941668926], [-87.15625998192405, 39.02874240282125], [-87.15626209132135, 39.02874231168481], [-87.15636161483911, 39.028737250942854], [-87.15634264581318, 39.03018362950242], [-87.15595164595425, 39.03018362933297], [-87.15594464607977, 39.03075262948779], [-87.15455964639035, 39.030753629353455], [-87.15266198723634, 39.03075363035135]]]}}, {"type": "Feature", "properties": {"SPR_ID": 115, "Unit_Site": "Vincennes District", "Site_typ": "District Office", "layer": "Vincennes", "Shape_Area": 94835.6495654, "Site_Score": 30.23, "Final_Rank": 63, "SITE_EVAL": "Poor", "RATIONALE": "Strong low flood risk and slope; limited by solar resource.", "dataset": "facility_sites", "layer_title": "INDOT Facilities", "layer_type": "facility", "center_latitude": 38.626691, "center_longitude": -87.529915, "source_geometry_valid": true, "sol_s": 0.239427007998773, "slp_s": 0.858847062484463, "trn_s": 0.752535552434099, "fld_s": 1.0, "lc_s": 0.82912621359278, "Site_ID": 64201, "Site_Statu": "Active", "Site_Avail": "Yes", "Acreage": 25.0, "Address": "3650 S US-41, Vincennes, IN 47591", "County": "Knox", "Solar_Type": "All", "Electrical": "Yes", "Ownership": "INDOT"}, "geometry": {"type": "Polygon", "coordinates": [[[-87.52829757099354, 38.62836872254514], [-87.52825457024004, 38.628235722506474], [-87.52809965412933, 38.628265794156256], [-87.52749738567833, 38.626400104313014], [-87.52755615670107, 38.626322633914164], [-87.53254945123508, 38.6253236476193], [-87.53230456976439, 38.62647072310678], [-87.53217256944977, 38.626910723250475], [-87.53205256984852, 38.62761972363807], [-87.52978057058321, 38.62807272312572], [-87.52829757099354, 38.62836872254514]]]}}, {"type": "Feature", "properties": {"SPR_ID": 119, "Unit_Site": "Derby Unit", "Site_typ": "Unit", "layer": "Vincennes", "Shape_Area": 19599.6285191, "Site_Score": 4.5, "Final_Rank": 97, "SITE_EVAL": "Poor", "RATIONALE": "Strong low flood risk and land cover suitability; limited by slope.", "dataset": "facility_sites", "layer_title": "INDOT Facilities", "layer_type": "facility", "center_latitude": 38.060211, "center_longitude": -86.620568, "source_geometry_valid": true, "sol_s": 0.342260223209696, "slp_s": 0.040679327852522, "trn_s": 0.242608005124617, "fld_s": 1.0, "lc_s": 1.0, "Site_ID": 66202, "Site_Statu": "Active", "Site_Avail": "Yes", "Acreage": 6.0, "Address": "15114 Old State Rd 37, Tell City, IN 47586", "County": "Perry", "Solar_Type": "Rooftop and Canopy", "Electrical": "Yes", "Ownership": "INDOT"}, "geometry": {"type": "Polygon", "coordinates": [[[-86.61995712454784, 38.05961793451167], [-86.61997051776916, 38.05952658932288], [-86.62011931553775, 38.059477750667774], [-86.62031791870172, 38.05953174067178], [-86.62041064963876, 38.05951566307577], [-86.62040931746037, 38.05940768499824], [-86.62054248050661, 38.059375270642256], [-86.6207924090907, 38.05950322290851], [-86.62091019528275, 38.059622747924486], [-86.6210960919111, 38.059914576631336], [-86.62148517152181, 38.06016193800954], [-86.62141157032588, 38.06041004577184], [-86.62162055968012, 38.06044160903048], [-86.62169186939444, 38.06058642665174], [-86.62125072412378, 38.06099023770369], [-86.62105434959116, 38.06095346091947], [-86.62074043275061, 38.06086838377564], [-86.62060127273675, 38.060798921293404], [-86.61960167389026, 38.06040162307851], [-86.61966446456945, 38.06025944449614], [-86.61967258112021, 38.06003230956129], [-86.6197407336491, 38.059740747358155], [-86.61995712454784, 38.05961793451167]]]}}, {"type": "Feature", "properties": {"SPR_ID": 120, "Unit_Site": "Birdseye Unit", "Site_typ": "Unit", "layer": "Vincennes", "Shape_Area": 17218.9787131, "Site_Score": 4.19, "Final_Rank": 99, "SITE_EVAL": "Poor", "RATIONALE": "Strong low flood risk and land cover suitability; limited by slope.", "dataset": "facility_sites", "layer_title": "INDOT Facilities", "layer_type": "facility", "center_latitude": 38.231783, "center_longitude": -86.702883, "source_geometry_valid": true, "sol_s": 0.432580038043033, "slp_s": 0.0, "trn_s": 0.352690560626333, "fld_s": 1.0, "lc_s": 0.78888888888822, "Site_ID": 66203, "Site_Statu": "Active", "Site_Avail": "Yes", "Acreage": 7.0, "Address": "826900 IN-145, Bristow, IN 47513", "County": "Perry", "Solar_Type": "Rooftop and Canopy", "Electrical": "Yes", "Ownership": "INDOT"}, "geometry": {"type": "Polygon", "coordinates": [[[-86.70352754687697, 38.23250130158188], [-86.70340362173765, 38.232424751645446], [-86.70301557908078, 38.23265319481642], [-86.7025067714437, 38.23236204225341], [-86.70247304699555, 38.23210447555107], [-86.70242452669586, 38.23198055034345], [-86.70249337570942, 38.231685811953774], [-86.70231209392138, 38.231421497429594], [-86.70228437545362, 38.23085014537824], [-86.70237629240236, 38.230614287499485], [-86.70253200900143, 38.2307875864613], [-86.70258486444416, 38.2307685066163], [-86.70293155188591, 38.23118451006187], [-86.70279369388254, 38.23125050851534], [-86.70291066303625, 38.23146992321903], [-86.70297228168302, 38.23155863614041], [-86.70310002636292, 38.231520079343774], [-86.70336837590501, 38.231879341462054], [-86.70333886640081, 38.23223707092334], [-86.70347523202605, 38.232421046379066], [-86.70364976181105, 38.232401874127575], [-86.70372763978148, 38.23216004776569], [-86.70384622766016, 38.232306493069835], [-86.70400073808531, 38.232534995859595], [-86.70454665183331, 38.23296969023919], [-86.70368776654064, 38.233111586558415], [-86.70356814647111, 38.233098142471675], [-86.70340681797823, 38.23295045784229], [-86.70340414767992, 38.23268011083911], [-86.70366464402628, 38.23267587770539], [-86.70352754687697, 38.23250130158188]]]}}, {"type": "Feature", "properties": {"SPR_ID": 121, "Unit_Site": "Poseyville Unit", "Site_typ": "Unit", "layer": "Vincennes", "Shape_Area": 15015.3331856, "Site_Score": 18.02, "Final_Rank": 76, "SITE_EVAL": "Poor", "RATIONALE": "Strong low flood risk and slope; limited by solar resource.", "dataset": "facility_sites", "layer_title": "INDOT Facilities", "layer_type": "facility", "center_latitude": 38.169653, "center_longitude": -87.772853, "source_geometry_valid": true, "sol_s": 0.339991644927293, "slp_s": 0.766012176532901, "trn_s": 0.506911880673718, "fld_s": 1.0, "lc_s": 0.6000000000006, "Site_ID": 66501, "Site_Statu": "Active", "Site_Avail": "Yes", "Acreage": 5.0, "Address": "10 Walnut St, Poseyville, IN 47633", "County": "Posey", "Solar_Type": "Rooftop and Canopy", "Electrical": "Yes", "Ownership": "INDOT"}, "geometry": {"type": "Polygon", "coordinates": [[[-87.77182994211991, 38.169564567114904], [-87.77201167842176, 38.16935850070842], [-87.77226632682788, 38.1694115345771], [-87.7723027151674, 38.16937421537096], [-87.77223688788133, 38.1693481760212], [-87.77223086715094, 38.16930241166779], [-87.7722741017407, 38.16925277430197], [-87.77377438337501, 38.1692994892405], [-87.77385782370423, 38.16957699311485], [-87.77389018725842, 38.169728940519015], [-87.7740294469913, 38.16984666879702], [-87.77403019381704, 38.169892241599264], [-87.77402695538007, 38.16989280819772], [-87.77401827352591, 38.169894968926535], [-87.7740098627562, 38.16989771908419], [-87.77400178906936, 38.16990103840832], [-87.77399411039691, 38.169904899479874], [-87.77398688808549, 38.16990927395604], [-87.77398017658494, 38.16991412903317], [-87.77397402688253, 38.169919428325585], [-87.77396848533272, 38.16992512916935], [-87.77396359374303, 38.169931190733024], [-87.7739593904202, 38.16993756499826], [-87.77395590683145, 38.16994420489305], [-87.77395316983021, 38.16995105886953], [-87.77395119827938, 38.169958075432525], [-87.77395001101326, 38.169965200383295], [-87.77394961317738, 38.16997238051455], [-87.77394970016857, 38.16997574879221], [-87.77395661387503, 38.17010908647226], [-87.77352944661557, 38.170083206332365], [-87.7735016404659, 38.17005640804066], [-87.77228466483847, 38.17004892450682], [-87.771841796186, 38.1700056591441], [-87.77182994211991, 38.169564567114904]]]}}, {"type": "Feature", "properties": {"SPR_ID": 122, "Unit_Site": "Dale Unit", "Site_typ": "Unit", "layer": "Vincennes", "Shape_Area": 143090.431683, "Site_Score": 12.84, "Final_Rank": 83, "SITE_EVAL": "Poor", "RATIONALE": "Strong low flood risk and land cover suitability; limited by solar resource.", "dataset": "facility_sites", "layer_title": "INDOT Facilities", "layer_type": "facility", "center_latitude": 38.196845, "center_longitude": -86.972432, "source_geometry_valid": true, "sol_s": 0.272626790141087, "slp_s": 0.697682518335441, "trn_s": 0.381525395133314, "fld_s": 1.0, "lc_s": 0.761538461538352, "Site_ID": 67401, "Site_Statu": "Active", "Site_Avail": "Yes", "Acreage": 15.0, "Address": "2100 N Hwy 231 & I-64, Dale, IN 47523", "County": "Spencer", "Solar_Type": "All", "Electrical": "Yes", "Ownership": "INDOT"}, "geometry": {"type": "Polygon", "coordinates": [[[-86.97310691907961, 38.19899015761655], [-86.97300530375799, 38.19753913534267], [-86.9720906882472, 38.19763552030208], [-86.97065590528092, 38.19749020557505], [-86.97053384700216, 38.19620039755101], [-86.97149405151609, 38.196136145855405], [-86.97155193945456, 38.19464370497934], [-86.97180850505808, 38.19462276479891], [-86.97516366312345, 38.19437017373112], [-86.97530684006115, 38.19437011380371], [-86.97545269565879, 38.19437491475748], [-86.97559800371005, 38.1943847678804], [-86.97574273689494, 38.19439949742312], [-86.97588663151068, 38.19441888342611], [-86.97602642946293, 38.194442835101185], [-86.97727471023518, 38.19475842342298], [-86.97727522752702, 38.19475855330455], [-86.9773428809213, 38.19477535234734], [-86.97740379776018, 38.19479534502169], [-86.97746156135939, 38.19481959731532], [-86.97750949430902, 38.1948445741134], [-86.97753241522948, 38.194864664884], [-86.97755356878723, 38.19489068199811], [-86.97756938041667, 38.194919091834514], [-86.9775790863668, 38.19494903715125], [-86.9775826012005, 38.19497979692543], [-86.97758008340321, 38.195008452907985], [-86.97755675663996, 38.19507142489546], [-86.97752518890826, 38.19513848792208], [-86.97748864067225, 38.195202147728224], [-86.97744588084986, 38.19525862058351], [-86.97744508681612, 38.19525968662153], [-86.9774409610511, 38.19526592795546], [-86.97740302733065, 38.19532982720249], [-86.97739946441088, 38.19533660038657], [-86.97739917642592, 38.19533723211437], [-86.97736936738393, 38.19540354378374], [-86.97736680722434, 38.19541009094376], [-86.97736494593855, 38.195416781538775], [-86.97736376175293, 38.195423858904846], [-86.97736335983686, 38.195430990497286], [-86.9773633279969, 38.19545268381793], [-86.97736364689814, 38.19545916934595], [-86.97736460307625, 38.19546556757459], [-86.97736888930922, 38.19548701568352], [-86.9773692006274, 38.19548848479723], [-86.97737064932375, 38.195493898944875], [-86.97737255599972, 38.19549922485728], [-86.97737412508354, 38.19550310598493], [-86.97735745465783, 38.19554090071146], [-86.97444684106588, 38.1957065064791], [-86.97416104826996, 38.19754593852354], [-86.97392409514548, 38.19907095329289], [-86.97310691907961, 38.19899015761655]]]}}, {"type": "Feature", "properties": {"SPR_ID": 123, "Unit_Site": "Chrisney Unit", "Site_typ": "Unit", "layer": "Vincennes", "Shape_Area": 15495.443377, "Site_Score": 2.1, "Final_Rank": 100, "SITE_EVAL": "Poor", "RATIONALE": "Strong low flood risk and transmission access; limited by solar resource.", "dataset": "facility_sites", "layer_title": "INDOT Facilities", "layer_type": "facility", "center_latitude": 38.022318, "center_longitude": -87.037087, "source_geometry_valid": true, "sol_s": 0.0, "slp_s": 0.145453412809264, "trn_s": 0.982928579780678, "fld_s": 1.0, "lc_s": 0.9111111111108, "Site_ID": 67402, "Site_Statu": "Active", "Site_Avail": "Yes", "Acreage": 4.0, "Address": "9334 N Main St, Chrisney, IN 47611", "County": "Spencer", "Solar_Type": "Rooftop and Canopy", "Electrical": "Yes", "Ownership": "INDOT"}, "geometry": {"type": "Polygon", "coordinates": [[[-87.03676909736811, 38.02112471561653], [-87.0374424347978, 38.02107921798504], [-87.03738997718894, 38.023511554691886], [-87.03674781871291, 38.02353445332875], [-87.03676909736811, 38.02112471561653]]]}}, {"type": "Feature", "properties": {"SPR_ID": 124, "Unit_Site": "Evansville Subdistrict", "Site_typ": "Subdistrict", "layer": "Vincennes", "Shape_Area": 33433.1871556, "Site_Score": 5.68, "Final_Rank": 94, "SITE_EVAL": "Poor", "RATIONALE": "Strong low flood risk and slope; limited by solar resource.", "dataset": "facility_sites", "layer_title": "INDOT Facilities", "layer_type": "facility", "center_latitude": 38.129553, "center_longitude": -87.548624, "source_geometry_valid": true, "sol_s": 0.078443889741143, "slp_s": 0.726456775573491, "trn_s": 0.604680077108697, "fld_s": 1.0, "lc_s": 0.6487804878058, "Site_ID": 68201, "Site_Statu": "Active", "Site_Avail": "Yes", "Acreage": 13.0, "Address": "16601 N Boyle Ln., Evansville, IN 47725", "County": "Vanderburgh", "Solar_Type": "Rooftop and Canopy", "Electrical": "Yes", "Ownership": "INDOT"}, "geometry": {"type": "Polygon", "coordinates": [[[-87.54904395752366, 38.130035475281616], [-87.54893868951726, 38.12979475397561], [-87.54799493313521, 38.12980979328439], [-87.54795166711682, 38.13004318805537], [-87.54649796008968, 38.130000223772235], [-87.5465398717431, 38.12906263160207], [-87.54683653701689, 38.1290347792037], [-87.54819691073996, 38.12910709908258], [-87.54872335597089, 38.12916995647228], [-87.54914390121228, 38.12917558717681], [-87.54949676632664, 38.12929845976767], [-87.54997217889952, 38.12941512565937], [-87.55013489784838, 38.12943854276324], [-87.55013053622221, 38.129299035499855], [-87.55024062926674, 38.129293846851134], [-87.5497213800933, 38.129269145384455], [-87.54972135144816, 38.12926760796862], [-87.54972275483942, 38.12926775822073], [-87.54973103078916, 38.12926811875135], [-87.55004042458529, 38.129271914945356], [-87.55004204371431, 38.12927192538947], [-87.55004253432524, 38.12927192399356], [-87.55025594868349, 38.12927113093381], [-87.5502580022738, 38.12927110779579], [-87.55054625195766, 38.12926555198311], [-87.55073524359184, 38.12926915980205], [-87.55072919278112, 38.129666839452234], [-87.55097602584128, 38.129701612553035], [-87.55097398078827, 38.129783674663315], [-87.55079869910746, 38.12975911895368], [-87.55071491732934, 38.12984230961079], [-87.55074764170237, 38.12994947013033], [-87.55097346128953, 38.129947404505714], [-87.55097353726998, 38.129959940676386], [-87.55096996880167, 38.13004167465941], [-87.55096990685911, 38.130044514820234], [-87.55097030427281, 38.130051695097364], [-87.55097149083923, 38.130058820301414], [-87.55097264681208, 38.13006293814426], [-87.54904395752366, 38.130035475281616]]]}}, {"type": "Feature", "properties": {"SPR_ID": 125, "Unit_Site": "Evansville/Addison Unit", "Site_typ": "Unit", "layer": "Vincennes", "Shape_Area": 10065.8253997, "Site_Score": 44.79, "Final_Rank": 45, "SITE_EVAL": "Fair", "RATIONALE": "Strong low flood risk and land cover suitability; limited by solar resource.", "dataset": "facility_sites", "layer_title": "INDOT Facilities", "layer_type": "facility", "center_latitude": 37.973386, "center_longitude": -87.614728, "source_geometry_valid": false, "sol_s": 0.22373516114099, "slp_s": 0.908697389371853, "trn_s": 0.98366405104793, "fld_s": 1.0, "lc_s": 1.0, "Site_ID": 68202, "Site_Statu": "Active", "Site_Avail": "Yes", "Acreage": 3.0, "Address": "3200 Marion Ave, Evansville, IN 47712", "County": "Vanderburgh", "Solar_Type": "Rooftop and Canopy", "Electrical": "Yes", "Ownership": "INDOT"}, "geometry": {"type": "Polygon", "coordinates": [[[-87.61438192050957, 37.97388645087924], [-87.61431597152144, 37.97385191662887], [-87.61428193313267, 37.973842513767984], [-87.61428291927972, 37.97380537132114], [-87.61449397028616, 37.973815839633325], [-87.6144985134878, 37.973747456415175], [-87.61435105309694, 37.97374537320183], [-87.61434823018801, 37.97368398905526], [-87.61428658803374, 37.97370294316915], [-87.6142903473294, 37.973615888599895], [-87.61431922530014, 37.97361049593619], [-87.61431286393001, 37.97316114845447], [-87.61432755477519, 37.97301129317788], [-87.61441881576216, 37.9730156906591], [-87.61455879353097, 37.9730568627065], [-87.61565246829059, 37.97367492053262], [-87.61564709876241, 37.97380918456837], [-87.61564707762753, 37.973809789438704], [-87.61564597059312, 37.97384600781275], [-87.6155990974317, 37.97384306619658], [-87.61561899685061, 37.97402036755173], [-87.61564039505231, 37.97402840224219], [-87.61563868704955, 37.97408427439483], [-87.61563865664657, 37.97408608703051], [-87.6156385057209, 37.974140537824326], [-87.61438255936035, 37.97410993556123], [-87.61439326880422, 37.973993563867175], [-87.61439467387217, 37.973993572751375], [-87.61438192050957, 37.97388645087924]], [[-87.61439485625986, 37.97399510127308], [-87.6144357215169, 37.973993841433106], [-87.61439467387217, 37.973993572751375], [-87.61439485625986, 37.97399510127308]], [[-87.61490423399825, 37.97399690816723], [-87.61490604189034, 37.973949804065974], [-87.6145821880508, 37.9739456274198], [-87.61453945531646, 37.97382108360448], [-87.61450783006042, 37.97382266924161], [-87.61450877494293, 37.9739915887562], [-87.6144357215169, 37.973993841433106], [-87.61490423399825, 37.97399690816723]]]}}, {"type": "Feature", "properties": {"SPR_ID": 126, "Unit_Site": "Chandler Unit", "Site_typ": "Unit", "layer": "Vincennes", "Shape_Area": 16206.3150058, "Site_Score": 32.78, "Final_Rank": 60, "SITE_EVAL": "Poor", "RATIONALE": "Strong low flood risk and land cover suitability; limited by solar resource.", "dataset": "facility_sites", "layer_title": "INDOT Facilities", "layer_type": "facility", "center_latitude": 38.042592, "center_longitude": -87.375764, "source_geometry_valid": true, "sol_s": 0.257423819714359, "slp_s": 0.818507453700143, "trn_s": 0.643851232789473, "fld_s": 1.0, "lc_s": 1.0, "Site_ID": 68701, "Site_Statu": "Active", "Site_Avail": "Yes", "Acreage": 4.0, "Address": "100 Inderrieden Rd, Chandler, IN 47610", "County": "Warrick", "Solar_Type": "Rooftop and Canopy", "Electrical": "Yes", "Ownership": "INDOT"}, "geometry": {"type": "Polygon", "coordinates": [[[-87.37489448680817, 38.04312589919479], [-87.37488962801172, 38.04300264770145], [-87.37497765141678, 38.04302218969861], [-87.37500969071363, 38.04300372214526], [-87.37503917072287, 38.04296097418749], [-87.3750066794011, 38.04291739916364], [-87.37488601316998, 38.042902980505545], [-87.37481202911916, 38.04291941328431], [-87.37476271590171, 38.04291635743532], [-87.37472397047271, 38.042832323136935], [-87.37459073387211, 38.04277512088301], [-87.37459437923384, 38.04242429461202], [-87.37462747929175, 38.04235503671996], [-87.37513132528834, 38.042344778705555], [-87.37514107817425, 38.04217901232315], [-87.3769418842025, 38.042194986548076], [-87.37693779551886, 38.04230909343952], [-87.37693775508282, 38.04231098715586], [-87.37693473092577, 38.04275924512783], [-87.37693459975307, 38.04277278365578], [-87.37557964507633, 38.04275940823304], [-87.37555252224946, 38.04329592965053], [-87.37540700958401, 38.043312279437274], [-87.37495781916435, 38.043296596779726], [-87.37473817285644, 38.043288064425184], [-87.37475731038691, 38.04317748412264], [-87.37489448680817, 38.04312589919479]]]}}, {"type": "Feature", "properties": {"SPR_ID": 127, "Unit_Site": "Borman TMC", "Site_typ": "Support", "layer": "La Porte", "Shape_Area": 4161.47539848, "Site_Score": 57.78, "Final_Rank": 31, "SITE_EVAL": "Fair", "RATIONALE": "Strong low flood risk and land cover suitability; limited by solar resource.", "dataset": "facility_sites", "layer_title": "INDOT Facilities", "layer_type": "facility", "center_latitude": 41.594521, "center_longitude": -87.245153, "source_geometry_valid": true, "sol_s": 0.403522712282023, "slp_s": 0.817368921644196, "trn_s": 0.811011485007465, "fld_s": 1.0, "lc_s": 1.0, "Site_ID": 94504, "Site_Statu": "Active", "Site_Avail": "Yes", "Acreage": 9.0, "Address": "7701 Melton Rd., Gary, IN 46404", "County": "Lake", "Solar_Type": "Rooftop and Canopy", "Electrical": "Yes", "Ownership": "INDOT"}, "geometry": {"type": "Polygon", "coordinates": [[[-87.24548349196026, 41.59470737856457], [-87.24548411139625, 41.59480245915251], [-87.24539870973305, 41.594792757762605], [-87.24538272298862, 41.594952897456615], [-87.24490033673585, 41.59493806414904], [-87.24489264829666, 41.59488231816296], [-87.24479889041363, 41.594879241878054], [-87.24477839268717, 41.59467566840222], [-87.24489856761222, 41.59466399123279], [-87.2449017880451, 41.59459191790155], [-87.24488945165555, 41.59429722905991], [-87.24483660622299, 41.59430285857696], [-87.24483481209782, 41.59436882192599], [-87.24465501374547, 41.59437079265536], [-87.24465806797569, 41.59430357101049], [-87.2446102851661, 41.594300077869505], [-87.24462071399672, 41.59415692974352], [-87.24471441517872, 41.59414622603272], [-87.24471586526262, 41.59423661296614], [-87.24489170250753, 41.5942381517151], [-87.2448972820188, 41.59415119330022], [-87.24533353085415, 41.594156237776645], [-87.24531849226821, 41.59424641398585], [-87.24532554088627, 41.59439010224787], [-87.24538583864, 41.59436827048998], [-87.24541202737662, 41.59445066557739], [-87.24539327780974, 41.594714186108796], [-87.24548349196026, 41.59470737856457]]]}}, {"type": "Feature", "properties": {"SPR_ID": 128, "Unit_Site": "Indianapolis Materials & Test", "Site_typ": "Support", "layer": "Greenfield", "Shape_Area": 22555.1238712, "Site_Score": 94.68, "Final_Rank": 5, "SITE_EVAL": "Good", "RATIONALE": "Strong low flood risk and land cover suitability; limited by solar resource.", "dataset": "facility_sites", "layer_title": "INDOT Facilities", "layer_type": "facility", "center_latitude": 39.77073, "center_longitude": -86.042823, "source_geometry_valid": true, "sol_s": 0.67622114160214, "slp_s": 0.812139081090845, "trn_s": 0.972263850486249, "fld_s": 1.0, "lc_s": 1.0, "Site_ID": 94903, "Site_Statu": "Active", "Site_Avail": "Yes", "Acreage": 14.0, "Address": "120 S Shortridge Rd, Indianapolis, IN 46219", "County": "Marion", "Solar_Type": "Rooftop and Canopy", "Electrical": "Yes", "Ownership": "INDOT"}, "geometry": {"type": "Polygon", "coordinates": [[[-86.04242216044716, 39.77011453778887], [-86.04238265408489, 39.77011489116099], [-86.04235751206369, 39.77014450837063], [-86.0423566844057, 39.77020204616023], [-86.04244389123927, 39.77020302881695], [-86.04244725602511, 39.770690691975595], [-86.0425065530826, 39.770692546217994], [-86.04251551624327, 39.770266999214385], [-86.04258504325362, 39.77024500383768], [-86.04270686036122, 39.770192992496376], [-86.04270195176419, 39.77019013370106], [-86.04271368202092, 39.770189572734544], [-86.04291864054456, 39.77027636285602], [-86.04302735388376, 39.77034702232823], [-86.04312074851191, 39.770375031230344], [-86.04318890928485, 39.770356162385724], [-86.04319289268265, 39.770285182563185], [-86.04296238579059, 39.77018348434634], [-86.04318583815615, 39.76990374847123], [-86.04357798782294, 39.77007777942992], [-86.04347891491555, 39.77022527628048], [-86.04392970260159, 39.7704730220408], [-86.0438074632521, 39.77065566255422], [-86.04364033433461, 39.770583063739565], [-86.04357915857554, 39.77059421033863], [-86.04372563603208, 39.770689445912474], [-86.04376936979455, 39.770758509680654], [-86.04372845891828, 39.77083873667447], [-86.04356639881814, 39.77103892359215], [-86.04343948371157, 39.771114849404746], [-86.04304592226552, 39.771471046945145], [-86.043018447761, 39.77158308049228], [-86.04199051685326, 39.77162746175501], [-86.04195099585897, 39.7712061862822], [-86.0419014217507, 39.77111432986261], [-86.04189416338417, 39.770701372853075], [-86.04193596313567, 39.77069184575093], [-86.04193744099514, 39.769891590621384], [-86.04203987049168, 39.769870487065646], [-86.04242216044716, 39.77011453778887]]]}}, {"type": "Feature", "properties": {"SPR_ID": 129, "Unit_Site": "Indianapolis TMC", "Site_typ": "Support", "layer": "Greenfield", "Shape_Area": 138356.133561, "Site_Score": 64.67, "Final_Rank": 24, "SITE_EVAL": "Fair", "RATIONALE": "Strong low flood risk and land cover suitability; limited by distance from transmission infrastructure.", "dataset": "facility_sites", "layer_title": "INDOT Facilities", "layer_type": "facility", "center_latitude": 39.798041, "center_longitude": -86.016615, "source_geometry_valid": true, "sol_s": 0.700536940277656, "slp_s": 0.747749016536025, "trn_s": 0.46205549443461, "fld_s": 1.0, "lc_s": 1.0, "Site_ID": 94904, "Site_Statu": "Active", "Site_Avail": "See Comment", "Acreage": 9.0, "Address": "8620 E 21st St, Indianapolis, IN 46219", "County": "Marion", "Solar_Type": null, "Electrical": "Yes", "Ownership": "Indiana State Police"}, "geometry": {"type": "Polygon", "coordinates": [[[-86.01421323955792, 39.7967777908108], [-86.01896820918087, 39.79673429789755], [-86.01897590107139, 39.797139696610174], [-86.0189773159567, 39.797214638317406], [-86.01898461481697, 39.797598954166446], [-86.01902382104203, 39.799660424345646], [-86.01461359917296, 39.79995218577171], [-86.01427208263807, 39.799954746780294], [-86.01425419985452, 39.798990139454006], [-86.01424382703364, 39.798428487583614], [-86.01422946344795, 39.79765362182487], [-86.0142234050623, 39.79732678760803], [-86.01421323955792, 39.7967777908108]]]}}, {"type": "Feature", "properties": {"SPR_ID": 130, "Unit_Site": "Research & Development", "Site_typ": "Support", "layer": "Crawfordsville", "Shape_Area": 49628.2001196, "Site_Score": 68.94, "Final_Rank": 19, "SITE_EVAL": "Fair", "RATIONALE": "Strong low flood risk and land cover suitability; limited by solar resource.", "dataset": "facility_sites", "layer_title": "INDOT Facilities", "layer_type": "facility", "center_latitude": 40.457481, "center_longitude": -86.926222, "source_geometry_valid": true, "sol_s": 0.461836677900374, "slp_s": 0.869799816869142, "trn_s": 0.823886508720887, "fld_s": 1.0, "lc_s": 1.0, "Site_ID": 97901, "Site_Statu": "Active", "Site_Avail": "Yes", "Acreage": 10.0, "Address": "1205 Montgomery Rd, West Lafayette, IN 47906", "County": "Tippecanoe", "Solar_Type": "All", "Electrical": "Yes", "Ownership": "INDOT"}, "geometry": {"type": "Polygon", "coordinates": [[[-86.92463923521504, 40.45847222677368], [-86.92463490800387, 40.456473994860765], [-86.92597256594661, 40.45647019341978], [-86.9260184234506, 40.457301441807815], [-86.92763518924153, 40.45726365948555], [-86.92794968056687, 40.45766036659473], [-86.92796102457105, 40.45767885850986], [-86.92831694981142, 40.458128675547556], [-86.92832212528809, 40.45813521574998], [-86.92833099227644, 40.458148523163935], [-86.92833682712268, 40.45816277375064], [-86.9283394651276, 40.4581775692068], [-86.9283388336075, 40.4581924923669], [-86.92833494951452, 40.458207127021566], [-86.92832792061449, 40.45822105972023], [-86.92831794664363, 40.458233901393704], [-86.92830530633114, 40.4582452909497], [-86.9282903538468, 40.4582549087845], [-86.9282817339527, 40.45825878545212], [-86.92788660953698, 40.4583841190862], [-86.92779243252406, 40.458411787560365], [-86.92763920334299, 40.458449334407135], [-86.92751289990194, 40.458474345578736], [-86.9274245833787, 40.458488735332246], [-86.92727083945715, 40.45850780463285], [-86.92709667130953, 40.458522308558564], [-86.92698385009221, 40.45852844551095], [-86.92687074993229, 40.458531848820115], [-86.9254871042183, 40.458533056212126], [-86.92475508016382, 40.458532054099344], [-86.92473540727822, 40.45853084578628], [-86.92471622293168, 40.45852729993029], [-86.9246980011599, 40.45852150693128], [-86.92468118999513, 40.458513606722434], [-86.9246662043824, 40.45850379507198], [-86.92465341203719, 40.45849231366375], [-86.92464312991203, 40.45847944559041], [-86.92463923521504, 40.45847222677368]]]}}]}