{"type": "FeatureCollection", "features": [{"type": "Feature", "properties": {"district": "1", "dist_name": "Crawfordsville", "wms_id": 1000, "layer_type": "boundary"}, "geometry": {"type": "Polygon", "coordinates": [[[-87.45826, 40.736788], [-87.459238, 40.736788], [-87.462435, 40.736788], [-87.475234, 40.736785], [-87.475739, 40.737801], [-87.476717, 40.739763], [-87.48546, 40.75732], [-87.491484, 40.769408], [-87.503168, 40.751769], [-87.512983, 40.736944], [-87.5157, 40.736932], [-87.516447, 40.736929], [-87.526039, 40.736884], [-87.526064, 40.731106], [-87.526101, 40.722411], [-87.526129, 40.707901], [-87.526134, 40.706634], [-87.526191, 40.693391], [-87.526213, 40.690529], [-87.526213, 40.690529], [-87.526294, 40.680074], [-87.526303, 40.67886], [-87.526291, 40.677335], [-87.526261, 40.673307], [-87.526233, 40.669642], [-87.526193, 40.664317], [-87.526143, 40.64991], [-87.52608, 40.637028], [-87.526046, 40.629524], [-87.526015, 40.622578], [-87.526101, 40.607944], [-87.526125, 40.602095], [-87.52616, 40.593365], [-87.52618, 40.583871], [-87.526191, 40.578726], [-87.526217, 40.564194], [-87.52627, 40.553254], [-87.526285, 40.550137], [-87.52626, 40.535598], [-87.52626, 40.535538], [-87.52626, 40.535397], [-87.526258, 40.527838], [-87.526256, 40.521079], [-87.526184, 40.506494], [-87.526202, 40.505023], [-87.526367, 40.491353], [-87.526487, 40.483981], [-87.526601, 40.4769], [-87.526665, 40.472862], [-87.526835, 40.461993], [-87.526958, 40.453119], [-87.527011, 40.449308], [-87.527026, 40.448245], [-87.527039, 40.447329], [-87.527151, 40.436976], [-87.527197, 40.432796], [-87.527467, 40.418266], [-87.527728, 40.403509], [-87.527923, 40.38936], [-87.527928, 40.38899], [-87.527934, 40.388584], [-87.528128, 40.374498], [-87.528375, 40.359744], [-87.528425, 40.357329], [-87.528454, 40.355924], [-87.528521, 40.349533], [-87.528523, 40.349376], [-87.528539, 40.347862], [-87.528567, 40.345226], [-87.528704, 40.337546], [-87.528828, 40.330637], [-87.528998, 40.320301], [-87.529062, 40.316448], [-87.529279, 40.303631], [-87.529539, 40.288836], [-87.529677, 40.282072], [-87.529678, 40.278126], [-87.529679, 40.274213], [-87.529911, 40.259334], [-87.530051, 40.244435], [-87.530079, 40.243211], [-87.530188, 40.236629], [-87.530304, 40.229557], [-87.530321, 40.228699], [-87.530322, 40.228644], [-87.530329, 40.228017], [-87.530398, 40.221094], [-87.530465, 40.214818], [-87.530553, 40.210017], [-87.530617, 40.206513], [-87.530659, 40.202717], [-87.530816, 40.191846], [-87.530987, 40.17725], [-87.53121, 40.162743], [-87.531248, 40.160336], [-87.531248, 40.160335], [-87.531248, 40.160334], [-87.53125, 40.160243], [-87.53125, 40.160232], [-87.531284, 40.158109], [-87.531446, 40.148074], [-87.531504, 40.14045], [-87.531504, 40.140433], [-87.531504, 40.140433], [-87.531504, 40.140433], [-87.531532, 40.136885], [-87.531561, 40.133021], [-87.531561, 40.133007], [-87.531562, 40.132984], [-87.531626, 40.118114], [-87.531629, 40.11797], [-87.531634, 40.117691], [-87.531729, 40.103914], [-87.531733, 40.10338], [-87.53179, 40.098914], [-87.531922, 40.088691], [-87.532006, 40.075747], [-87.532017, 40.07397], [-87.532083, 40.069787], [-87.532134, 40.066554], [-87.532134, 40.066552], [-87.532134, 40.066552], [-87.532137, 40.066363], [-87.532126, 40.061673], [-87.53212, 40.058897], [-87.532147, 40.056125], [-87.532153, 40.055533], [-87.53218, 40.052865], [-87.532216, 40.049339], [-87.532266, 40.044298], [-87.532272, 40.040844], [-87.532292, 40.029592], [-87.532291, 40.028849], [-87.532287, 40.026624], [-87.53227, 40.01496], [-87.532301, 40.011878], [-87.532283, 40.008403], [-87.532241, 40.000241], [-87.532585, 39.986304], [-87.532596, 39.985879], [-87.532607, 39.985422], [-87.532702, 39.978636], [-87.532809, 39.970948], [-87.532814, 39.961135], [-87.532816, 39.957332], [-87.532817, 39.9562], [-87.532828, 39.954136], [-87.53284, 39.951913], [-87.53287, 39.946187], [-87.532877, 39.944892], [-87.532883, 39.94366], [-87.532892, 39.941991], [-87.532894, 39.94154], [-87.533021, 39.926916], [-87.532966, 39.912337], [-87.533221, 39.902729], [-87.533355, 39.897677], [-87.533263, 39.888795], [-87.533204, 39.883097], [-87.53324, 39.878313], [-87.533313, 39.8683], [-87.533207, 39.854355], [-87.533218, 39.847245], [-87.533228, 39.839956], [-87.533189, 39.831519], [-87.53316, 39.825446], [-87.533156, 39.824812], [-87.533151, 39.823924], [-87.533151, 39.82384], [-87.533125, 39.819587], [-87.533074, 39.811068], [-87.533106, 39.79979], [-87.533116, 39.796305], [-87.533142, 39.78176], [-87.533141, 39.781618], [-87.533141, 39.781335], [-87.533131, 39.774143], [-87.533125, 39.769667], [-87.533123, 39.768504], [-87.533122, 39.767148], [-87.533118, 39.766775], [-87.533114, 39.766481], [-87.533031, 39.758709], [-87.533022, 39.757791], [-87.532966, 39.752581], [-87.532983, 39.748696], [-87.533005, 39.743689], [-87.533024, 39.739267], [-87.53303, 39.738033], [-87.53302, 39.733029], [-87.533001, 39.723447], [-87.532958, 39.719203], [-87.532909, 39.714375], [-87.532854, 39.708894], [-87.532764, 39.694467], [-87.532664, 39.679705], [-87.532627, 39.674847], [-87.53258, 39.668653], [-87.532554, 39.665204], [-87.53243, 39.650675], [-87.532417, 39.64864], [-87.532405, 39.646969], [-87.532359, 39.640136], [-87.532332, 39.636201], [-87.532304, 39.630877], [-87.532255, 39.621789], [-87.532225, 39.614584], [-87.532196, 39.607329], [-87.532144, 39.599177], [-87.532125, 39.596017], [-87.532119, 39.595086], [-87.532105, 39.592994], [-87.532068, 39.586117], [-87.532027, 39.578461], [-87.531957, 39.567992], [-87.531931, 39.564071], [-87.531893, 39.549583], [-87.531887, 39.543216], [-87.531879, 39.535072], [-87.531883, 39.532835], [-87.531903, 39.520407], [-87.531858, 39.510452], [-87.531839, 39.506044], [-87.531774, 39.498357], [-87.531717, 39.491606], [-87.531673, 39.482686], [-87.531646, 39.477194], [-87.531559, 39.462642], [-87.531516, 39.458366], [-87.531514, 39.458169], [-87.531499, 39.456642], [-87.531485, 39.455284], [-87.531412, 39.448059], [-87.531368, 39.436545], [-87.531356, 39.43348], [-87.531268, 39.419064], [-87.531212, 39.407936], [-87.531196, 39.404678], [-87.531336, 39.390986], [-87.531344, 39.390193], [-87.531345, 39.390041], [-87.531438, 39.375758], [-87.531521, 39.365654], [-87.531558, 39.361088], [-87.531484, 39.355132], [-87.531394, 39.347942], [-87.531504, 39.347959], [-87.531647, 39.347982], [-87.531667, 39.347985], [-87.53171, 39.347992], [-87.531797, 39.348006], [-87.531833, 39.348012], [-87.532237, 39.348208], [-87.532737, 39.34853], [-87.533173, 39.348817], [-87.533519, 39.349071], [-87.533728, 39.349224], [-87.534245, 39.349659], [-87.534494, 39.3499], [-87.534676, 39.350077], [-87.534794, 39.350192], [-87.534948, 39.350342], [-87.535149, 39.350538], [-87.535225, 39.350612], [-87.535282, 39.350668], [-87.535665, 39.350972], [-87.536056, 39.351258], [-87.536223, 39.35138], [-87.53645, 39.351531], [-87.536795, 39.35176], [-87.537405, 39.352086], [-87.538126, 39.352457], [-87.538826, 39.352733], [-87.538829, 39.352734], [-87.539531, 39.352955], [-87.539793, 39.353026], [-87.540033, 39.353092], [-87.54033, 39.353161], [-87.540602, 39.353225], [-87.540942, 39.353268], [-87.541351, 39.35332], [-87.541962, 39.353367], [-87.542062, 39.353366], [-87.542747, 39.353332], [-87.543266, 39.353259], [-87.543609, 39.353211], [-87.543806, 39.353148], [-87.544495, 39.352927], [-87.545008, 39.35273], [-87.54528, 39.352626], [-87.545854, 39.352385], [-87.546149, 39.35221], [-87.546353, 39.352089], [-87.546535, 39.351944], [-87.546752, 39.351772], [-87.547268, 39.351312], [-87.547362, 39.351229], [-87.547514, 39.351096], [-87.548173, 39.350522], [-87.548593, 39.350011], [-87.549006, 39.349396], [-87.549068, 39.349275], [-87.549336, 39.348746], [-87.549532, 39.348218], [-87.549687, 39.347618], [-87.549803, 39.347108], [-87.549886, 39.346798], [-87.549928, 39.346639], [-87.549949, 39.346501], [-87.549992, 39.346224], [-87.550041, 39.345922], [-87.550084, 39.345656], [-87.550099, 39.345558], [-87.550122, 39.3454], [-87.550182, 39.344998], [-87.550261, 39.344452], [-87.55038, 39.343839], [-87.5505, 39.343343], [-87.550654, 39.342977], [-87.550978, 39.342489], [-87.551289, 39.342159], [-87.551838, 39.341724], [-87.552116, 39.341585], [-87.552286, 39.341501], [-87.552757, 39.341293], [-87.553132, 39.341127], [-87.553796, 39.340882], [-87.55396, 39.340822], [-87.554155, 39.340771], [-87.5544, 39.340681], [-87.554688, 39.340575], [-87.555244, 39.340428], [-87.55579, 39.340296], [-87.555815, 39.34029], [-87.555855, 39.340278], [-87.556713, 39.340011], [-87.557461, 39.339719], [-87.557812, 39.339611], [-87.558383, 39.339435], [-87.558693, 39.339363], [-87.559206, 39.339242], [-87.559527, 39.339189], [-87.559628, 39.339172], [-87.559814, 39.339141], [-87.559926, 39.339122], [-87.559926, 39.339122], [-87.55993, 39.339122], [-87.560441, 39.339065], [-87.561127, 39.339003], [-87.561863, 39.338945], [-87.562531, 39.338947], [-87.563174, 39.338998], [-87.56407, 39.339192], [-87.56436, 39.339268], [-87.564829, 39.339391], [-87.565738, 39.339715], [-87.566658, 39.339999], [-87.566932, 39.340085], [-87.567756, 39.340345], [-87.568688, 39.340678], [-87.568818, 39.340718], [-87.569896, 39.341046], [-87.570847, 39.341324], [-87.570885, 39.341334], [-87.571552, 39.341493], [-87.572472, 39.341543], [-87.572825, 39.341523], [-87.573169, 39.341522], [-87.573879, 39.341473], [-87.573879, 39.341473], [-87.57388, 39.341473], [-87.574485, 39.341409], [-87.574511, 39.341407], [-87.57534, 39.341245], [-87.575995, 39.34107], [-87.57625, 39.341002], [-87.576428, 39.340951], [-87.577337, 39.340694], [-87.577353, 39.34069], [-87.577385, 39.340681], [-87.577442, 39.340659], [-87.577488, 39.340641], [-87.578083, 39.340416], [-87.578163, 39.340383], [-87.578656, 39.340183], [-87.57886, 39.34011], [-87.579254, 39.339969], [-87.579578, 39.339845], [-87.579753, 39.339787], [-87.580046, 39.339689], [-87.580164, 39.339649], [-87.5807, 39.339461], [-87.580994, 39.339343], [-87.581323, 39.33921], [-87.581714, 39.339052], [-87.582233, 39.338841], [-87.582819, 39.33855], [-87.583038, 39.33843], [-87.583305, 39.338286], [-87.58394, 39.337918], [-87.584526, 39.337586], [-87.584677, 39.337496], [-87.585198, 39.337186], [-87.585764, 39.336778], [-87.586105, 39.33655], [-87.586295, 39.336424], [-87.586579, 39.336206], [-87.586792, 39.336043], [-87.587312, 39.335644], [-87.587404, 39.33557], [-87.587716, 39.335318], [-87.587796, 39.335254], [-87.588026, 39.335024], [-87.588131, 39.334919], [-87.58854, 39.334511], [-87.58876, 39.334264], [-87.588885, 39.334122], [-87.589369, 39.333561], [-87.589748, 39.333108], [-87.590128, 39.332566], [-87.590399, 39.332128], [-87.590506, 39.331956], [-87.590724, 39.331684], [-87.591103, 39.331096], [-87.591375, 39.330745], [-87.59139, 39.330726], [-87.591499, 39.330558], [-87.591999, 39.329817], [-87.592325, 39.329284], [-87.592331, 39.329275], [-87.592686, 39.328665], [-87.592794, 39.328463], [-87.592961, 39.32815], [-87.593315, 39.327472], [-87.59349, 39.327151], [-87.593739, 39.326695], [-87.594116, 39.325999], [-87.594439, 39.325376], [-87.594824, 39.324675], [-87.595381, 39.323744], [-87.595655, 39.32336], [-87.595875, 39.323053], [-87.596465, 39.322455], [-87.596786, 39.322126], [-87.597, 39.321907], [-87.597311, 39.32165], [-87.597598, 39.321413], [-87.597859, 39.321166], [-87.598342, 39.320711], [-87.59889, 39.320275], [-87.599003, 39.320192], [-87.599284, 39.319982], [-87.599302, 39.319969], [-87.599329, 39.319949], [-87.59995, 39.319432], [-87.600448, 39.318925], [-87.60092, 39.318391], [-87.601223, 39.317907], [-87.601401, 39.317621], [-87.601567, 39.317356], [-87.601661, 39.31721], [-87.601773, 39.317039], [-87.601915, 39.316796], [-87.602, 39.316649], [-87.602136, 39.316415], [-87.602231, 39.316253], [-87.602366, 39.31604], [-87.602598, 39.315674], [-87.602868, 39.315272], [-87.603142, 39.314862], [-87.603395, 39.314485], [-87.603515, 39.314316], [-87.603843, 39.313852], [-87.604549, 39.312893], [-87.604925, 39.312397], [-87.605145, 39.312106], [-87.605447, 39.311679], [-87.605785, 39.311202], [-87.606102, 39.310853], [-87.606373, 39.310759], [-87.60655, 39.310698], [-87.606673, 39.31065], [-87.606949, 39.310542], [-87.607397, 39.310396], [-87.607936, 39.310159], [-87.608323, 39.309932], [-87.608548, 39.3098], [-87.60924, 39.309463], [-87.609754, 39.309279], [-87.610149, 39.309138], [-87.610156, 39.309134], [-87.610196, 39.309111], [-87.610922, 39.308895], [-87.611682, 39.308693], [-87.612517, 39.308504], [-87.612753, 39.308466], [-87.61324, 39.308387], [-87.613533, 39.30837], [-87.614075, 39.308338], [-87.61486, 39.308316], [-87.615758, 39.308307], [-87.615853, 39.308303], [-87.61648, 39.308276], [-87.617216, 39.308218], [-87.617531, 39.308172], [-87.617889, 39.30812], [-87.618611, 39.307972], [-87.618905, 39.307852], [-87.619158, 39.307748], [-87.619779, 39.307435], [-87.619794, 39.307427], [-87.619826, 39.307411], [-87.62005, 39.307257], [-87.620203, 39.307152], [-87.620416, 39.306928], [-87.620504, 39.306835], [-87.620717, 39.306519], [-87.620844, 39.30619], [-87.620865, 39.306135], [-87.620931, 39.305951], [-87.621026, 39.305684], [-87.621049, 39.305574], [-87.621111, 39.305291], [-87.621142, 39.30491], [-87.621156, 39.304728], [-87.62116, 39.304567], [-87.621165, 39.304286], [-87.621022, 39.303796], [-87.620713, 39.303279], [-87.62046, 39.302944], [-87.620431, 39.302907], [-87.620189, 39.302642], [-87.619837, 39.302315], [-87.619776, 39.302271], [-87.619518, 39.302083], [-87.619322, 39.301962], [-87.618982, 39.301752], [-87.618695, 39.301593], [-87.618378, 39.301417], [-87.617987, 39.301274], [-87.61792, 39.301249], [-87.617447, 39.301094], [-87.616985, 39.301], [-87.616799, 39.300962], [-87.616333, 39.300909], [-87.616076, 39.30088], [-87.615576, 39.300829], [-87.615502, 39.300828], [-87.615108, 39.300822], [-87.614642, 39.300847], [-87.614169, 39.300926], [-87.614056, 39.300945], [-87.613483, 39.301092], [-87.613123, 39.301238], [-87.613122, 39.301238], [-87.613057, 39.301268], [-87.612661, 39.301452], [-87.612529, 39.30151], [-87.612126, 39.301685], [-87.611466, 39.301941], [-87.610992, 39.302123], [-87.610947, 39.30214], [-87.610536, 39.302287], [-87.610395, 39.302338], [-87.610325, 39.302358], [-87.61012, 39.302416], [-87.609772, 39.302535], [-87.609654, 39.302577], [-87.609343, 39.302686], [-87.608763, 39.302847], [-87.608103, 39.303012], [-87.607651, 39.303096], [-87.60743, 39.303138], [-87.607, 39.303183], [-87.606669, 39.303218], [-87.6066, 39.30322], [-87.606184, 39.30323], [-87.605953, 39.303228], [-87.60578, 39.303227], [-87.60558, 39.303222], [-87.605332, 39.303216], [-87.604976, 39.303156], [-87.604687, 39.303107], [-87.603993, 39.30275], [-87.603899, 39.302696], [-87.60349, 39.302476], [-87.603228, 39.302335], [-87.602406, 39.301992], [-87.601796, 39.301779], [-87.601661, 39.301727], [-87.601423, 39.301633], [-87.601344, 39.301602], [-87.601103, 39.301508], [-87.600395, 39.301236], [-87.600327, 39.30121], [-87.600141, 39.301116], [-87.599657, 39.300871], [-87.599151, 39.300585], [-87.598657, 39.300205], [-87.598338, 39.299837], [-87.598306, 39.299795], [-87.597982, 39.299366], [-87.597769, 39.299038], [-87.597625, 39.298674], [-87.597565, 39.298521], [-87.597419, 39.297801], [-87.597429, 39.297625], [-87.59746, 39.297102], [-87.597573, 39.296683], [-87.597927, 39.296001], [-87.598349, 39.295408], [-87.598722, 39.294992], [-87.598869, 39.294841], [-87.599344, 39.294353], [-87.599867, 39.293817], [-87.59992, 39.293763], [-87.599953, 39.293729], [-87.600585, 39.293244], [-87.600762, 39.293107], [-87.601234, 39.292636], [-87.601723, 39.292286], [-87.601958, 39.292119], [-87.602373, 39.291814], [-87.602824, 39.291484], [-87.603387, 39.291082], [-87.603529, 39.29098], [-87.603761, 39.290764], [-87.604295, 39.290268], [-87.60437, 39.290201], [-87.604564, 39.290026], [-87.605029, 39.289607], [-87.605673, 39.289081], [-87.605813, 39.288962], [-87.606132, 39.288692], [-87.606155, 39.288673], [-87.60652, 39.288419], [-87.606847, 39.288129], [-87.60728, 39.287766], [-87.607737, 39.287367], [-87.608276, 39.286896], [-87.608456, 39.28673], [-87.608699, 39.286506], [-87.609095, 39.286035], [-87.609322, 39.285668], [-87.609408, 39.285529], [-87.609652, 39.284947], [-87.609778, 39.284518], [-87.609845, 39.284288], [-87.609917, 39.28399], [-87.60995, 39.2834], [-87.609949, 39.283393], [-87.609899, 39.282693], [-87.609919, 39.282249], [-87.609931, 39.281976], [-87.609906, 39.281735], [-87.609858, 39.281274], [-87.609787, 39.280477], [-87.60978, 39.280355], [-87.609766, 39.280103], [-87.609724, 39.27997], [-87.609679, 39.279827], [-87.609636, 39.27969], [-87.609631, 39.279675], [-87.609616, 39.279604], [-87.609495, 39.279018], [-87.609304, 39.278543], [-87.609298, 39.278528], [-87.609289, 39.278509], [-87.609126, 39.278133], [-87.608904, 39.277821], [-87.608899, 39.277814], [-87.608872, 39.27778], [-87.60874, 39.277619], [-87.60865, 39.277509], [-87.608497, 39.277321], [-87.608319, 39.277155], [-87.608108, 39.276958], [-87.607782, 39.276685], [-87.607665, 39.276587], [-87.607518, 39.276465], [-87.60698, 39.276139], [-87.606789, 39.276078], [-87.606518, 39.275993], [-87.606057, 39.275905], [-87.605633, 39.275849], [-87.605494, 39.275843], [-87.605159, 39.275829], [-87.604648, 39.275849], [-87.604587, 39.275847], [-87.60415, 39.275829], [-87.603689, 39.275764], [-87.603177, 39.275636], [-87.602556, 39.275464], [-87.602155, 39.275245], [-87.601755, 39.274959], [-87.601403, 39.274573], [-87.601186, 39.273961], [-87.60114, 39.273633], [-87.601174, 39.273304], [-87.60133, 39.272668], [-87.601648, 39.271905], [-87.601742, 39.271682], [-87.601842, 39.271443], [-87.60197, 39.271137], [-87.602128, 39.270783], [-87.60238, 39.270216], [-87.602776, 39.269313], [-87.603166, 39.268439], [-87.603218, 39.268324], [-87.603714, 39.267528], [-87.604017, 39.266964], [-87.604255, 39.266521], [-87.6046, 39.265812], [-87.604897, 39.264981], [-87.605229, 39.264069], [-87.605402, 39.26359], [-87.605467, 39.26341], [-87.605564, 39.262814], [-87.605626, 39.262436], [-87.60559, 39.261684], [-87.60556, 39.261542], [-87.605504, 39.261283], [-87.605484, 39.261243], [-87.605257, 39.260782], [-87.60525, 39.260767], [-87.604955, 39.260381], [-87.604493, 39.259797], [-87.604322, 39.259587], [-87.604246, 39.259492], [-87.604087, 39.25935], [-87.603905, 39.259188], [-87.603757, 39.259078], [-87.603653, 39.259001], [-87.604087, 39.259407], [-87.589108, 39.259371], [-87.551697, 39.259272], [-87.524147, 39.259191], [-87.517479, 39.259171], [-87.517296, 39.259314], [-87.497867, 39.27421], [-87.496674, 39.270949], [-87.49579, 39.26853], [-87.494776, 39.265756], [-87.492408, 39.25928], [-87.44181, 39.259177], [-87.418943, 39.259123], [-87.403633, 39.259084], [-87.395913, 39.266615], [-87.394262, 39.268225], [-87.393951, 39.268529], [-87.388586, 39.273761], [-87.387652, 39.272724], [-87.385153, 39.269948], [-87.37916, 39.263291], [-87.37546, 39.259179], [-87.373479, 39.259178], [-87.356229, 39.259167], [-87.281037, 39.25909], [-87.26197, 39.258998], [-87.249026, 39.258934], [-87.240041, 39.258888], [-87.240675, 39.240679], [-87.240972, 39.194481], [-87.240972, 39.194481], [-87.236089, 39.189441], [-87.2351, 39.188421], [-87.232432, 39.185667], [-87.184788, 39.162806], [-87.184782, 39.16281], [-87.184778, 39.162813], [-87.184775, 39.162815], [-87.184753, 39.16283], [-87.184744, 39.16283], [-87.184408, 39.162824], [-87.184194, 39.162819], [-87.183986, 39.162815], [-87.183528, 39.162806], [-87.183286, 39.162798], [-87.183042, 39.162791], [-87.18288, 39.162786], [-87.182232, 39.162765], [-87.179901, 39.162714], [-87.178581, 39.162683], [-87.17843, 39.162683], [-87.177991, 39.162685], [-87.177606, 39.162686], [-87.176251, 39.162691], [-87.173917, 39.162687], [-87.173464, 39.162687], [-87.173346, 39.162687], [-87.173281, 39.162687], [-87.172539, 39.162687], [-87.171858, 39.162671], [-87.171819, 39.16267], [-87.171679, 39.162667], [-87.170438, 39.162638], [-87.170116, 39.162624], [-87.169955, 39.162611], [-87.169923, 39.162609], [-87.169888, 39.162606], [-87.169844, 39.162603], [-87.169771, 39.162595], [-87.16975, 39.162593], [-87.169743, 39.162593], [-87.169654, 39.162584], [-87.16943, 39.162553], [-87.169352, 39.16254], [-87.169345, 39.162538], [-87.169335, 39.162537], [-87.16924, 39.16252], [-87.169123, 39.162496], [-87.169068, 39.162484], [-87.169046, 39.162479], [-87.169038, 39.162478], [-87.168992, 39.162468], [-87.16889, 39.162436], [-87.168805, 39.162409], [-87.168781, 39.162402], [-87.168774, 39.162399], [-87.168465, 39.162283], [-87.168327, 39.162229], [-87.168235, 39.162193], [-87.168002, 39.16208], [-87.167993, 39.162076], [-87.167983, 39.162071], [-87.167978, 39.162068], [-87.167936, 39.162044], [-87.16776, 39.161943], [-87.167744, 39.161932], [-87.167721, 39.161916], [-87.167707, 39.161907], [-87.167666, 39.161878], [-87.167611, 39.161841], [-87.167563, 39.161807], [-87.167339, 39.161645], [-87.167206, 39.16152], [-87.167202, 39.161516], [-87.167194, 39.161509], [-87.167121, 39.161441], [-87.166962, 39.161269], [-87.166958, 39.161265], [-87.166949, 39.161255], [-87.166921, 39.16122], [-87.166817, 39.161095], [-87.166682, 39.160923], [-87.166679, 39.160919], [-87.166626, 39.160825], [-87.166623, 39.160821], [-87.166623, 39.16082], [-87.166565, 39.160719], [-87.166485, 39.16056], [-87.166481, 39.160552], [-87.166452, 39.160493], [-87.166408, 39.160388], [-87.166365, 39.160283], [-87.166356, 39.160253], [-87.166355, 39.160252], [-87.166344, 39.160216], [-87.166329, 39.16017], [-87.166313, 39.160121], [-87.166297, 39.160057], [-87.16629, 39.160026], [-87.166289, 39.160022], [-87.166266, 39.159928], [-87.166226, 39.159749], [-87.166229, 39.159592], [-87.166228, 39.159588], [-87.166228, 39.159587], [-87.166228, 39.159586], [-87.166213, 39.159456], [-87.166217, 39.158424], [-87.16621, 39.158247], [-87.166195, 39.158111], [-87.166187, 39.158045], [-87.166187, 39.158043], [-87.166185, 39.15803], [-87.166154, 39.157852], [-87.166102, 39.157666], [-87.166022, 39.157458], [-87.165914, 39.157234], [-87.165895, 39.157203], [-87.16588, 39.157177], [-87.165871, 39.157163], [-87.165757, 39.156975], [-87.165625, 39.156801], [-87.165578, 39.156743], [-87.16549, 39.156637], [-87.165411, 39.156559], [-87.165318, 39.156467], [-87.16518, 39.156346], [-87.165174, 39.156341], [-87.16517, 39.156337], [-87.165152, 39.156322], [-87.165024, 39.156218], [-87.164824, 39.156068], [-87.164821, 39.156065], [-87.164807, 39.156057], [-87.164767, 39.156032], [-87.164753, 39.156024], [-87.1646, 39.15593], [-87.164471, 39.155859], [-87.164367, 39.155801], [-87.164286, 39.155766], [-87.164198, 39.155728], [-87.164178, 39.15572], [-87.164173, 39.155718], [-87.164113, 39.155692], [-87.163999, 39.155646], [-87.163981, 39.155639], [-87.163957, 39.155629], [-87.163843, 39.155583], [-87.163724, 39.155544], [-87.163644, 39.155517], [-87.163595, 39.155502], [-87.163567, 39.155492], [-87.163432, 39.155452], [-87.163328, 39.155421], [-87.163154, 39.15539], [-87.162982, 39.155368], [-87.162951, 39.155364], [-87.162943, 39.155363], [-87.162933, 39.155362], [-87.162922, 39.155361], [-87.162903, 39.155359], [-87.162903, 39.155358], [-87.162899, 39.155358], [-87.162719, 39.155336], [-87.162577, 39.155319], [-87.162501, 39.15531], [-87.162325, 39.155295], [-87.162308, 39.155294], [-87.162042, 39.155294], [-87.162041, 39.155294], [-87.162037, 39.155294], [-87.161675, 39.155302], [-87.16018, 39.155322], [-87.158848, 39.155339], [-87.158558, 39.15534], [-87.158043, 39.155343], [-87.156313, 39.155322], [-87.15506, 39.155306], [-87.152078, 39.155267], [-87.151694, 39.155262], [-87.151488, 39.155259], [-87.151247, 39.155256], [-87.150396, 39.155244], [-87.147597, 39.155204], [-87.147453, 39.155202], [-87.143677, 39.155137], [-87.139954, 39.155063], [-87.137922, 39.155011], [-87.136202, 39.154967], [-87.132533, 39.154886], [-87.130732, 39.154855], [-87.129382, 39.154832], [-87.12904, 39.154823], [-87.128997, 39.154822], [-87.128853, 39.154818], [-87.126898, 39.154757], [-87.125135, 39.154701], [-87.124167, 39.154686], [-87.122253, 39.154656], [-87.121944, 39.15464], [-87.12175, 39.154628], [-87.121641, 39.154621], [-87.121575, 39.154613], [-87.121417, 39.154593], [-87.121251, 39.154558], [-87.121175, 39.154543], [-87.120902, 39.154474], [-87.12077, 39.154435], [-87.120679, 39.154407], [-87.120625, 39.154387], [-87.120615, 39.154383], [-87.120597, 39.154376], [-87.120521, 39.154347], [-87.120473, 39.154329], [-87.120299, 39.154253], [-87.120203, 39.154204], [-87.120153, 39.154179], [-87.120143, 39.154174], [-87.120133, 39.154169], [-87.120106, 39.154155], [-87.12004, 39.154117], [-87.120026, 39.154109], [-87.120009, 39.154099], [-87.119955, 39.154068], [-87.119937, 39.154058], [-87.119876, 39.154019], [-87.119772, 39.153953], [-87.119701, 39.153904], [-87.119666, 39.153879], [-87.119589, 39.153826], [-87.119539, 39.153791], [-87.119247, 39.153596], [-87.119105, 39.153496], [-87.118929, 39.153372], [-87.118336, 39.152961], [-87.11784, 39.152617], [-87.117411, 39.15232], [-87.1171, 39.152107], [-87.117087, 39.152098], [-87.116721, 39.151849], [-87.11639, 39.15162], [-87.116344, 39.151591], [-87.116182, 39.151487], [-87.115973, 39.151365], [-87.115762, 39.151258], [-87.115619, 39.151197], [-87.11555, 39.151168], [-87.115471, 39.151139], [-87.115305, 39.15108], [-87.11527, 39.151069], [-87.115063, 39.151004], [-87.114809, 39.150947], [-87.114555, 39.150902], [-87.114337, 39.150876], [-87.114326, 39.150875], [-87.11428, 39.150873], [-87.114249, 39.150872], [-87.114218, 39.150871], [-87.114141, 39.150868], [-87.114114, 39.150866], [-87.113906, 39.150852], [-87.113639, 39.150853], [-87.11126, 39.150841], [-87.110727, 39.150839], [-87.110471, 39.150838], [-87.110471, 39.150838], [-87.110468, 39.150838], [-87.110265, 39.150837], [-87.108586, 39.150824], [-87.1081, 39.15082], [-87.107781, 39.150813], [-87.107616, 39.150803], [-87.107579, 39.1508], [-87.107546, 39.150798], [-87.107518, 39.150796], [-87.107515, 39.150796], [-87.107494, 39.150794], [-87.107261, 39.15077], [-87.107043, 39.150752], [-87.107036, 39.15075], [-87.107021, 39.150749], [-87.106983, 39.150743], [-87.106765, 39.150714], [-87.106498, 39.150676], [-87.106454, 39.150669], [-87.106341, 39.150652], [-87.106311, 39.150647], [-87.106303, 39.150646], [-87.106288, 39.150644], [-87.106281, 39.150643], [-87.106249, 39.150636], [-87.106147, 39.150614], [-87.106017, 39.150586], [-87.104321, 39.150243], [-87.104019, 39.150182], [-87.103718, 39.150121], [-87.103438, 39.150064], [-87.103163, 39.150009], [-87.101756, 39.149727], [-87.100994, 39.149574], [-87.100877, 39.149553], [-87.100685, 39.149517], [-87.100579, 39.149497], [-87.099604, 39.149316], [-87.098599, 39.149123], [-87.098248, 39.149058], [-87.097811, 39.148978], [-87.097756, 39.148968], [-87.097726, 39.148962], [-87.097084, 39.148843], [-87.096608, 39.148756], [-87.096469, 39.148728], [-87.096085, 39.148652], [-87.095938, 39.148623], [-87.095435, 39.148519], [-87.094256, 39.148276], [-87.094069, 39.148237], [-87.094042, 39.148231], [-87.093955, 39.148208], [-87.093941, 39.148204], [-87.093864, 39.148183], [-87.09368, 39.148133], [-87.093518, 39.148086], [-87.093437, 39.148056], [-87.093372, 39.148032], [-87.093362, 39.148029], [-87.09336, 39.148028], [-87.093337, 39.148018], [-87.093196, 39.147955], [-87.093152, 39.147932], [-87.093037, 39.147874], [-87.092911, 39.147808], [-87.092812, 39.147757], [-87.092803, 39.147752], [-87.092786, 39.147743], [-87.092749, 39.147724], [-87.092723, 39.14771], [-87.092665, 39.14768], [-87.092623, 39.147658], [-87.092607, 39.14765], [-87.092553, 39.147622], [-87.092507, 39.147598], [-87.092228, 39.147474], [-87.092094, 39.147422], [-87.092085, 39.147419], [-87.092055, 39.147408], [-87.091974, 39.147376], [-87.091772, 39.147307], [-87.091764, 39.147306], [-87.091749, 39.147302], [-87.091741, 39.1473], [-87.091736, 39.147299], [-87.091612, 39.147269], [-87.091518, 39.147249], [-87.091466, 39.147237], [-87.09146, 39.147236], [-87.09145, 39.147234], [-87.091429, 39.147229], [-87.091401, 39.147224], [-87.091397, 39.147224], [-87.091369, 39.147219], [-87.091233, 39.147196], [-87.091089, 39.147179], [-87.091056, 39.147175], [-87.091026, 39.147172], [-87.090988, 39.147167], [-87.090883, 39.147164], [-87.090844, 39.147163], [-87.090754, 39.14716], [-87.090712, 39.147158], [-87.090662, 39.147156], [-87.090616, 39.147153], [-87.090587, 39.147152], [-87.09047, 39.147146], [-87.090127, 39.147144], [-87.089714, 39.14714], [-87.089028, 39.147152], [-87.088635, 39.147156], [-87.088479, 39.147157], [-87.088205, 39.147159], [-87.085348, 39.147184], [-87.081643, 39.147196], [-87.077898, 39.147203], [-87.075774, 39.147207], [-87.074368, 39.14721], [-87.07419, 39.14721], [-87.074165, 39.14721], [-87.073847, 39.147212], [-87.073444, 39.147214], [-87.073199, 39.147215], [-87.072589, 39.147217], [-87.07084, 39.147225], [-87.07049, 39.147227], [-87.070449, 39.147227], [-87.068526, 39.14724], [-87.066884, 39.147252], [-87.066722, 39.147253], [-87.062959, 39.147291], [-87.059181, 39.147307], [-87.055614, 39.147328], [-87.054555, 39.147337], [-87.0519, 39.147358], [-87.048173, 39.147393], [-87.047225, 39.147399], [-87.046799, 39.147402], [-87.046058, 39.147406], [-87.045578, 39.14741], [-87.045067, 39.147414], [-87.044465, 39.147419], [-87.044039, 39.147419], [-87.042763, 39.147422], [-87.04126, 39.147436], [-87.040635, 39.147441], [-87.038369, 39.147445], [-87.036933, 39.14745], [-87.036097, 39.147452], [-87.035871, 39.147452], [-87.035822, 39.147452], [-87.035803, 39.147453], [-87.035537, 39.147457], [-87.033244, 39.147494], [-87.032766, 39.147499], [-87.032626, 39.147501], [-87.03261, 39.147501], [-87.032422, 39.147505], [-87.032282, 39.147507], [-87.031284, 39.147525], [-87.03111, 39.147524], [-87.031074, 39.147524], [-87.031061, 39.147524], [-87.031033, 39.147524], [-87.030943, 39.147523], [-87.030668, 39.147522], [-87.030355, 39.14752], [-87.029643, 39.147516], [-87.025861, 39.147503], [-87.022101, 39.147511], [-87.020286, 39.147518], [-87.019465, 39.147504], [-87.019294, 39.147498], [-87.019059, 39.147489], [-87.019027, 39.147487], [-87.019026, 39.147487], [-87.019013, 39.147487], [-87.01891, 39.147481], [-87.018813, 39.147476], [-87.018605, 39.147466], [-87.018572, 39.147461], [-87.018567, 39.14746], [-87.018506, 39.147451], [-87.018381, 39.147433], [-87.018104, 39.14739], [-87.01715, 39.147242], [-87.017052, 39.147226], [-87.016937, 39.147208], [-87.016128, 39.147079], [-87.0161, 39.147075], [-87.01609, 39.147073], [-87.015996, 39.147058], [-87.015849, 39.147035], [-87.015583, 39.146992], [-87.015298, 39.146954], [-87.014985, 39.146923], [-87.014695, 39.146899], [-87.014591, 39.146895], [-87.014578, 39.146895], [-87.014567, 39.146894], [-87.014385, 39.146887], [-87.014271, 39.146887], [-87.014169, 39.146886], [-87.01403, 39.146885], [-87.012545, 39.146889], [-87.012378, 39.14689], [-87.012263, 39.14689], [-87.011397, 39.146892], [-87.010542, 39.146895], [-87.009896, 39.146897], [-87.009745, 39.146898], [-87.00957, 39.146898], [-87.008688, 39.146901], [-87.007625, 39.146905], [-87.005197, 39.146938], [-87.005106, 39.146938], [-87.004955, 39.146939], [-87.004711, 39.146939], [-87.003972, 39.146941], [-87.00327, 39.146943], [-87.002784, 39.146944], [-87.002393, 39.146945], [-87.00061, 39.14695], [-86.998776, 39.146961], [-86.998663, 39.146967], [-86.996067, 39.146957], [-86.995045, 39.146953], [-86.994329, 39.14695], [-86.993979, 39.146948], [-86.993838, 39.14693], [-86.993837, 39.14693], [-86.993833, 39.146928], [-86.993798, 39.146907], [-86.993746, 39.146876], [-86.993713, 39.146833], [-86.993691, 39.146804], [-86.99367, 39.146746], [-86.993654, 39.146705], [-86.993608, 39.145222], [-86.993607, 39.145214], [-86.993591, 39.144694], [-86.993583, 39.144439], [-86.993582, 39.144295], [-86.993581, 39.143932], [-86.993581, 39.143932], [-86.993575, 39.142704], [-86.993557, 39.141051], [-86.993551, 39.139804], [-86.993551, 39.139803], [-86.993551, 39.139803], [-86.993551, 39.139645], [-86.993549, 39.139591], [-86.993549, 39.139578], [-86.993549, 39.139576], [-86.993546, 39.139462], [-86.99352, 39.138545], [-86.993502, 39.136216], [-86.993472, 39.135493], [-86.993435, 39.134599], [-86.993421, 39.134555], [-86.993404, 39.134504], [-86.993348, 39.134448], [-86.993337, 39.134436], [-86.993331, 39.134432], [-86.993309, 39.134419], [-86.993282, 39.134403], [-86.993239, 39.134378], [-86.992958, 39.134324], [-86.992359, 39.13429], [-86.992053, 39.134273], [-86.991999, 39.13427], [-86.990221, 39.13417], [-86.989035, 39.134108], [-86.987906, 39.134048], [-86.986737, 39.133976], [-86.986504, 39.133965], [-86.986482, 39.133964], [-86.986455, 39.133963], [-86.986449, 39.133962], [-86.986437, 39.133961], [-86.986426, 39.133959], [-86.986421, 39.133959], [-86.986253, 39.13394], [-86.986063, 39.133904], [-86.985978, 39.133868], [-86.985904, 39.133836], [-86.985889, 39.133829], [-86.985794, 39.133781], [-86.985643, 39.133706], [-86.985469, 39.13362], [-86.985449, 39.133608], [-86.985322, 39.13353], [-86.98521, 39.133462], [-86.985151, 39.133426], [-86.984913, 39.133251], [-86.98482, 39.133182], [-86.984735, 39.13312], [-86.984725, 39.13311], [-86.984722, 39.133107], [-86.984707, 39.133091], [-86.984647, 39.133029], [-86.9846, 39.13298], [-86.984497, 39.132894], [-86.984417, 39.132827], [-86.984342, 39.132769], [-86.984315, 39.132749], [-86.984296, 39.132735], [-86.984276, 39.132719], [-86.984268, 39.132714], [-86.984253, 39.132705], [-86.984195, 39.132671], [-86.984147, 39.132642], [-86.984025, 39.132579], [-86.983872, 39.132534], [-86.98379, 39.13252], [-86.983756, 39.132513], [-86.983703, 39.132504], [-86.983684, 39.132501], [-86.98367, 39.132498], [-86.983656, 39.132498], [-86.983577, 39.132496], [-86.983341, 39.13249], [-86.982733, 39.132475], [-86.982586, 39.132453], [-86.982503, 39.132417], [-86.982474, 39.132404], [-86.982455, 39.132397], [-86.982439, 39.13239], [-86.982435, 39.132387], [-86.982431, 39.132383], [-86.982368, 39.132334], [-86.982353, 39.132322], [-86.982271, 39.132226], [-86.982268, 39.132224], [-86.982268, 39.132223], [-86.98224, 39.132166], [-86.982238, 39.13216], [-86.982224, 39.132131], [-86.981994, 39.131651], [-86.981785, 39.131214], [-86.981748, 39.131128], [-86.981723, 39.131069], [-86.981694, 39.131028], [-86.981656, 39.130975], [-86.981583, 39.130898], [-86.981555, 39.130886], [-86.981448, 39.13084], [-86.981365, 39.130835], [-86.981364, 39.130835], [-86.981343, 39.130834], [-86.981276, 39.130831], [-86.979813, 39.13088], [-86.979623, 39.13088], [-86.979434, 39.130848], [-86.979415, 39.130835], [-86.979403, 39.130826], [-86.979378, 39.130808], [-86.979342, 39.130781], [-86.979306, 39.130709], [-86.979304, 39.130705], [-86.979304, 39.130703], [-86.979293, 39.130682], [-86.979293, 39.130681], [-86.979292, 39.130678], [-86.979274, 39.130555], [-86.979265, 39.129351], [-86.97926, 39.128607], [-86.97926, 39.128604], [-86.979233, 39.125149], [-86.979226, 39.123948], [-86.979226, 39.123948], [-86.979226, 39.123948], [-86.979221, 39.12318], [-86.979229, 39.122986], [-86.979237, 39.122762], [-86.979237, 39.12276], [-86.979237, 39.122759], [-86.979243, 39.12261], [-86.979246, 39.122522], [-86.979244, 39.122307], [-86.979241, 39.122074], [-86.979241, 39.122074], [-86.979241, 39.122073], [-86.979241, 39.122041], [-86.979241, 39.12204], [-86.979241, 39.122039], [-86.97922, 39.121553], [-86.97922, 39.120995], [-86.97922, 39.120724], [-86.979218, 39.120393], [-86.979216, 39.120039], [-86.979217, 39.119532], [-86.979218, 39.119016], [-86.979218, 39.119015], [-86.979218, 39.118959], [-86.979218, 39.118791], [-86.979216, 39.118791], [-86.979156, 39.118792], [-86.976717, 39.118813], [-86.976623, 39.118813], [-86.976609, 39.118813], [-86.976581, 39.118813], [-86.976566, 39.118813], [-86.976526, 39.118806], [-86.976399, 39.118782], [-86.976324, 39.118737], [-86.976276, 39.118708], [-86.976258, 39.118698], [-86.976257, 39.118699], [-86.976245, 39.118711], [-86.976235, 39.118723], [-86.976108, 39.118859], [-86.976032, 39.11894], [-86.975958, 39.119021], [-86.975759, 39.119234], [-86.97569, 39.119321], [-86.975637, 39.119386], [-86.975633, 39.119391], [-86.97563, 39.119395], [-86.975601, 39.119431], [-86.975442, 39.119627], [-86.975421, 39.119654], [-86.975386, 39.119697], [-86.975372, 39.119715], [-86.975367, 39.119721], [-86.975347, 39.119745], [-86.975284, 39.119824], [-86.975248, 39.119869], [-86.97514, 39.120003], [-86.975126, 39.12002], [-86.975125, 39.120021], [-86.97509, 39.120079], [-86.975069, 39.120114], [-86.975068, 39.120115], [-86.975067, 39.120117], [-86.975047, 39.120149], [-86.975043, 39.120194], [-86.975038, 39.120239], [-86.975034, 39.120353], [-86.975036, 39.120556], [-86.975038, 39.120699], [-86.975039, 39.120759], [-86.97504, 39.12084], [-86.975041, 39.120965], [-86.975043, 39.121063], [-86.975044, 39.121171], [-86.975045, 39.121265], [-86.975046, 39.121313], [-86.975046, 39.121314], [-86.975047, 39.121378], [-86.975048, 39.12145], [-86.975048, 39.12145], [-86.975049, 39.121584], [-86.975051, 39.121752], [-86.975037, 39.121866], [-86.975028, 39.121941], [-86.975012, 39.122019], [-86.975004, 39.122057], [-86.975004, 39.122059], [-86.975001, 39.122071], [-86.975001, 39.122073], [-86.974998, 39.122078], [-86.974941, 39.122181], [-86.974845, 39.122324], [-86.974817, 39.122347], [-86.97473, 39.12242], [-86.974708, 39.122434], [-86.974651, 39.122471], [-86.974541, 39.122542], [-86.97439, 39.122624], [-86.974126, 39.122772], [-86.973862, 39.122921], [-86.973823, 39.122943], [-86.973809, 39.12295], [-86.97376, 39.122978], [-86.973598, 39.123069], [-86.973555, 39.123093], [-86.973498, 39.123125], [-86.973459, 39.123147], [-86.973337, 39.123216], [-86.973334, 39.123217], [-86.973267, 39.123255], [-86.973251, 39.123264], [-86.973246, 39.123267], [-86.973205, 39.12329], [-86.973141, 39.123326], [-86.973047, 39.123379], [-86.973035, 39.123386], [-86.973029, 39.12339], [-86.972948, 39.123436], [-86.972783, 39.12352], [-86.972663, 39.123582], [-86.972577, 39.123619], [-86.972574, 39.12362], [-86.972569, 39.123622], [-86.972502, 39.123651], [-86.972484, 39.123659], [-86.972378, 39.123704], [-86.972305, 39.123736], [-86.972057, 39.123825], [-86.972031, 39.123834], [-86.972014, 39.123839], [-86.97197, 39.123854], [-86.971884, 39.123882], [-86.971818, 39.123904], [-86.97158, 39.123982], [-86.971341, 39.124061], [-86.971057, 39.124153], [-86.97093, 39.124194], [-86.970774, 39.124244], [-86.970593, 39.124302], [-86.970574, 39.124308], [-86.97049, 39.124336], [-86.970207, 39.124427], [-86.969923, 39.124519], [-86.969777, 39.124566], [-86.969652, 39.124606], [-86.969639, 39.12461], [-86.969615, 39.124618], [-86.969356, 39.124702], [-86.969072, 39.124794], [-86.968906, 39.124848], [-86.96888, 39.124856], [-86.96888, 39.124856], [-86.968793, 39.124884], [-86.968648, 39.124932], [-86.968606, 39.124945], [-86.968564, 39.124959], [-86.968513, 39.124975], [-86.968372, 39.125021], [-86.968315, 39.12504], [-86.968308, 39.125042], [-86.968234, 39.125066], [-86.96801, 39.125139], [-86.967957, 39.125156], [-86.967954, 39.125157], [-86.96795, 39.125158], [-86.967936, 39.125163], [-86.967675, 39.125248], [-86.967586, 39.125277], [-86.967504, 39.125303], [-86.967483, 39.12531], [-86.967462, 39.125317], [-86.967396, 39.125339], [-86.96733, 39.12536], [-86.967268, 39.12538], [-86.967116, 39.12543], [-86.966939, 39.125505], [-86.966912, 39.125517], [-86.966885, 39.125528], [-86.966654, 39.125627], [-86.966423, 39.125726], [-86.966423, 39.125726], [-86.966403, 39.125735], [-86.966184, 39.125833], [-86.966125, 39.12586], [-86.966086, 39.125877], [-86.966022, 39.125906], [-86.965945, 39.125941], [-86.965924, 39.12595], [-86.965896, 39.125963], [-86.965887, 39.125967], [-86.965883, 39.125969], [-86.965808, 39.126002], [-86.965706, 39.126048], [-86.965616, 39.126092], [-86.965466, 39.126166], [-86.965226, 39.126284], [-86.964985, 39.126402], [-86.964927, 39.126434], [-86.964762, 39.126525], [-86.96454, 39.126648], [-86.964356, 39.126765], [-86.964328, 39.126782], [-86.964117, 39.126916], [-86.963943, 39.127047], [-86.963919, 39.127065], [-86.963837, 39.127126], [-86.963831, 39.12713], [-86.96381, 39.127146], [-86.963768, 39.127177], [-86.963659, 39.127261], [-86.963559, 39.127338], [-86.963484, 39.127396], [-86.963458, 39.127416], [-86.963448, 39.127424], [-86.96335, 39.127499], [-86.963279, 39.127552], [-86.963262, 39.127565], [-86.963235, 39.127585], [-86.963194, 39.127615], [-86.963038, 39.127732], [-86.962895, 39.127846], [-86.962765, 39.127951], [-86.962753, 39.12796], [-86.962738, 39.127973], [-86.96263, 39.128062], [-86.962528, 39.128146], [-86.96249, 39.12818], [-86.962478, 39.128191], [-86.962399, 39.128261], [-86.962271, 39.128375], [-86.96221, 39.12843], [-86.962128, 39.128504], [-86.961986, 39.128632], [-86.961895, 39.128716], [-86.961862, 39.128747], [-86.961826, 39.128787], [-86.961751, 39.128872], [-86.961641, 39.128997], [-86.961457, 39.129201], [-86.961343, 39.129346], [-86.961248, 39.129465], [-86.961239, 39.129476], [-86.96123, 39.129488], [-86.961228, 39.12949], [-86.961201, 39.129524], [-86.961179, 39.129551], [-86.96112, 39.129626], [-86.961076, 39.12968], [-86.961018, 39.129752], [-86.960924, 39.129869], [-86.960761, 39.130075], [-86.960644, 39.130223], [-86.960636, 39.130233], [-86.960636, 39.130233], [-86.960598, 39.13028], [-86.960556, 39.130334], [-86.960547, 39.130345], [-86.960509, 39.130393], [-86.96047, 39.130442], [-86.960341, 39.130605], [-86.960291, 39.130667], [-86.960212, 39.130767], [-86.960082, 39.130936], [-86.960061, 39.130964], [-86.960044, 39.130985], [-86.959909, 39.131161], [-86.959852, 39.131235], [-86.959824, 39.131272], [-86.959818, 39.131279], [-86.959817, 39.131281], [-86.959757, 39.131359], [-86.959606, 39.131556], [-86.959454, 39.131753], [-86.959302, 39.13195], [-86.959256, 39.132012], [-86.95913, 39.13218], [-86.958957, 39.132409], [-86.958908, 39.132475], [-86.958889, 39.132499], [-86.958876, 39.132517], [-86.958872, 39.132522], [-86.958862, 39.132536], [-86.958785, 39.132638], [-86.958649, 39.132818], [-86.95864, 39.132829], [-86.958612, 39.132867], [-86.958501, 39.133015], [-86.958439, 39.133096], [-86.958289, 39.133296], [-86.958281, 39.133307], [-86.958267, 39.133326], [-86.958233, 39.133371], [-86.958148, 39.133484], [-86.958096, 39.133553], [-86.958094, 39.133555], [-86.958088, 39.133563], [-86.957922, 39.133784], [-86.957807, 39.133936], [-86.957787, 39.133962], [-86.957749, 39.134013], [-86.95772, 39.134051], [-86.957704, 39.134072], [-86.95765, 39.134141], [-86.957588, 39.13422], [-86.957427, 39.134427], [-86.957398, 39.134464], [-86.957361, 39.134512], [-86.957357, 39.134518], [-86.957351, 39.134525], [-86.957305, 39.134585], [-86.957267, 39.134634], [-86.957128, 39.134812], [-86.957115, 39.134828], [-86.957112, 39.134832], [-86.957106, 39.13484], [-86.9571, 39.134847], [-86.956954, 39.135035], [-86.956945, 39.135047], [-86.956944, 39.135048], [-86.956784, 39.135254], [-86.956621, 39.135466], [-86.956618, 39.135471], [-86.956616, 39.135474], [-86.956534, 39.13558], [-86.956451, 39.135688], [-86.956285, 39.135904], [-86.956119, 39.136121], [-86.956024, 39.136245], [-86.95602, 39.13625], [-86.956019, 39.136252], [-86.956004, 39.136271], [-86.955981, 39.136301], [-86.955953, 39.136338], [-86.95592, 39.13638], [-86.955917, 39.136384], [-86.95591, 39.136394], [-86.955786, 39.136555], [-86.95562, 39.136771], [-86.955454, 39.136988], [-86.955429, 39.137021], [-86.955333, 39.137146], [-86.955287, 39.137205], [-86.955214, 39.1373], [-86.955153, 39.13738], [-86.955121, 39.137422], [-86.95499, 39.137592], [-86.954986, 39.137598], [-86.954974, 39.137613], [-86.954955, 39.137639], [-86.954944, 39.137652], [-86.954944, 39.137653], [-86.954935, 39.137664], [-86.954823, 39.137807], [-86.954804, 39.137832], [-86.954792, 39.137847], [-86.954749, 39.137902], [-86.954747, 39.137905], [-86.954745, 39.137907], [-86.954727, 39.137931], [-86.954653, 39.138025], [-86.95455, 39.138157], [-86.954503, 39.138218], [-86.954352, 39.138411], [-86.954277, 39.138507], [-86.954201, 39.138604], [-86.954048, 39.138797], [-86.953895, 39.138989], [-86.953742, 39.139182], [-86.95359, 39.139374], [-86.953437, 39.139567], [-86.953365, 39.139657], [-86.953365, 39.139658], [-86.953361, 39.139662], [-86.953356, 39.139668], [-86.953355, 39.139669], [-86.953335, 39.139697], [-86.953324, 39.139713], [-86.953259, 39.139801], [-86.953193, 39.139892], [-86.953127, 39.139982], [-86.95303, 39.140114], [-86.952938, 39.14024], [-86.952895, 39.140299], [-86.952889, 39.140306], [-86.952876, 39.140324], [-86.952867, 39.140336], [-86.952834, 39.140382], [-86.952705, 39.140559], [-86.952619, 39.140676], [-86.952542, 39.140781], [-86.952456, 39.140898], [-86.952409, 39.140963], [-86.952399, 39.140976], [-86.952379, 39.141004], [-86.952367, 39.14102], [-86.952362, 39.141027], [-86.952216, 39.141226], [-86.952204, 39.141243], [-86.952054, 39.141448], [-86.951914, 39.141639], [-86.9519, 39.141659], [-86.951891, 39.141671], [-86.951831, 39.141752], [-86.951749, 39.141865], [-86.951728, 39.141893], [-86.951711, 39.141916], [-86.951565, 39.142107], [-86.951401, 39.142321], [-86.951238, 39.142534], [-86.951074, 39.142748], [-86.950936, 39.142929], [-86.950911, 39.142962], [-86.950748, 39.143175], [-86.950584, 39.143389], [-86.950421, 39.143603], [-86.950257, 39.143817], [-86.950222, 39.143862], [-86.95021, 39.143877], [-86.950208, 39.14388], [-86.9501, 39.144019], [-86.949943, 39.144222], [-86.949786, 39.144425], [-86.9497, 39.144536], [-86.949679, 39.144563], [-86.949678, 39.144565], [-86.949673, 39.144571], [-86.949644, 39.144609], [-86.949629, 39.144628], [-86.949529, 39.144758], [-86.949519, 39.144771], [-86.949515, 39.144776], [-86.949473, 39.14483], [-86.949316, 39.145033], [-86.949159, 39.145236], [-86.949083, 39.14533], [-86.949079, 39.145335], [-86.949077, 39.145337], [-86.949016, 39.145413], [-86.948962, 39.145481], [-86.948944, 39.145503], [-86.948937, 39.145512], [-86.948929, 39.145522], [-86.948874, 39.145591], [-86.94875, 39.145745], [-86.948731, 39.145769], [-86.948728, 39.145772], [-86.948714, 39.14579], [-86.948702, 39.145806], [-86.948575, 39.145971], [-86.9485, 39.146068], [-86.948418, 39.146174], [-86.948297, 39.146332], [-86.948288, 39.146343], [-86.948266, 39.146373], [-86.948262, 39.146377], [-86.948258, 39.146383], [-86.948252, 39.14639], [-86.948229, 39.14642], [-86.948106, 39.14658], [-86.94795, 39.146783], [-86.947879, 39.146874], [-86.947793, 39.146986], [-86.947677, 39.147137], [-86.947637, 39.147189], [-86.947633, 39.147194], [-86.947616, 39.147217], [-86.94761, 39.147224], [-86.947607, 39.147227], [-86.947481, 39.147392], [-86.947391, 39.14751], [-86.947387, 39.147515], [-86.947385, 39.147517], [-86.947367, 39.147541], [-86.947306, 39.147621], [-86.947221, 39.147733], [-86.947132, 39.147849], [-86.947131, 39.147851], [-86.947131, 39.147851], [-86.946961, 39.148074], [-86.946957, 39.14808], [-86.946957, 39.14808], [-86.946956, 39.148081], [-86.946951, 39.148087], [-86.946943, 39.148097], [-86.946782, 39.14831], [-86.946627, 39.148513], [-86.946619, 39.148524], [-86.946607, 39.148539], [-86.946607, 39.14854], [-86.946593, 39.148558], [-86.946546, 39.14862], [-86.946478, 39.14871], [-86.946405, 39.148806], [-86.946349, 39.148881], [-86.94622, 39.149051], [-86.946049, 39.149276], [-86.945895, 39.14948], [-86.945879, 39.149501], [-86.945853, 39.149536], [-86.945708, 39.149727], [-86.945568, 39.149911], [-86.945567, 39.149913], [-86.945564, 39.149917], [-86.945552, 39.149933], [-86.945538, 39.149952], [-86.945489, 39.150016], [-86.945367, 39.150177], [-86.945216, 39.150377], [-86.945197, 39.150402], [-86.945084, 39.150551], [-86.94503, 39.150623], [-86.945026, 39.150627], [-86.945025, 39.150629], [-86.945019, 39.150637], [-86.944955, 39.150721], [-86.944856, 39.150852], [-86.944717, 39.151036], [-86.944711, 39.151044], [-86.944685, 39.151078], [-86.944572, 39.151219], [-86.944566, 39.151226], [-86.944543, 39.151255], [-86.944521, 39.151282], [-86.944357, 39.151487], [-86.944322, 39.15153], [-86.944284, 39.151578], [-86.944275, 39.151589], [-86.944192, 39.151692], [-86.944141, 39.151756], [-86.944111, 39.151792], [-86.944043, 39.151877], [-86.944028, 39.151896], [-86.944004, 39.151924], [-86.943946, 39.151991], [-86.94391, 39.152033], [-86.943893, 39.152052], [-86.943758, 39.152208], [-86.943747, 39.152221], [-86.94373, 39.152241], [-86.943726, 39.152245], [-86.943724, 39.152248], [-86.943623, 39.152365], [-86.943522, 39.152471], [-86.943476, 39.15252], [-86.943329, 39.152675], [-86.943191, 39.152827], [-86.943179, 39.15284], [-86.94316, 39.152861], [-86.943152, 39.15287], [-86.943085, 39.152945], [-86.943067, 39.152964], [-86.943029, 39.153006], [-86.942975, 39.153065], [-86.942818, 39.153212], [-86.942678, 39.153342], [-86.942662, 39.153357], [-86.942661, 39.153358], [-86.94266, 39.153359], [-86.942632, 39.153385], [-86.942504, 39.153504], [-86.942489, 39.153518], [-86.942475, 39.153531], [-86.94247, 39.153536], [-86.942392, 39.153608], [-86.942373, 39.153626], [-86.942364, 39.153635], [-86.942361, 39.153638], [-86.942359, 39.153639], [-86.942303, 39.153692], [-86.942281, 39.153712], [-86.942156, 39.15382], [-86.942148, 39.153826], [-86.942123, 39.153848], [-86.942109, 39.15386], [-86.942055, 39.153907], [-86.942031, 39.153927], [-86.942028, 39.153929], [-86.942016, 39.15394], [-86.941961, 39.153987], [-86.941936, 39.154009], [-86.941796, 39.154121], [-86.941785, 39.15413], [-86.941656, 39.154234], [-86.941426, 39.15442], [-86.941363, 39.154471], [-86.941338, 39.154492], [-86.94133, 39.154498], [-86.941274, 39.154543], [-86.941158, 39.154638], [-86.941123, 39.154666], [-86.940939, 39.1548], [-86.940755, 39.154934], [-86.94058, 39.155063], [-86.940473, 39.155142], [-86.940406, 39.155192], [-86.940206, 39.155342], [-86.940168, 39.15537], [-86.940139, 39.155392], [-86.939931, 39.155548], [-86.939821, 39.155631], [-86.939694, 39.155727], [-86.939456, 39.155905], [-86.939341, 39.155992], [-86.939219, 39.156084], [-86.939041, 39.156218], [-86.938982, 39.156262], [-86.938966, 39.156274], [-86.938942, 39.156292], [-86.938744, 39.15644], [-86.938622, 39.156532], [-86.938569, 39.156572], [-86.938507, 39.156619], [-86.938447, 39.156664], [-86.938402, 39.156697], [-86.938395, 39.156703], [-86.93838, 39.156714], [-86.938309, 39.156768], [-86.93827, 39.156797], [-86.938034, 39.156974], [-86.938032, 39.156975], [-86.938032, 39.156976], [-86.937795, 39.157154], [-86.937622, 39.157287], [-86.937592, 39.157311], [-86.937415, 39.157448], [-86.937388, 39.157469], [-86.937318, 39.157523], [-86.937185, 39.157626], [-86.937005, 39.157765], [-86.936981, 39.157783], [-86.936778, 39.157941], [-86.936579, 39.158094], [-86.936381, 39.158248], [-86.936309, 39.158303], [-86.936182, 39.158401], [-86.936132, 39.15844], [-86.936098, 39.158466], [-86.936032, 39.158518], [-86.93602, 39.158527], [-86.935984, 39.158555], [-86.935739, 39.158735], [-86.935495, 39.158916], [-86.93525, 39.159096], [-86.935237, 39.159106], [-86.935228, 39.159112], [-86.935196, 39.159136], [-86.935152, 39.159169], [-86.935006, 39.159277], [-86.934977, 39.159297], [-86.934761, 39.159457], [-86.934617, 39.159563], [-86.934517, 39.159637], [-86.934272, 39.159818], [-86.934252, 39.159832], [-86.934242, 39.15984], [-86.934232, 39.159848], [-86.93422, 39.159856], [-86.934027, 39.159998], [-86.933783, 39.160179], [-86.933538, 39.160359], [-86.933299, 39.16054], [-86.933203, 39.160612], [-86.933133, 39.160665], [-86.93312, 39.160675], [-86.933111, 39.160681], [-86.933077, 39.160707], [-86.933059, 39.16072], [-86.933053, 39.160725], [-86.933018, 39.160752], [-86.933008, 39.160759], [-86.933, 39.160765], [-86.932819, 39.160901], [-86.932621, 39.16105], [-86.93258, 39.161082], [-86.93234, 39.161262], [-86.932306, 39.161288], [-86.932196, 39.161371], [-86.932132, 39.161417], [-86.931996, 39.161516], [-86.931829, 39.161638], [-86.931796, 39.161662], [-86.931768, 39.161682], [-86.931699, 39.161732], [-86.931691, 39.161738], [-86.931682, 39.161745], [-86.931596, 39.161808], [-86.931452, 39.161912], [-86.931439, 39.161922], [-86.93141, 39.161943], [-86.931396, 39.161953], [-86.931164, 39.162109], [-86.930932, 39.162264], [-86.930918, 39.162273], [-86.930915, 39.162275], [-86.930734, 39.162389], [-86.930653, 39.162439], [-86.930618, 39.162461], [-86.930581, 39.162483], [-86.93056, 39.162496], [-86.930288, 39.16265], [-86.930123, 39.162737], [-86.929957, 39.162825], [-86.929941, 39.162832], [-86.929909, 39.162845], [-86.929884, 39.162855], [-86.929785, 39.162896], [-86.929613, 39.162968], [-86.929492, 39.163015], [-86.929456, 39.163028], [-86.929391, 39.163054], [-86.929309, 39.163086], [-86.929191, 39.163126], [-86.929161, 39.163136], [-86.929149, 39.16314], [-86.929142, 39.163143], [-86.929132, 39.163146], [-86.929126, 39.163148], [-86.929116, 39.163152], [-86.928974, 39.1632], [-86.928846, 39.163236], [-86.928792, 39.163252], [-86.928771, 39.163258], [-86.928719, 39.163273], [-86.928464, 39.163346], [-86.928442, 39.163352], [-86.928391, 39.163367], [-86.928351, 39.163378], [-86.92814, 39.163438], [-86.927815, 39.163529], [-86.927669, 39.163571], [-86.927593, 39.163592], [-86.927575, 39.163597], [-86.927552, 39.163604], [-86.927515, 39.163614], [-86.927491, 39.163621], [-86.927433, 39.163637], [-86.927404, 39.163646], [-86.927393, 39.163649], [-86.927167, 39.163712], [-86.927051, 39.163745], [-86.926843, 39.163804], [-86.926605, 39.163871], [-86.92657, 39.163881], [-86.926564, 39.163883], [-86.926546, 39.163888], [-86.926519, 39.163896], [-86.926475, 39.163908], [-86.926454, 39.163914], [-86.926435, 39.163919], [-86.926194, 39.163987], [-86.926071, 39.164022], [-86.92587, 39.164079], [-86.925618, 39.16415], [-86.925576, 39.164162], [-86.925546, 39.16417], [-86.925524, 39.164176], [-86.925515, 39.164179], [-86.925493, 39.164185], [-86.925446, 39.164197], [-86.925239, 39.164253], [-86.92507, 39.164299], [-86.924933, 39.164337], [-86.924912, 39.164342], [-86.924891, 39.164348], [-86.924843, 39.164361], [-86.924772, 39.16438], [-86.924626, 39.16442], [-86.924623, 39.164421], [-86.924537, 39.164444], [-86.92432, 39.164503], [-86.924267, 39.164517], [-86.924173, 39.164542], [-86.924013, 39.164586], [-86.923712, 39.164667], [-86.923707, 39.164669], [-86.9234, 39.164752], [-86.923126, 39.164825], [-86.922888, 39.164888], [-86.922852, 39.164898], [-86.922577, 39.164971], [-86.922303, 39.165044], [-86.922029, 39.165118], [-86.921885, 39.165156], [-86.921755, 39.165191], [-86.921587, 39.16525], [-86.921419, 39.165309], [-86.921311, 39.165353], [-86.921307, 39.165354], [-86.9213, 39.165357], [-86.921148, 39.165419], [-86.920967, 39.165501], [-86.920865, 39.165547], [-86.920785, 39.165584], [-86.920537, 39.165712], [-86.920348, 39.165823], [-86.920105, 39.166005], [-86.91987, 39.166202], [-86.919784, 39.166283], [-86.919753, 39.166312], [-86.919636, 39.166423], [-86.919476, 39.166583], [-86.919468, 39.166591], [-86.919461, 39.166598], [-86.91946, 39.166599], [-86.919452, 39.16661], [-86.919439, 39.166626], [-86.919291, 39.166809], [-86.919251, 39.166867], [-86.919208, 39.166931], [-86.919163, 39.166996], [-86.919125, 39.167052], [-86.919123, 39.167056], [-86.919101, 39.167095], [-86.919078, 39.167138], [-86.919064, 39.167165], [-86.919031, 39.167226], [-86.91897, 39.167337], [-86.918936, 39.167399], [-86.918883, 39.167504], [-86.918879, 39.167512], [-86.918874, 39.167522], [-86.918873, 39.167524], [-86.918872, 39.167525], [-86.918869, 39.167531], [-86.918867, 39.167535], [-86.918866, 39.167537], [-86.918789, 39.167688], [-86.918759, 39.167746], [-86.918705, 39.167853], [-86.918633, 39.168019], [-86.918604, 39.168083], [-86.918459, 39.168416], [-86.918378, 39.168602], [-86.918338, 39.168684], [-86.918208, 39.168952], [-86.918079, 39.169188], [-86.918073, 39.169196], [-86.917944, 39.16938], [-86.917932, 39.169396], [-86.917919, 39.169415], [-86.917918, 39.169417], [-86.917873, 39.16948], [-86.91785, 39.169512], [-86.917838, 39.169529], [-86.917789, 39.169599], [-86.917773, 39.16962], [-86.917632, 39.16981], [-86.917602, 39.169841], [-86.917599, 39.169845], [-86.917596, 39.169848], [-86.917485, 39.169964], [-86.917329, 39.170157], [-86.917197, 39.170277], [-86.917126, 39.170343], [-86.917104, 39.170363], [-86.916984, 39.170475], [-86.916758, 39.170643], [-86.916469, 39.170876], [-86.916424, 39.170912], [-86.916409, 39.170925], [-86.916391, 39.170939], [-86.91612, 39.171101], [-86.916029, 39.171155], [-86.915996, 39.171175], [-86.915918, 39.171222], [-86.915692, 39.171357], [-86.91463, 39.172014], [-86.914347, 39.172183], [-86.914266, 39.172232], [-86.914229, 39.172254], [-86.914162, 39.172295], [-86.913949, 39.172422], [-86.913515, 39.17269], [-86.913038, 39.172984], [-86.912947, 39.17304], [-86.912936, 39.173047], [-86.912854, 39.173098], [-86.91274, 39.173168], [-86.91159, 39.173822], [-86.911484, 39.173879], [-86.911339, 39.173956], [-86.911259, 39.173999], [-86.91097, 39.174154], [-86.910879, 39.174198], [-86.910874, 39.1742], [-86.91085, 39.174212], [-86.910505, 39.174379], [-86.909751, 39.174722], [-86.909292, 39.174897], [-86.907794, 39.175549], [-86.907706, 39.175587], [-86.906676, 39.176035], [-86.906351, 39.176177], [-86.90635, 39.176177], [-86.905972, 39.176342], [-86.90561, 39.17646], [-86.9056, 39.176464], [-86.90526, 39.176563], [-86.905114, 39.176592], [-86.905047, 39.176605], [-86.904773, 39.17666], [-86.904447, 39.176702], [-86.904185, 39.17672], [-86.904002, 39.176725], [-86.903826, 39.17673], [-86.90322, 39.17673], [-86.89942, 39.176755], [-86.899117, 39.176757], [-86.898139, 39.176761], [-86.897481, 39.176764], [-86.896752, 39.176767], [-86.896683, 39.176767], [-86.896681, 39.176767], [-86.896666, 39.176768], [-86.896425, 39.176775], [-86.895768, 39.176794], [-86.894825, 39.176823], [-86.894367, 39.176853], [-86.894035, 39.176876], [-86.893821, 39.176892], [-86.893534, 39.176915], [-86.892559, 39.177017], [-86.892104, 39.177081], [-86.891825, 39.177123], [-86.891822, 39.177123], [-86.891723, 39.177138], [-86.891648, 39.177149], [-86.891494, 39.177172], [-86.891365, 39.177191], [-86.890505, 39.177355], [-86.890041, 39.177444], [-86.88954, 39.177565], [-86.889454, 39.17759], [-86.889451, 39.177591], [-86.889407, 39.177604], [-86.889256, 39.177648], [-86.889223, 39.177658], [-86.888962, 39.177741], [-86.888708, 39.177822], [-86.888605, 39.177859], [-86.888322, 39.177961], [-86.888221, 39.178], [-86.888115, 39.17804], [-86.887931, 39.178111], [-86.887922, 39.178114], [-86.887696, 39.178218], [-86.887687, 39.178222], [-86.887671, 39.178229], [-86.887626, 39.17825], [-86.887595, 39.178264], [-86.887509, 39.178307], [-86.887305, 39.178407], [-86.88709, 39.178516], [-86.88686, 39.178632], [-86.886781, 39.178671], [-86.886363, 39.178871], [-86.884853, 39.179647], [-86.884059, 39.180056], [-86.88375, 39.180216], [-86.883531, 39.18033], [-86.882596, 39.180816], [-86.882178, 39.18107], [-86.882171, 39.181075], [-86.882167, 39.181077], [-86.882133, 39.181101], [-86.882094, 39.181128], [-86.882049, 39.181158], [-86.881773, 39.181348], [-86.881359, 39.18167], [-86.881199, 39.181805], [-86.881168, 39.181831], [-86.881151, 39.181845], [-86.881147, 39.181849], [-86.881145, 39.181851], [-86.881137, 39.181858], [-86.881114, 39.18188], [-86.880954, 39.182034], [-86.880882, 39.182104], [-86.880756, 39.182227], [-86.880498, 39.182542], [-86.880445, 39.182601], [-86.880411, 39.182639], [-86.880391, 39.182661], [-86.880326, 39.182734], [-86.8803, 39.182763], [-86.880202, 39.182921], [-86.880093, 39.183096], [-86.879978, 39.183285], [-86.879961, 39.183314], [-86.879913, 39.183392], [-86.879894, 39.183432], [-86.879825, 39.183571], [-86.879807, 39.18361], [-86.87971, 39.183807], [-86.879576, 39.184093], [-86.879493, 39.184329], [-86.879488, 39.184344], [-86.879472, 39.184393], [-86.879469, 39.184404], [-86.879468, 39.184407], [-86.879448, 39.184467], [-86.879405, 39.184597], [-86.879388, 39.184667], [-86.879387, 39.184671], [-86.879381, 39.184695], [-86.879345, 39.18484], [-86.879271, 39.185126], [-86.879257, 39.185191], [-86.879255, 39.185201], [-86.87922, 39.185358], [-86.879197, 39.185459], [-86.878943, 39.186535], [-86.878887, 39.186749], [-86.878799, 39.187085], [-86.878788, 39.187124], [-86.878734, 39.187318], [-86.878614, 39.187618], [-86.878517, 39.1879], [-86.878481, 39.188003], [-86.878474, 39.188022], [-86.878448, 39.188097], [-86.878337, 39.188387], [-86.878222, 39.188694], [-86.878215, 39.188714], [-86.878213, 39.188718], [-86.878213, 39.188719], [-86.878211, 39.188723], [-86.878199, 39.188757], [-86.878171, 39.188833], [-86.87813, 39.188923], [-86.878128, 39.188926], [-86.878127, 39.188929], [-86.878119, 39.188946], [-86.877903, 39.189413], [-86.877101, 39.191143], [-86.876728, 39.191901], [-86.876598, 39.192165], [-86.875865, 39.193555], [-86.874971, 39.195089], [-86.874907, 39.195198], [-86.874904, 39.195203], [-86.874897, 39.195215], [-86.87486, 39.195278], [-86.874713, 39.195528], [-86.874643, 39.195648], [-86.874569, 39.195774], [-86.874561, 39.195788], [-86.874525, 39.19585], [-86.874496, 39.1959], [-86.874479, 39.195926], [-86.874459, 39.195958], [-86.874454, 39.195965], [-86.874344, 39.196139], [-86.874293, 39.196206], [-86.874256, 39.196254], [-86.874059, 39.196481], [-86.87404, 39.196504], [-86.873992, 39.196559], [-86.873814, 39.196761], [-86.873658, 39.196929], [-86.873523, 39.197058], [-86.873483, 39.197097], [-86.87323, 39.197318], [-86.873203, 39.197338], [-86.873172, 39.197362], [-86.873157, 39.197374], [-86.873157, 39.197374], [-86.873153, 39.197376], [-86.873142, 39.197385], [-86.873104, 39.197414], [-86.873097, 39.19742], [-86.873052, 39.197454], [-86.872972, 39.197515], [-86.872769, 39.197665], [-86.872479, 39.197854], [-86.872005, 39.198172], [-86.871818, 39.198288], [-86.871795, 39.198303], [-86.871778, 39.198313], [-86.871472, 39.198504], [-86.871225, 39.198661], [-86.870947, 39.198839], [-86.870004, 39.199437], [-86.86983, 39.199547], [-86.869788, 39.199574], [-86.869619, 39.199681], [-86.869185, 39.199957], [-86.869162, 39.199972], [-86.869078, 39.200028], [-86.869029, 39.20006], [-86.868895, 39.200149], [-86.868678, 39.200328], [-86.868462, 39.200532], [-86.868384, 39.200607], [-86.868227, 39.200798], [-86.868219, 39.200808], [-86.868167, 39.200871], [-86.868006, 39.2011], [-86.867858, 39.201364], [-86.867748, 39.201607], [-86.867669, 39.201825], [-86.867646, 39.202022], [-86.867635, 39.20212], [-86.867618, 39.202269], [-86.867613, 39.20244], [-86.867612, 39.202633], [-86.867622, 39.202712], [-86.86763, 39.202784], [-86.86765, 39.202894], [-86.867653, 39.202914], [-86.867654, 39.202916], [-86.86766, 39.20295], [-86.867662, 39.202966], [-86.867675, 39.203015], [-86.867684, 39.203053], [-86.867685, 39.203057], [-86.867703, 39.203131], [-86.867734, 39.203214], [-86.867767, 39.203302], [-86.867815, 39.203389], [-86.867841, 39.203435], [-86.867855, 39.203467], [-86.867887, 39.203535], [-86.867891, 39.203544], [-86.867897, 39.203557], [-86.867904, 39.203574], [-86.867905, 39.203574], [-86.867923, 39.203613], [-86.867948, 39.203664], [-86.867991, 39.203754], [-86.868038, 39.20385], [-86.86807, 39.203916], [-86.868115, 39.204007], [-86.868235, 39.204186], [-86.868364, 39.204378], [-86.868368, 39.204385], [-86.868423, 39.204465], [-86.868647, 39.204805], [-86.868794, 39.205088], [-86.868829, 39.205192], [-86.868835, 39.205208], [-86.868837, 39.205216], [-86.868838, 39.205219], [-86.86885, 39.205254], [-86.868867, 39.205303], [-86.868931, 39.205446], [-86.868972, 39.205539], [-86.869033, 39.205673], [-86.869035, 39.205678], [-86.869045, 39.2057], [-86.869054, 39.205727], [-86.869055, 39.205732], [-86.869065, 39.205763], [-86.8691, 39.205879], [-86.869134, 39.206015], [-86.869136, 39.206021], [-86.869136, 39.206022], [-86.869141, 39.206041], [-86.869145, 39.206058], [-86.869173, 39.206056], [-86.869181, 39.206056], [-86.882193, 39.214402], [-86.86616, 39.312525], [-86.849523, 39.318311], [-86.845758, 39.31962], [-86.841627, 39.321056], [-86.839809, 39.321687], [-86.739856, 39.356005], [-86.631022, 39.413587], [-86.456842, 39.508137], [-86.434013, 39.536998], [-86.418447, 39.55666], [-86.412588, 39.564057], [-86.408511, 39.569203], [-86.395702, 39.585366], [-86.379483, 39.605818], [-86.36493, 39.607393], [-86.358647, 39.607491], [-86.358529, 39.607493], [-86.356086, 39.607531], [-86.353901, 39.607565], [-86.351393, 39.609803], [-86.348819, 39.612101], [-86.339792, 39.620156], [-86.326362, 39.632135], [-86.326333, 39.645564], [-86.326332, 39.64559], [-86.326326, 39.648528], [-86.326325, 39.64879], [-86.326349, 39.648802], [-86.326827, 39.649047], [-86.330884, 39.65113], [-86.350109, 39.660998], [-86.35012, 39.682853], [-86.326435, 39.717351], [-86.326562, 39.734433], [-86.326566, 39.735398], [-86.326579, 39.738786], [-86.326579, 39.738808], [-86.32662, 39.749025], [-86.326694, 39.757334], [-86.326694, 39.757358], [-86.326708, 39.758899], [-86.326752, 39.763888], [-86.326678, 39.767131], [-86.326616, 39.769872], [-86.326616, 39.769887], [-86.326414, 39.778739], [-86.327299, 39.822722], [-86.327697, 39.844417], [-86.328091, 39.866236], [-86.326926, 39.86625], [-86.326632, 39.866253], [-86.326228, 39.866258], [-86.326076, 39.86626], [-86.326118, 39.903522], [-86.326586, 39.904836], [-86.344637, 39.924299], [-86.345359, 39.92508], [-86.346603, 39.926428], [-86.349775, 39.929863], [-86.357638, 39.938377], [-86.357426, 39.93885], [-86.357321, 39.939083], [-86.355176, 39.943865], [-86.353633, 39.947305], [-86.35363, 39.947312], [-86.35363, 39.947313], [-86.353628, 39.947316], [-86.353628, 39.947316], [-86.290318, 39.939255], [-86.275132, 39.942715], [-86.265376, 39.944936], [-86.256497, 39.946957], [-86.240813, 39.950524], [-86.241047, 39.98956], [-86.241141, 40.005287], [-86.241142, 40.005423], [-86.241226, 40.019372], [-86.241267, 40.023674], [-86.241353, 40.032723], [-86.241354, 40.03288], [-86.241437, 40.04158], [-86.241393, 40.066687], [-86.241579, 40.11938], [-86.241804, 40.134992], [-86.241805, 40.135091], [-86.241934, 40.144042], [-86.242005, 40.149], [-86.242314, 40.180827], [-86.242592, 40.273638], [-86.242814, 40.316137], [-86.243082, 40.367336], [-86.243083, 40.367515], [-86.243083, 40.367562], [-86.24311, 40.372745], [-86.243116, 40.373825], [-86.257204, 40.373831], [-86.264083, 40.373833], [-86.264795, 40.373834], [-86.280702, 40.373837], [-86.28073, 40.381213], [-86.28073, 40.381227], [-86.280741, 40.384181], [-86.280756, 40.388093], [-86.309181, 40.388146], [-86.309239, 40.417302], [-86.30976, 40.431343], [-86.375535, 40.431728], [-86.392882, 40.415704], [-86.41174, 40.431557], [-86.511393, 40.431355], [-86.525251, 40.416746], [-86.538404, 40.431578], [-86.554888, 40.431527], [-86.586983, 40.431422], [-86.592096, 40.421981], [-86.5926, 40.42105], [-86.594133, 40.418219], [-86.594811, 40.416966], [-86.617874, 40.432015], [-86.648387, 40.432206], [-86.659167, 40.432272], [-86.661706, 40.432287], [-86.680638, 40.4324], [-86.680654, 40.4324], [-86.69146, 40.432463], [-86.694148, 40.432479], [-86.694615, 40.536811], [-86.694615, 40.536845], [-86.69216, 40.540955], [-86.686459, 40.550494], [-86.687722, 40.552116], [-86.690979, 40.557579], [-86.69556, 40.557816], [-86.699631, 40.560123], [-86.700899, 40.560842], [-86.704689, 40.562991], [-86.709038, 40.565456], [-86.713397, 40.562652], [-86.792951, 40.562469], [-86.832713, 40.562357], [-86.849207, 40.562306], [-86.849207, 40.562313], [-86.849209, 40.562337], [-86.850602, 40.587447], [-86.850609, 40.58759], [-86.855361, 40.591582], [-86.868323, 40.602467], [-86.868569, 40.602673], [-86.868607, 40.602705], [-86.866496, 40.603696], [-86.86862, 40.605322], [-86.869342, 40.606006], [-86.869595, 40.606245], [-86.869619, 40.606268], [-86.869735, 40.606377], [-86.88131, 40.617334], [-86.887533, 40.623224], [-86.893041, 40.628434], [-86.960901, 40.654499], [-87.020188, 40.677221], [-87.040838, 40.671154], [-87.046785, 40.685727], [-87.053336, 40.701776], [-87.06427, 40.728541], [-87.068696, 40.733469], [-87.085211, 40.751853], [-87.104859, 40.759808], [-87.119485, 40.765726], [-87.119485, 40.765726], [-87.119485, 40.765726], [-87.139006, 40.743245], [-87.142188, 40.73958], [-87.144607, 40.736792], [-87.174444, 40.736781], [-87.194206, 40.73677], [-87.210839, 40.736757], [-87.305461, 40.736641], [-87.315591, 40.751836], [-87.319845, 40.758214], [-87.320373, 40.759006], [-87.320881, 40.759767], [-87.32328, 40.763363], [-87.324785, 40.765619], [-87.32515, 40.765134], [-87.325359, 40.764856], [-87.326035, 40.763955], [-87.32701, 40.762657], [-87.346636, 40.736517], [-87.420047, 40.736638], [-87.420323, 40.737117], [-87.420779, 40.737907], [-87.422071, 40.740145], [-87.42743, 40.74943], [-87.429176, 40.752456], [-87.430731, 40.75515], [-87.438061, 40.767844], [-87.458191, 40.736788], [-87.45826, 40.736788]]], "crs": null}}, {"type": "Feature", "properties": {"district": "2", "dist_name": "Fort Wayne", "wms_id": 2000, "layer_type": "boundary"}, "geometry": {"type": "Polygon", "coordinates": [[[-84.80596, 41.746157], [-84.805902, 41.758901], [-84.805897, 41.759931], [-84.805897, 41.759931], [-84.805897, 41.759933], [-84.805896, 41.76023], [-84.820629, 41.760137], [-84.821611, 41.760136], [-84.840413, 41.760118], [-84.851156, 41.76008], [-84.860094, 41.760048], [-84.865905, 41.760014], [-84.86979, 41.759991], [-84.873866, 41.759967], [-84.879406, 41.759934], [-84.897867, 41.759902], [-84.917423, 41.759837], [-84.93142, 41.759767], [-84.932298, 41.759763], [-84.932646, 41.759761], [-84.937926, 41.759734], [-84.952218, 41.759663], [-84.957363, 41.759636], [-84.961714, 41.759624], [-84.971911, 41.759594], [-84.981808, 41.759599], [-84.988739, 41.759602], [-84.989485, 41.759602], [-84.989685, 41.759603], [-84.989917, 41.759603], [-84.99014, 41.759603], [-84.990515, 41.759603], [-84.990629, 41.759603], [-84.991182, 41.759603], [-84.994498, 41.759637], [-84.995512, 41.759647], [-85.00006, 41.759693], [-85.010217, 41.759796], [-85.020333, 41.759824], [-85.029387, 41.759849], [-85.037579, 41.75981], [-85.048875, 41.759756], [-85.066854, 41.759702], [-85.067418, 41.7597], [-85.068046, 41.759698], [-85.068784, 41.7597], [-85.069565, 41.759703], [-85.080389, 41.759737], [-85.084339, 41.759749], [-85.103449, 41.759747], [-85.123318, 41.759746], [-85.12715, 41.759735], [-85.132778, 41.759718], [-85.13458, 41.759712], [-85.142702, 41.759687], [-85.143186, 41.759686], [-85.144949, 41.759682], [-85.162207, 41.759636], [-85.1778, 41.75969], [-85.179336, 41.759695], [-85.181445, 41.759702], [-85.184687, 41.759712], [-85.19006, 41.759728], [-85.193398, 41.759738], [-85.194973, 41.759742], [-85.195098, 41.759743], [-85.195214, 41.759743], [-85.196574, 41.759747], [-85.196656, 41.759747], [-85.196705, 41.759747], [-85.196735, 41.759747], [-85.196796, 41.759747], [-85.20197, 41.759744], [-85.202282, 41.759744], [-85.20243, 41.759744], [-85.20243, 41.759744], [-85.20243, 41.759744], [-85.20243, 41.759744], [-85.207148, 41.759741], [-85.215607, 41.759735], [-85.218382, 41.759744], [-85.222234, 41.759756], [-85.222234, 41.759756], [-85.223409, 41.75976], [-85.235368, 41.759796], [-85.240361, 41.759816], [-85.254131, 41.759871], [-85.273793, 41.7599], [-85.293171, 41.759916], [-85.303258, 41.759942], [-85.311719, 41.759963], [-85.322812, 41.759997], [-85.330947, 41.76002], [-85.349041, 41.759932], [-85.350147, 41.759927], [-85.350717, 41.759928], [-85.369624, 41.759973], [-85.385401, 41.75987], [-85.389018, 41.759846], [-85.408757, 41.759758], [-85.415917, 41.759719], [-85.41867, 41.759704], [-85.420465, 41.759695], [-85.421656, 41.759688], [-85.426973, 41.759659], [-85.447686, 41.75958], [-85.458004, 41.759546], [-85.467121, 41.759515], [-85.47296, 41.759502], [-85.486845, 41.75947], [-85.504285, 41.759444], [-85.505916, 41.759442], [-85.52523, 41.759415], [-85.537888, 41.759489], [-85.537889, 41.759489], [-85.537892, 41.759489], [-85.539822, 41.7595], [-85.542781, 41.759517], [-85.543589, 41.759521], [-85.544469, 41.759513], [-85.548926, 41.759471], [-85.54998, 41.759461], [-85.550115, 41.75946], [-85.550222, 41.759459], [-85.563699, 41.759331], [-85.582899, 41.759311], [-85.602347, 41.75926], [-85.62213, 41.75919], [-85.624502, 41.759193], [-85.638196, 41.759208], [-85.640979, 41.759211], [-85.644125, 41.759204], [-85.644125, 41.759204], [-85.644125, 41.759204], [-85.653246, 41.759181], [-85.659942, 41.759163], [-85.673312, 41.75915], [-85.673958, 41.759149], [-85.674079, 41.759149], [-85.677317, 41.759145], [-85.67732, 41.759145], [-85.678264, 41.759144], [-85.679389, 41.759143], [-85.680599, 41.759146], [-85.681812, 41.759149], [-85.682074, 41.759149], [-85.682246, 41.75915], [-85.682342, 41.75915], [-85.682386, 41.75915], [-85.688288, 41.759163], [-85.699146, 41.759187], [-85.705727, 41.759177], [-85.718429, 41.759157], [-85.72068, 41.759153], [-85.72187, 41.759151], [-85.72215, 41.75915], [-85.723342, 41.759148], [-85.737964, 41.759122], [-85.739623, 41.759121], [-85.757417, 41.7591], [-85.761439, 41.759103], [-85.774122, 41.759112], [-85.793859, 41.759171], [-85.795932, 41.759216], [-85.795933, 41.759216], [-85.798259, 41.759267], [-85.798321, 41.759268], [-85.798347, 41.759269], [-85.799279, 41.759289], [-85.799589, 41.759287], [-85.800525, 41.759281], [-85.800588, 41.75928], [-85.814025, 41.759194], [-85.83278, 41.759252], [-85.837008, 41.759315], [-85.842129, 41.759327], [-85.852123, 41.759348], [-85.86071, 41.759366], [-85.871308, 41.759386], [-85.888658, 41.759516], [-85.895936, 41.759577], [-85.908351, 41.759681], [-85.916978, 41.759763], [-85.927942, 41.759866], [-85.947356, 41.759937], [-85.966643, 41.760026], [-85.979293, 41.760123], [-85.986129, 41.760175], [-85.988483, 41.760191], [-85.990285, 41.760203], [-86.004372, 41.760298], [-86.00967, 41.760326], [-86.02377, 41.760398], [-86.028365, 41.760411], [-86.036078, 41.760433], [-86.041134, 41.760447], [-86.043086, 41.760452], [-86.045801, 41.760471], [-86.045959, 41.760472], [-86.052165, 41.760513], [-86.058369, 41.760554], [-86.062599, 41.760581], [-86.062599, 41.760572], [-86.062598, 41.760499], [-86.062423, 41.746335], [-86.062265, 41.73349], [-86.062264, 41.733384], [-86.06226, 41.733108], [-86.062256, 41.732747], [-86.062246, 41.731921], [-86.062238, 41.731317], [-86.062237, 41.731197], [-86.062185, 41.728091], [-86.062182, 41.727921], [-86.061966, 41.715091], [-86.061517, 41.688411], [-86.063018, 41.687652], [-86.06502, 41.686641], [-86.066, 41.686146], [-86.066037, 41.686127], [-86.066254, 41.686017], [-86.069944, 41.684153], [-86.069474, 41.666402], [-86.063203, 41.664697], [-86.061036, 41.664107], [-86.06082, 41.641853], [-86.06057, 41.6161], [-86.060489, 41.605677], [-86.060195, 41.567944], [-86.05977, 41.513354], [-86.059395, 41.465064], [-86.059347, 41.458916], [-86.059335, 41.457442], [-86.054544, 41.455102], [-86.051855, 41.453789], [-86.030346, 41.443279], [-86.030508, 41.443237], [-86.030515, 41.443235], [-86.030522, 41.443233], [-86.043004, 41.43996], [-86.056263, 41.43648], [-86.05895, 41.435775], [-86.058909, 41.432865], [-86.057073, 41.302056], [-86.057071, 41.301895], [-86.057061, 41.301179], [-86.056923, 41.291372], [-86.05324, 41.28796], [-86.052453, 41.287231], [-86.051795, 41.286622], [-86.051795, 41.286622], [-86.051794, 41.286621], [-86.047006, 41.282186], [-86.046931, 41.282116], [-86.047214, 41.282042], [-86.04772, 41.281911], [-86.048147, 41.281799], [-86.056555, 41.279611], [-86.056555, 41.279611], [-86.056244, 41.26526], [-86.055902, 41.249477], [-86.055176, 41.248949], [-86.050836, 41.245794], [-86.05083, 41.24579], [-86.050661, 41.245667], [-86.050653, 41.245661], [-86.05275, 41.244508], [-86.055755, 41.242855], [-86.054227, 41.176524], [-86.039157, 41.173332], [-86.077198, 41.161007], [-86.075798, 41.085238], [-86.063432, 41.085295], [-86.061171, 41.085305], [-86.060705, 41.085307], [-86.057663, 41.085321], [-86.053334, 41.08534], [-86.052252, 41.085345], [-86.051694, 41.047503], [-86.047427, 41.045928], [-86.038743, 41.042721], [-86.034214, 41.041048], [-86.028359, 41.038885], [-86.051354, 41.022763], [-86.051072, 40.997749], [-86.115493, 40.99688], [-86.147521, 40.996435], [-86.173228, 40.996071], [-86.173233, 40.939736], [-86.173235, 40.914438], [-86.171483, 40.912604], [-86.169278, 40.910297], [-86.168958, 40.909962], [-86.168857, 40.909857], [-86.168673, 40.909664], [-86.168593, 40.90958], [-86.167821, 40.876394], [-86.165897, 40.875735], [-86.157853, 40.872981], [-86.155855, 40.872296], [-86.155399, 40.87214], [-86.154615, 40.871872], [-86.136614, 40.865704], [-86.148712, 40.86281], [-86.165614, 40.858763], [-86.167395, 40.858337], [-86.167633, 40.85828], [-86.168287, 40.791351], [-86.150543, 40.771942], [-86.149044, 40.770302], [-86.161194, 40.750376], [-86.165619, 40.743116], [-86.165683, 40.743011], [-86.165825, 40.742779], [-86.166352, 40.709332], [-86.166537, 40.697607], [-86.166537, 40.697586], [-86.166538, 40.697583], [-86.166562, 40.696043], [-86.166716, 40.686252], [-86.14346, 40.683108], [-86.138717, 40.682466], [-86.138464, 40.682432], [-86.137276, 40.682271], [-86.137088, 40.682168], [-86.136995, 40.682116], [-86.134975, 40.681001], [-86.133831, 40.68037], [-86.13316, 40.68], [-86.127956, 40.677129], [-86.166432, 40.667839], [-86.166098, 40.643818], [-86.165691, 40.614567], [-86.16569, 40.614473], [-86.165688, 40.614384], [-86.165499, 40.600748], [-86.165445, 40.5969], [-86.14543, 40.590561], [-86.137027, 40.587898], [-86.13014, 40.585715], [-86.12733, 40.584824], [-86.091572, 40.563157], [-85.863776, 40.565493], [-85.863142, 40.494423], [-85.852025, 40.489972], [-85.836623, 40.483802], [-85.833228, 40.482441], [-85.832094, 40.481987], [-85.82847, 40.480535], [-85.825049, 40.479164], [-85.862842, 40.464273], [-85.862312, 40.434697], [-85.837644, 40.434439], [-85.824517, 40.421642], [-85.816033, 40.430374], [-85.816, 40.430408], [-85.81531, 40.431118], [-85.811522, 40.435016], [-85.79192, 40.435156], [-85.768843, 40.435315], [-85.768838, 40.435315], [-85.768837, 40.435315], [-85.767077, 40.435327], [-85.750334, 40.43544], [-85.750332, 40.43544], [-85.75033, 40.43544], [-85.74517, 40.435474], [-85.744717, 40.435477], [-85.735586, 40.422122], [-85.732493, 40.423715], [-85.707986, 40.436329], [-85.689529, 40.436657], [-85.680908, 40.429742], [-85.678274, 40.427629], [-85.676611, 40.426295], [-85.671982, 40.42258], [-85.665906, 40.428605], [-85.6659, 40.428611], [-85.664701, 40.4298], [-85.657641, 40.436799], [-85.559754, 40.436813], [-85.554233, 40.429473], [-85.553946, 40.42909], [-85.553579, 40.428603], [-85.549324, 40.422944], [-85.539981, 40.407399], [-85.498035, 40.407127], [-85.479307, 40.407001], [-85.477165, 40.406986], [-85.473324, 40.406959], [-85.473006, 40.437165], [-85.427639, 40.436628], [-85.418825, 40.436522], [-85.40531, 40.436357], [-85.370224, 40.435924], [-85.341374, 40.435233], [-85.341419, 40.473156], [-85.341419, 40.473399], [-85.34146, 40.508333], [-85.341489, 40.534232], [-85.169505, 40.53404], [-85.161074, 40.542002], [-85.160525, 40.542521], [-85.159526, 40.543464], [-85.149756, 40.552687], [-85.133234, 40.533892], [-84.97622, 40.532551], [-84.964225, 40.541008], [-84.963972, 40.540829], [-84.951795, 40.532205], [-84.89216, 40.531783], [-84.867946, 40.531603], [-84.836972, 40.531366], [-84.80269, 40.531093], [-84.802671, 40.536861], [-84.802652, 40.542827], [-84.802551, 40.557373], [-84.802551, 40.557425], [-84.80255, 40.557527], [-84.802525, 40.560905], [-84.80249, 40.565557], [-84.802483, 40.566555], [-84.802441, 40.572218], [-84.802388, 40.582504], [-84.802367, 40.586636], [-84.802297, 40.601232], [-84.802278, 40.615893], [-84.802247, 40.62403], [-84.802223, 40.630347], [-84.802191, 40.644973], [-84.802194, 40.646365], [-84.802201, 40.649337], [-84.80221, 40.653653], [-84.802216, 40.656491], [-84.802216, 40.656589], [-84.802217, 40.656693], [-84.802223, 40.65982], [-84.802224, 40.660351], [-84.802229, 40.663302], [-84.802248, 40.67489], [-84.802244, 40.681279], [-84.80224, 40.686062], [-84.802238, 40.689256], [-84.80223, 40.703952], [-84.802227, 40.706312], [-84.80221, 40.718646], [-84.8022, 40.727551], [-84.802194, 40.733097], [-84.802196, 40.733447], [-84.802199, 40.733729], [-84.802266, 40.742216], [-84.802286, 40.744681], [-84.802296, 40.746011], [-84.802305, 40.747197], [-84.802339, 40.761811], [-84.802271, 40.776559], [-84.802262, 40.779911], [-84.802262, 40.780253], [-84.802261, 40.780397], [-84.80225, 40.78469], [-84.802249, 40.785225], [-84.802235, 40.791042], [-84.802204, 40.805758], [-84.802236, 40.820288], [-84.802237, 40.820542], [-84.802252, 40.825249], [-84.802254, 40.825682], [-84.802256, 40.826244], [-84.802279, 40.833218], [-84.802284, 40.834668], [-84.8023, 40.840331], [-84.802312, 40.844284], [-84.802313, 40.844837], [-84.802315, 40.845521], [-84.802326, 40.849229], [-84.802374, 40.854212], [-84.802466, 40.863724], [-84.802522, 40.871201], [-84.802574, 40.878148], [-84.802688, 40.892622], [-84.802784, 40.907226], [-84.802802, 40.909115], [-84.802814, 40.910278], [-84.802878, 40.916784], [-84.802923, 40.921367], [-84.802932, 40.922256], [-84.802934, 40.922474], [-84.80295, 40.925567], [-84.803009, 40.937054], [-84.803057, 40.944403], [-84.803106, 40.951763], [-84.803097, 40.959509], [-84.80309, 40.964841], [-84.80309, 40.964847], [-84.80309, 40.964924], [-84.80309, 40.964962], [-84.803089, 40.966303], [-84.803093, 40.966834], [-84.803125, 40.970355], [-84.803128, 40.97075], [-84.803129, 40.970771], [-84.803146, 40.972711], [-84.803217, 40.980691], [-84.80329, 40.991848], [-84.803313, 40.995355], [-84.80331, 40.996031], [-84.803303, 40.997996], [-84.803303, 40.998016], [-84.803302, 40.998312], [-84.803302, 40.998457], [-84.803263, 41.009737], [-84.803275, 41.024202], [-84.803194, 41.034675], [-84.803163, 41.03876], [-84.803167, 41.043541], [-84.803176, 41.053313], [-84.803302, 41.063285], [-84.803302, 41.063285], [-84.803303, 41.063303], [-84.803303, 41.063304], [-84.803303, 41.063304], [-84.803344, 41.06654], [-84.80336, 41.067799], [-84.80338, 41.075352], [-84.803398, 41.08235], [-84.803418, 41.087059], [-84.803461, 41.096958], [-84.80357, 41.11162], [-84.803584, 41.120822], [-84.803593, 41.126212], [-84.803607, 41.140665], [-84.803565, 41.146145], [-84.803512, 41.153151], [-84.803512, 41.153152], [-84.803507, 41.153731], [-84.803496, 41.155258], [-84.803515, 41.159177], [-84.803535, 41.163447], [-84.803535, 41.163447], [-84.803535, 41.163447], [-84.803568, 41.170129], [-84.803541, 41.172279], [-84.803541, 41.172279], [-84.80345, 41.179624], [-84.803441, 41.180272], [-84.803442, 41.181013], [-84.803442, 41.185139], [-84.80354, 41.198274], [-84.803563, 41.207213], [-84.803563, 41.207213], [-84.803567, 41.208899], [-84.803577, 41.21278], [-84.803581, 41.218499], [-84.803588, 41.227276], [-84.803593, 41.241894], [-84.803611, 41.256477], [-84.803666, 41.263043], [-84.803732, 41.271008], [-84.803732, 41.271017], [-84.803732, 41.271019], [-84.803748, 41.274235], [-84.803803, 41.285528], [-84.803843, 41.290376], [-84.803922, 41.300089], [-84.803921, 41.31463], [-84.803958, 41.323403], [-84.803958, 41.323403], [-84.803976, 41.327728], [-84.803982, 41.329136], [-84.803984, 41.330163], [-84.803998, 41.338456], [-84.803998, 41.338462], [-84.803998, 41.338699], [-84.804007, 41.343622], [-84.804023, 41.355939], [-84.804025, 41.3577], [-84.804011, 41.369658], [-84.804008, 41.372095], [-84.804094, 41.386574], [-84.804076, 41.401135], [-84.804072, 41.404477], [-84.804061, 41.41573], [-84.804028, 41.430147], [-84.804083, 41.444932], [-84.804098, 41.450406], [-84.804099, 41.450548], [-84.804101, 41.451305], [-84.804123, 41.459314], [-84.804157, 41.46356], [-84.804236, 41.473733], [-84.804358, 41.484615], [-84.804399, 41.488338], [-84.804425, 41.491987], [-84.804502, 41.502822], [-84.804569, 41.513124], [-84.804596, 41.517274], [-84.804693, 41.530397], [-84.804714, 41.532683], [-84.804827, 41.544896], [-84.805, 41.556173], [-84.805, 41.556203], [-84.805001, 41.556224], [-84.805002, 41.556294], [-84.805004, 41.556417], [-84.805004, 41.556418], [-84.805004, 41.556421], [-84.805028, 41.55799], [-84.805051, 41.559515], [-84.805251, 41.57246], [-84.805275, 41.574038], [-84.80533, 41.578338], [-84.805458, 41.588447], [-84.80549, 41.59059], [-84.805678, 41.603069], [-84.805721, 41.609283], [-84.80577, 41.616433], [-84.805797, 41.624492], [-84.805818, 41.630883], [-84.805829, 41.640949], [-84.805829, 41.641128], [-84.805834, 41.645593], [-84.805839, 41.646679], [-84.805845, 41.647688], [-84.805908, 41.659765], [-84.80591, 41.660145], [-84.805866, 41.664588], [-84.805866, 41.664588], [-84.805829, 41.668335], [-84.805815, 41.669778], [-84.805767, 41.674638], [-84.805793, 41.676012], [-84.805854, 41.679235], [-84.805875, 41.680387], [-84.805886, 41.680925], [-84.805886, 41.680925], [-84.805886, 41.680926], [-84.80604, 41.689126], [-84.805929, 41.702686], [-84.805925, 41.704277], [-84.805916, 41.708714], [-84.805916, 41.708756], [-84.805916, 41.708798], [-84.805915, 41.708952], [-84.805915, 41.709049], [-84.805898, 41.717341], [-84.805891, 41.720903], [-84.805873, 41.731869], [-84.805884, 41.733746], [-84.805888, 41.734427], [-84.805888, 41.734433], [-84.805894, 41.735393], [-84.80596, 41.746157]]], "crs": null}}, {"type": "Feature", "properties": {"district": "3", "dist_name": "Greenfield", "wms_id": 3000, "layer_type": "boundary"}, "geometry": {"type": "Polygon", "coordinates": [[[-86.12733, 40.584824], [-86.13486, 40.580376], [-86.146983, 40.573213], [-86.151426, 40.570587], [-86.15654, 40.567565], [-86.163836, 40.563251], [-86.164973, 40.562578], [-86.167055, 40.563941], [-86.16779, 40.564422], [-86.176773, 40.570302], [-86.189844, 40.578853], [-86.192382, 40.57618], [-86.20529, 40.56258], [-86.20549, 40.562369], [-86.286227, 40.56191], [-86.300554, 40.561823], [-86.329026, 40.561644], [-86.374184, 40.561346], [-86.374198, 40.560888], [-86.374207, 40.560601], [-86.375123, 40.531269], [-86.375664, 40.513949], [-86.376494, 40.512501], [-86.394985, 40.480228], [-86.381101, 40.476345], [-86.377749, 40.475407], [-86.375327, 40.474729], [-86.375462, 40.446713], [-86.375462, 40.446652], [-86.375519, 40.434876], [-86.375535, 40.431728], [-86.30976, 40.431343], [-86.309239, 40.417302], [-86.309181, 40.388146], [-86.280756, 40.388093], [-86.280741, 40.384181], [-86.28073, 40.381227], [-86.28073, 40.381213], [-86.280702, 40.373837], [-86.264795, 40.373834], [-86.264083, 40.373833], [-86.257204, 40.373831], [-86.243116, 40.373825], [-86.24311, 40.372745], [-86.243083, 40.367562], [-86.243083, 40.367515], [-86.243082, 40.367336], [-86.242814, 40.316137], [-86.242592, 40.273638], [-86.242314, 40.180827], [-86.242005, 40.149], [-86.241934, 40.144042], [-86.241805, 40.135091], [-86.241804, 40.134992], [-86.241579, 40.11938], [-86.241393, 40.066687], [-86.241437, 40.04158], [-86.241354, 40.03288], [-86.241353, 40.032723], [-86.241267, 40.023674], [-86.241226, 40.019372], [-86.241142, 40.005423], [-86.241141, 40.005287], [-86.241047, 39.98956], [-86.240813, 39.950524], [-86.256497, 39.946957], [-86.265376, 39.944936], [-86.275132, 39.942715], [-86.290318, 39.939255], [-86.353628, 39.947316], [-86.353628, 39.947316], [-86.35363, 39.947313], [-86.35363, 39.947312], [-86.353633, 39.947305], [-86.355176, 39.943865], [-86.357321, 39.939083], [-86.357426, 39.93885], [-86.357638, 39.938377], [-86.349775, 39.929863], [-86.346603, 39.926428], [-86.345359, 39.92508], [-86.344637, 39.924299], [-86.326586, 39.904836], [-86.326118, 39.903522], [-86.326076, 39.86626], [-86.326228, 39.866258], [-86.326632, 39.866253], [-86.326926, 39.86625], [-86.328091, 39.866236], [-86.327697, 39.844417], [-86.327299, 39.822722], [-86.326414, 39.778739], [-86.326616, 39.769887], [-86.326616, 39.769872], [-86.326678, 39.767131], [-86.326752, 39.763888], [-86.326708, 39.758899], [-86.326694, 39.757358], [-86.326694, 39.757334], [-86.32662, 39.749025], [-86.326579, 39.738808], [-86.326579, 39.738786], [-86.326566, 39.735398], [-86.326562, 39.734433], [-86.326435, 39.717351], [-86.35012, 39.682853], [-86.350109, 39.660998], [-86.330884, 39.65113], [-86.326827, 39.649047], [-86.326349, 39.648802], [-86.326325, 39.64879], [-86.326326, 39.648528], [-86.326332, 39.64559], [-86.326333, 39.645564], [-86.326362, 39.632135], [-86.20549, 39.634299], [-86.20549, 39.634299], [-86.20549, 39.634299], [-86.20549, 39.634299], [-86.20549, 39.634299], [-86.205489, 39.634299], [-86.190996, 39.634502], [-86.190178, 39.634514], [-86.190178, 39.634514], [-86.181459, 39.634677], [-86.168469, 39.634918], [-86.166498, 39.634955], [-86.164735, 39.634987], [-86.163791, 39.635005], [-86.159544, 39.635083], [-86.15829, 39.635106], [-86.157342, 39.635119], [-86.154728, 39.635153], [-86.15178, 39.635191], [-86.126647, 39.635512], [-86.109766, 39.635853], [-86.09343, 39.63618], [-86.090035, 39.636248], [-86.074087, 39.636565], [-86.064865, 39.636718], [-86.053525, 39.636905], [-85.979116, 39.638104], [-85.959352, 39.638415], [-85.953488, 39.638506], [-85.9524, 39.638523], [-85.952272, 39.638525], [-85.952263, 39.638525], [-85.952251, 39.638525], [-85.952251, 39.638525], [-85.952251, 39.638525], [-85.95225, 39.638525], [-85.952799, 39.609489], [-85.952799, 39.609488], [-85.952799, 39.609488], [-85.952799, 39.609487], [-85.952799, 39.609487], [-85.952725, 39.609487], [-85.952695, 39.609488], [-85.952639, 39.609488], [-85.952567, 39.609489], [-85.952545, 39.609489], [-85.952545, 39.609489], [-85.95254, 39.608945], [-85.952532, 39.608034], [-85.952357, 39.589679], [-85.951723, 39.523055], [-85.951723, 39.523053], [-85.951723, 39.523052], [-85.951723, 39.523051], [-85.951713, 39.523051], [-85.951708, 39.523052], [-85.951577, 39.523054], [-85.951503, 39.523055], [-85.951354, 39.523057], [-85.950851, 39.495251], [-85.77069, 39.350479], [-85.770595, 39.350402], [-85.770547, 39.350364], [-85.770442, 39.350279], [-85.770392, 39.350238], [-85.770391, 39.350238], [-85.77039, 39.350237], [-85.77039, 39.350237], [-85.727844, 39.350189], [-85.7204, 39.350179], [-85.70825, 39.350161], [-85.631283, 39.350021], [-85.631031, 39.350021], [-85.631014, 39.350021], [-85.630967, 39.350021], [-85.630765, 39.35002], [-85.630764, 39.35002], [-85.630675, 39.361046], [-85.630423, 39.392209], [-85.630421, 39.392422], [-85.630048, 39.438398], [-85.629418, 39.43839], [-85.629268, 39.438389], [-85.629407, 39.440988], [-85.629408, 39.44102], [-85.629484, 39.442426], [-85.629568, 39.444008], [-85.629544, 39.445874], [-85.629544, 39.445875], [-85.629544, 39.445876], [-85.629527, 39.447275], [-85.629491, 39.450082], [-85.633567, 39.454911], [-85.632272, 39.455555], [-85.632028, 39.455676], [-85.63175, 39.455814], [-85.629406, 39.456979], [-85.629318, 39.456963], [-85.62854, 39.456828], [-85.627646, 39.456672], [-85.607964, 39.453238], [-85.607963, 39.453238], [-85.607959, 39.453237], [-85.607959, 39.453237], [-85.607957, 39.453237], [-85.6056, 39.453228], [-85.60502, 39.453226], [-85.579019, 39.453127], [-85.573343, 39.453104], [-85.573201, 39.453104], [-85.573198, 39.453104], [-85.573196, 39.453104], [-85.573193, 39.453104], [-85.573188, 39.452709], [-85.573183, 39.452273], [-85.573183, 39.452271], [-85.573183, 39.452271], [-85.573183, 39.45227], [-85.52991, 39.452571], [-85.509684, 39.452707], [-85.506198, 39.45273], [-85.492902, 39.452817], [-85.481815, 39.452888], [-85.478787, 39.452907], [-85.407191, 39.453116], [-85.351316, 39.453249], [-85.314015, 39.453323], [-85.297605, 39.453352], [-85.297905, 39.475776], [-85.283961, 39.497596], [-85.298414, 39.514611], [-85.298415, 39.514614], [-85.298415, 39.514617], [-85.298415, 39.514617], [-85.298505, 39.520034], [-85.298589, 39.525039], [-85.298593, 39.525315], [-85.298595, 39.525444], [-85.271627, 39.52559], [-85.26054, 39.525649], [-85.254713, 39.525679], [-85.252316, 39.525691], [-85.252316, 39.525691], [-85.252305, 39.525691], [-85.252219, 39.525692], [-85.19211, 39.453894], [-85.192048, 39.45382], [-85.19202, 39.453787], [-85.19196, 39.453715], [-85.191935, 39.453685], [-85.188569, 39.452792], [-85.188242, 39.452705], [-85.187401, 39.452482], [-85.18178, 39.45099], [-85.181686, 39.451379], [-85.180133, 39.457823], [-85.1636, 39.526334], [-85.109395, 39.526447], [-85.107187, 39.526451], [-85.096521, 39.52647], [-85.084207, 39.52649], [-85.022968, 39.526065], [-85.022619, 39.526062], [-85.022841, 39.524942], [-85.022858, 39.524856], [-85.022858, 39.524855], [-85.022865, 39.524823], [-85.022902, 39.524634], [-85.022907, 39.524607], [-85.022942, 39.524431], [-85.022948, 39.524403], [-85.022955, 39.524367], [-85.022955, 39.524365], [-85.022955, 39.524365], [-85.022955, 39.524365], [-85.022954, 39.524365], [-85.022953, 39.524365], [-85.022951, 39.524365], [-85.02295, 39.524365], [-84.947186, 39.52398], [-84.946976, 39.523979], [-84.886705, 39.523304], [-84.815632, 39.522467], [-84.81544, 39.522464], [-84.815437, 39.522725], [-84.815435, 39.522899], [-84.815418, 39.528695], [-84.815392, 39.537381], [-84.81532, 39.545404], [-84.815263, 39.551856], [-84.815118, 39.566496], [-84.815076, 39.572223], [-84.815012, 39.581017], [-84.814978, 39.589274], [-84.814959, 39.593717], [-84.814951, 39.595644], [-84.81495, 39.595764], [-84.814923, 39.598832], [-84.814911, 39.600091], [-84.814901, 39.601254], [-84.814901, 39.601256], [-84.81482, 39.610249], [-84.814747, 39.624836], [-84.814706, 39.639404], [-84.814643, 39.645971], [-84.814569, 39.653756], [-84.814621, 39.6679], [-84.814621, 39.667904], [-84.814621, 39.667904], [-84.814622, 39.668175], [-84.814622, 39.668223], [-84.814611, 39.670972], [-84.814611, 39.670973], [-84.81461, 39.670974], [-84.81461, 39.671], [-84.814564, 39.681742], [-84.814559, 39.682807], [-84.814475, 39.697361], [-84.814383, 39.711901], [-84.814353, 39.717663], [-84.814308, 39.726422], [-84.814315, 39.728046], [-84.814337, 39.733206], [-84.814342, 39.734259], [-84.814372, 39.741059], [-84.814287, 39.755644], [-84.814261, 39.7668], [-84.814252, 39.77026], [-84.81431, 39.785101], [-84.814138, 39.799521], [-84.814053, 39.809546], [-84.814012, 39.814246], [-84.813927, 39.824502], [-84.813896, 39.828205], [-84.813866, 39.830521], [-84.813866, 39.830521], [-84.813703, 39.843216], [-84.813543, 39.853855], [-84.813484, 39.857799], [-84.813422, 39.861301], [-84.813214, 39.873035], [-84.812938, 39.886527], [-84.812925, 39.887188], [-84.812913, 39.888359], [-84.812773, 39.901869], [-84.812658, 39.910032], [-84.81256, 39.917056], [-84.812372, 39.925866], [-84.812245, 39.931857], [-84.812158, 39.936904], [-84.811993, 39.946513], [-84.811728, 39.961095], [-84.811707, 39.96206], [-84.811405, 39.975719], [-84.811117, 39.990101], [-84.811014, 39.994776], [-84.810785, 40.005188], [-84.81035, 40.019831], [-84.810194, 40.027679], [-84.810189, 40.02791], [-84.810061, 40.034365], [-84.809715, 40.048922], [-84.809645, 40.051836], [-84.80936, 40.063647], [-84.809324, 40.065816], [-84.80912, 40.078238], [-84.808959, 40.086075], [-84.808823, 40.09273], [-84.808516, 40.107278], [-84.808296, 40.115639], [-84.808135, 40.121801], [-84.807815, 40.136483], [-84.80754, 40.145647], [-84.807379, 40.151046], [-84.807127, 40.160568], [-84.807118, 40.160913], [-84.807107, 40.161317], [-84.807028, 40.164316], [-84.806994, 40.165571], [-84.806646, 40.176302], [-84.806518, 40.180225], [-84.806407, 40.184174], [-84.806111, 40.194737], [-84.805818, 40.209195], [-84.805462, 40.223905], [-84.80534, 40.228022], [-84.805338, 40.228122], [-84.805335, 40.228194], [-84.805144, 40.234697], [-84.805034, 40.238421], [-84.804836, 40.247367], [-84.804715, 40.252882], [-84.804411, 40.26746], [-84.804083, 40.282063], [-84.804004, 40.286785], [-84.80384, 40.296553], [-84.803765, 40.301492], [-84.803636, 40.310099], [-84.803635, 40.310133], [-84.803635, 40.310166], [-84.803525, 40.32518], [-84.803649, 40.337272], [-84.80365, 40.337413], [-84.803658, 40.338146], [-84.803662, 40.338527], [-84.803774, 40.346155], [-84.803875, 40.353041], [-84.803979, 40.363946], [-84.804007, 40.366897], [-84.804014, 40.367561], [-84.804014, 40.367583], [-84.804015, 40.367738], [-84.804044, 40.382398], [-84.804146, 40.39702], [-84.804138, 40.406257], [-84.804133, 40.411424], [-84.80411, 40.413622], [-84.804082, 40.416208], [-84.804062, 40.417994], [-84.804029, 40.421112], [-84.803977, 40.425894], [-84.80386, 40.435386], [-84.803799, 40.440302], [-84.803655, 40.454874], [-84.80365, 40.455271], [-84.80349, 40.469281], [-84.803433, 40.471356], [-84.803367, 40.473788], [-84.803288, 40.476657], [-84.803234, 40.47865], [-84.803069, 40.484691], [-84.80298, 40.490663], [-84.802853, 40.499228], [-84.802829, 40.503471], [-84.802826, 40.503958], [-84.802771, 40.513636], [-84.802749, 40.51822], [-84.802738, 40.52041], [-84.802699, 40.528222], [-84.802692, 40.530551], [-84.802692, 40.530565], [-84.802691, 40.53064], [-84.802691, 40.530701], [-84.802691, 40.530741], [-84.80269, 40.531093], [-84.836972, 40.531366], [-84.867946, 40.531603], [-84.89216, 40.531783], [-84.951795, 40.532205], [-84.963972, 40.540829], [-84.964225, 40.541008], [-84.97622, 40.532551], [-85.133234, 40.533892], [-85.149756, 40.552687], [-85.159526, 40.543464], [-85.160525, 40.542521], [-85.161074, 40.542002], [-85.169505, 40.53404], [-85.341489, 40.534232], [-85.34146, 40.508333], [-85.341419, 40.473399], [-85.341419, 40.473156], [-85.341374, 40.435233], [-85.370224, 40.435924], [-85.40531, 40.436357], [-85.418825, 40.436522], [-85.427639, 40.436628], [-85.473006, 40.437165], [-85.473324, 40.406959], [-85.477165, 40.406986], [-85.479307, 40.407001], [-85.498035, 40.407127], [-85.539981, 40.407399], [-85.549324, 40.422944], [-85.553579, 40.428603], [-85.553946, 40.42909], [-85.554233, 40.429473], [-85.559754, 40.436813], [-85.657641, 40.436799], [-85.664701, 40.4298], [-85.6659, 40.428611], [-85.665906, 40.428605], [-85.671982, 40.42258], [-85.676611, 40.426295], [-85.678274, 40.427629], [-85.680908, 40.429742], [-85.689529, 40.436657], [-85.707986, 40.436329], [-85.732493, 40.423715], [-85.735586, 40.422122], [-85.744717, 40.435477], [-85.74517, 40.435474], [-85.75033, 40.43544], [-85.750332, 40.43544], [-85.750334, 40.43544], [-85.767077, 40.435327], [-85.768837, 40.435315], [-85.768838, 40.435315], [-85.768843, 40.435315], [-85.79192, 40.435156], [-85.811522, 40.435016], [-85.81531, 40.431118], [-85.816, 40.430408], [-85.816033, 40.430374], [-85.824517, 40.421642], [-85.837644, 40.434439], [-85.862312, 40.434697], [-85.862842, 40.464273], [-85.825049, 40.479164], [-85.82847, 40.480535], [-85.832094, 40.481987], [-85.833228, 40.482441], [-85.836623, 40.483802], [-85.852025, 40.489972], [-85.863142, 40.494423], [-85.863776, 40.565493], [-86.091572, 40.563157], [-86.12733, 40.584824]]], "crs": null}}, {"type": "Feature", "properties": {"district": "4", "dist_name": "La Porte", "wms_id": 4000, "layer_type": "boundary"}, "geometry": {"type": "Polygon", "coordinates": [[[-86.062598, 41.760499], [-86.062599, 41.760572], [-86.062599, 41.760581], [-86.062623, 41.760582], [-86.062651, 41.760582], [-86.063856, 41.760586], [-86.066014, 41.760595], [-86.067757, 41.760602], [-86.07039, 41.760612], [-86.081408, 41.760655], [-86.081827, 41.760656], [-86.083523, 41.760658], [-86.093724, 41.760672], [-86.100148, 41.76068], [-86.101401, 41.760682], [-86.120245, 41.760708], [-86.134998, 41.760655], [-86.140057, 41.760637], [-86.140358, 41.760635], [-86.140753, 41.760632], [-86.146522, 41.760589], [-86.146525, 41.760589], [-86.146527, 41.760589], [-86.146529, 41.760589], [-86.151976, 41.760548], [-86.15583, 41.760519], [-86.159391, 41.760492], [-86.178899, 41.760501], [-86.179853, 41.760501], [-86.198281, 41.760499], [-86.208175, 41.760493], [-86.217603, 41.760487], [-86.236169, 41.760502], [-86.256042, 41.760493], [-86.256273, 41.760493], [-86.256358, 41.760492], [-86.256359, 41.760492], [-86.256363, 41.760492], [-86.256369, 41.760492], [-86.261127, 41.760486], [-86.275414, 41.760465], [-86.284206, 41.76045], [-86.294907, 41.760432], [-86.308175, 41.760393], [-86.314327, 41.760374], [-86.32634, 41.760326], [-86.327915, 41.760319], [-86.331147, 41.760306], [-86.331157, 41.760306], [-86.331189, 41.760306], [-86.333144, 41.760298], [-86.333368, 41.760296], [-86.333505, 41.760294], [-86.350933, 41.760113], [-86.352228, 41.760104], [-86.353721, 41.760093], [-86.35379, 41.760093], [-86.353823, 41.760092], [-86.370533, 41.75997], [-86.390478, 41.759868], [-86.40507, 41.759809], [-86.409796, 41.75979], [-86.429333, 41.759711], [-86.443319, 41.75968], [-86.44471, 41.759677], [-86.446898, 41.759672], [-86.448454, 41.759669], [-86.455143, 41.759665], [-86.456761, 41.759664], [-86.467161, 41.759657], [-86.472008, 41.759667], [-86.486385, 41.759695], [-86.504815, 41.759729], [-86.513149, 41.759702], [-86.524325, 41.759666], [-86.543876, 41.759645], [-86.554895, 41.759611], [-86.562779, 41.759586], [-86.57098, 41.759564], [-86.583193, 41.759531], [-86.5953, 41.759551], [-86.602672, 41.759563], [-86.603863, 41.759567], [-86.607371, 41.759578], [-86.617116, 41.759608], [-86.618814, 41.759614], [-86.622, 41.759623], [-86.62365, 41.759635], [-86.62365, 41.759635], [-86.634361, 41.759708], [-86.636775, 41.759724], [-86.641423, 41.759755], [-86.644162, 41.759751], [-86.652785, 41.759738], [-86.652786, 41.759738], [-86.65956, 41.759727], [-86.660924, 41.759725], [-86.679664, 41.759714], [-86.699806, 41.759792], [-86.710329, 41.759826], [-86.719149, 41.759853], [-86.738416, 41.759954], [-86.757957, 41.760036], [-86.758148, 41.760038], [-86.760256, 41.760056], [-86.760258, 41.760056], [-86.760259, 41.760056], [-86.777268, 41.7602], [-86.786121, 41.760234], [-86.796202, 41.760273], [-86.816105, 41.760333], [-86.825039, 41.760321], [-86.875039, 41.760344], [-86.889957, 41.76038], [-86.894719, 41.760391], [-86.899861, 41.760403], [-86.923533, 41.760454], [-86.92497, 41.760456], [-86.93268, 41.760472], [-87.077146, 41.760666], [-87.185245, 41.760692], [-87.223292, 41.760677], [-87.286317, 41.760624], [-87.477014, 41.760254], [-87.500036, 41.760188], [-87.524526, 41.76], [-87.524556, 41.717609], [-87.52456, 41.710725], [-87.524562, 41.708074], [-87.524705, 41.69647], [-87.52479, 41.682009], [-87.524849, 41.669385], [-87.524857, 41.667501], [-87.524893, 41.663209], [-87.524974, 41.653368], [-87.525105, 41.639365], [-87.524918, 41.624653], [-87.524921, 41.624044], [-87.525004, 41.610455], [-87.52506, 41.603183], [-87.525117, 41.595761], [-87.525136, 41.585853], [-87.525145, 41.580989], [-87.525183, 41.576928], [-87.525184, 41.57688], [-87.525184, 41.576869], [-87.525279, 41.566713], [-87.525282, 41.56505], [-87.525303, 41.551669], [-87.52532, 41.543384], [-87.525333, 41.537304], [-87.525398, 41.522696], [-87.525401, 41.521712], [-87.525434, 41.508323], [-87.525502, 41.502547], [-87.525591, 41.494941], [-87.525595, 41.49462], [-87.525596, 41.494539], [-87.525596, 41.494516], [-87.525598, 41.494324], [-87.525606, 41.493655], [-87.525596, 41.490185], [-87.525564, 41.47915], [-87.52569, 41.469623], [-87.52569, 41.469623], [-87.525756, 41.46464], [-87.525983, 41.450011], [-87.525889, 41.437845], [-87.525883, 41.437014], [-87.525872, 41.435591], [-87.525888, 41.421121], [-87.526007, 41.411925], [-87.526075, 41.406721], [-87.526134, 41.398713], [-87.526134, 41.398711], [-87.526134, 41.398711], [-87.526183, 41.392091], [-87.526196, 41.388712], [-87.526196, 41.388712], [-87.526196, 41.388711], [-87.526196, 41.388711], [-87.526201, 41.387519], [-87.526241, 41.37777], [-87.526261, 41.375954], [-87.526269, 41.375203], [-87.526269, 41.375203], [-87.526269, 41.375203], [-87.526269, 41.375203], [-87.526269, 41.375203], [-87.526355, 41.367501], [-87.526405, 41.363061], [-87.526577, 41.348509], [-87.526618, 41.338075], [-87.526634, 41.333847], [-87.526691, 41.3268], [-87.526752, 41.319294], [-87.52676, 41.314619], [-87.526778, 41.304755], [-87.52685, 41.290247], [-87.526708, 41.275652], [-87.526704, 41.27445], [-87.526704, 41.274449], [-87.526664, 41.261137], [-87.526567, 41.246439], [-87.526532, 41.234681], [-87.526529, 41.233949], [-87.526529, 41.233948], [-87.526529, 41.23393], [-87.526529, 41.233913], [-87.526529, 41.233695], [-87.526523, 41.23192], [-87.526528, 41.230869], [-87.52653, 41.23042], [-87.526534, 41.229348], [-87.52654, 41.22776], [-87.52654, 41.227759], [-87.52654, 41.227758], [-87.52654, 41.227756], [-87.52654, 41.227755], [-87.526573, 41.219748], [-87.526582, 41.217532], [-87.526566, 41.213406], [-87.526566, 41.213399], [-87.526566, 41.213396], [-87.526566, 41.213393], [-87.526525, 41.203069], [-87.526555, 41.188605], [-87.52657, 41.183389], [-87.526597, 41.173834], [-87.526637, 41.166164], [-87.526642, 41.159523], [-87.526639, 41.144996], [-87.526642, 41.143502], [-87.526643, 41.143151], [-87.526643, 41.143146], [-87.526643, 41.143128], [-87.526643, 41.143115], [-87.526643, 41.143099], [-87.526675, 41.130727], [-87.526686, 41.116056], [-87.526646, 41.105435], [-87.526631, 41.101536], [-87.526602, 41.096476], [-87.526548, 41.087164], [-87.526533, 41.080639], [-87.526512, 41.072083], [-87.526474, 41.062293], [-87.526456, 41.057684], [-87.526436, 41.052791], [-87.526395, 41.043133], [-87.526396, 41.032986], [-87.526396, 41.032362], [-87.526397, 41.028591], [-87.526313, 41.014017], [-87.52629, 41.007717], [-87.526261, 40.999781], [-87.526216, 40.990576], [-87.526199, 40.987212], [-87.526187, 40.984651], [-87.526179, 40.983718], [-87.526175, 40.983326], [-87.526175, 40.983326], [-87.526175, 40.983326], [-87.526164, 40.982056], [-87.52606, 40.969973], [-87.526038, 40.959691], [-87.526028, 40.95522], [-87.526109, 40.947419], [-87.526109, 40.947418], [-87.526109, 40.947418], [-87.526111, 40.947235], [-87.526118, 40.946561], [-87.52617, 40.941548], [-87.526176, 40.940931], [-87.526171, 40.938074], [-87.526153, 40.926446], [-87.526097, 40.911981], [-87.526068, 40.908193], [-87.526032, 40.903464], [-87.52603, 40.90317], [-87.526027, 40.902838], [-87.526027, 40.902838], [-87.525972, 40.895562], [-87.525972, 40.891772], [-87.525971, 40.880789], [-87.525876, 40.866124], [-87.525827, 40.855512], [-87.52581, 40.851771], [-87.525724, 40.837228], [-87.525736, 40.83163], [-87.525755, 40.822663], [-87.525826, 40.809803], [-87.525845, 40.801458], [-87.52586, 40.795044], [-87.52591, 40.780556], [-87.526001, 40.766122], [-87.526008, 40.757779], [-87.526014, 40.751465], [-87.526029, 40.742604], [-87.526039, 40.736944], [-87.526039, 40.736884], [-87.516447, 40.736929], [-87.5157, 40.736932], [-87.512983, 40.736944], [-87.503168, 40.751769], [-87.491484, 40.769408], [-87.48546, 40.75732], [-87.476717, 40.739763], [-87.475739, 40.737801], [-87.475234, 40.736785], [-87.462435, 40.736788], [-87.459238, 40.736788], [-87.45826, 40.736788], [-87.458191, 40.736788], [-87.438061, 40.767844], [-87.430731, 40.75515], [-87.429176, 40.752456], [-87.42743, 40.74943], [-87.422071, 40.740145], [-87.420779, 40.737907], [-87.420323, 40.737117], [-87.420047, 40.736638], [-87.346636, 40.736517], [-87.32701, 40.762657], [-87.326035, 40.763955], [-87.325359, 40.764856], [-87.32515, 40.765134], [-87.324785, 40.765619], [-87.32328, 40.763363], [-87.320881, 40.759767], [-87.320373, 40.759006], [-87.319845, 40.758214], [-87.315591, 40.751836], [-87.305461, 40.736641], [-87.210839, 40.736757], [-87.194206, 40.73677], [-87.174444, 40.736781], [-87.144607, 40.736792], [-87.142188, 40.73958], [-87.139006, 40.743245], [-87.119485, 40.765726], [-87.119485, 40.765726], [-87.119485, 40.765726], [-87.104859, 40.759808], [-87.085211, 40.751853], [-87.068696, 40.733469], [-87.06427, 40.728541], [-87.053336, 40.701776], [-87.046785, 40.685727], [-87.040838, 40.671154], [-87.020188, 40.677221], [-86.960901, 40.654499], [-86.893041, 40.628434], [-86.887533, 40.623224], [-86.88131, 40.617334], [-86.869735, 40.606377], [-86.869619, 40.606268], [-86.869595, 40.606245], [-86.869342, 40.606006], [-86.86862, 40.605322], [-86.866496, 40.603696], [-86.868607, 40.602705], [-86.868569, 40.602673], [-86.868323, 40.602467], [-86.855361, 40.591582], [-86.850609, 40.58759], [-86.850602, 40.587447], [-86.849209, 40.562337], [-86.849207, 40.562313], [-86.849207, 40.562306], [-86.832713, 40.562357], [-86.792951, 40.562469], [-86.713397, 40.562652], [-86.709038, 40.565456], [-86.704689, 40.562991], [-86.700899, 40.560842], [-86.699631, 40.560123], [-86.69556, 40.557816], [-86.690979, 40.557579], [-86.687722, 40.552116], [-86.686459, 40.550494], [-86.69216, 40.540955], [-86.694615, 40.536845], [-86.694615, 40.536811], [-86.694148, 40.432479], [-86.69146, 40.432463], [-86.680654, 40.4324], [-86.680638, 40.4324], [-86.661706, 40.432287], [-86.659167, 40.432272], [-86.648387, 40.432206], [-86.617874, 40.432015], [-86.594811, 40.416966], [-86.594133, 40.418219], [-86.5926, 40.42105], [-86.592096, 40.421981], [-86.586983, 40.431422], [-86.554888, 40.431527], [-86.538404, 40.431578], [-86.525251, 40.416746], [-86.511393, 40.431355], [-86.41174, 40.431557], [-86.392882, 40.415704], [-86.375535, 40.431728], [-86.375519, 40.434876], [-86.375462, 40.446652], [-86.375462, 40.446713], [-86.375327, 40.474729], [-86.377749, 40.475407], [-86.381101, 40.476345], [-86.394985, 40.480228], [-86.376494, 40.512501], [-86.375664, 40.513949], [-86.375123, 40.531269], [-86.374207, 40.560601], [-86.374198, 40.560888], [-86.374184, 40.561346], [-86.329026, 40.561644], [-86.300554, 40.561823], [-86.286227, 40.56191], [-86.20549, 40.562369], [-86.20529, 40.56258], [-86.192382, 40.57618], [-86.189844, 40.578853], [-86.176773, 40.570302], [-86.16779, 40.564422], [-86.167055, 40.563941], [-86.164973, 40.562578], [-86.163836, 40.563251], [-86.15654, 40.567565], [-86.151426, 40.570587], [-86.146983, 40.573213], [-86.13486, 40.580376], [-86.12733, 40.584824], [-86.13014, 40.585715], [-86.137027, 40.587898], [-86.14543, 40.590561], [-86.165445, 40.5969], [-86.165499, 40.600748], [-86.165688, 40.614384], [-86.16569, 40.614473], [-86.165691, 40.614567], [-86.166098, 40.643818], [-86.166432, 40.667839], [-86.127956, 40.677129], [-86.13316, 40.68], [-86.133831, 40.68037], [-86.134975, 40.681001], [-86.136995, 40.682116], [-86.137088, 40.682168], [-86.137276, 40.682271], [-86.138464, 40.682432], [-86.138717, 40.682466], [-86.14346, 40.683108], [-86.166716, 40.686252], [-86.166562, 40.696043], [-86.166538, 40.697583], [-86.166537, 40.697586], [-86.166537, 40.697607], [-86.166352, 40.709332], [-86.165825, 40.742779], [-86.165683, 40.743011], [-86.165619, 40.743116], [-86.161194, 40.750376], [-86.149044, 40.770302], [-86.150543, 40.771942], [-86.168287, 40.791351], [-86.167633, 40.85828], [-86.167395, 40.858337], [-86.165614, 40.858763], [-86.148712, 40.86281], [-86.136614, 40.865704], [-86.154615, 40.871872], [-86.155399, 40.87214], [-86.155855, 40.872296], [-86.157853, 40.872981], [-86.165897, 40.875735], [-86.167821, 40.876394], [-86.168593, 40.90958], [-86.168673, 40.909664], [-86.168857, 40.909857], [-86.168958, 40.909962], [-86.169278, 40.910297], [-86.171483, 40.912604], [-86.173235, 40.914438], [-86.173233, 40.939736], [-86.173228, 40.996071], [-86.147521, 40.996435], [-86.115493, 40.99688], [-86.051072, 40.997749], [-86.051354, 41.022763], [-86.028359, 41.038885], [-86.034214, 41.041048], [-86.038743, 41.042721], [-86.047427, 41.045928], [-86.051694, 41.047503], [-86.052252, 41.085345], [-86.053334, 41.08534], [-86.057663, 41.085321], [-86.060705, 41.085307], [-86.061171, 41.085305], [-86.063432, 41.085295], [-86.075798, 41.085238], [-86.077198, 41.161007], [-86.039157, 41.173332], [-86.054227, 41.176524], [-86.055755, 41.242855], [-86.05275, 41.244508], [-86.050653, 41.245661], [-86.050661, 41.245667], [-86.05083, 41.24579], [-86.050836, 41.245794], [-86.055176, 41.248949], [-86.055902, 41.249477], [-86.056244, 41.26526], [-86.056555, 41.279611], [-86.056555, 41.279611], [-86.048147, 41.281799], [-86.04772, 41.281911], [-86.047214, 41.282042], [-86.046931, 41.282116], [-86.047006, 41.282186], [-86.051794, 41.286621], [-86.051795, 41.286622], [-86.051795, 41.286622], [-86.052453, 41.287231], [-86.05324, 41.28796], [-86.056923, 41.291372], [-86.057061, 41.301179], [-86.057071, 41.301895], [-86.057073, 41.302056], [-86.058909, 41.432865], [-86.05895, 41.435775], [-86.056263, 41.43648], [-86.043004, 41.43996], [-86.030522, 41.443233], [-86.030515, 41.443235], [-86.030508, 41.443237], [-86.030346, 41.443279], [-86.051855, 41.453789], [-86.054544, 41.455102], [-86.059335, 41.457442], [-86.059347, 41.458916], [-86.059395, 41.465064], [-86.05977, 41.513354], [-86.060195, 41.567944], [-86.060489, 41.605677], [-86.06057, 41.6161], [-86.06082, 41.641853], [-86.061036, 41.664107], [-86.063203, 41.664697], [-86.069474, 41.666402], [-86.069944, 41.684153], [-86.066254, 41.686017], [-86.066037, 41.686127], [-86.066, 41.686146], [-86.06502, 41.686641], [-86.063018, 41.687652], [-86.061517, 41.688411], [-86.061966, 41.715091], [-86.062182, 41.727921], [-86.062185, 41.728091], [-86.062237, 41.731197], [-86.062238, 41.731317], [-86.062246, 41.731921], [-86.062256, 41.732747], [-86.06226, 41.733108], [-86.062264, 41.733384], [-86.062265, 41.73349], [-86.062423, 41.746335], [-86.062598, 41.760499]]], "crs": null}}, {"type": "Feature", "properties": {"district": "5", "dist_name": "Seymour", "wms_id": 5000, "layer_type": "boundary"}, "geometry": {"type": "Polygon", "coordinates": [[[-85.952799, 39.609487], [-85.952799, 39.609487], [-85.952799, 39.609488], [-85.952799, 39.609488], [-85.952799, 39.609489], [-85.95225, 39.638525], [-85.952251, 39.638525], [-85.952251, 39.638525], [-85.952251, 39.638525], [-85.952263, 39.638525], [-85.952272, 39.638525], [-85.9524, 39.638523], [-85.953488, 39.638506], [-85.959352, 39.638415], [-85.979116, 39.638104], [-86.053525, 39.636905], [-86.064865, 39.636718], [-86.074087, 39.636565], [-86.090035, 39.636248], [-86.09343, 39.63618], [-86.109766, 39.635853], [-86.126647, 39.635512], [-86.15178, 39.635191], [-86.154728, 39.635153], [-86.157342, 39.635119], [-86.15829, 39.635106], [-86.159544, 39.635083], [-86.163791, 39.635005], [-86.164735, 39.634987], [-86.166498, 39.634955], [-86.168469, 39.634918], [-86.181459, 39.634677], [-86.190178, 39.634514], [-86.190178, 39.634514], [-86.190996, 39.634502], [-86.205489, 39.634299], [-86.20549, 39.634299], [-86.20549, 39.634299], [-86.20549, 39.634299], [-86.20549, 39.634299], [-86.20549, 39.634299], [-86.326362, 39.632135], [-86.339792, 39.620156], [-86.348819, 39.612101], [-86.351393, 39.609803], [-86.353901, 39.607565], [-86.356086, 39.607531], [-86.358529, 39.607493], [-86.358647, 39.607491], [-86.36493, 39.607393], [-86.379483, 39.605818], [-86.395702, 39.585366], [-86.408511, 39.569203], [-86.412588, 39.564057], [-86.418447, 39.55666], [-86.434013, 39.536998], [-86.456842, 39.508137], [-86.631022, 39.413587], [-86.739856, 39.356005], [-86.839809, 39.321687], [-86.841627, 39.321056], [-86.845758, 39.31962], [-86.849523, 39.318311], [-86.86616, 39.312525], [-86.882193, 39.214402], [-86.869181, 39.206056], [-86.869173, 39.206056], [-86.869145, 39.206058], [-86.869074, 39.20606], [-86.869025, 39.206062], [-86.869024, 39.206062], [-86.869024, 39.206062], [-86.869024, 39.206062], [-86.869024, 39.206062], [-86.842532, 39.200272], [-86.809707, 39.193087], [-86.757655, 39.181709], [-86.711916, 39.171688], [-86.711913, 39.171688], [-86.71191, 39.171687], [-86.71191, 39.171687], [-86.71191, 39.171687], [-86.681307, 39.170928], [-86.681524, 39.162119], [-86.681924, 39.145858], [-86.681928, 39.145726], [-86.682659, 39.115997], [-86.682772, 39.115752], [-86.682858, 39.115565], [-86.683211, 39.114796], [-86.694387, 39.099897], [-86.716, 39.071059], [-86.724636, 39.059528], [-86.719185, 39.045258], [-86.718516, 39.044049], [-86.718295, 39.04365], [-86.718286, 39.043633], [-86.71823, 39.043533], [-86.71603, 39.040733], [-86.716044, 39.040682], [-86.716066, 39.040598], [-86.716069, 39.040589], [-86.716128, 39.040365], [-86.716081, 39.040359], [-86.716033, 39.040354], [-86.716007, 39.040351], [-86.715959, 39.040346], [-86.715934, 39.040387], [-86.715869, 39.040493], [-86.715859, 39.04051], [-86.715856, 39.040515], [-86.715814, 39.040585], [-86.715751, 39.040689], [-86.711395, 39.040452], [-86.710293, 39.040144], [-86.710074, 39.040083], [-86.710011, 39.040065], [-86.709632, 39.039959], [-86.684765, 39.039477], [-86.684616, 39.039363], [-86.684441, 39.039229], [-86.684409, 39.039205], [-86.684361, 39.039168], [-86.684125, 39.038988], [-86.684008, 39.038898], [-86.684067, 39.038817], [-86.684883, 39.038192], [-86.685076, 39.038023], [-86.685895, 39.037306], [-86.686391, 39.036871], [-86.686715, 39.036588], [-86.688619, 39.034876], [-86.689244, 39.034175], [-86.689135, 39.034134], [-86.689124, 39.03413], [-86.689062, 39.034108], [-86.688826, 39.034021], [-86.688755, 39.03409], [-86.688355, 39.034481], [-86.688092, 39.034739], [-86.68797, 39.034858], [-86.684519, 39.038089], [-86.684346, 39.038245], [-86.68433, 39.03826], [-86.684311, 39.038276], [-86.684016, 39.038543], [-86.683818, 39.038672], [-86.683733, 39.038728], [-86.683718, 39.038738], [-86.658241, 39.031702], [-86.638648, 38.993216], [-86.609138, 38.993707], [-86.592832, 38.993974], [-86.581454, 38.99416], [-86.535179, 38.994903], [-86.535178, 38.994903], [-86.535167, 38.994903], [-86.450883, 38.991771], [-86.4239, 38.990756], [-86.364683, 38.931338], [-86.364683, 38.931338], [-86.364683, 38.931337], [-86.364683, 38.931337], [-86.358582, 38.912734], [-86.358581, 38.91273], [-86.35857, 38.912696], [-86.358557, 38.912656], [-86.343026, 38.879174], [-86.341881, 38.877162], [-86.341288, 38.87612], [-86.341252, 38.876057], [-86.341098, 38.875786], [-86.340419, 38.874592], [-86.340291, 38.874369], [-86.339374, 38.826879], [-86.33937, 38.826659], [-86.339321, 38.824118], [-86.338411, 38.776944], [-86.330194, 38.764032], [-86.329217, 38.762496], [-86.328367, 38.76116], [-86.328327, 38.761098], [-86.326444, 38.758202], [-86.323918, 38.754317], [-86.323342, 38.753432], [-86.310123, 38.733097], [-86.310031, 38.732791], [-86.310027, 38.732779], [-86.310022, 38.732762], [-86.309824, 38.732109], [-86.30862, 38.681816], [-86.308163, 38.662724], [-86.307549, 38.637041], [-86.284069, 38.611458], [-86.274855, 38.578249], [-86.268526, 38.555419], [-86.268526, 38.555419], [-86.268526, 38.555419], [-86.268449, 38.554151], [-86.268348, 38.552478], [-86.268342, 38.55238], [-86.267801, 38.543392], [-86.266141, 38.516986], [-86.265889, 38.512984], [-86.262009, 38.451185], [-86.261982, 38.450825], [-86.261962, 38.450563], [-86.261933, 38.450187], [-86.261031, 38.438274], [-86.261015, 38.438057], [-86.260997, 38.437821], [-86.259656, 38.42012], [-86.260203, 38.419595], [-86.26402, 38.41593], [-86.267526, 38.412562], [-86.269547, 38.41062], [-86.269981, 38.410204], [-86.269985, 38.4102], [-86.266306, 38.399447], [-86.26771, 38.391706], [-86.269359, 38.374566], [-86.273505, 38.368657], [-86.281843, 38.356771], [-86.282635, 38.355641], [-86.310669, 38.314547], [-86.359791, 38.242411], [-86.358034, 38.220961], [-86.356934, 38.207518], [-86.357143, 38.203603], [-86.3573, 38.201072], [-86.35741, 38.19931], [-86.357442, 38.198801], [-86.357159, 38.198763], [-86.356651, 38.198656], [-86.35569, 38.198394], [-86.354818, 38.198078], [-86.354302, 38.197891], [-86.353733, 38.197697], [-86.353455, 38.197602], [-86.35273, 38.19735], [-86.35191, 38.197008], [-86.351209, 38.196741], [-86.350961, 38.196647], [-86.350766, 38.196574], [-86.350208, 38.196368], [-86.349429, 38.196071], [-86.349163, 38.19597], [-86.348148, 38.19555], [-86.347458, 38.19518], [-86.347382, 38.19514], [-86.346518, 38.194599], [-86.345222, 38.193632], [-86.344586, 38.193245], [-86.343849, 38.192808], [-86.343241, 38.192381], [-86.34254, 38.191868], [-86.341982, 38.191482], [-86.341922, 38.191441], [-86.341901, 38.191425], [-86.341391, 38.191037], [-86.340704, 38.190542], [-86.340061, 38.190056], [-86.339276, 38.189352], [-86.338145, 38.188338], [-86.33759, 38.18789], [-86.337471, 38.187793], [-86.336899, 38.18715], [-86.336621, 38.186919], [-86.334977, 38.185643], [-86.334443, 38.185217], [-86.333811, 38.184713], [-86.333456, 38.184427], [-86.33343, 38.184406], [-86.332647, 38.183778], [-86.331866, 38.183034], [-86.331466, 38.18269], [-86.331296, 38.182549], [-86.331233, 38.182497], [-86.331194, 38.182464], [-86.331153, 38.182431], [-86.331119, 38.182415], [-86.331092, 38.182402], [-86.331048, 38.182381], [-86.330926, 38.182353], [-86.330908, 38.18235], [-86.330612, 38.182297], [-86.330481, 38.182233], [-86.330324, 38.182106], [-86.330124, 38.182029], [-86.329858, 38.18196], [-86.329432, 38.18182], [-86.329382, 38.181804], [-86.328888, 38.181403], [-86.3286, 38.181155], [-86.328459, 38.181035], [-86.328321, 38.180933], [-86.32789, 38.180616], [-86.327337, 38.180254], [-86.327336, 38.180253], [-86.326828, 38.179885], [-86.326742, 38.179798], [-86.326525, 38.179579], [-86.32637, 38.17938], [-86.326191, 38.179218], [-86.325546, 38.178765], [-86.325114, 38.178461], [-86.324217, 38.177811], [-86.324108, 38.177731], [-86.32332, 38.177143], [-86.322916, 38.17686], [-86.322578, 38.176624], [-86.322423, 38.176521], [-86.322057, 38.176277], [-86.321435, 38.175858], [-86.321283, 38.175755], [-86.321107, 38.175627], [-86.320604, 38.175261], [-86.320152, 38.174882], [-86.31977, 38.174562], [-86.319115, 38.174037], [-86.318392, 38.173602], [-86.318272, 38.17353], [-86.317009, 38.172921], [-86.316593, 38.17275], [-86.316005, 38.172509], [-86.315871, 38.172454], [-86.315801, 38.172425], [-86.314581, 38.171878], [-86.313611, 38.171445], [-86.313467, 38.171389], [-86.312563, 38.171036], [-86.311389, 38.170608], [-86.309299, 38.169848], [-86.307522, 38.169255], [-86.30595, 38.168644], [-86.304737, 38.168166], [-86.303801, 38.167761], [-86.303705, 38.16772], [-86.302602, 38.167254], [-86.301585, 38.166821], [-86.300898, 38.166507], [-86.300139, 38.166161], [-86.298198, 38.165299], [-86.297528, 38.164971], [-86.296473, 38.164456], [-86.295269, 38.163866], [-86.2943, 38.163371], [-86.293332, 38.162825], [-86.292589, 38.162386], [-86.292442, 38.162299], [-86.292238, 38.162161], [-86.291576, 38.161711], [-86.290989, 38.161222], [-86.290927, 38.16117], [-86.290283, 38.160653], [-86.290001, 38.160401], [-86.289504, 38.15996], [-86.289229, 38.15971], [-86.28896, 38.159467], [-86.288288, 38.158911], [-86.288212, 38.158849], [-86.288161, 38.158806], [-86.287736, 38.15845], [-86.287324, 38.158166], [-86.287082, 38.157999], [-86.286794, 38.157755], [-86.286449, 38.15735], [-86.286129, 38.156975], [-86.285621, 38.156421], [-86.285005, 38.155546], [-86.284924, 38.155431], [-86.283885, 38.154224], [-86.283695, 38.153999], [-86.283309, 38.153543], [-86.282271, 38.152126], [-86.281077, 38.150644], [-86.280933, 38.150464], [-86.280577, 38.150019], [-86.280446, 38.149866], [-86.280228, 38.149612], [-86.27986, 38.149188], [-86.279671, 38.148971], [-86.279159, 38.14838], [-86.278397, 38.147478], [-86.277777, 38.146779], [-86.277253, 38.146285], [-86.276559, 38.145662], [-86.27613, 38.145213], [-86.276114, 38.145197], [-86.2761, 38.145181], [-86.275596, 38.144635], [-86.275533, 38.144557], [-86.275152, 38.144084], [-86.274629, 38.143377], [-86.274317, 38.14296], [-86.273628, 38.142038], [-86.273455, 38.141783], [-86.273286, 38.141534], [-86.272925, 38.140994], [-86.272817, 38.140832], [-86.272329, 38.139986], [-86.272003, 38.139356], [-86.271835, 38.139032], [-86.271695, 38.138734], [-86.271309, 38.137911], [-86.271005, 38.137126], [-86.270977, 38.137055], [-86.270812, 38.136516], [-86.270662, 38.135865], [-86.270642, 38.135673], [-86.270637, 38.135631], [-86.270641, 38.135577], [-86.270653, 38.13539], [-86.270608, 38.135115], [-86.270538, 38.134674], [-86.270475, 38.134364], [-86.270428, 38.134131], [-86.270367, 38.133678], [-86.27025, 38.132819], [-86.270211, 38.132023], [-86.270209, 38.131459], [-86.270216, 38.131082], [-86.270226, 38.130507], [-86.270284, 38.129666], [-86.270417, 38.128903], [-86.270672, 38.127716], [-86.271021, 38.126501], [-86.271226, 38.12587], [-86.271303, 38.12563], [-86.271378, 38.125393], [-86.271514, 38.124836], [-86.271531, 38.124751], [-86.271614, 38.124352], [-86.2717, 38.124064], [-86.271784, 38.123785], [-86.271881, 38.123528], [-86.272086, 38.122991], [-86.272448, 38.122207], [-86.272855, 38.121406], [-86.273119, 38.120949], [-86.273157, 38.120877], [-86.273401, 38.120418], [-86.273525, 38.120104], [-86.273603, 38.119559], [-86.273647, 38.119192], [-86.273684, 38.118881], [-86.273741, 38.118376], [-86.273694, 38.117911], [-86.273689, 38.117849], [-86.273663, 38.1175], [-86.273721, 38.117321], [-86.273751, 38.117227], [-86.273819, 38.117157], [-86.274097, 38.116867], [-86.274249, 38.116648], [-86.274323, 38.116541], [-86.274488, 38.116179], [-86.274545, 38.116039], [-86.274686, 38.115696], [-86.274861, 38.115287], [-86.274893, 38.115212], [-86.274942, 38.115098], [-86.275107, 38.114716], [-86.275201, 38.114487], [-86.275347, 38.114125], [-86.275635, 38.11323], [-86.275899, 38.112463], [-86.275946, 38.112325], [-86.276177, 38.111716], [-86.276236, 38.111561], [-86.276513, 38.110815], [-86.276556, 38.110684], [-86.276859, 38.109748], [-86.277085, 38.108927], [-86.27723, 38.108235], [-86.277297, 38.107915], [-86.277327, 38.107727], [-86.277426, 38.107113], [-86.277619, 38.10633], [-86.277823, 38.105585], [-86.277861, 38.105446], [-86.277922, 38.10505], [-86.278008, 38.104483], [-86.278064, 38.104222], [-86.27811, 38.104012], [-86.278153, 38.103797], [-86.278237, 38.103376], [-86.278345, 38.103035], [-86.278563, 38.10256], [-86.278723, 38.10221], [-86.278767, 38.102091], [-86.278842, 38.101887], [-86.27896, 38.101488], [-86.279031, 38.101276], [-86.279096, 38.101079], [-86.279124, 38.10083], [-86.279122, 38.100647], [-86.279121, 38.10055], [-86.279096, 38.100389], [-86.279067, 38.100205], [-86.279014, 38.100028], [-86.278955, 38.099832], [-86.278914, 38.099697], [-86.278803, 38.099341], [-86.278791, 38.099302], [-86.278778, 38.099093], [-86.278726, 38.098295], [-86.278767, 38.097622], [-86.278786, 38.097324], [-86.278792, 38.097011], [-86.278798, 38.09666], [-86.278809, 38.095634], [-86.278832, 38.095285], [-86.278839, 38.095177], [-86.278808, 38.094427], [-86.278782, 38.093929], [-86.278765, 38.093618], [-86.278747, 38.092859], [-86.27872, 38.091985], [-86.278716, 38.091591], [-86.27871, 38.091085], [-86.278679, 38.090436], [-86.278665, 38.090145], [-86.278583, 38.088962], [-86.278574, 38.088786], [-86.278544, 38.088212], [-86.278548, 38.087728], [-86.278551, 38.08679], [-86.278513, 38.086373], [-86.278363, 38.085573], [-86.278276, 38.085109], [-86.278068, 38.084165], [-86.278016, 38.083933], [-86.277791, 38.082829], [-86.2777, 38.082253], [-86.277664, 38.082019], [-86.277552, 38.081055], [-86.277471, 38.080055], [-86.277367, 38.079391], [-86.277154, 38.078571], [-86.277106, 38.078385], [-86.277095, 38.07835], [-86.27681, 38.077434], [-86.276546, 38.076461], [-86.276542, 38.076447], [-86.27624, 38.075397], [-86.276094, 38.074777], [-86.27598, 38.074292], [-86.275766, 38.073479], [-86.275695, 38.07328], [-86.275547, 38.072859], [-86.275301, 38.07224], [-86.275001, 38.071447], [-86.274993, 38.071426], [-86.274578, 38.070386], [-86.274411, 38.06991], [-86.274377, 38.069814], [-86.27388, 38.06843], [-86.273493, 38.067112], [-86.273288, 38.066299], [-86.27325, 38.06619], [-86.273046, 38.065599], [-86.27301, 38.065487], [-86.27294, 38.065267], [-86.272618, 38.064528], [-86.272524, 38.064314], [-86.272305, 38.063794], [-86.272174, 38.063516], [-86.271971, 38.063086], [-86.271918, 38.062964], [-86.27187, 38.062852], [-86.271733, 38.062537], [-86.271639, 38.06232], [-86.271499, 38.06211], [-86.271208, 38.061674], [-86.270789, 38.061076], [-86.270304, 38.060367], [-86.270179, 38.060198], [-86.26998, 38.059928], [-86.269817, 38.059706], [-86.269579, 38.059383], [-86.269219, 38.05891], [-86.268365, 38.057843], [-86.268027, 38.057453], [-86.267816, 38.05721], [-86.267719, 38.057134], [-86.267547, 38.056998], [-86.267275, 38.056846], [-86.267224, 38.056819], [-86.266875, 38.056639], [-86.266751, 38.056581], [-86.26653, 38.056477], [-86.266375, 38.056389], [-86.266182, 38.056258], [-86.266113, 38.056203], [-86.266097, 38.05619], [-86.266031, 38.056137], [-86.2657, 38.055871], [-86.265471, 38.055648], [-86.265282, 38.055464], [-86.264842, 38.055027], [-86.264684, 38.054872], [-86.264587, 38.054802], [-86.264545, 38.054771], [-86.26432, 38.054648], [-86.264049, 38.054501], [-86.263792, 38.054331], [-86.263235, 38.053965], [-86.262476, 38.053439], [-86.261935, 38.053025], [-86.261235, 38.052529], [-86.261139, 38.052468], [-86.260679, 38.052174], [-86.260227, 38.051885], [-86.259802, 38.051622], [-86.259312, 38.051318], [-86.258436, 38.05072], [-86.258183, 38.050541], [-86.258092, 38.050477], [-86.257546, 38.050173], [-86.256856, 38.049834], [-86.256153, 38.049457], [-86.255924, 38.049334], [-86.255025, 38.048814], [-86.254194, 38.048321], [-86.253438, 38.047896], [-86.253191, 38.047753], [-86.252783, 38.047517], [-86.252212, 38.047193], [-86.251682, 38.046922], [-86.251304, 38.046746], [-86.250648, 38.046415], [-86.249978, 38.04607], [-86.249621, 38.045883], [-86.249148, 38.04561], [-86.249102, 38.045583], [-86.248605, 38.045347], [-86.24842, 38.045275], [-86.248136, 38.045164], [-86.247696, 38.044997], [-86.247178, 38.044797], [-86.24655, 38.044549], [-86.245857, 38.044273], [-86.245523, 38.04416], [-86.24528, 38.044078], [-86.244506, 38.043777], [-86.243681, 38.043494], [-86.243582, 38.043457], [-86.242893, 38.043199], [-86.242452, 38.043041], [-86.242261, 38.042977], [-86.241703, 38.042792], [-86.241464, 38.042707], [-86.241119, 38.042585], [-86.240654, 38.042417], [-86.240236, 38.042266], [-86.240039, 38.042167], [-86.239784, 38.042038], [-86.239434, 38.041827], [-86.239353, 38.041774], [-86.239289, 38.041733], [-86.239121, 38.041668], [-86.239049, 38.041649], [-86.238851, 38.041597], [-86.238673, 38.041574], [-86.238514, 38.041554], [-86.238256, 38.041517], [-86.238221, 38.041512], [-86.23822, 38.041511], [-86.237973, 38.041446], [-86.237738, 38.041372], [-86.237601, 38.041328], [-86.237594, 38.041325], [-86.236674, 38.040945], [-86.236273, 38.040791], [-86.235922, 38.040657], [-86.235127, 38.040344], [-86.23483, 38.040231], [-86.234492, 38.040103], [-86.23404, 38.039926], [-86.234004, 38.039912], [-86.233704, 38.039796], [-86.233368, 38.039667], [-86.233315, 38.039634], [-86.233245, 38.03959], [-86.233209, 38.039538], [-86.233231, 38.039475], [-86.233398, 38.039428], [-86.233702, 38.039344], [-86.233849, 38.039264], [-86.233899, 38.03918], [-86.233923, 38.039137], [-86.233932, 38.039082], [-86.233955, 38.038935], [-86.233943, 38.038867], [-86.23392, 38.038743], [-86.233876, 38.038659], [-86.233856, 38.038621], [-86.23377, 38.038512], [-86.233769, 38.03851], [-86.233719, 38.038462], [-86.233544, 38.038295], [-86.233035, 38.037897], [-86.232462, 38.037418], [-86.23197, 38.037058], [-86.2318, 38.036933], [-86.231531, 38.036752], [-86.23094, 38.03647], [-86.230285, 38.0362], [-86.229691, 38.035918], [-86.229279, 38.035716], [-86.228957, 38.035559], [-86.228868, 38.035503], [-86.228266, 38.035125], [-86.226854, 38.034235], [-86.226424, 38.033974], [-86.225871, 38.033638], [-86.225529, 38.033373], [-86.224549, 38.032615], [-86.224229, 38.032361], [-86.224101, 38.032245], [-86.223881, 38.032046], [-86.223541, 38.031712], [-86.223424, 38.031597], [-86.223112, 38.031273], [-86.222895, 38.031048], [-86.22249, 38.030542], [-86.222059, 38.029854], [-86.22187, 38.029517], [-86.221705, 38.029224], [-86.221616, 38.029091], [-86.221475, 38.028884], [-86.221163, 38.028569], [-86.22072, 38.028256], [-86.21986, 38.027798], [-86.21865, 38.027257], [-86.217966, 38.027004], [-86.217453, 38.026814], [-86.216578, 38.026414], [-86.215492, 38.025921], [-86.214744, 38.0256], [-86.214654, 38.025561], [-86.213829, 38.025272], [-86.213242, 38.02504], [-86.2131, 38.024983], [-86.212137, 38.024629], [-86.210823, 38.024151], [-86.209985, 38.023757], [-86.209044, 38.023374], [-86.208939, 38.023337], [-86.208475, 38.023172], [-86.207476, 38.022773], [-86.20636, 38.022342], [-86.205554, 38.022025], [-86.205543, 38.022021], [-86.20553, 38.022016], [-86.204617, 38.021661], [-86.203625, 38.021284], [-86.203235, 38.021138], [-86.202691, 38.020935], [-86.202356, 38.020809], [-86.201845, 38.020617], [-86.201508, 38.020481], [-86.20129, 38.020393], [-86.200342, 38.020015], [-86.199929, 38.019865], [-86.199401, 38.019673], [-86.198519, 38.019343], [-86.198249, 38.01924], [-86.197665, 38.019018], [-86.196447, 38.018523], [-86.195752, 38.018252], [-86.195477, 38.018146], [-86.194602, 38.017798], [-86.1943, 38.017688], [-86.19369, 38.017467], [-86.192399, 38.017012], [-86.191999, 38.016878], [-86.191304, 38.016645], [-86.190312, 38.016279], [-86.189977, 38.016159], [-86.18967, 38.016049], [-86.18941, 38.015951], [-86.189282, 38.015903], [-86.188998, 38.015762], [-86.188537, 38.015531], [-86.188007, 38.015281], [-86.187932, 38.015246], [-86.187276, 38.014901], [-86.186767, 38.014651], [-86.186198, 38.014412], [-86.185716, 38.014216], [-86.185276, 38.014036], [-86.184965, 38.013914], [-86.1847, 38.013809], [-86.184671, 38.013793], [-86.184353, 38.013602], [-86.183813, 38.013232], [-86.183617, 38.013098], [-86.18333, 38.012949], [-86.183133, 38.012842], [-86.183013, 38.012777], [-86.182238, 38.012399], [-86.182184, 38.012373], [-86.182183, 38.012372], [-86.181717, 38.012148], [-86.181398, 38.011994], [-86.181135, 38.011864], [-86.180726, 38.011661], [-86.179981, 38.011298], [-86.179214, 38.010945], [-86.17914, 38.010911], [-86.179013, 38.010854], [-86.178594, 38.010666], [-86.17842, 38.010627], [-86.178106, 38.010557], [-86.177886, 38.010508], [-86.177514, 38.010424], [-86.177034, 38.010359], [-86.176878, 38.010337], [-86.176462, 38.010225], [-86.17605, 38.010114], [-86.17581, 38.010081], [-86.175257, 38.010003], [-86.174621, 38.009928], [-86.174222, 38.009907], [-86.173605, 38.009874], [-86.17279, 38.009828], [-86.172074, 38.009766], [-86.171753, 38.009738], [-86.171318, 38.009698], [-86.17079, 38.00965], [-86.170019, 38.009681], [-86.16964, 38.00971], [-86.16912, 38.009764], [-86.168437, 38.009813], [-86.167844, 38.009862], [-86.167143, 38.009884], [-86.166116, 38.009899], [-86.165553, 38.009921], [-86.165, 38.009943], [-86.164386, 38.009974], [-86.163603, 38.010013], [-86.163348, 38.010038], [-86.16302, 38.010094], [-86.162486, 38.010239], [-86.161921, 38.010393], [-86.161761, 38.010425], [-86.161548, 38.010467], [-86.161209, 38.010536], [-86.160914, 38.010655], [-86.160585, 38.010818], [-86.160505, 38.010844], [-86.159574, 38.010855], [-86.159353, 38.01088], [-86.159155, 38.010937], [-86.158736, 38.01109], [-86.158529, 38.011169], [-86.157828, 38.011434], [-86.156945, 38.011711], [-86.156554, 38.011834], [-86.155869, 38.01203], [-86.155206, 38.012188], [-86.154556, 38.012331], [-86.154222, 38.0124], [-86.153893, 38.012483], [-86.15357, 38.012592], [-86.15318, 38.012747], [-86.153179, 38.012748], [-86.153036, 38.012805], [-86.152799, 38.012899], [-86.151981, 38.013351], [-86.151333, 38.013717], [-86.150663, 38.014096], [-86.150557, 38.014142], [-86.150027, 38.014368], [-86.149308, 38.014569], [-86.148606, 38.01472], [-86.146735, 38.014979], [-86.145382, 38.015095], [-86.145208, 38.015118], [-86.144355, 38.015234], [-86.143791, 38.015302], [-86.143253, 38.015367], [-86.142196, 38.015479], [-86.14124, 38.015606], [-86.140342, 38.015703], [-86.139816, 38.015773], [-86.139556, 38.015809], [-86.138859, 38.015865], [-86.137991, 38.015936], [-86.137876, 38.015942], [-86.136932, 38.015999], [-86.136096, 38.016038], [-86.135934, 38.016045], [-86.135208, 38.016066], [-86.134929, 38.016074], [-86.133258, 38.016133], [-86.132284, 38.016144], [-86.132157, 38.016145], [-86.130988, 38.016181], [-86.130553, 38.016188], [-86.130028, 38.016196], [-86.129028, 38.016211], [-86.128159, 38.01624], [-86.127351, 38.016248], [-86.126555, 38.01626], [-86.125736, 38.016267], [-86.125612, 38.016273], [-86.124961, 38.016303], [-86.124666, 38.016305], [-86.124441, 38.016306], [-86.124083, 38.016274], [-86.12389, 38.016257], [-86.123605, 38.016238], [-86.123467, 38.016229], [-86.123012, 38.0162], [-86.122843, 38.016185], [-86.122548, 38.016159], [-86.122013, 38.016136], [-86.12151, 38.016107], [-86.121363, 38.016094], [-86.120951, 38.016058], [-86.120725, 38.016032], [-86.120544, 38.016011], [-86.120117, 38.015963], [-86.119849, 38.015913], [-86.119638, 38.015874], [-86.119115, 38.015817], [-86.118614, 38.015731], [-86.118573, 38.015724], [-86.118241, 38.01567], [-86.117931, 38.015619], [-86.117473, 38.015542], [-86.116833, 38.015446], [-86.116251, 38.015315], [-86.115586, 38.015193], [-86.115276, 38.01512], [-86.115052, 38.015066], [-86.11485, 38.015022], [-86.114481, 38.014941], [-86.113938, 38.014848], [-86.113633, 38.014785], [-86.113367, 38.014729], [-86.112722, 38.014585], [-86.112345, 38.014494], [-86.112216, 38.014462], [-86.111363, 38.014291], [-86.110717, 38.014157], [-86.110467, 38.014105], [-86.110132, 38.014036], [-86.109553, 38.013917], [-86.109053, 38.013808], [-86.10874, 38.01374], [-86.108311, 38.013652], [-86.107879, 38.013563], [-86.107046, 38.013358], [-86.106978, 38.013341], [-86.106285, 38.013165], [-86.10566, 38.013007], [-86.10527, 38.012909], [-86.104497, 38.012693], [-86.104306, 38.012631], [-86.103916, 38.012505], [-86.103433, 38.012325], [-86.10274, 38.012061], [-86.102479, 38.011966], [-86.102116, 38.011836], [-86.101507, 38.011583], [-86.100717, 38.011302], [-86.10017, 38.011077], [-86.099422, 38.010813], [-86.098335, 38.010386], [-86.09767, 38.010106], [-86.09712, 38.009873], [-86.097005, 38.009829], [-86.096639, 38.009691], [-86.0961, 38.009497], [-86.095936, 38.009438], [-86.094861, 38.008992], [-86.094799, 38.008964], [-86.094132, 38.008668], [-86.093741, 38.008477], [-86.093484, 38.008352], [-86.09283, 38.008062], [-86.09272, 38.008014], [-86.092631, 38.007973], [-86.091867, 38.007626], [-86.091068, 38.007231], [-86.090736, 38.00708], [-86.090464, 38.006957], [-86.089842, 38.006656], [-86.089414, 38.006463], [-86.089203, 38.006368], [-86.088652, 38.006123], [-86.087276, 38.00542], [-86.08708, 38.005348], [-86.086805, 38.005254], [-86.08666, 38.005189], [-86.086627, 38.005175], [-86.08645, 38.005046], [-86.085901, 38.004653], [-86.085292, 38.004251], [-86.084934, 38.004034], [-86.084575, 38.003785], [-86.084227, 38.003543], [-86.083536, 38.003083], [-86.083376, 38.002983], [-86.082971, 38.002728], [-86.08251, 38.002441], [-86.082247, 38.002277], [-86.08161, 38.001869], [-86.081201, 38.001624], [-86.081062, 38.001541], [-86.080997, 38.001508], [-86.080655, 38.001332], [-86.080205, 38.001106], [-86.079901, 38.000934], [-86.079579, 38.000751], [-86.079266, 38.000534], [-86.078932, 38.000282], [-86.078825, 38.0002], [-86.078706, 38.000108], [-86.078465, 37.999872], [-86.078402, 37.99981], [-86.077984, 37.999456], [-86.077566, 37.999085], [-86.077203, 37.998763], [-86.076575, 37.998212], [-86.075474, 37.997204], [-86.075114, 37.996863], [-86.075, 37.996754], [-86.074631, 37.996361], [-86.074389, 37.996035], [-86.074308, 37.995889], [-86.074141, 37.995587], [-86.074123, 37.995538], [-86.074093, 37.995453], [-86.0741, 37.995436], [-86.074115, 37.995403], [-86.074193, 37.995376], [-86.074361, 37.995422], [-86.074416, 37.995454], [-86.074522, 37.995518], [-86.074596, 37.995582], [-86.074606, 37.995591], [-86.075262, 37.996098], [-86.075531, 37.996309], [-86.075786, 37.99651], [-86.076373, 37.996921], [-86.076658, 37.997111], [-86.076883, 37.99726], [-86.07696, 37.9973], [-86.077059, 37.997323], [-86.077115, 37.997326], [-86.077171, 37.997329], [-86.077194, 37.997305], [-86.077207, 37.997291], [-86.077194, 37.997229], [-86.077189, 37.99722], [-86.077152, 37.997145], [-86.077106, 37.997093], [-86.077048, 37.997027], [-86.076867, 37.996851], [-86.07677, 37.996757], [-86.076561, 37.99651], [-86.076353, 37.996257], [-86.076193, 37.996002], [-86.076104, 37.995859], [-86.075799, 37.995287], [-86.075623, 37.994906], [-86.075424, 37.994507], [-86.075299, 37.994256], [-86.075128, 37.993926], [-86.074911, 37.993508], [-86.074523, 37.992829], [-86.074314, 37.992432], [-86.074245, 37.992303], [-86.073899, 37.99164], [-86.073461, 37.9908], [-86.072747, 37.989379], [-86.071652, 37.987527], [-86.07154, 37.987324], [-86.071145, 37.986606], [-86.071017, 37.98634], [-86.070877, 37.986049], [-86.070729, 37.985641], [-86.07071, 37.985589], [-86.070688, 37.985525], [-86.070534, 37.98508], [-86.070295, 37.984628], [-86.070196, 37.984459], [-86.070076, 37.984256], [-86.069783, 37.983859], [-86.069746, 37.983811], [-86.069375, 37.983421], [-86.069348, 37.983399], [-86.068929, 37.983048], [-86.068812, 37.98295], [-86.06841, 37.982545], [-86.068133, 37.982149], [-86.068081, 37.982075], [-86.067723, 37.981461], [-86.067532, 37.981148], [-86.067481, 37.981064], [-86.067384, 37.980903], [-86.067329, 37.980786], [-86.067169, 37.980447], [-86.066738, 37.979411], [-86.066631, 37.979154], [-86.066334, 37.978485], [-86.06602, 37.977877], [-86.065292, 37.976777], [-86.064783, 37.975962], [-86.064545, 37.975615], [-86.064251, 37.975183], [-86.064145, 37.975033], [-86.063804, 37.974548], [-86.063302, 37.973839], [-86.062596, 37.972975], [-86.062397, 37.972733], [-86.062025, 37.97228], [-86.061387, 37.97156], [-86.060698, 37.970809], [-86.059893, 37.96993], [-86.059594, 37.969635], [-86.059309, 37.969353], [-86.058539, 37.968547], [-86.058478, 37.968483], [-86.058086, 37.968021], [-86.057918, 37.967818], [-86.057877, 37.967768], [-86.057625, 37.967524], [-86.055855, 37.965785], [-86.054918, 37.964911], [-86.054497, 37.964522], [-86.053698, 37.963786], [-86.052548, 37.962744], [-86.052254, 37.962502], [-86.051943, 37.962245], [-86.05141, 37.961732], [-86.051337, 37.961663], [-86.050997, 37.961347], [-86.050659, 37.96108], [-86.050475, 37.960935], [-86.05024, 37.960771], [-86.049959, 37.960575], [-86.049558, 37.960322], [-86.049411, 37.960229], [-86.049278, 37.960161], [-86.04883, 37.95993], [-86.048464, 37.959719], [-86.048292, 37.95962], [-86.048278, 37.959612], [-86.048211, 37.959573], [-86.047864, 37.959433], [-86.047622, 37.959334], [-86.047131, 37.959201], [-86.046887, 37.959134], [-86.046325, 37.958984], [-86.046105, 37.958926], [-86.045836, 37.958843], [-86.045433, 37.958719], [-86.044947, 37.958569], [-86.04485, 37.95854], [-86.044239, 37.958426], [-86.04372, 37.958363], [-86.043614, 37.95835], [-86.042748, 37.958288], [-86.041825, 37.958335], [-86.041765, 37.958341], [-86.041494, 37.958368], [-86.041475, 37.95837], [-86.041473, 37.95837], [-86.041463, 37.958373], [-86.040928, 37.95848], [-86.040541, 37.958583], [-86.040251, 37.95866], [-86.039925, 37.958776], [-86.039622, 37.958884], [-86.039117, 37.959109], [-86.03868, 37.959374], [-86.038569, 37.959442], [-86.038034, 37.959819], [-86.037905, 37.959921], [-86.03755, 37.960203], [-86.037422, 37.960304], [-86.037361, 37.960362], [-86.03699, 37.96071], [-86.036588, 37.961112], [-86.036516, 37.961185], [-86.036188, 37.961531], [-86.035873, 37.961921], [-86.035716, 37.962171], [-86.035585, 37.962382], [-86.035491, 37.962563], [-86.035373, 37.962789], [-86.035105, 37.963277], [-86.034858, 37.963733], [-86.034785, 37.963869], [-86.034583, 37.964248], [-86.034498, 37.964405], [-86.034442, 37.964509], [-86.034364, 37.964762], [-86.034327, 37.964884], [-86.034304, 37.964941], [-86.03422, 37.965155], [-86.034184, 37.96528], [-86.034162, 37.965356], [-86.03414, 37.96543], [-86.034103, 37.965556], [-86.034045, 37.965815], [-86.034036, 37.965865], [-86.033964, 37.966286], [-86.033942, 37.966543], [-86.033916, 37.966863], [-86.033881, 37.96713], [-86.033859, 37.967302], [-86.033835, 37.967431], [-86.033798, 37.967632], [-86.033794, 37.967653], [-86.033794, 37.967655], [-86.033726, 37.968063], [-86.033673, 37.968378], [-86.033667, 37.968412], [-86.033662, 37.968475], [-86.033637, 37.968791], [-86.033632, 37.968891], [-86.033598, 37.969479], [-86.033542, 37.969772], [-86.033534, 37.969997], [-86.033536, 37.970215], [-86.033536, 37.970238], [-86.033549, 37.970464], [-86.033572, 37.970844], [-86.033573, 37.970852], [-86.033603, 37.971206], [-86.033669, 37.971795], [-86.0337, 37.972081], [-86.03375, 37.972541], [-86.033809, 37.972839], [-86.033879, 37.973191], [-86.033995, 37.973775], [-86.034006, 37.973832], [-86.034029, 37.97395], [-86.034167, 37.974667], [-86.034359, 37.975477], [-86.034372, 37.975552], [-86.034538, 37.976496], [-86.034777, 37.977569], [-86.034815, 37.977819], [-86.034926, 37.978549], [-86.034928, 37.978559], [-86.035106, 37.97952], [-86.03519, 37.98005], [-86.035234, 37.980321], [-86.035243, 37.980424], [-86.035268, 37.980704], [-86.035282, 37.980795], [-86.035321, 37.981047], [-86.035354, 37.981273], [-86.035374, 37.98141], [-86.035392, 37.98199], [-86.035381, 37.982236], [-86.035373, 37.982438], [-86.035368, 37.982831], [-86.035318, 37.983229], [-86.035296, 37.98332], [-86.035231, 37.983586], [-86.035154, 37.983826], [-86.035105, 37.983983], [-86.034925, 37.984576], [-86.034746, 37.985143], [-86.03461, 37.985572], [-86.03451, 37.985872], [-86.034427, 37.986118], [-86.034342, 37.986347], [-86.034243, 37.98661], [-86.034156, 37.986854], [-86.034071, 37.987093], [-86.033933, 37.987406], [-86.033841, 37.987615], [-86.03358, 37.988147], [-86.033423, 37.988443], [-86.033253, 37.988764], [-86.033076, 37.98917], [-86.033074, 37.989175], [-86.032763, 37.989747], [-86.032458, 37.990183], [-86.032057, 37.990678], [-86.031676, 37.99112], [-86.031415, 37.991402], [-86.031142, 37.991637], [-86.030733, 37.991943], [-86.030465, 37.992126], [-86.029928, 37.992473], [-86.029926, 37.992474], [-86.029157, 37.992881], [-86.029084, 37.992923], [-86.028625, 37.99316], [-86.027996, 37.993436], [-86.027378, 37.993699], [-86.027204, 37.993781], [-86.026872, 37.993938], [-86.026695, 37.994032], [-86.026477, 37.994149], [-86.025992, 37.994359], [-86.025567, 37.99451], [-86.025535, 37.994522], [-86.024933, 37.994739], [-86.02454, 37.994881], [-86.024433, 37.99492], [-86.024251, 37.994977], [-86.023949, 37.995071], [-86.023683, 37.995155], [-86.023486, 37.995218], [-86.023377, 37.995249], [-86.022986, 37.995361], [-86.022438, 37.995524], [-86.021656, 37.995769], [-86.02126, 37.995888], [-86.020938, 37.995985], [-86.020385, 37.99614], [-86.019721, 37.996302], [-86.018856, 37.996479], [-86.01808, 37.996628], [-86.016778, 37.996919], [-86.01554, 37.997181], [-86.015412, 37.997208], [-86.01491, 37.997316], [-86.01401, 37.997508], [-86.013346, 37.997622], [-86.013224, 37.997644], [-86.013147, 37.997661], [-86.012741, 37.997753], [-86.011794, 37.997914], [-86.01148, 37.997967], [-86.011163, 37.998027], [-86.010945, 37.998068], [-86.010662, 37.998142], [-86.010089, 37.998241], [-86.009516, 37.998332], [-86.009159, 37.998396], [-86.008827, 37.998455], [-86.008224, 37.998577], [-86.007631, 37.998684], [-86.007437, 37.998715], [-86.007176, 37.998757], [-86.006983, 37.998781], [-86.006882, 37.998794], [-86.006488, 37.998791], [-86.006053, 37.998823], [-86.005793, 37.998849], [-86.005526, 37.998875], [-86.0053, 37.998904], [-86.004858, 37.998961], [-86.004331, 37.999021], [-86.003684, 37.999083], [-86.003459, 37.999111], [-86.003147, 37.99915], [-86.002514, 37.999213], [-86.002211, 37.999249], [-86.001689, 37.99931], [-86.000945, 37.99942], [-86.00041, 37.999503], [-85.999973, 37.99956], [-85.999625, 37.999601], [-85.99958, 37.999606], [-85.999233, 37.999659], [-85.999111, 37.999682], [-85.998916, 37.999718], [-85.998485, 37.999801], [-85.997651, 37.999961], [-85.997, 38.0001], [-85.996878, 38.000149], [-85.996591, 38.000265], [-85.996075, 38.00037], [-85.995035, 38.000564], [-85.994735, 38.00062], [-85.994281, 38.000678], [-85.993666, 38.000756], [-85.992396, 38.000893], [-85.990496, 38.001136], [-85.988387, 38.001477], [-85.986608, 38.001772], [-85.985391, 38.002022], [-85.984698, 38.002128], [-85.984113, 38.002218], [-85.982889, 38.002402], [-85.982198, 38.00252], [-85.981773, 38.002593], [-85.981249, 38.002682], [-85.980757, 38.002766], [-85.980545, 38.002812], [-85.97984, 38.002965], [-85.978115, 38.003303], [-85.977407, 38.003406], [-85.977161, 38.003404], [-85.976922, 38.00335], [-85.976854, 38.003334], [-85.975759, 38.003106], [-85.975273, 38.003014], [-85.974893, 38.002942], [-85.974343, 38.002796], [-85.974231, 38.00277], [-85.973676, 38.002644], [-85.973563, 38.00263], [-85.973354, 38.002605], [-85.972678, 38.002603], [-85.972294, 38.002602], [-85.971901, 38.002619], [-85.97151, 38.002637], [-85.97086, 38.002674], [-85.97038, 38.0027], [-85.969488, 38.002778], [-85.968589, 38.002824], [-85.968231, 38.002845], [-85.96769, 38.002877], [-85.966729, 38.002923], [-85.966183, 38.002938], [-85.965553, 38.002956], [-85.964608, 38.002996], [-85.963669, 38.003079], [-85.96248, 38.003206], [-85.962462, 38.003208], [-85.962454, 38.003209], [-85.962383, 38.00322], [-85.961338, 38.003374], [-85.960455, 38.003521], [-85.96016, 38.003571], [-85.959821, 38.003631], [-85.959182, 38.003744], [-85.958223, 38.003912], [-85.957927, 38.003964], [-85.957265, 38.004123], [-85.956632, 38.004275], [-85.956513, 38.004295], [-85.95582, 38.00441], [-85.955192, 38.004548], [-85.954568, 38.004634], [-85.95453, 38.004639], [-85.954458, 38.004645], [-85.953768, 38.004699], [-85.953579, 38.004712], [-85.9535, 38.004717], [-85.952569, 38.00478], [-85.951776, 38.00479], [-85.950956, 38.004802], [-85.949511, 38.00485], [-85.948557, 38.004914], [-85.948095, 38.004965], [-85.94748, 38.005032], [-85.947041, 38.005113], [-85.946978, 38.005127], [-85.946748, 38.005177], [-85.946368, 38.005299], [-85.945969, 38.005426], [-85.945475, 38.005629], [-85.945289, 38.005705], [-85.94513, 38.005761], [-85.94471, 38.005907], [-85.943958, 38.00621], [-85.943899, 38.006234], [-85.942978, 38.006693], [-85.942809, 38.006808], [-85.942466, 38.007041], [-85.942387, 38.007105], [-85.942008, 38.007408], [-85.941259, 38.008222], [-85.940432, 38.009065], [-85.940076, 38.00938], [-85.939841, 38.009589], [-85.938751, 38.010347], [-85.937972, 38.010881], [-85.937254, 38.011368], [-85.936947, 38.011588], [-85.936292, 38.012058], [-85.935268, 38.01284], [-85.934159, 38.013631], [-85.93288, 38.014554], [-85.932139, 38.015174], [-85.931977, 38.015309], [-85.931755, 38.0155], [-85.93122, 38.01596], [-85.930193, 38.016914], [-85.929646, 38.017398], [-85.929265, 38.017736], [-85.928939, 38.018041], [-85.928569, 38.018387], [-85.927918, 38.019075], [-85.927675, 38.019333], [-85.927037, 38.020062], [-85.926312, 38.02099], [-85.925673, 38.021814], [-85.925363, 38.022266], [-85.92507, 38.022695], [-85.924989, 38.022822], [-85.924539, 38.02353], [-85.923848, 38.024611], [-85.923698, 38.024896], [-85.92367, 38.024941], [-85.923476, 38.02526], [-85.923356, 38.025507], [-85.923122, 38.025994], [-85.922892, 38.026465], [-85.922826, 38.0266], [-85.922496, 38.027393], [-85.922279, 38.0279], [-85.922016, 38.028466], [-85.92189, 38.028791], [-85.921513, 38.029761], [-85.921312, 38.030339], [-85.921254, 38.030509], [-85.921054, 38.031106], [-85.920805, 38.032051], [-85.920472, 38.033432], [-85.920415, 38.033692], [-85.920316, 38.034136], [-85.920069, 38.035159], [-85.920062, 38.035187], [-85.920051, 38.035231], [-85.919934, 38.035835], [-85.919926, 38.035879], [-85.919853, 38.036255], [-85.919761, 38.036659], [-85.919649, 38.037153], [-85.919546, 38.037707], [-85.919464, 38.038149], [-85.91932, 38.038977], [-85.919213, 38.039594], [-85.919056, 38.040339], [-85.919012, 38.040696], [-85.918924, 38.041406], [-85.91884, 38.042579], [-85.918823, 38.042813], [-85.918715, 38.044078], [-85.918656, 38.045047], [-85.91858, 38.046539], [-85.918503, 38.04755], [-85.918441, 38.048067], [-85.91836, 38.048752], [-85.91821, 38.04984], [-85.918182, 38.050014], [-85.917835, 38.052146], [-85.91772, 38.053085], [-85.917679, 38.053425], [-85.91766, 38.053537], [-85.917546, 38.0542], [-85.917392, 38.055098], [-85.917316, 38.055539], [-85.916989, 38.057427], [-85.916697, 38.058408], [-85.916497, 38.059206], [-85.916406, 38.059948], [-85.916353, 38.060464], [-85.916337, 38.060966], [-85.916357, 38.061473], [-85.916369, 38.061794], [-85.916362, 38.061957], [-85.916342, 38.062416], [-85.916273, 38.062847], [-85.916174, 38.063533], [-85.915993, 38.064281], [-85.915925, 38.064519], [-85.915776, 38.065043], [-85.915567, 38.065848], [-85.915357, 38.066737], [-85.915294, 38.066929], [-85.915226, 38.067139], [-85.91513, 38.067549], [-85.915111, 38.067609], [-85.91497, 38.068057], [-85.914926, 38.068224], [-85.914863, 38.06846], [-85.914733, 38.068874], [-85.914608, 38.069271], [-85.914322, 38.070185], [-85.914141, 38.070872], [-85.913951, 38.071599], [-85.913727, 38.072283], [-85.913568, 38.072713], [-85.913521, 38.072843], [-85.913465, 38.072995], [-85.91341, 38.073075], [-85.913392, 38.073101], [-85.913363, 38.073107], [-85.913294, 38.073121], [-85.913271, 38.073094], [-85.913241, 38.073057], [-85.913234, 38.073027], [-85.913224, 38.072986], [-85.913243, 38.072495], [-85.913253, 38.072257], [-85.913198, 38.071733], [-85.913197, 38.071715], [-85.913191, 38.071592], [-85.913174, 38.0715], [-85.91314, 38.0714], [-85.913111, 38.07138], [-85.913078, 38.071357], [-85.913034, 38.071384], [-85.912997, 38.071406], [-85.912957, 38.071462], [-85.912942, 38.071483], [-85.912762, 38.071831], [-85.912629, 38.072089], [-85.912564, 38.072235], [-85.912268, 38.072899], [-85.911891, 38.073666], [-85.911575, 38.074308], [-85.911194, 38.075218], [-85.911167, 38.07528], [-85.910502, 38.076711], [-85.910097, 38.077735], [-85.910037, 38.077888], [-85.90978, 38.078481], [-85.909536, 38.079043], [-85.909491, 38.079177], [-85.909349, 38.079601], [-85.909252, 38.079806], [-85.909099, 38.080129], [-85.908695, 38.080861], [-85.908422, 38.081359], [-85.908363, 38.081466], [-85.908302, 38.081616], [-85.908215, 38.081833], [-85.908102, 38.082052], [-85.90792, 38.08241], [-85.907821, 38.082614], [-85.907698, 38.082868], [-85.907551, 38.083268], [-85.907446, 38.083552], [-85.907331, 38.084], [-85.907133, 38.084472], [-85.907017, 38.084751], [-85.906728, 38.085498], [-85.906654, 38.085689], [-85.906411, 38.086316], [-85.906277, 38.086614], [-85.906087, 38.087034], [-85.905868, 38.087511], [-85.905773, 38.087718], [-85.905623, 38.088127], [-85.905557, 38.088299], [-85.905474, 38.088515], [-85.905335, 38.088867], [-85.905303, 38.088958], [-85.905213, 38.089213], [-85.905119, 38.089544], [-85.905032, 38.089982], [-85.904945, 38.091352], [-85.904891, 38.092195], [-85.904816, 38.093624], [-85.904739, 38.094277], [-85.904683, 38.094747], [-85.904569, 38.095577], [-85.904472, 38.096274], [-85.904423, 38.096742], [-85.904386, 38.097093], [-85.904294, 38.098623], [-85.904266, 38.099105], [-85.90427, 38.099439], [-85.904275, 38.099813], [-85.904321, 38.100589], [-85.904386, 38.100923], [-85.904391, 38.100952], [-85.904392, 38.100961], [-85.904424, 38.101314], [-85.904418, 38.101713], [-85.904361, 38.102396], [-85.904294, 38.102901], [-85.904291, 38.102925], [-85.904291, 38.103098], [-85.904291, 38.103619], [-85.904407, 38.105671], [-85.904423, 38.106066], [-85.904461, 38.106953], [-85.904668, 38.108493], [-85.90472, 38.108734], [-85.904741, 38.108831], [-85.904864, 38.109397], [-85.905101, 38.110325], [-85.905228, 38.110938], [-85.905356, 38.111451], [-85.905416, 38.111692], [-85.905501, 38.112297], [-85.905647, 38.113422], [-85.9057, 38.114048], [-85.905806, 38.114899], [-85.905901, 38.115658], [-85.906019, 38.116147], [-85.906072, 38.116475], [-85.906115, 38.116743], [-85.906297, 38.117877], [-85.90653, 38.118941], [-85.90662, 38.119352], [-85.906712, 38.119815], [-85.906815, 38.120338], [-85.906924, 38.121431], [-85.90705, 38.122085], [-85.907143, 38.122913], [-85.907198, 38.123401], [-85.907437, 38.12509], [-85.90741, 38.125488], [-85.907454, 38.125763], [-85.907462, 38.125978], [-85.907464, 38.126015], [-85.907466, 38.126065], [-85.907474, 38.126263], [-85.907494, 38.126354], [-85.907512, 38.12643], [-85.90756, 38.126737], [-85.907583, 38.127045], [-85.907586, 38.127073], [-85.907635, 38.127319], [-85.907647, 38.127475], [-85.907658, 38.127615], [-85.907678, 38.127925], [-85.907688, 38.128062], [-85.907694, 38.128148], [-85.907738, 38.128374], [-85.907783, 38.128601], [-85.907808, 38.128706], [-85.907836, 38.128824], [-85.907906, 38.129142], [-85.90791, 38.129161], [-85.907921, 38.129221], [-85.907977, 38.129515], [-85.908035, 38.129765], [-85.908068, 38.130007], [-85.908077, 38.130198], [-85.908078, 38.130233], [-85.908093, 38.130615], [-85.90812, 38.130802], [-85.908149, 38.131011], [-85.908169, 38.131319], [-85.908177, 38.131416], [-85.908214, 38.131848], [-85.908223, 38.132054], [-85.908227, 38.132146], [-85.908271, 38.132363], [-85.908289, 38.13245], [-85.908295, 38.132524], [-85.908311, 38.13272], [-85.908311, 38.132877], [-85.908311, 38.133017], [-85.908327, 38.133254], [-85.908413, 38.133636], [-85.908448, 38.133981], [-85.90846, 38.134258], [-85.908458, 38.134314], [-85.908449, 38.134494], [-85.908445, 38.13471], [-85.908443, 38.134809], [-85.908439, 38.135062], [-85.908436, 38.135293], [-85.90844, 38.135412], [-85.908441, 38.135422], [-85.908465, 38.135616], [-85.908465, 38.135792], [-85.908466, 38.135897], [-85.908498, 38.136117], [-85.908514, 38.136397], [-85.908515, 38.136692], [-85.908515, 38.136795], [-85.908523, 38.136833], [-85.908553, 38.136994], [-85.908567, 38.137074], [-85.90858, 38.137148], [-85.908555, 38.137389], [-85.908556, 38.137454], [-85.908556, 38.137499], [-85.908599, 38.137633], [-85.908737, 38.137937], [-85.908756, 38.138034], [-85.908758, 38.138231], [-85.908761, 38.138296], [-85.908775, 38.138611], [-85.908807, 38.13914], [-85.908845, 38.139762], [-85.908886, 38.139998], [-85.90891, 38.140138], [-85.908915, 38.140227], [-85.908927, 38.140451], [-85.90893, 38.14076], [-85.908917, 38.140876], [-85.908898, 38.141054], [-85.9089, 38.14134], [-85.9089, 38.141382], [-85.908918, 38.141531], [-85.908949, 38.141775], [-85.908991, 38.142256], [-85.908994, 38.14235], [-85.908999, 38.142502], [-85.90899, 38.142801], [-85.908986, 38.142932], [-85.908973, 38.143006], [-85.908941, 38.143195], [-85.908914, 38.143399], [-85.908903, 38.14348], [-85.908908, 38.143591], [-85.908913, 38.143728], [-85.908918, 38.143809], [-85.908933, 38.144047], [-85.90893, 38.144202], [-85.908927, 38.144305], [-85.908905, 38.144573], [-85.908895, 38.144689], [-85.908857, 38.145163], [-85.908832, 38.145589], [-85.908828, 38.145646], [-85.908812, 38.145926], [-85.908804, 38.146086], [-85.908797, 38.146254], [-85.908764, 38.146631], [-85.908757, 38.146679], [-85.908673, 38.147222], [-85.908661, 38.147608], [-85.908651, 38.147914], [-85.908636, 38.148063], [-85.908612, 38.148287], [-85.908605, 38.148462], [-85.908598, 38.148603], [-85.908589, 38.148781], [-85.908611, 38.149125], [-85.908601, 38.149401], [-85.908599, 38.149475], [-85.908591, 38.149577], [-85.908566, 38.14962], [-85.908542, 38.149663], [-85.908507, 38.149768], [-85.908502, 38.149822], [-85.908498, 38.149867], [-85.908492, 38.150275], [-85.908478, 38.15036], [-85.908454, 38.150517], [-85.908402, 38.150834], [-85.90837, 38.151097], [-85.908342, 38.151307], [-85.908332, 38.151377], [-85.90833, 38.151443], [-85.908321, 38.151662], [-85.908321, 38.151985], [-85.908322, 38.152081], [-85.908266, 38.152613], [-85.908211, 38.153081], [-85.90821, 38.153172], [-85.908208, 38.153266], [-85.908214, 38.153435], [-85.908223, 38.153694], [-85.908245, 38.153919], [-85.908258, 38.154055], [-85.908252, 38.154209], [-85.908247, 38.154356], [-85.908224, 38.154528], [-85.908173, 38.154759], [-85.908169, 38.154777], [-85.908128, 38.154995], [-85.908092, 38.155274], [-85.908089, 38.155378], [-85.908087, 38.155474], [-85.908089, 38.155586], [-85.908091, 38.155689], [-85.908075, 38.155753], [-85.908033, 38.15592], [-85.908047, 38.156345], [-85.908065, 38.156522], [-85.908122, 38.156823], [-85.908116, 38.156996], [-85.90811, 38.157362], [-85.908105, 38.15746], [-85.9081, 38.157556], [-85.908069, 38.157803], [-85.908075, 38.157872], [-85.908081, 38.157943], [-85.908147, 38.158062], [-85.908152, 38.158128], [-85.908153, 38.158148], [-85.908143, 38.158188], [-85.908097, 38.158369], [-85.908068, 38.158533], [-85.90804, 38.158658], [-85.907985, 38.158905], [-85.907962, 38.15905], [-85.907947, 38.159146], [-85.907916, 38.159361], [-85.907902, 38.159458], [-85.907856, 38.15977], [-85.907816, 38.160146], [-85.907784, 38.160337], [-85.90763, 38.161231], [-85.907578, 38.161537], [-85.907554, 38.161768], [-85.907523, 38.162083], [-85.907498, 38.162321], [-85.907496, 38.162348], [-85.907476, 38.162648], [-85.90745, 38.1628], [-85.907423, 38.162902], [-85.907413, 38.162943], [-85.907315, 38.163186], [-85.907243, 38.163416], [-85.907225, 38.163473], [-85.9072, 38.163556], [-85.907134, 38.163851], [-85.907111, 38.163979], [-85.907082, 38.16413], [-85.907066, 38.164326], [-85.907055, 38.164455], [-85.90699, 38.16481], [-85.906916, 38.165242], [-85.906863, 38.165575], [-85.906832, 38.165657], [-85.906792, 38.165763], [-85.906726, 38.165915], [-85.906715, 38.16594], [-85.906664, 38.166155], [-85.906618, 38.166482], [-85.906533, 38.166729], [-85.906419, 38.167008], [-85.906341, 38.167227], [-85.906262, 38.167539], [-85.90622, 38.167684], [-85.906197, 38.167764], [-85.906077, 38.16801], [-85.906041, 38.168084], [-85.905965, 38.168235], [-85.905866, 38.168487], [-85.90573, 38.168852], [-85.905525, 38.169404], [-85.905206, 38.170208], [-85.905156, 38.170406], [-85.905082, 38.170535], [-85.904985, 38.17069], [-85.904887, 38.170813], [-85.904817, 38.170936], [-85.904808, 38.170966], [-85.904782, 38.171048], [-85.904752, 38.171177], [-85.904613, 38.171497], [-85.904526, 38.171695], [-85.904446, 38.1719], [-85.904395, 38.172001], [-85.90434, 38.172109], [-85.904244, 38.17235], [-85.904198, 38.172463], [-85.904065, 38.172688], [-85.903869, 38.173058], [-85.903814, 38.1732], [-85.903775, 38.173301], [-85.903741, 38.17339], [-85.903685, 38.17351], [-85.903657, 38.173572], [-85.9036, 38.173716], [-85.903583, 38.173791], [-85.903564, 38.173872], [-85.903535, 38.174001], [-85.903422, 38.174247], [-85.903371, 38.174345], [-85.903308, 38.174465], [-85.903176, 38.174651], [-85.903151, 38.174685], [-85.902925, 38.175055], [-85.902919, 38.175066], [-85.902855, 38.175232], [-85.902785, 38.175355], [-85.90248, 38.175707], [-85.902382, 38.175894], [-85.902284, 38.176082], [-85.902282, 38.176084], [-85.9022, 38.176226], [-85.902116, 38.176338], [-85.902109, 38.176348], [-85.90204, 38.17644], [-85.901962, 38.176617], [-85.901801, 38.1769], [-85.90177, 38.176954], [-85.901694, 38.177087], [-85.901579, 38.177236], [-85.901508, 38.177329], [-85.901426, 38.177441], [-85.901321, 38.177584], [-85.901239, 38.177713], [-85.901167, 38.177825], [-85.900965, 38.17814], [-85.900965, 38.17814], [-85.900748, 38.178526], [-85.900455, 38.178959], [-85.900375, 38.179092], [-85.900259, 38.179285], [-85.900148, 38.17946], [-85.900113, 38.179515], [-85.900024, 38.179687], [-85.899976, 38.179772], [-85.899936, 38.179842], [-85.899862, 38.179969], [-85.899739, 38.180181], [-85.899616, 38.180393], [-85.899274, 38.180906], [-85.899274, 38.180906], [-85.898594, 38.181824], [-85.898528, 38.181918], [-85.898404, 38.182097], [-85.89825, 38.182392], [-85.898206, 38.182441], [-85.898063, 38.1826], [-85.897855, 38.182824], [-85.897709, 38.183027], [-85.897627, 38.183139], [-85.897611, 38.18316], [-85.897487, 38.183288], [-85.897361, 38.18347], [-85.897235, 38.183673], [-85.897155, 38.183784], [-85.897103, 38.183855], [-85.896969, 38.184056], [-85.896922, 38.184127], [-85.896913, 38.184142], [-85.896832, 38.184272], [-85.896713, 38.184427], [-85.896645, 38.184519], [-85.896525, 38.184683], [-85.896379, 38.184881], [-85.896336, 38.184935], [-85.896205, 38.1851], [-85.896121, 38.185287], [-85.895961, 38.185501], [-85.895885, 38.185596], [-85.895808, 38.185693], [-85.895607, 38.185928], [-85.895419, 38.186174], [-85.895224, 38.186389], [-85.895172, 38.186447], [-85.894973, 38.186671], [-85.894794, 38.186916], [-85.894627, 38.187145], [-85.894377, 38.187433], [-85.894093, 38.187743], [-85.894046, 38.187804], [-85.893857, 38.188047], [-85.893566, 38.188378], [-85.893542, 38.188406], [-85.893334, 38.188649], [-85.893214, 38.188807], [-85.89317, 38.188864], [-85.893137, 38.188904], [-85.893008, 38.189057], [-85.892892, 38.189189], [-85.89282, 38.189309], [-85.892801, 38.189339], [-85.892769, 38.189371], [-85.892622, 38.189515], [-85.892463, 38.189669], [-85.892331, 38.189813], [-85.892213, 38.189941], [-85.892063, 38.190114], [-85.892038, 38.190143], [-85.892027, 38.190157], [-85.891897, 38.190326], [-85.891847, 38.19039], [-85.891692, 38.190587], [-85.891567, 38.190745], [-85.891477, 38.19086], [-85.891269, 38.191078], [-85.891169, 38.19117], [-85.891048, 38.191281], [-85.890936, 38.191386], [-85.890806, 38.19151], [-85.890731, 38.191583], [-85.89055, 38.19176], [-85.8904, 38.19194], [-85.890363, 38.191993], [-85.89032, 38.192054], [-85.890194, 38.192228], [-85.890153, 38.192283], [-85.890011, 38.192455], [-85.889959, 38.192518], [-85.889916, 38.192562], [-85.889744, 38.192737], [-85.889556, 38.192942], [-85.889463, 38.193044], [-85.88938, 38.19314], [-85.889264, 38.193274], [-85.889107, 38.19348], [-85.889043, 38.193564], [-85.888929, 38.193737], [-85.888772, 38.193905], [-85.888696, 38.193986], [-85.888635, 38.194087], [-85.888577, 38.194184], [-85.888434, 38.194337], [-85.888369, 38.194407], [-85.888233, 38.19457], [-85.888196, 38.194616], [-85.888009, 38.194808], [-85.887942, 38.194903], [-85.887897, 38.194968], [-85.887779, 38.195128], [-85.887658, 38.195263], [-85.887626, 38.195299], [-85.887462, 38.195505], [-85.887439, 38.195534], [-85.88723, 38.195795], [-85.88711, 38.195924], [-85.887001, 38.196041], [-85.886874, 38.196263], [-85.886828, 38.196343], [-85.886707, 38.196487], [-85.886599, 38.196617], [-85.88637, 38.196879], [-85.886184, 38.197092], [-85.886105, 38.197183], [-85.885841, 38.197461], [-85.885715, 38.197596], [-85.885509, 38.197818], [-85.885302, 38.198035], [-85.88519, 38.198154], [-85.885042, 38.198305], [-85.884809, 38.198543], [-85.884596, 38.198759], [-85.884274, 38.199085], [-85.884024, 38.199343], [-85.883923, 38.199448], [-85.883821, 38.199555], [-85.883653, 38.199731], [-85.883433, 38.199962], [-85.883212, 38.20019], [-85.883044, 38.200367], [-85.882884, 38.200536], [-85.882785, 38.200645], [-85.882613, 38.200835], [-85.882327, 38.201108], [-85.882184, 38.201245], [-85.881886, 38.20156], [-85.881737, 38.201676], [-85.881633, 38.201758], [-85.881503, 38.201857], [-85.881453, 38.201895], [-85.881159, 38.202128], [-85.880945, 38.202304], [-85.880812, 38.202433], [-85.880765, 38.20248], [-85.880571, 38.202634], [-85.880373, 38.2028], [-85.880268, 38.202889], [-85.879971, 38.203197], [-85.879857, 38.203314], [-85.879623, 38.203555], [-85.879312, 38.203864], [-85.879175, 38.203978], [-85.87898, 38.204141], [-85.878669, 38.204407], [-85.878435, 38.204566], [-85.878397, 38.204603], [-85.878242, 38.204752], [-85.878188, 38.204832], [-85.878123, 38.204929], [-85.877969, 38.205061], [-85.87795, 38.205078], [-85.877911, 38.20511], [-85.877743, 38.205248], [-85.877618, 38.205376], [-85.877585, 38.20543], [-85.877555, 38.205478], [-85.877527, 38.205543], [-85.877499, 38.205606], [-85.87745, 38.205708], [-85.877318, 38.205841], [-85.877153, 38.205947], [-85.877075, 38.206004], [-85.877008, 38.206053], [-85.876772, 38.206255], [-85.876559, 38.206436], [-85.876422, 38.206542], [-85.876207, 38.206707], [-85.875938, 38.206925], [-85.875924, 38.206936], [-85.875697, 38.207106], [-85.875312, 38.207438], [-85.875296, 38.207452], [-85.875271, 38.20747], [-85.874954, 38.207704], [-85.87436, 38.208034], [-85.874305, 38.208055], [-85.874085, 38.208139], [-85.87392, 38.208229], [-85.87381, 38.208314], [-85.873308, 38.208691], [-85.873272, 38.208718], [-85.872831, 38.209015], [-85.872405, 38.209253], [-85.871943, 38.209555], [-85.871352, 38.209872], [-85.870899, 38.210135], [-85.87054, 38.210343], [-85.870301, 38.210484], [-85.869832, 38.210761], [-85.868985, 38.211291], [-85.868275, 38.211758], [-85.867428, 38.21232], [-85.866174, 38.213168], [-85.86523, 38.213826], [-85.864265, 38.214473], [-85.863761, 38.214769], [-85.863319, 38.215029], [-85.863168, 38.21511], [-85.8628, 38.215308], [-85.86208, 38.215802], [-85.861889, 38.215924], [-85.861398, 38.216237], [-85.860668, 38.216654], [-85.8604, 38.216821], [-85.860021, 38.217057], [-85.85983, 38.217163], [-85.859437, 38.217379], [-85.859073, 38.21759], [-85.858597, 38.217866], [-85.857999, 38.218199], [-85.857795, 38.218306], [-85.857566, 38.218426], [-85.857377, 38.218544], [-85.857132, 38.218697], [-85.85663, 38.218993], [-85.856382, 38.219141], [-85.85619, 38.219285], [-85.85612, 38.219338], [-85.856101, 38.219362], [-85.856008, 38.219487], [-85.855946, 38.219597], [-85.855903, 38.219674], [-85.855798, 38.219796], [-85.855778, 38.219818], [-85.85572, 38.219865], [-85.855633, 38.219935], [-85.855597, 38.219951], [-85.855434, 38.220019], [-85.855153, 38.220119], [-85.854891, 38.220256], [-85.854603, 38.220441], [-85.854518, 38.220495], [-85.854196, 38.220701], [-85.854186, 38.220708], [-85.853796, 38.22095], [-85.852997, 38.221513], [-85.852397, 38.221956], [-85.852354, 38.221988], [-85.852279, 38.222044], [-85.851845, 38.222341], [-85.851588, 38.222602], [-85.851537, 38.222659], [-85.851339, 38.222879], [-85.851153, 38.223099], [-85.851061, 38.22321], [-85.85098, 38.223305], [-85.850797, 38.223519], [-85.850539, 38.223829], [-85.850331, 38.224085], [-85.850258, 38.224187], [-85.850156, 38.22433], [-85.849882, 38.22465], [-85.849781, 38.224768], [-85.849386, 38.225162], [-85.849158, 38.225377], [-85.848957, 38.225567], [-85.848714, 38.225796], [-85.84859, 38.225913], [-85.848503, 38.225995], [-85.848237, 38.226243], [-85.848022, 38.226488], [-85.847787, 38.226728], [-85.847646, 38.226884], [-85.847537, 38.227005], [-85.847474, 38.227078], [-85.847259, 38.227325], [-85.84696, 38.227667], [-85.846857, 38.227789], [-85.846731, 38.227939], [-85.846625, 38.228059], [-85.846481, 38.228221], [-85.846258, 38.228547], [-85.846134, 38.22872], [-85.845993, 38.228916], [-85.845756, 38.229231], [-85.845561, 38.229471], [-85.845451, 38.229643], [-85.8453, 38.229877], [-85.845227, 38.229973], [-85.845161, 38.230061], [-85.844956, 38.230307], [-85.844698, 38.230587], [-85.844617, 38.230679], [-85.844496, 38.230816], [-85.844274, 38.231094], [-85.844224, 38.231158], [-85.844065, 38.231366], [-85.843893, 38.231626], [-85.843813, 38.231745], [-85.843493, 38.232173], [-85.843242, 38.232525], [-85.843053, 38.232841], [-85.842857, 38.233135], [-85.842629, 38.233449], [-85.842501, 38.233626], [-85.842207, 38.234102], [-85.842037, 38.234375], [-85.841815, 38.234727], [-85.841695, 38.234922], [-85.841494, 38.235246], [-85.841357, 38.235494], [-85.841234, 38.235717], [-85.841179, 38.235817], [-85.841023, 38.236102], [-85.840805, 38.236529], [-85.840763, 38.236611], [-85.840621, 38.236916], [-85.840599, 38.236967], [-85.840579, 38.237012], [-85.84053, 38.237065], [-85.840261, 38.237249], [-85.84022, 38.237278], [-85.840164, 38.237336], [-85.840142, 38.23747], [-85.840145, 38.237603], [-85.840146, 38.237643], [-85.840069, 38.237787], [-85.839998, 38.237959], [-85.839901, 38.238106], [-85.839816, 38.238236], [-85.839689, 38.238504], [-85.839608, 38.238665], [-85.839464, 38.238954], [-85.839203, 38.239462], [-85.839166, 38.239521], [-85.838979, 38.239815], [-85.838879, 38.240099], [-85.838821, 38.240357], [-85.838803, 38.24059], [-85.838803, 38.240593], [-85.838777, 38.240937], [-85.838724, 38.241286], [-85.838608, 38.2417], [-85.838555, 38.242076], [-85.838511, 38.242288], [-85.838481, 38.242435], [-85.838457, 38.242537], [-85.838422, 38.242693], [-85.838368, 38.243053], [-85.838314, 38.243477], [-85.838301, 38.243857], [-85.838301, 38.243875], [-85.838275, 38.244393], [-85.838268, 38.244711], [-85.838265, 38.244811], [-85.838239, 38.245176], [-85.838212, 38.245398], [-85.8382, 38.245493], [-85.838196, 38.245575], [-85.838184, 38.245832], [-85.838147, 38.24645], [-85.838114, 38.246734], [-85.838084, 38.246988], [-85.838048, 38.247563], [-85.837973, 38.24796], [-85.837873, 38.24826], [-85.837849, 38.248333], [-85.837758, 38.248604], [-85.837629, 38.249016], [-85.837566, 38.249228], [-85.837521, 38.249381], [-85.837385, 38.249773], [-85.837304, 38.250115], [-85.837302, 38.250156], [-85.837296, 38.250288], [-85.837265, 38.250523], [-85.83725, 38.250599], [-85.837236, 38.250669], [-85.837207, 38.250799], [-85.837194, 38.250868], [-85.837178, 38.250951], [-85.837154, 38.251072], [-85.837144, 38.251179], [-85.837141, 38.25121], [-85.837144, 38.251358], [-85.837137, 38.251479], [-85.83714, 38.251626], [-85.83713, 38.251868], [-85.837125, 38.252202], [-85.837121, 38.252427], [-85.837123, 38.252683], [-85.837127, 38.25274], [-85.83713, 38.252791], [-85.837145, 38.253025], [-85.837166, 38.253445], [-85.83716, 38.25377], [-85.83716, 38.253813], [-85.837161, 38.253882], [-85.837161, 38.254064], [-85.837161, 38.254099], [-85.837169, 38.254192], [-85.837203, 38.254576], [-85.837218, 38.255005], [-85.837239, 38.255395], [-85.837276, 38.25582], [-85.837325, 38.256214], [-85.837356, 38.256395], [-85.83739, 38.256587], [-85.837412, 38.256752], [-85.837429, 38.256882], [-85.837448, 38.257], [-85.837474, 38.257173], [-85.837523, 38.257554], [-85.837536, 38.257731], [-85.83755, 38.257914], [-85.837562, 38.258092], [-85.837577, 38.25833], [-85.837598, 38.258694], [-85.83759, 38.258998], [-85.83753, 38.259538], [-85.837507, 38.259762], [-85.837491, 38.259927], [-85.837441, 38.260168], [-85.837401, 38.26036], [-85.837303, 38.260649], [-85.837205, 38.260968], [-85.837184, 38.261039], [-85.837141, 38.261184], [-85.837081, 38.261495], [-85.837074, 38.26152], [-85.837023, 38.261698], [-85.836925, 38.262018], [-85.836877, 38.262238], [-85.836823, 38.262519], [-85.836811, 38.262602], [-85.83678, 38.262809], [-85.836771, 38.263034], [-85.836751, 38.263268], [-85.83672, 38.263454], [-85.836668, 38.263613], [-85.836644, 38.263699], [-85.836604, 38.263838], [-85.836535, 38.264063], [-85.836496, 38.264205], [-85.836465, 38.264317], [-85.836418, 38.264464], [-85.836384, 38.264572], [-85.836258, 38.264878], [-85.836114, 38.265297], [-85.835984, 38.265551], [-85.835898, 38.265743], [-85.83587, 38.265806], [-85.83584, 38.265873], [-85.835773, 38.266021], [-85.835718, 38.26612], [-85.835603, 38.266327], [-85.835548, 38.266409], [-85.835474, 38.266521], [-85.835282, 38.266822], [-85.835136, 38.267046], [-85.834905, 38.267433], [-85.834699, 38.267711], [-85.834646, 38.267781], [-85.834444, 38.268061], [-85.834362, 38.26817], [-85.834203, 38.268383], [-85.834034, 38.268637], [-85.83395, 38.268776], [-85.833904, 38.268852], [-85.833786, 38.269024], [-85.833741, 38.2691], [-85.833707, 38.269158], [-85.833595, 38.269274], [-85.833479, 38.269351], [-85.833429, 38.269369], [-85.83334, 38.269401], [-85.83323, 38.269469], [-85.833221, 38.26948], [-85.833095, 38.269637], [-85.832999, 38.269774], [-85.832947, 38.269939], [-85.832906, 38.27012], [-85.832901, 38.270163], [-85.832887, 38.270289], [-85.832836, 38.270397], [-85.832746, 38.270504], [-85.832658, 38.270649], [-85.832605, 38.270736], [-85.832535, 38.270857], [-85.83243, 38.271038], [-85.832332, 38.271198], [-85.832244, 38.271343], [-85.832142, 38.271542], [-85.832136, 38.271553], [-85.83196, 38.271878], [-85.831813, 38.272153], [-85.831633, 38.272455], [-85.831556, 38.272577], [-85.831384, 38.272851], [-85.831159, 38.273234], [-85.831005, 38.273476], [-85.830854, 38.273707], [-85.830838, 38.273733], [-85.830691, 38.273961], [-85.830601, 38.274106], [-85.830533, 38.274215], [-85.830488, 38.274291], [-85.830347, 38.274529], [-85.830201, 38.27479], [-85.830188, 38.274814], [-85.830187, 38.274816], [-85.830008, 38.275093], [-85.829862, 38.275317], [-85.829748, 38.275522], [-85.829737, 38.275541], [-85.82963, 38.275731], [-85.829546, 38.2759], [-85.829533, 38.275924], [-85.829396, 38.276239], [-85.829278, 38.276424], [-85.829133, 38.276583], [-85.828976, 38.276737], [-85.828944, 38.276763], [-85.828776, 38.276896], [-85.828419, 38.277195], [-85.828224, 38.277371], [-85.827964, 38.277604], [-85.827557, 38.277936], [-85.827419, 38.278052], [-85.82725, 38.278195], [-85.826799, 38.278546], [-85.826484, 38.278796], [-85.826467, 38.278811], [-85.826239, 38.279014], [-85.82623, 38.279021], [-85.826045, 38.279151], [-85.825861, 38.279269], [-85.825839, 38.279283], [-85.825755, 38.279334], [-85.825634, 38.279406], [-85.825446, 38.279496], [-85.825308, 38.279559], [-85.82518, 38.279618], [-85.82499, 38.279697], [-85.824976, 38.279703], [-85.824787, 38.279805], [-85.824554, 38.279937], [-85.824501, 38.279961], [-85.824366, 38.280022], [-85.824238, 38.280094], [-85.8242, 38.280115], [-85.824023, 38.280187], [-85.823807, 38.280272], [-85.823778, 38.280284], [-85.823586, 38.280369], [-85.823428, 38.280431], [-85.823348, 38.280462], [-85.823066, 38.280572], [-85.822703, 38.28071], [-85.822701, 38.280711], [-85.822673, 38.280723], [-85.822402, 38.280838], [-85.822185, 38.280918], [-85.822104, 38.280947], [-85.821761, 38.281083], [-85.821429, 38.281227], [-85.821376, 38.281246], [-85.821291, 38.281277], [-85.821092, 38.281353], [-85.820926, 38.281442], [-85.820688, 38.281509], [-85.820551, 38.28156], [-85.820495, 38.281581], [-85.820318, 38.281635], [-85.820097, 38.281703], [-85.820016, 38.281731], [-85.819904, 38.28177], [-85.819661, 38.281858], [-85.819323, 38.281985], [-85.819048, 38.28206], [-85.818795, 38.282134], [-85.818606, 38.28219], [-85.818316, 38.282271], [-85.818247, 38.28229], [-85.818177, 38.28231], [-85.817944, 38.282374], [-85.817848, 38.282397], [-85.817756, 38.28242], [-85.817563, 38.282435], [-85.817338, 38.282433], [-85.81709, 38.282469], [-85.816978, 38.282501], [-85.81687, 38.282532], [-85.816627, 38.282599], [-85.816459, 38.282646], [-85.816441, 38.282651], [-85.816318, 38.282678], [-85.816081, 38.282693], [-85.815916, 38.28273], [-85.81586, 38.282743], [-85.815717, 38.282776], [-85.815541, 38.28283], [-85.815455, 38.282855], [-85.815353, 38.282885], [-85.815138, 38.282939], [-85.81503, 38.282976], [-85.814928, 38.28301], [-85.814788, 38.283036], [-85.814702, 38.283051], [-85.814481, 38.283083], [-85.814421, 38.283092], [-85.814294, 38.283104], [-85.814124, 38.283119], [-85.814059, 38.283122], [-85.81386, 38.283129], [-85.813601, 38.283144], [-85.813399, 38.283167], [-85.813354, 38.283172], [-85.813297, 38.28318], [-85.813023, 38.283216], [-85.812838, 38.283265], [-85.812736, 38.283291], [-85.812468, 38.283347], [-85.812102, 38.283436], [-85.812044, 38.283447], [-85.811871, 38.283477], [-85.811665, 38.28349], [-85.811321, 38.283507], [-85.810936, 38.28352], [-85.810901, 38.283525], [-85.810595, 38.283568], [-85.810314, 38.283605], [-85.810166, 38.28363], [-85.810012, 38.283657], [-85.809686, 38.283715], [-85.809366, 38.283768], [-85.809063, 38.283804], [-85.808755, 38.283844], [-85.808544, 38.283853], [-85.808491, 38.283855], [-85.808378, 38.283873], [-85.808339, 38.28388], [-85.808321, 38.283883], [-85.808295, 38.283887], [-85.808071, 38.283956], [-85.807956, 38.283983], [-85.80789, 38.283998], [-85.807703, 38.284011], [-85.807688, 38.284011], [-85.807274, 38.284015], [-85.807064, 38.284031], [-85.806971, 38.284038], [-85.806773, 38.284071], [-85.806591, 38.284121], [-85.806457, 38.284165], [-85.806436, 38.284172], [-85.806346, 38.284199], [-85.806124, 38.284266], [-85.806012, 38.284304], [-85.805812, 38.284373], [-85.805558, 38.284444], [-85.805384, 38.28447], [-85.805365, 38.284472], [-85.804936, 38.284496], [-85.804659, 38.284522], [-85.804399, 38.284545], [-85.803709, 38.28461], [-85.803271, 38.284648], [-85.803154, 38.284658], [-85.80251, 38.284716], [-85.802204, 38.284749], [-85.802036, 38.284768], [-85.801656, 38.284842], [-85.801249, 38.284877], [-85.800517, 38.28496], [-85.799916, 38.285049], [-85.799421, 38.285122], [-85.799417, 38.285123], [-85.799046, 38.285187], [-85.79883, 38.285244], [-85.798715, 38.285275], [-85.798565, 38.285331], [-85.798366, 38.285406], [-85.798007, 38.285519], [-85.797428, 38.285682], [-85.796969, 38.285821], [-85.796677, 38.285916], [-85.796542, 38.28596], [-85.796224, 38.286046], [-85.795925, 38.286156], [-85.795708, 38.286236], [-85.795547, 38.286296], [-85.795262, 38.286418], [-85.794924, 38.286583], [-85.794659, 38.286717], [-85.794497, 38.2868], [-85.794186, 38.286983], [-85.794109, 38.287028], [-85.793903, 38.287149], [-85.793778, 38.287213], [-85.793754, 38.287225], [-85.793686, 38.28726], [-85.793564, 38.28732], [-85.793499, 38.287352], [-85.793278, 38.287411], [-85.79308, 38.287426], [-85.792955, 38.287437], [-85.792777, 38.287453], [-85.792497, 38.287468], [-85.792382, 38.287477], [-85.792222, 38.287491], [-85.791968, 38.287511], [-85.791617, 38.287541], [-85.791222, 38.287587], [-85.79078, 38.287649], [-85.790405, 38.287738], [-85.790188, 38.287807], [-85.789863, 38.287908], [-85.789587, 38.287979], [-85.789334, 38.288046], [-85.789228, 38.288075], [-85.78915, 38.288094], [-85.788875, 38.288162], [-85.788456, 38.288288], [-85.788197, 38.288342], [-85.78802, 38.288378], [-85.787784, 38.288415], [-85.787601, 38.288443], [-85.787409, 38.288479], [-85.787265, 38.288505], [-85.786984, 38.288554], [-85.78667, 38.288594], [-85.786351, 38.288586], [-85.785984, 38.288587], [-85.785852, 38.288584], [-85.785585, 38.288578], [-85.785189, 38.288569], [-85.784928, 38.288558], [-85.784654, 38.288547], [-85.784414, 38.288524], [-85.784194, 38.288503], [-85.783693, 38.28846], [-85.783473, 38.288425], [-85.783283, 38.288395], [-85.78313, 38.288395], [-85.78297, 38.288395], [-85.782648, 38.288388], [-85.782602, 38.288387], [-85.782583, 38.288385], [-85.782366, 38.288355], [-85.78212, 38.288307], [-85.782024, 38.288289], [-85.781725, 38.288264], [-85.78157, 38.288279], [-85.781362, 38.288299], [-85.78131, 38.288303], [-85.781114, 38.28832], [-85.781037, 38.288302], [-85.780994, 38.288293], [-85.780893, 38.288238], [-85.78083, 38.288204], [-85.78066, 38.28811], [-85.780482, 38.28801], [-85.780278, 38.287876], [-85.780161, 38.287799], [-85.780123, 38.287781], [-85.779799, 38.287623], [-85.779522, 38.287483], [-85.779333, 38.287366], [-85.779304, 38.28735], [-85.779275, 38.287334], [-85.779194, 38.28729], [-85.779083, 38.287229], [-85.778958, 38.287156], [-85.778849, 38.287092], [-85.778778, 38.287049], [-85.778609, 38.286947], [-85.778408, 38.286837], [-85.77813, 38.286721], [-85.778005, 38.286646], [-85.777888, 38.286544], [-85.777875, 38.286532], [-85.777685, 38.286374], [-85.777597, 38.286339], [-85.777467, 38.286285], [-85.777284, 38.286248], [-85.777226, 38.286235], [-85.777086, 38.28622], [-85.776743, 38.286183], [-85.776586, 38.286159], [-85.776254, 38.286109], [-85.776031, 38.286076], [-85.775181, 38.28595], [-85.77467, 38.285876], [-85.774309, 38.285824], [-85.774199, 38.285816], [-85.774084, 38.285808], [-85.773865, 38.28581], [-85.773778, 38.285822], [-85.773677, 38.285834], [-85.773563, 38.285842], [-85.773501, 38.285846], [-85.773238, 38.285821], [-85.773174, 38.285801], [-85.773036, 38.285758], [-85.772801, 38.285656], [-85.77254, 38.285498], [-85.772119, 38.2852], [-85.772068, 38.285164], [-85.771835, 38.284962], [-85.771757, 38.284867], [-85.771738, 38.284844], [-85.771701, 38.284744], [-85.77171, 38.284575], [-85.771715, 38.284477], [-85.771725, 38.284316], [-85.771706, 38.284142], [-85.771507, 38.28395], [-85.771272, 38.2838], [-85.770935, 38.283593], [-85.770636, 38.283403], [-85.770364, 38.283249], [-85.769946, 38.28295], [-85.76973, 38.282807], [-85.76962, 38.282734], [-85.76938, 38.282567], [-85.769299, 38.28251], [-85.769099, 38.282361], [-85.769028, 38.282308], [-85.768812, 38.282089], [-85.76876, 38.282046], [-85.768639, 38.281945], [-85.768546, 38.28182], [-85.768472, 38.281721], [-85.768332, 38.281526], [-85.768235, 38.281447], [-85.768028, 38.281353], [-85.767927, 38.281316], [-85.767897, 38.281304], [-85.76765, 38.281241], [-85.767254, 38.281127], [-85.767103, 38.281059], [-85.767022, 38.281022], [-85.766837, 38.280921], [-85.766786, 38.280898], [-85.766619, 38.280823], [-85.766419, 38.280631], [-85.766204, 38.280382], [-85.766098, 38.280173], [-85.766076, 38.280129], [-85.766068, 38.280112], [-85.765991, 38.279955], [-85.765972, 38.279781], [-85.765977, 38.27968], [-85.76598, 38.279621], [-85.766027, 38.279453], [-85.766102, 38.27925], [-85.766185, 38.279129], [-85.766209, 38.279095], [-85.76625, 38.279047], [-85.766349, 38.278932], [-85.766522, 38.278752], [-85.766665, 38.278579], [-85.766685, 38.278555], [-85.766716, 38.278508], [-85.766815, 38.278357], [-85.76688, 38.278166], [-85.766917, 38.277996], [-85.766968, 38.277876], [-85.767118, 38.277645], [-85.767186, 38.277516], [-85.767221, 38.277387], [-85.767212, 38.277261], [-85.767167, 38.277161], [-85.767112, 38.277039], [-85.767017, 38.276783], [-85.766927, 38.276617], [-85.766811, 38.276497], [-85.766792, 38.276477], [-85.766667, 38.276385], [-85.76652, 38.276305], [-85.766356, 38.276243], [-85.76612, 38.276223], [-85.765803, 38.276208], [-85.765522, 38.276195], [-85.765401, 38.276168], [-85.765389, 38.276161], [-85.765293, 38.276106], [-85.765275, 38.276064], [-85.76525, 38.276006], [-85.765249, 38.275869], [-85.765248, 38.275794], [-85.76525, 38.275716], [-85.765225, 38.275669], [-85.765218, 38.275655], [-85.765147, 38.275615], [-85.765062, 38.275594], [-85.765007, 38.275581], [-85.764803, 38.27549], [-85.764798, 38.275485], [-85.764711, 38.275397], [-85.764691, 38.275273], [-85.764715, 38.275198], [-85.764732, 38.275143], [-85.764814, 38.27503], [-85.764832, 38.274991], [-85.764865, 38.27492], [-85.764855, 38.274892], [-85.764833, 38.274832], [-85.764724, 38.274775], [-85.76462, 38.274767], [-85.764498, 38.274757], [-85.764253, 38.27474], [-85.764169, 38.274704], [-85.764116, 38.274682], [-85.764033, 38.274607], [-85.763976, 38.274555], [-85.763831, 38.274341], [-85.763797, 38.274295], [-85.763654, 38.274097], [-85.763465, 38.273882], [-85.763287, 38.273693], [-85.763276, 38.273681], [-85.763264, 38.27367], [-85.763049, 38.273471], [-85.762789, 38.27326], [-85.762523, 38.273067], [-85.762262, 38.272878], [-85.762108, 38.272778], [-85.762023, 38.272724], [-85.761722, 38.272503], [-85.761661, 38.272461], [-85.761543, 38.27238], [-85.761367, 38.272254], [-85.761221, 38.272167], [-85.761187, 38.272148], [-85.761106, 38.272104], [-85.760991, 38.272042], [-85.760773, 38.271935], [-85.760638, 38.271885], [-85.760484, 38.271829], [-85.760152, 38.271711], [-85.76008, 38.271686], [-85.759583, 38.271486], [-85.759309, 38.271386], [-85.759152, 38.271329], [-85.758939, 38.271252], [-85.758857, 38.271222], [-85.758807, 38.271198], [-85.758672, 38.271134], [-85.758531, 38.271007], [-85.758319, 38.27087], [-85.758135, 38.270704], [-85.758099, 38.270674], [-85.758, 38.270594], [-85.757826, 38.270505], [-85.757766, 38.270478], [-85.757662, 38.27043], [-85.757482, 38.270376], [-85.757311, 38.270332], [-85.757307, 38.270331], [-85.757287, 38.270324], [-85.757088, 38.270251], [-85.757011, 38.270197], [-85.756969, 38.270167], [-85.75696, 38.270161], [-85.756779, 38.27004], [-85.756588, 38.269931], [-85.756561, 38.269916], [-85.756354, 38.26981], [-85.756223, 38.269757], [-85.75618, 38.269739], [-85.755989, 38.269641], [-85.755798, 38.269544], [-85.755592, 38.269412], [-85.755528, 38.26936], [-85.755308, 38.269183], [-85.755214, 38.269125], [-85.755163, 38.269094], [-85.754983, 38.269038], [-85.754769, 38.269018], [-85.754533, 38.269033], [-85.754473, 38.269022], [-85.754357, 38.269001], [-85.754277, 38.268978], [-85.754243, 38.268969], [-85.753905, 38.268805], [-85.753582, 38.268715], [-85.753287, 38.268621], [-85.752951, 38.268505], [-85.752588, 38.268397], [-85.752129, 38.268245], [-85.752122, 38.268242], [-85.752036, 38.268214], [-85.751812, 38.268143], [-85.75162, 38.268083], [-85.751506, 38.268048], [-85.751258, 38.267986], [-85.751134, 38.267955], [-85.751052, 38.267935], [-85.750505, 38.267803], [-85.750263, 38.26775], [-85.749976, 38.267687], [-85.748976, 38.267484], [-85.748893, 38.267467], [-85.748489, 38.267385], [-85.747997, 38.267299], [-85.747948, 38.267291], [-85.74787, 38.267283], [-85.747304, 38.267227], [-85.746854, 38.267215], [-85.746582, 38.267208], [-85.746569, 38.267208], [-85.74578, 38.267187], [-85.74527, 38.267192], [-85.744623, 38.267199], [-85.74412, 38.267234], [-85.743951, 38.267246], [-85.743948, 38.267247], [-85.743941, 38.267247], [-85.743909, 38.267249], [-85.743834, 38.267255], [-85.74351, 38.267297], [-85.742982, 38.267367], [-85.742517, 38.267458], [-85.742397, 38.267481], [-85.742054, 38.267575], [-85.740916, 38.267885], [-85.739596, 38.26846], [-85.738781, 38.268839], [-85.73872, 38.268857], [-85.738523, 38.268917], [-85.738257, 38.268946], [-85.738031, 38.268992], [-85.737886, 38.269079], [-85.737611, 38.269219], [-85.737277, 38.269387], [-85.73617, 38.270021], [-85.735921, 38.270187], [-85.735623, 38.270386], [-85.735575, 38.270418], [-85.735539, 38.270442], [-85.735267, 38.270531], [-85.735086, 38.27059], [-85.734931, 38.270645], [-85.734789, 38.270747], [-85.734776, 38.270757], [-85.734589, 38.270924], [-85.734423, 38.271043], [-85.734267, 38.271171], [-85.73402, 38.271281], [-85.733623, 38.271486], [-85.733379, 38.271613], [-85.732946, 38.271818], [-85.73273, 38.27191], [-85.732337, 38.272078], [-85.731876, 38.272293], [-85.731728, 38.272362], [-85.731542, 38.27246], [-85.731325, 38.272575], [-85.731098, 38.272702], [-85.730563, 38.272874], [-85.730421, 38.272946], [-85.730377, 38.272969], [-85.730211, 38.27308], [-85.730137, 38.273216], [-85.730079, 38.27336], [-85.730062, 38.273401], [-85.729969, 38.273481], [-85.729804, 38.273551], [-85.729598, 38.27363], [-85.729411, 38.273733], [-85.729, 38.274015], [-85.727761, 38.274598], [-85.727091, 38.27493], [-85.726234, 38.275333], [-85.725726, 38.275577], [-85.725451, 38.275708], [-85.72481, 38.276018], [-85.724649, 38.276163], [-85.724545, 38.276243], [-85.724375, 38.276322], [-85.72398, 38.276488], [-85.723462, 38.276673], [-85.722692, 38.277018], [-85.722417, 38.277141], [-85.720901, 38.277758], [-85.718979, 38.278673], [-85.71862, 38.278849], [-85.71797, 38.27917], [-85.717679, 38.279315], [-85.717319, 38.279495], [-85.716264, 38.279977], [-85.715433, 38.280349], [-85.71519, 38.280458], [-85.714153, 38.280926], [-85.713945, 38.28101], [-85.713639, 38.281133], [-85.713588, 38.281154], [-85.713513, 38.281184], [-85.713423, 38.281233], [-85.71337, 38.281262], [-85.713301, 38.281299], [-85.713126, 38.281394], [-85.712509, 38.281679], [-85.71224, 38.281804], [-85.712227, 38.281809], [-85.712197, 38.281821], [-85.711683, 38.282021], [-85.711469, 38.282105], [-85.71129, 38.282185], [-85.710847, 38.282385], [-85.710529, 38.282545], [-85.710215, 38.282703], [-85.709575, 38.283014], [-85.708735, 38.283423], [-85.707621, 38.284002], [-85.707499, 38.284065], [-85.707007, 38.284327], [-85.706197, 38.284758], [-85.70497, 38.285408], [-85.702923, 38.286453], [-85.701527, 38.28713], [-85.700942, 38.287433], [-85.700609, 38.28761], [-85.700112, 38.287874], [-85.699811, 38.288022], [-85.699235, 38.288306], [-85.697478, 38.289032], [-85.69653, 38.289446], [-85.69624, 38.289573], [-85.694603, 38.290289], [-85.69446, 38.290353], [-85.693424, 38.290822], [-85.692526, 38.291218], [-85.691626, 38.291653], [-85.69079, 38.292045], [-85.689918, 38.292454], [-85.688699, 38.293018], [-85.688537, 38.293093], [-85.688537, 38.293093], [-85.687528, 38.293563], [-85.68747, 38.29359], [-85.687446, 38.293603], [-85.687177, 38.293741], [-85.686438, 38.294122], [-85.6855, 38.294559], [-85.684219, 38.295216], [-85.684033, 38.295311], [-85.683624, 38.295529], [-85.683011, 38.295854], [-85.682855, 38.295938], [-85.682074, 38.29636], [-85.681572, 38.296642], [-85.680871, 38.297034], [-85.680145, 38.297464], [-85.679696, 38.29773], [-85.678177, 38.298784], [-85.67781, 38.299059], [-85.67686, 38.29977], [-85.676476, 38.300058], [-85.676015, 38.300449], [-85.67549, 38.300895], [-85.674904, 38.301301], [-85.674182, 38.30187], [-85.674095, 38.301933], [-85.673804, 38.302144], [-85.673595, 38.302362], [-85.67353, 38.302438], [-85.673377, 38.302616], [-85.673243, 38.302791], [-85.673099, 38.303053], [-85.673047, 38.303181], [-85.67303, 38.303221], [-85.672907, 38.303374], [-85.672822, 38.303468], [-85.672802, 38.30349], [-85.672797, 38.303498], [-85.672725, 38.303607], [-85.672713, 38.30379], [-85.672702, 38.303893], [-85.67267, 38.303937], [-85.672635, 38.303987], [-85.672558, 38.304111], [-85.67228, 38.304548], [-85.672019, 38.305059], [-85.671797, 38.30549], [-85.671748, 38.305628], [-85.671745, 38.305768], [-85.671697, 38.305892], [-85.671562, 38.306147], [-85.671532, 38.306204], [-85.671349, 38.306556], [-85.671208, 38.306765], [-85.670986, 38.307095], [-85.670851, 38.307329], [-85.670764, 38.307481], [-85.670652, 38.307631], [-85.670573, 38.307736], [-85.670382, 38.308027], [-85.670108, 38.308305], [-85.669945, 38.30847], [-85.669603, 38.30887], [-85.669453, 38.308994], [-85.669026, 38.309347], [-85.668692, 38.309668], [-85.668542, 38.309812], [-85.668442, 38.309901], [-85.668211, 38.310109], [-85.66807, 38.310235], [-85.667993, 38.310304], [-85.667803, 38.310515], [-85.667651, 38.310719], [-85.667488, 38.310937], [-85.66642, 38.312246], [-85.665998, 38.312835], [-85.665094, 38.313826], [-85.66345, 38.315552], [-85.662799, 38.31626], [-85.662747, 38.316316], [-85.662687, 38.31638], [-85.662619, 38.316477], [-85.662567, 38.316578], [-85.662536, 38.316637], [-85.662518, 38.316654], [-85.662425, 38.31674], [-85.662284, 38.316853], [-85.662222, 38.316897], [-85.662165, 38.316938], [-85.662046, 38.317041], [-85.661908, 38.317169], [-85.661905, 38.317172], [-85.661903, 38.317173], [-85.661801, 38.31728], [-85.661725, 38.317388], [-85.661688, 38.317456], [-85.661665, 38.317497], [-85.661638, 38.317578], [-85.661634, 38.317589], [-85.661573, 38.317709], [-85.661532, 38.317738], [-85.661484, 38.317772], [-85.661441, 38.317793], [-85.661381, 38.317822], [-85.661263, 38.317878], [-85.661254, 38.317886], [-85.661159, 38.317969], [-85.660864, 38.318261], [-85.660675, 38.318448], [-85.660191, 38.318938], [-85.659766, 38.319357], [-85.659577, 38.319543], [-85.659529, 38.31959], [-85.659394, 38.319723], [-85.65937, 38.319747], [-85.659305, 38.319809], [-85.659194, 38.319865], [-85.659054, 38.319909], [-85.658848, 38.320017], [-85.658656, 38.320112], [-85.658554, 38.320199], [-85.658522, 38.320226], [-85.658461, 38.320363], [-85.658459, 38.32049], [-85.658457, 38.320611], [-85.658404, 38.320703], [-85.658342, 38.320796], [-85.658306, 38.320851], [-85.658158, 38.320982], [-85.658061, 38.321067], [-85.657924, 38.321234], [-85.657747, 38.32145], [-85.65706, 38.322225], [-85.656656, 38.322727], [-85.656036, 38.323429], [-85.655915, 38.323529], [-85.655858, 38.323576], [-85.655823, 38.323594], [-85.655636, 38.323689], [-85.655473, 38.323808], [-85.655369, 38.323916], [-85.655363, 38.323949], [-85.655352, 38.324003], [-85.655322, 38.324078], [-85.655306, 38.324117], [-85.654752, 38.324871], [-85.654416, 38.32542], [-85.654314, 38.325586], [-85.6543, 38.325607], [-85.65422, 38.325718], [-85.653824, 38.326273], [-85.653744, 38.326386], [-85.653358, 38.327067], [-85.65326, 38.327229], [-85.653161, 38.327392], [-85.653116, 38.327466], [-85.653087, 38.327513], [-85.653003, 38.327681], [-85.652904, 38.32788], [-85.652842, 38.328012], [-85.652799, 38.328103], [-85.652789, 38.328125], [-85.652775, 38.328155], [-85.652767, 38.328166], [-85.652715, 38.328243], [-85.652625, 38.328378], [-85.652467, 38.328618], [-85.652356, 38.328789], [-85.652241, 38.328966], [-85.652029, 38.329338], [-85.651976, 38.329462], [-85.651915, 38.329602], [-85.651709, 38.330055], [-85.651655, 38.330227], [-85.651425, 38.330771], [-85.651415, 38.330797], [-85.651367, 38.330924], [-85.65135, 38.330967], [-85.651348, 38.330972], [-85.651343, 38.331017], [-85.651331, 38.331133], [-85.651318, 38.331398], [-85.651292, 38.331525], [-85.651278, 38.331587], [-85.651278, 38.331588], [-85.651217, 38.331737], [-85.651204, 38.331755], [-85.651112, 38.331887], [-85.651096, 38.331911], [-85.651082, 38.331931], [-85.650931, 38.3322], [-85.650879, 38.332308], [-85.650858, 38.332354], [-85.650778, 38.332521], [-85.650494, 38.333054], [-85.650369, 38.333288], [-85.650319, 38.333392], [-85.650248, 38.33354], [-85.649337, 38.335712], [-85.64815, 38.338357], [-85.647749, 38.339213], [-85.647496, 38.339764], [-85.646546, 38.34184], [-85.646043, 38.342879], [-85.645665, 38.343662], [-85.644971, 38.345074], [-85.644963, 38.345092], [-85.644963, 38.345092], [-85.644961, 38.345095], [-85.644936, 38.34515], [-85.644808, 38.345431], [-85.644485, 38.346141], [-85.643998, 38.347406], [-85.643974, 38.347485], [-85.643933, 38.347614], [-85.643927, 38.347632], [-85.643919, 38.347658], [-85.643697, 38.348367], [-85.643565, 38.348831], [-85.643361, 38.349551], [-85.643224, 38.350151], [-85.643133, 38.350549], [-85.642938, 38.351405], [-85.642832, 38.351834], [-85.642534, 38.353048], [-85.642041, 38.354607], [-85.641924, 38.354953], [-85.641725, 38.355544], [-85.64134, 38.356518], [-85.641317, 38.356575], [-85.641036, 38.35723], [-85.640796, 38.357834], [-85.640393, 38.358846], [-85.640311, 38.35902], [-85.639709, 38.360285], [-85.639679, 38.360362], [-85.639656, 38.360421], [-85.639634, 38.360479], [-85.639578, 38.360624], [-85.639536, 38.360731], [-85.63944, 38.361064], [-85.639376, 38.361282], [-85.639241, 38.361907], [-85.639229, 38.361962], [-85.639202, 38.36207], [-85.639068, 38.362596], [-85.638995, 38.362815], [-85.638815, 38.363357], [-85.638677, 38.363797], [-85.638654, 38.363869], [-85.638613, 38.364577], [-85.638508, 38.365541], [-85.638475, 38.367782], [-85.638492, 38.368261], [-85.638514, 38.368912], [-85.638533, 38.369466], [-85.638539, 38.369628], [-85.638567, 38.371863], [-85.638591, 38.373706], [-85.638587, 38.3742], [-85.638598, 38.374421], [-85.638583, 38.374521], [-85.638564, 38.374642], [-85.638503, 38.37477], [-85.638494, 38.37479], [-85.638425, 38.374944], [-85.638375, 38.375246], [-85.638318, 38.37614], [-85.638309, 38.376521], [-85.638298, 38.376982], [-85.638277, 38.377259], [-85.63825, 38.3776], [-85.638151, 38.378531], [-85.637943, 38.379356], [-85.637838, 38.380205], [-85.637735, 38.380729], [-85.637658, 38.381124], [-85.637572, 38.381551], [-85.637429, 38.382264], [-85.637269, 38.382914], [-85.637179, 38.383233], [-85.637041, 38.383723], [-85.636955, 38.383933], [-85.63689, 38.384093], [-85.636853, 38.38421], [-85.636838, 38.384364], [-85.636714, 38.384591], [-85.636659, 38.384689], [-85.636652, 38.384715], [-85.636598, 38.384906], [-85.636443, 38.385185], [-85.636377, 38.385365], [-85.636285, 38.385619], [-85.636258, 38.385818], [-85.636184, 38.386071], [-85.636007, 38.386466], [-85.635871, 38.386766], [-85.635781, 38.386991], [-85.635654, 38.387308], [-85.635573, 38.387481], [-85.635486, 38.387668], [-85.635374, 38.387936], [-85.635305, 38.388102], [-85.635082, 38.388659], [-85.635033, 38.388907], [-85.634993, 38.389149], [-85.634967, 38.389233], [-85.634937, 38.389328], [-85.634873, 38.389486], [-85.634817, 38.389651], [-85.634789, 38.389734], [-85.634732, 38.389941], [-85.634697, 38.390008], [-85.63465, 38.390099], [-85.634612, 38.390173], [-85.634568, 38.390257], [-85.63452, 38.390506], [-85.63428, 38.391154], [-85.63427, 38.391181], [-85.634226, 38.391333], [-85.633959, 38.392263], [-85.633606, 38.393269], [-85.633475, 38.39371], [-85.63339, 38.394014], [-85.633296, 38.394237], [-85.63328, 38.394275], [-85.633266, 38.394323], [-85.633186, 38.394599], [-85.633093, 38.394854], [-85.632982, 38.395136], [-85.632925, 38.395398], [-85.632806, 38.395674], [-85.632759, 38.395784], [-85.632602, 38.396211], [-85.632496, 38.396459], [-85.632482, 38.396493], [-85.632397, 38.39681], [-85.632355, 38.396971], [-85.632331, 38.397065], [-85.632285, 38.397172], [-85.632193, 38.397389], [-85.632144, 38.397533], [-85.63209, 38.397692], [-85.631977, 38.397906], [-85.631963, 38.397933], [-85.631907, 38.398091], [-85.63188, 38.398224], [-85.631849, 38.398374], [-85.631738, 38.398663], [-85.631592, 38.398959], [-85.631504, 38.39914], [-85.631482, 38.399186], [-85.631469, 38.399211], [-85.631363, 38.399413], [-85.631219, 38.399612], [-85.631215, 38.399619], [-85.631137, 38.399763], [-85.631108, 38.399894], [-85.631062, 38.400039], [-85.630868, 38.4005], [-85.63079, 38.400655], [-85.630695, 38.400844], [-85.630627, 38.401015], [-85.630575, 38.401147], [-85.630353, 38.401732], [-85.630117, 38.402103], [-85.629908, 38.402474], [-85.629795, 38.402676], [-85.629753, 38.402749], [-85.629252, 38.403711], [-85.628581, 38.40481], [-85.628227, 38.405373], [-85.627966, 38.405723], [-85.627793, 38.406004], [-85.627502, 38.406541], [-85.627389, 38.406711], [-85.627235, 38.406945], [-85.627234, 38.406947], [-85.627185, 38.407021], [-85.627021, 38.407317], [-85.626918, 38.407446], [-85.626841, 38.407543], [-85.626832, 38.407587], [-85.626797, 38.407754], [-85.626773, 38.4078], [-85.626749, 38.407849], [-85.626715, 38.407916], [-85.626702, 38.407942], [-85.626627, 38.408081], [-85.626418, 38.408472], [-85.626118, 38.409029], [-85.625907, 38.409421], [-85.625624, 38.410053], [-85.625584, 38.410265], [-85.625535, 38.410381], [-85.625201, 38.410955], [-85.625186, 38.410989], [-85.625142, 38.411092], [-85.625086, 38.411205], [-85.625004, 38.411302], [-85.624999, 38.411306], [-85.624851, 38.411392], [-85.624848, 38.411391], [-85.624843, 38.411391], [-85.62477, 38.411385], [-85.624702, 38.411379], [-85.624577, 38.411418], [-85.624527, 38.41148], [-85.624441, 38.411586], [-85.624391, 38.411697], [-85.624387, 38.411707], [-85.62409, 38.412197], [-85.623986, 38.412422], [-85.623864, 38.412688], [-85.623597, 38.413203], [-85.623447, 38.413477], [-85.623288, 38.413766], [-85.623163, 38.414095], [-85.623104, 38.414249], [-85.622944, 38.414595], [-85.6228, 38.415015], [-85.622642, 38.41548], [-85.62263, 38.415516], [-85.622617, 38.415554], [-85.622553, 38.415683], [-85.622222, 38.416286], [-85.622144, 38.41646], [-85.621943, 38.416906], [-85.621779, 38.417237], [-85.621708, 38.41738], [-85.62149, 38.418033], [-85.62134, 38.418417], [-85.621274, 38.418589], [-85.621247, 38.418659], [-85.621144, 38.418935], [-85.621088, 38.419129], [-85.621003, 38.419282], [-85.620759, 38.419708], [-85.620744, 38.419739], [-85.620662, 38.419925], [-85.620595, 38.420183], [-85.620571, 38.420269], [-85.620529, 38.420417], [-85.620524, 38.420501], [-85.6205, 38.420862], [-85.62048, 38.421355], [-85.620535, 38.421734], [-85.620589, 38.422117], [-85.620582, 38.422497], [-85.620544, 38.422692], [-85.620491, 38.422963], [-85.620388, 38.423205], [-85.620286, 38.423381], [-85.620239, 38.423449], [-85.620039, 38.423735], [-85.619897, 38.423901], [-85.619809, 38.424004], [-85.619725, 38.424115], [-85.619685, 38.424232], [-85.619683, 38.424367], [-85.619672, 38.424416], [-85.61965, 38.42452], [-85.619634, 38.424553], [-85.619595, 38.424631], [-85.61952, 38.424715], [-85.619465, 38.424777], [-85.619385, 38.424876], [-85.619343, 38.424929], [-85.619197, 38.425121], [-85.619144, 38.4252], [-85.619058, 38.425326], [-85.618922, 38.425504], [-85.618835, 38.425617], [-85.618567, 38.425956], [-85.618343, 38.426197], [-85.618254, 38.426294], [-85.617704, 38.426852], [-85.61736, 38.427219], [-85.617044, 38.42749], [-85.616803, 38.427686], [-85.616584, 38.427864], [-85.616332, 38.42808], [-85.616036, 38.428334], [-85.615838, 38.428545], [-85.61567, 38.428724], [-85.615403, 38.428992], [-85.615235, 38.429184], [-85.615204, 38.429219], [-85.615186, 38.429234], [-85.614991, 38.429399], [-85.614754, 38.429626], [-85.614705, 38.429668], [-85.61461, 38.429748], [-85.614582, 38.429772], [-85.614556, 38.429795], [-85.614554, 38.429809], [-85.614548, 38.429848], [-85.61457, 38.429918], [-85.614576, 38.429936], [-85.61457, 38.429948], [-85.614553, 38.429983], [-85.614543, 38.429997], [-85.614514, 38.430036], [-85.614355, 38.430137], [-85.614279, 38.430186], [-85.614193, 38.430258], [-85.614104, 38.430331], [-85.614011, 38.430412], [-85.613971, 38.430447], [-85.613937, 38.430476], [-85.613829, 38.43064], [-85.613796, 38.430684], [-85.613768, 38.430722], [-85.613608, 38.430884], [-85.613561, 38.430931], [-85.613475, 38.43102], [-85.613096, 38.431409], [-85.612805, 38.431692], [-85.612333, 38.432153], [-85.611722, 38.43277], [-85.611264, 38.433248], [-85.610768, 38.433725], [-85.610582, 38.433939], [-85.610439, 38.434103], [-85.610109, 38.434425], [-85.610027, 38.434505], [-85.609913, 38.434618], [-85.609569, 38.434959], [-85.609508, 38.435029], [-85.609408, 38.435145], [-85.609307, 38.43535], [-85.609153, 38.435596], [-85.609113, 38.435672], [-85.609059, 38.435777], [-85.608952, 38.435899], [-85.608853, 38.435981], [-85.608776, 38.43608], [-85.608768, 38.436095], [-85.608699, 38.43622], [-85.608668, 38.436303], [-85.608636, 38.43639], [-85.608581, 38.436506], [-85.608558, 38.436554], [-85.60825, 38.43698], [-85.607699, 38.437633], [-85.607676, 38.437665], [-85.607609, 38.437759], [-85.60754, 38.437856], [-85.607491, 38.437925], [-85.607351, 38.43809], [-85.607253, 38.438205], [-85.607089, 38.438436], [-85.607046, 38.438497], [-85.606847, 38.438689], [-85.6066, 38.438901], [-85.606467, 38.439014], [-85.606393, 38.43908], [-85.606201, 38.439253], [-85.606136, 38.43931], [-85.606032, 38.439404], [-85.605636, 38.439758], [-85.60486, 38.440408], [-85.604672, 38.440572], [-85.604434, 38.44078], [-85.604128, 38.440986], [-85.603789, 38.441214], [-85.602524, 38.441976], [-85.601691, 38.442461], [-85.60029, 38.443274], [-85.598566, 38.444254], [-85.598247, 38.444442], [-85.598158, 38.444495], [-85.598084, 38.444539], [-85.59754, 38.444869], [-85.5962, 38.445489], [-85.595929, 38.44562], [-85.595751, 38.445706], [-85.595472, 38.445841], [-85.595244, 38.445951], [-85.594716, 38.446239], [-85.594039, 38.446564], [-85.593519, 38.446821], [-85.593472, 38.446844], [-85.593418, 38.446874], [-85.592904, 38.447156], [-85.59256, 38.447338], [-85.592276, 38.447489], [-85.591277, 38.447888], [-85.591183, 38.447926], [-85.588994, 38.448915], [-85.588178, 38.449278], [-85.587463, 38.449548], [-85.58656, 38.449884], [-85.585725, 38.450194], [-85.585604, 38.450234], [-85.585435, 38.45029], [-85.585212, 38.450364], [-85.58498, 38.450441], [-85.584266, 38.450642], [-85.584121, 38.450685], [-85.583542, 38.450858], [-85.583024, 38.451006], [-85.582917, 38.451037], [-85.582768, 38.451077], [-85.582208, 38.451225], [-85.581867, 38.451304], [-85.581579, 38.45137], [-85.580298, 38.451678], [-85.580148, 38.451712], [-85.579936, 38.451752], [-85.579525, 38.45183], [-85.57932, 38.451873], [-85.578937, 38.451953], [-85.578933, 38.451954], [-85.578407, 38.452063], [-85.578093, 38.452124], [-85.57776, 38.452187], [-85.577016, 38.452303], [-85.576227, 38.452454], [-85.575129, 38.452607], [-85.574448, 38.452675], [-85.573829, 38.452741], [-85.573687, 38.452756], [-85.57297, 38.452817], [-85.572387, 38.452865], [-85.57208, 38.452868], [-85.571733, 38.452871], [-85.570665, 38.452858], [-85.569031, 38.45288], [-85.56883, 38.452883], [-85.568623, 38.452887], [-85.568621, 38.452887], [-85.568621, 38.452887], [-85.567679, 38.452905], [-85.566724, 38.452898], [-85.566319, 38.452895], [-85.56585, 38.452931], [-85.564451, 38.453122], [-85.563813, 38.453239], [-85.563389, 38.453297], [-85.562972, 38.453354], [-85.562717, 38.453393], [-85.562511, 38.453425], [-85.562089, 38.453436], [-85.561778, 38.453444], [-85.561173, 38.45345], [-85.560232, 38.453459], [-85.55913, 38.453438], [-85.558228, 38.453421], [-85.556376, 38.453486], [-85.555992, 38.453539], [-85.555293, 38.453586], [-85.55501, 38.453601], [-85.554754, 38.453614], [-85.554077, 38.453642], [-85.553464, 38.453668], [-85.552057, 38.453796], [-85.551916, 38.453813], [-85.551694, 38.45384], [-85.550879, 38.453969], [-85.549941, 38.454069], [-85.549225, 38.454115], [-85.54912, 38.454123], [-85.548836, 38.454145], [-85.547756, 38.454275], [-85.547419, 38.454315], [-85.547024, 38.454372], [-85.545639, 38.454571], [-85.545145, 38.454613], [-85.544648, 38.454656], [-85.544038, 38.454711], [-85.543682, 38.45476], [-85.543347, 38.454806], [-85.543067, 38.454837], [-85.542887, 38.454856], [-85.542582, 38.45488], [-85.542356, 38.454898], [-85.54177, 38.454914], [-85.541106, 38.454965], [-85.540957, 38.454989], [-85.540725, 38.455027], [-85.540454, 38.455048], [-85.540216, 38.455068], [-85.539727, 38.455107], [-85.539711, 38.455108], [-85.539657, 38.455116], [-85.539081, 38.455195], [-85.538766, 38.45524], [-85.538251, 38.455314], [-85.537789, 38.45539], [-85.537765, 38.455394], [-85.537594, 38.455409], [-85.537136, 38.455449], [-85.536756, 38.455495], [-85.536604, 38.455528], [-85.53631, 38.455591], [-85.53576, 38.455683], [-85.534666, 38.455815], [-85.534619, 38.455821], [-85.534601, 38.455823], [-85.53411, 38.455906], [-85.533939, 38.455934], [-85.533883, 38.455944], [-85.533459, 38.456015], [-85.533338, 38.456048], [-85.533228, 38.456078], [-85.531816, 38.456355], [-85.530034, 38.45667], [-85.528808, 38.456926], [-85.528391, 38.457014], [-85.528142, 38.457063], [-85.527214, 38.457246], [-85.526814, 38.457327], [-85.526697, 38.457347], [-85.526383, 38.4574], [-85.526044, 38.457461], [-85.525953, 38.457477], [-85.525879, 38.457494], [-85.525602, 38.457555], [-85.525373, 38.457602], [-85.525297, 38.457618], [-85.525127, 38.457661], [-85.524956, 38.457704], [-85.524852, 38.457736], [-85.524629, 38.457806], [-85.524066, 38.45803], [-85.523529, 38.458223], [-85.52316, 38.458364], [-85.52292, 38.458455], [-85.522253, 38.458662], [-85.522014, 38.458725], [-85.521726, 38.4588], [-85.521164, 38.458974], [-85.520738, 38.459106], [-85.520217, 38.459239], [-85.520096, 38.45927], [-85.519955, 38.459306], [-85.519569, 38.459405], [-85.519336, 38.459476], [-85.518907, 38.459608], [-85.518654, 38.459697], [-85.518605, 38.459714], [-85.518334, 38.459824], [-85.518056, 38.45997], [-85.517678, 38.460173], [-85.517554, 38.460247], [-85.517214, 38.460449], [-85.517161, 38.460481], [-85.517072, 38.460534], [-85.516971, 38.460581], [-85.516851, 38.460637], [-85.5166, 38.460716], [-85.51617, 38.460777], [-85.515914, 38.460828], [-85.515819, 38.460847], [-85.515463, 38.460953], [-85.515353, 38.460994], [-85.515201, 38.461051], [-85.515101, 38.461102], [-85.514964, 38.46117], [-85.51487, 38.461228], [-85.514772, 38.461289], [-85.514403, 38.461484], [-85.514198, 38.461592], [-85.514174, 38.4616], [-85.514077, 38.461633], [-85.51357, 38.461795], [-85.513268, 38.461909], [-85.512665, 38.46216], [-85.512272, 38.462344], [-85.51197, 38.462469], [-85.511718, 38.462585], [-85.511411, 38.462725], [-85.511102, 38.462854], [-85.510682, 38.463029], [-85.51045, 38.463128], [-85.510093, 38.463281], [-85.509298, 38.463592], [-85.508942, 38.463713], [-85.508278, 38.463991], [-85.508161, 38.464034], [-85.507619, 38.464234], [-85.507222, 38.464366], [-85.50673, 38.464524], [-85.506344, 38.464639], [-85.506148, 38.464697], [-85.506048, 38.464726], [-85.505832, 38.464787], [-85.505616, 38.464875], [-85.505418, 38.464981], [-85.505086, 38.465158], [-85.504613, 38.465383], [-85.504315, 38.46556], [-85.503228, 38.466268], [-85.502708, 38.466563], [-85.502103, 38.466868], [-85.501735, 38.467053], [-85.501189, 38.467301], [-85.501131, 38.467327], [-85.50112, 38.467333], [-85.500943, 38.467418], [-85.500798, 38.467488], [-85.500516, 38.467645], [-85.500227, 38.467762], [-85.500058, 38.467831], [-85.499351, 38.468062], [-85.499259, 38.468091], [-85.499158, 38.468124], [-85.499003, 38.468175], [-85.498937, 38.46822], [-85.498229, 38.468706], [-85.49796, 38.468878], [-85.497899, 38.468916], [-85.497422, 38.469221], [-85.497416, 38.469226], [-85.497226, 38.469381], [-85.496035, 38.470347], [-85.4957, 38.470627], [-85.495671, 38.470651], [-85.495643, 38.470674], [-85.494671, 38.471516], [-85.494042, 38.472114], [-85.493789, 38.47235], [-85.493419, 38.472694], [-85.493117, 38.473003], [-85.492596, 38.473538], [-85.491994, 38.474184], [-85.491731, 38.474466], [-85.491059, 38.475227], [-85.490849, 38.47547], [-85.490685, 38.475659], [-85.490471, 38.475904], [-85.490366, 38.476024], [-85.489921, 38.476497], [-85.489707, 38.476726], [-85.489505, 38.476942], [-85.489325, 38.477146], [-85.489106, 38.477393], [-85.488577, 38.478058], [-85.488316, 38.478398], [-85.488159, 38.478601], [-85.487931, 38.478887], [-85.487767, 38.479092], [-85.487393, 38.479537], [-85.487044, 38.479976], [-85.486345, 38.480861], [-85.486098, 38.481164], [-85.485759, 38.481635], [-85.48573, 38.481675], [-85.485347, 38.482133], [-85.484991, 38.482628], [-85.484612, 38.483154], [-85.483305, 38.484931], [-85.482456, 38.486231], [-85.482309, 38.486496], [-85.482079, 38.486807], [-85.481805, 38.48722], [-85.481589, 38.487609], [-85.481499, 38.487786], [-85.481425, 38.487933], [-85.481304, 38.488134], [-85.481242, 38.488316], [-85.48117, 38.488993], [-85.481097, 38.489279], [-85.480991, 38.489641], [-85.480919, 38.48989], [-85.480825, 38.490204], [-85.480731, 38.49052], [-85.480589, 38.490949], [-85.480421, 38.491357], [-85.480413, 38.491383], [-85.48037, 38.49152], [-85.480312, 38.491715], [-85.480298, 38.491764], [-85.480245, 38.491942], [-85.480232, 38.492025], [-85.480206, 38.492196], [-85.480139, 38.492387], [-85.4801, 38.492495], [-85.479992, 38.492847], [-85.479904, 38.493132], [-85.479826, 38.493352], [-85.479772, 38.493502], [-85.479747, 38.493591], [-85.479655, 38.493918], [-85.479617, 38.494159], [-85.479555, 38.494334], [-85.479339, 38.494861], [-85.479153, 38.495314], [-85.479039, 38.495612], [-85.478951, 38.49582], [-85.478796, 38.496111], [-85.478606, 38.496482], [-85.478597, 38.4965], [-85.478416, 38.496811], [-85.478157, 38.497277], [-85.478101, 38.49737], [-85.477985, 38.497562], [-85.477938, 38.497654], [-85.47776, 38.497996], [-85.477706, 38.498097], [-85.477639, 38.498223], [-85.477492, 38.498444], [-85.477408, 38.498572], [-85.477275, 38.498832], [-85.477165, 38.499045], [-85.476929, 38.499462], [-85.476864, 38.499576], [-85.476837, 38.49962], [-85.476675, 38.49988], [-85.476561, 38.500122], [-85.476451, 38.500378], [-85.476425, 38.500455], [-85.476257, 38.50082], [-85.476037, 38.501294], [-85.475976, 38.501373], [-85.47584, 38.501549], [-85.47565, 38.501793], [-85.47546, 38.502039], [-85.475378, 38.502154], [-85.475112, 38.502526], [-85.474545, 38.503361], [-85.474324, 38.503686], [-85.474073, 38.503989], [-85.473939, 38.504151], [-85.473805, 38.504295], [-85.473388, 38.504747], [-85.472924, 38.505148], [-85.472169, 38.505801], [-85.471631, 38.506325], [-85.471564, 38.506391], [-85.471322, 38.50657], [-85.471052, 38.506771], [-85.471016, 38.506802], [-85.470485, 38.507248], [-85.469868, 38.507821], [-85.46974, 38.50794], [-85.467521, 38.509735], [-85.466757, 38.510294], [-85.466466, 38.510488], [-85.466269, 38.51062], [-85.465605, 38.511002], [-85.46525, 38.511206], [-85.465089, 38.511293], [-85.464856, 38.511417], [-85.464583, 38.511529], [-85.464341, 38.511625], [-85.464119, 38.511714], [-85.463621, 38.511979], [-85.463338, 38.512086], [-85.462333, 38.512511], [-85.462084, 38.512595], [-85.461799, 38.512691], [-85.461354, 38.512827], [-85.461118, 38.512899], [-85.460579, 38.513032], [-85.460415, 38.513057], [-85.460172, 38.513095], [-85.459563, 38.513244], [-85.458784, 38.513456], [-85.457991, 38.513668], [-85.457581, 38.513846], [-85.45722, 38.51396], [-85.456954, 38.514044], [-85.456475, 38.514276], [-85.456116, 38.51445], [-85.455968, 38.5145], [-85.45588, 38.51453], [-85.455552, 38.514637], [-85.455437, 38.514653], [-85.455332, 38.514668], [-85.455174, 38.514755], [-85.454814, 38.515006], [-85.454359, 38.515201], [-85.454006, 38.515352], [-85.453265, 38.51571], [-85.453154, 38.515764], [-85.453124, 38.515781], [-85.452623, 38.516074], [-85.452358, 38.516193], [-85.451671, 38.516546], [-85.451472, 38.51667], [-85.450536, 38.517254], [-85.450234, 38.51744], [-85.450126, 38.5175], [-85.449804, 38.517679], [-85.449532, 38.517799], [-85.449339, 38.517884], [-85.448875, 38.518029], [-85.447983, 38.518323], [-85.44709, 38.518662], [-85.446767, 38.518836], [-85.446533, 38.5189], [-85.446497, 38.51891], [-85.446405, 38.518943], [-85.445833, 38.519146], [-85.445141, 38.519419], [-85.444532, 38.519662], [-85.444401, 38.519698], [-85.444321, 38.51972], [-85.444163, 38.519734], [-85.444087, 38.51974], [-85.443944, 38.519779], [-85.443636, 38.519861], [-85.442958, 38.52005], [-85.442714, 38.520117], [-85.442555, 38.520161], [-85.441968, 38.520324], [-85.441303, 38.52058], [-85.441297, 38.520582], [-85.441116, 38.520652], [-85.440997, 38.520698], [-85.440085, 38.521047], [-85.438934, 38.521482], [-85.438205, 38.52182], [-85.43812, 38.521866], [-85.437972, 38.521946], [-85.437771, 38.521997], [-85.437659, 38.522026], [-85.437106, 38.52218], [-85.436709, 38.522309], [-85.436287, 38.522446], [-85.436118, 38.52251], [-85.435946, 38.522574], [-85.435808, 38.522626], [-85.435757, 38.52266], [-85.4357, 38.522698], [-85.435645, 38.522735], [-85.435524, 38.522816], [-85.435375, 38.522876], [-85.435237, 38.522932], [-85.435236, 38.522932], [-85.435168, 38.52296], [-85.43435, 38.523258], [-85.434333, 38.523266], [-85.434084, 38.523383], [-85.433487, 38.523691], [-85.433467, 38.523703], [-85.43288, 38.524051], [-85.432414, 38.524334], [-85.432197, 38.524465], [-85.431965, 38.524606], [-85.431691, 38.524798], [-85.431407, 38.524998], [-85.430284, 38.525666], [-85.429893, 38.525951], [-85.42949, 38.526215], [-85.429468, 38.526229], [-85.429409, 38.52627], [-85.429051, 38.526514], [-85.428995, 38.526559], [-85.428801, 38.526716], [-85.427775, 38.527463], [-85.42668, 38.52839], [-85.426524, 38.528547], [-85.426428, 38.528644], [-85.426303, 38.528771], [-85.426, 38.529077], [-85.425609, 38.529421], [-85.425532, 38.52949], [-85.424468, 38.530481], [-85.424173, 38.530769], [-85.424012, 38.530926], [-85.423822, 38.531111], [-85.423419, 38.531465], [-85.423345, 38.53153], [-85.423285, 38.531588], [-85.422892, 38.531975], [-85.422744, 38.532146], [-85.422549, 38.532372], [-85.422119, 38.532735], [-85.42193, 38.53293], [-85.421848, 38.533013], [-85.421762, 38.533111], [-85.421682, 38.533201], [-85.421597, 38.533289], [-85.42144, 38.533452], [-85.421278, 38.533625], [-85.421056, 38.533825], [-85.420833, 38.534027], [-85.420198, 38.534652], [-85.419697, 38.535068], [-85.419479, 38.535306], [-85.419474, 38.535312], [-85.419461, 38.535326], [-85.419325, 38.53553], [-85.419317, 38.53562], [-85.419313, 38.535661], [-85.419372, 38.535939], [-85.419432, 38.536165], [-85.419442, 38.536409], [-85.419444, 38.53645], [-85.419383, 38.536689], [-85.419376, 38.536721], [-85.419342, 38.536878], [-85.419218, 38.53703], [-85.418936, 38.537201], [-85.41841, 38.537485], [-85.417988, 38.537691], [-85.417887, 38.537757], [-85.417856, 38.537776], [-85.417835, 38.537808], [-85.41778, 38.537892], [-85.417784, 38.538089], [-85.417808, 38.538234], [-85.417809, 38.538242], [-85.417824, 38.538289], [-85.417878, 38.538462], [-85.41793, 38.538645], [-85.417905, 38.538751], [-85.417889, 38.538819], [-85.417705, 38.539181], [-85.417307, 38.539977], [-85.417045, 38.540513], [-85.416505, 38.541409], [-85.416398, 38.541641], [-85.416336, 38.541939], [-85.41596, 38.543027], [-85.415744, 38.543549], [-85.415606, 38.544356], [-85.415454, 38.544915], [-85.415406, 38.545403], [-85.415381, 38.545859], [-85.41536, 38.546233], [-85.415328, 38.547324], [-85.415323, 38.547501], [-85.415308, 38.547655], [-85.415264, 38.54809], [-85.415248, 38.54835], [-85.415205, 38.549059], [-85.415191, 38.549436], [-85.415181, 38.549693], [-85.414995, 38.551021], [-85.414904, 38.552348], [-85.415002, 38.553493], [-85.41504, 38.554043], [-85.415017, 38.555051], [-85.415012, 38.555297], [-85.414964, 38.555593], [-85.414938, 38.555752], [-85.414879, 38.556109], [-85.414872, 38.556406], [-85.414897, 38.556496], [-85.414926, 38.556601], [-85.414934, 38.556964], [-85.414938, 38.55717], [-85.414933, 38.557777], [-85.415018, 38.558024], [-85.415064, 38.558202], [-85.415101, 38.558348], [-85.415116, 38.558438], [-85.415138, 38.558568], [-85.415172, 38.558898], [-85.415241, 38.5591], [-85.415291, 38.559229], [-85.415319, 38.559301], [-85.41532, 38.559311], [-85.415331, 38.559495], [-85.415364, 38.559764], [-85.41538, 38.559903], [-85.415373, 38.560226], [-85.41532, 38.5604], [-85.415329, 38.560627], [-85.415331, 38.560658], [-85.415346, 38.560722], [-85.415406, 38.560963], [-85.415475, 38.561197], [-85.415489, 38.561275], [-85.415504, 38.561359], [-85.415459, 38.561539], [-85.415481, 38.561654], [-85.415504, 38.561772], [-85.415538, 38.561954], [-85.41557, 38.562122], [-85.415596, 38.562452], [-85.415556, 38.562755], [-85.415557, 38.562886], [-85.415558, 38.563053], [-85.415592, 38.563342], [-85.415649, 38.563504], [-85.415707, 38.563668], [-85.415713, 38.564071], [-85.415714, 38.564135], [-85.415715, 38.564185], [-85.415738, 38.564226], [-85.415778, 38.564297], [-85.415876, 38.564409], [-85.415888, 38.564424], [-85.415979, 38.564573], [-85.415989, 38.564606], [-85.416014, 38.564691], [-85.416017, 38.564802], [-85.416019, 38.56489], [-85.416046, 38.564928], [-85.416212, 38.565022], [-85.416245, 38.565041], [-85.416297, 38.565071], [-85.416342, 38.565153], [-85.416343, 38.565159], [-85.416376, 38.565323], [-85.416391, 38.565371], [-85.416455, 38.565568], [-85.416512, 38.565767], [-85.416515, 38.565778], [-85.416516, 38.565783], [-85.416606, 38.56608], [-85.416622, 38.566131], [-85.41663, 38.566153], [-85.416702, 38.566346], [-85.41678, 38.566643], [-85.4168, 38.566727], [-85.41684, 38.566887], [-85.416975, 38.567177], [-85.417013, 38.567561], [-85.417091, 38.567887], [-85.41711, 38.568087], [-85.417121, 38.568212], [-85.417199, 38.568545], [-85.417222, 38.568732], [-85.417255, 38.568989], [-85.417351, 38.5693], [-85.417397, 38.569397], [-85.41745, 38.569508], [-85.417514, 38.569624], [-85.41754, 38.569671], [-85.417555, 38.569687], [-85.417743, 38.569888], [-85.417814, 38.570047], [-85.417832, 38.570089], [-85.418041, 38.570409], [-85.418194, 38.570714], [-85.418278, 38.570829], [-85.41834, 38.570915], [-85.418435, 38.571065], [-85.418531, 38.57122], [-85.41858, 38.571326], [-85.41863, 38.571435], [-85.418749, 38.571577], [-85.418807, 38.571643], [-85.418868, 38.571712], [-85.418934, 38.571869], [-85.418958, 38.571927], [-85.419117, 38.572365], [-85.419122, 38.572373], [-85.419281, 38.572625], [-85.419406, 38.572907], [-85.419448, 38.573025], [-85.419495, 38.573159], [-85.419631, 38.573383], [-85.419759, 38.573554], [-85.419777, 38.573604], [-85.419803, 38.573673], [-85.419839, 38.573758], [-85.419866, 38.573821], [-85.419939, 38.573889], [-85.420032, 38.573918], [-85.420061, 38.573927], [-85.420084, 38.573941], [-85.420163, 38.573989], [-85.420172, 38.573995], [-85.420254, 38.574122], [-85.420317, 38.574229], [-85.420381, 38.574337], [-85.421059, 38.575564], [-85.421362, 38.576033], [-85.421386, 38.576071], [-85.42141, 38.576125], [-85.421485, 38.576301], [-85.421794, 38.576792], [-85.422668, 38.578228], [-85.422926, 38.578629], [-85.422956, 38.578676], [-85.42306, 38.578877], [-85.423226, 38.579196], [-85.42363, 38.579812], [-85.423839, 38.580334], [-85.423961, 38.580639], [-85.424403, 38.581502], [-85.424566, 38.581809], [-85.424794, 38.582091], [-85.425196, 38.582941], [-85.425221, 38.582961], [-85.42547, 38.583163], [-85.42566, 38.583347], [-85.426062, 38.583979], [-85.426106, 38.584048], [-85.426122, 38.584069], [-85.426554, 38.584634], [-85.426755, 38.584943], [-85.426918, 38.585192], [-85.427189, 38.585557], [-85.427663, 38.586049], [-85.427852, 38.586308], [-85.42789, 38.586362], [-85.428051, 38.586583], [-85.428236, 38.586837], [-85.428331, 38.587003], [-85.428403, 38.587128], [-85.428579, 38.587474], [-85.428745, 38.587799], [-85.428948, 38.588092], [-85.428982, 38.588141], [-85.429258, 38.588531], [-85.429518, 38.589046], [-85.42958, 38.589139], [-85.43003, 38.589807], [-85.430252, 38.590057], [-85.430307, 38.590119], [-85.430357, 38.590178], [-85.430583, 38.590442], [-85.430676, 38.59057], [-85.430858, 38.590822], [-85.431045, 38.591279], [-85.431251, 38.591531], [-85.431284, 38.591572], [-85.431561, 38.591894], [-85.431739, 38.592197], [-85.431905, 38.592479], [-85.432086, 38.592666], [-85.43217, 38.592753], [-85.432175, 38.592759], [-85.432313, 38.592938], [-85.432362, 38.593033], [-85.432455, 38.593211], [-85.432751, 38.593765], [-85.432776, 38.59381], [-85.432991, 38.594197], [-85.433082, 38.594478], [-85.433489, 38.595261], [-85.433571, 38.595459], [-85.43361, 38.595552], [-85.433633, 38.595572], [-85.433749, 38.595676], [-85.433958, 38.595845], [-85.433963, 38.595853], [-85.434157, 38.596109], [-85.435145, 38.597738], [-85.435305, 38.598001], [-85.435385, 38.598134], [-85.435783, 38.598796], [-85.435891, 38.598966], [-85.435947, 38.599054], [-85.435998, 38.599181], [-85.436028, 38.599254], [-85.436142, 38.599563], [-85.436495, 38.600516], [-85.43685, 38.60142], [-85.436911, 38.601576], [-85.437054, 38.601944], [-85.437488, 38.603061], [-85.437767, 38.603863], [-85.437954, 38.6044], [-85.438062, 38.604849], [-85.438136, 38.605158], [-85.438177, 38.605383], [-85.438224, 38.605636], [-85.438246, 38.605811], [-85.438333, 38.606515], [-85.438377, 38.606985], [-85.438414, 38.607377], [-85.438508, 38.608144], [-85.43853, 38.608325], [-85.438643, 38.609597], [-85.43865, 38.609679], [-85.438655, 38.609736], [-85.438647, 38.610127], [-85.438632, 38.610806], [-85.438639, 38.61086], [-85.438653, 38.610972], [-85.438717, 38.611481], [-85.43872, 38.611512], [-85.4387, 38.612433], [-85.438693, 38.612628], [-85.438669, 38.613264], [-85.438668, 38.613289], [-85.438659, 38.61353], [-85.438566, 38.614037], [-85.438522, 38.614274], [-85.438468, 38.614584], [-85.438424, 38.614842], [-85.438256, 38.615408], [-85.438641, 38.617194], [-85.438692, 38.617431], [-85.438695, 38.617447], [-85.4387, 38.617471], [-85.438829, 38.618191], [-85.438959, 38.618672], [-85.438989, 38.618939], [-85.439036, 38.619482], [-85.439019, 38.619855], [-85.439012, 38.620016], [-85.439028, 38.620314], [-85.439029, 38.62032], [-85.43898, 38.620964], [-85.438977, 38.621894], [-85.439038, 38.622583], [-85.439225, 38.624722], [-85.439477, 38.626425], [-85.439468, 38.62792], [-85.439466, 38.628177], [-85.439567, 38.629991], [-85.439594, 38.630466], [-85.439592, 38.630621], [-85.439585, 38.631481], [-85.439525, 38.632377], [-85.439495, 38.633146], [-85.439478, 38.63368], [-85.439452, 38.634492], [-85.439453, 38.634814], [-85.439454, 38.635015], [-85.439372, 38.635633], [-85.439355, 38.635738], [-85.439185, 38.636827], [-85.43917, 38.636932], [-85.439154, 38.637037], [-85.439117, 38.637285], [-85.438966, 38.637699], [-85.438958, 38.637729], [-85.438848, 38.638189], [-85.438715, 38.638748], [-85.438665, 38.638954], [-85.438599, 38.639809], [-85.438577, 38.640417], [-85.438557, 38.64098], [-85.438525, 38.642478], [-85.438526, 38.643346], [-85.438527, 38.643851], [-85.43861, 38.644444], [-85.438642, 38.645212], [-85.438613, 38.646559], [-85.438524, 38.646954], [-85.438488, 38.647112], [-85.438215, 38.647851], [-85.437894, 38.648577], [-85.437775, 38.648909], [-85.43769, 38.649144], [-85.437595, 38.649637], [-85.437565, 38.649797], [-85.437585, 38.650124], [-85.437613, 38.650366], [-85.437632, 38.650539], [-85.437836, 38.651415], [-85.437861, 38.651541], [-85.438074, 38.652618], [-85.438143, 38.653251], [-85.438245, 38.653556], [-85.438326, 38.653799], [-85.438467, 38.654346], [-85.438568, 38.654803], [-85.438607, 38.654981], [-85.438636, 38.655228], [-85.438654, 38.655374], [-85.438643, 38.655887], [-85.438631, 38.655947], [-85.438533, 38.656463], [-85.438506, 38.657041], [-85.438425, 38.657896], [-85.438566, 38.658666], [-85.438581, 38.658744], [-85.438589, 38.65877], [-85.438711, 38.659149], [-85.438899, 38.659457], [-85.438993, 38.659584], [-85.439385, 38.660118], [-85.440031, 38.660852], [-85.440064, 38.660891], [-85.440267, 38.661188], [-85.440329, 38.661357], [-85.440372, 38.661473], [-85.440499, 38.66202], [-85.440558, 38.66249], [-85.440596, 38.662556], [-85.440652, 38.662655], [-85.440801, 38.662831], [-85.440898, 38.663063], [-85.440933, 38.663149], [-85.44119, 38.663782], [-85.441422, 38.664356], [-85.441647, 38.664871], [-85.442071, 38.665529], [-85.442316, 38.665973], [-85.44234, 38.666016], [-85.442667, 38.666608], [-85.443458, 38.668015], [-85.44351, 38.668107], [-85.443739, 38.66851], [-85.44417, 38.669159], [-85.444992, 38.670424], [-85.445426, 38.670932], [-85.445841, 38.671371], [-85.446011, 38.67155], [-85.447087, 38.672612], [-85.447508, 38.673001], [-85.447769, 38.673243], [-85.448319, 38.673792], [-85.448654, 38.674127], [-85.448901, 38.674361], [-85.449636, 38.675056], [-85.45023, 38.675893], [-85.450858, 38.67673], [-85.451083, 38.677028], [-85.451298, 38.677253], [-85.451559, 38.677525], [-85.451665, 38.677661], [-85.451843, 38.677889], [-85.451978, 38.678109], [-85.45209, 38.678276], [-85.452342, 38.678648], [-85.452451, 38.678759], [-85.453011, 38.679235], [-85.453386, 38.679569], [-85.453571, 38.679733], [-85.454389, 38.680514], [-85.454735, 38.6809], [-85.454937, 38.681229], [-85.455042, 38.681434], [-85.455131, 38.681608], [-85.455363, 38.682119], [-85.45551, 38.682435], [-85.455842, 38.68315], [-85.456147, 38.684174], [-85.456321, 38.684847], [-85.456707, 38.686292], [-85.456715, 38.687198], [-85.456821, 38.688085], [-85.456851, 38.688325], [-85.456893, 38.688651], [-85.456875, 38.688834], [-85.456857, 38.68901], [-85.456777, 38.690165], [-85.456778, 38.692063], [-85.456685, 38.692469], [-85.456609, 38.692803], [-85.45651, 38.693158], [-85.456367, 38.693672], [-85.456332, 38.694043], [-85.456237, 38.694582], [-85.456236, 38.694587], [-85.456168, 38.694972], [-85.45598, 38.695786], [-85.455766, 38.696713], [-85.455615, 38.697289], [-85.455362, 38.698017], [-85.455265, 38.698291], [-85.455185, 38.698516], [-85.455011, 38.698841], [-85.45478, 38.699209], [-85.454642, 38.699816], [-85.454642, 38.699818], [-85.454472, 38.700579], [-85.454398, 38.701062], [-85.454375, 38.701211], [-85.454239, 38.701613], [-85.454167, 38.70183], [-85.454129, 38.701922], [-85.453748, 38.702857], [-85.453711, 38.702947], [-85.453669, 38.703039], [-85.45336, 38.703717], [-85.453302, 38.703923], [-85.45318, 38.704358], [-85.452987, 38.70489], [-85.452763, 38.705461], [-85.452693, 38.705639], [-85.452645, 38.705982], [-85.452511, 38.706945], [-85.452502, 38.707026], [-85.452496, 38.70708], [-85.452425, 38.707729], [-85.452366, 38.708088], [-85.452329, 38.708317], [-85.452156, 38.709279], [-85.452066, 38.709535], [-85.451868, 38.710026], [-85.45186, 38.710045], [-85.451854, 38.710056], [-85.451744, 38.710262], [-85.45171, 38.710307], [-85.451686, 38.710337], [-85.451602, 38.710369], [-85.451535, 38.710323], [-85.451523, 38.710314], [-85.451506, 38.710302], [-85.451509, 38.710161], [-85.451487, 38.709888], [-85.451599, 38.708591], [-85.451617, 38.708256], [-85.451633, 38.707964], [-85.45161, 38.707914], [-85.451593, 38.707877], [-85.451554, 38.707858], [-85.451497, 38.707832], [-85.451398, 38.707918], [-85.45134, 38.708056], [-85.451339, 38.708059], [-85.451252, 38.70821], [-85.45112, 38.708525], [-85.451071, 38.708656], [-85.450773, 38.709442], [-85.450678, 38.709953], [-85.450431, 38.711106], [-85.450278, 38.711715], [-85.450213, 38.711823], [-85.450149, 38.711931], [-85.449863, 38.712277], [-85.449646, 38.7125], [-85.449236, 38.712923], [-85.448835, 38.71343], [-85.447798, 38.714387], [-85.447549, 38.714557], [-85.447233, 38.714772], [-85.447023, 38.71496], [-85.446836, 38.715127], [-85.44648, 38.715482], [-85.446066, 38.715957], [-85.445501, 38.716553], [-85.445311, 38.716754], [-85.445036, 38.717029], [-85.444556, 38.717507], [-85.444132, 38.717937], [-85.443588, 38.718487], [-85.443067, 38.719113], [-85.442426, 38.719956], [-85.442399, 38.719992], [-85.441834, 38.720775], [-85.441495, 38.721165], [-85.441295, 38.721474], [-85.441171, 38.721665], [-85.440986, 38.721935], [-85.440875, 38.722097], [-85.440193, 38.723062], [-85.440024, 38.723283], [-85.439819, 38.72355], [-85.439222, 38.72436], [-85.439048, 38.724655], [-85.438887, 38.724928], [-85.438617, 38.725387], [-85.438327, 38.725942], [-85.43776, 38.726819], [-85.437339, 38.727372], [-85.436921, 38.727823], [-85.436846, 38.727908], [-85.436636, 38.728146], [-85.43629, 38.728455], [-85.436081, 38.728606], [-85.435645, 38.728923], [-85.435072, 38.729269], [-85.434864, 38.729357], [-85.434414, 38.729546], [-85.434169, 38.729611], [-85.433982, 38.729624], [-85.433751, 38.72964], [-85.433506, 38.729732], [-85.433369, 38.729795], [-85.433277, 38.729838], [-85.433082, 38.729923], [-85.432821, 38.730036], [-85.432097, 38.730289], [-85.431638, 38.730449], [-85.431342, 38.730486], [-85.430895, 38.730657], [-85.429577, 38.731259], [-85.428339, 38.731808], [-85.427816, 38.732038], [-85.427558, 38.732151], [-85.426573, 38.732642], [-85.426325, 38.732722], [-85.425728, 38.732913], [-85.425431, 38.732989], [-85.425116, 38.733068], [-85.424685, 38.733078], [-85.424541, 38.733082], [-85.424527, 38.733082], [-85.424177, 38.73309], [-85.423819, 38.73316], [-85.423695, 38.733214], [-85.42359, 38.733259], [-85.423565, 38.733319], [-85.423535, 38.733388], [-85.423528, 38.733422], [-85.423468, 38.733707], [-85.423432, 38.733801], [-85.423357, 38.733998], [-85.42321, 38.734219], [-85.42315, 38.734309], [-85.423132, 38.734324], [-85.42292, 38.734503], [-85.422567, 38.73468], [-85.422392, 38.734768], [-85.421959, 38.734878], [-85.421728, 38.734936], [-85.419777, 38.735469], [-85.41855, 38.735888], [-85.416694, 38.736462], [-85.415873, 38.73661], [-85.415498, 38.736677], [-85.414414, 38.736837], [-85.414102, 38.736883], [-85.41406, 38.736886], [-85.412396, 38.736996], [-85.411373, 38.737085], [-85.410566, 38.737155], [-85.409942, 38.737165], [-85.409383, 38.737173], [-85.408235, 38.737185], [-85.40683, 38.737043], [-85.405885, 38.736967], [-85.405761, 38.736957], [-85.40375, 38.736726], [-85.402883, 38.736563], [-85.401999, 38.736397], [-85.399086, 38.735908], [-85.398556, 38.735801], [-85.396857, 38.735457], [-85.393681, 38.73476], [-85.392842, 38.734576], [-85.390339, 38.733962], [-85.388997, 38.733595], [-85.387523, 38.733285], [-85.387326, 38.733247], [-85.387293, 38.733241], [-85.385736, 38.732941], [-85.385342, 38.732881], [-85.384482, 38.73275], [-85.382986, 38.732584], [-85.380537, 38.732023], [-85.380394, 38.73199], [-85.379568, 38.73195], [-85.379221, 38.731932], [-85.378829, 38.731911], [-85.37809, 38.73169], [-85.377707, 38.731576], [-85.376806, 38.731346], [-85.376717, 38.731335], [-85.375902, 38.731232], [-85.375087, 38.73125], [-85.375065, 38.731248], [-85.374699, 38.731216], [-85.374327, 38.731032], [-85.374002, 38.730902], [-85.373955, 38.730883], [-85.37391, 38.730868], [-85.373483, 38.730726], [-85.373055, 38.730614], [-85.372992, 38.730597], [-85.372875, 38.730584], [-85.372143, 38.7305], [-85.371252, 38.730437], [-85.370394, 38.73045], [-85.369768, 38.730459], [-85.369034, 38.730524], [-85.368851, 38.73054], [-85.368337, 38.730619], [-85.367839, 38.730755], [-85.367213, 38.730954], [-85.366696, 38.731154], [-85.36664, 38.731176], [-85.366041, 38.731339], [-85.365971, 38.731342], [-85.365913, 38.731345], [-85.365881, 38.731307], [-85.365851, 38.731272], [-85.365889, 38.731208], [-85.366085, 38.731105], [-85.366259, 38.731013], [-85.366474, 38.730844], [-85.366501, 38.730771], [-85.366522, 38.730715], [-85.366456, 38.730627], [-85.366451, 38.730621], [-85.366288, 38.730561], [-85.366074, 38.730541], [-85.365941, 38.730528], [-85.365072, 38.730516], [-85.364681, 38.730507], [-85.364065, 38.730494], [-85.363085, 38.730545], [-85.362543, 38.730595], [-85.361663, 38.730676], [-85.361023, 38.730795], [-85.360735, 38.730849], [-85.35985, 38.731102], [-85.359459, 38.731138], [-85.359181, 38.731164], [-85.358127, 38.7312], [-85.356816, 38.73131], [-85.355273, 38.731353], [-85.353903, 38.731391], [-85.352766, 38.731504], [-85.351995, 38.731608], [-85.35147, 38.731748], [-85.351331, 38.731785], [-85.350542, 38.732051], [-85.35005, 38.732169], [-85.349075, 38.732299], [-85.348306, 38.732402], [-85.348151, 38.732451], [-85.348002, 38.732498], [-85.347507, 38.732633], [-85.347477, 38.732641], [-85.347086, 38.732708], [-85.346512, 38.732807], [-85.346388, 38.732831], [-85.344843, 38.733127], [-85.34432, 38.733211], [-85.343777, 38.733299], [-85.342518, 38.733539], [-85.341532, 38.733819], [-85.340831, 38.734053], [-85.340046, 38.734335], [-85.340019, 38.734341], [-85.33977, 38.734389], [-85.339369, 38.734347], [-85.339077, 38.73428], [-85.338968, 38.734256], [-85.338775, 38.734216], [-85.338221, 38.734102], [-85.337854, 38.734118], [-85.336499, 38.734536], [-85.336178, 38.734646], [-85.335936, 38.734729], [-85.335733, 38.734805], [-85.335727, 38.734826], [-85.335713, 38.734876], [-85.335776, 38.734934], [-85.336135, 38.734934], [-85.336298, 38.734935], [-85.336471, 38.734973], [-85.336541, 38.73503], [-85.33657, 38.735053], [-85.336571, 38.735074], [-85.336577, 38.735146], [-85.336534, 38.735228], [-85.33649, 38.73531], [-85.336374, 38.735432], [-85.336322, 38.735487], [-85.335684, 38.735729], [-85.33492, 38.735947], [-85.334699, 38.735994], [-85.334093, 38.73605], [-85.333733, 38.736131], [-85.333523, 38.736178], [-85.333148, 38.736278], [-85.33286, 38.736355], [-85.332247, 38.736494], [-85.331518, 38.736594], [-85.329925, 38.736907], [-85.329476, 38.736995], [-85.329031, 38.73707], [-85.328332, 38.737187], [-85.327892, 38.737277], [-85.327808, 38.737294], [-85.327781, 38.737298], [-85.327376, 38.737352], [-85.325897, 38.737575], [-85.325563, 38.737641], [-85.32495, 38.737762], [-85.324121, 38.737972], [-85.322586, 38.73828], [-85.32187, 38.738451], [-85.321278, 38.738591], [-85.319961, 38.738903], [-85.319198, 38.73907], [-85.317864, 38.739367], [-85.316943, 38.739604], [-85.316856, 38.73962], [-85.315923, 38.739783], [-85.315537, 38.739854], [-85.314397, 38.740062], [-85.313954, 38.740165], [-85.313599, 38.740248], [-85.312843, 38.740427], [-85.312731, 38.740454], [-85.312511, 38.740494], [-85.311136, 38.740747], [-85.309647, 38.740983], [-85.307751, 38.741291], [-85.306449, 38.741503], [-85.306026, 38.741576], [-85.305345, 38.741588], [-85.304698, 38.7416], [-85.304083, 38.741691], [-85.302843, 38.741881], [-85.30164, 38.742021], [-85.300632, 38.742071], [-85.300185, 38.742053], [-85.299781, 38.742037], [-85.298936, 38.742007], [-85.298784, 38.742001], [-85.298681, 38.742002], [-85.297731, 38.742007], [-85.297218, 38.74205], [-85.296538, 38.742066], [-85.295957, 38.742079], [-85.295179, 38.742079], [-85.294755, 38.742079], [-85.2938, 38.742179], [-85.293758, 38.742174], [-85.293682, 38.742163], [-85.293623, 38.742105], [-85.293517, 38.742002], [-85.293404, 38.741894], [-85.293309, 38.741843], [-85.293266, 38.741852], [-85.293148, 38.741876], [-85.293059, 38.741961], [-85.292912, 38.742188], [-85.292875, 38.742208], [-85.29281, 38.742244], [-85.292604, 38.742255], [-85.292513, 38.742258], [-85.291747, 38.742286], [-85.289954, 38.742424], [-85.289605, 38.742429], [-85.289148, 38.742434], [-85.2888, 38.742416], [-85.288024, 38.742375], [-85.285898, 38.742224], [-85.285602, 38.742203], [-85.285298, 38.742176], [-85.283282, 38.741997], [-85.281915, 38.741914], [-85.281408, 38.741883], [-85.280065, 38.741749], [-85.279022, 38.741719], [-85.278337, 38.741659], [-85.277691, 38.74156], [-85.275237, 38.741176], [-85.273257, 38.740888], [-85.271743, 38.740672], [-85.270248, 38.740407], [-85.269506, 38.740298], [-85.269317, 38.740271], [-85.268442, 38.740143], [-85.267858, 38.740034], [-85.266994, 38.739828], [-85.265874, 38.739567], [-85.264761, 38.739305], [-85.264556, 38.739256], [-85.264457, 38.739235], [-85.263644, 38.739061], [-85.26275, 38.738905], [-85.261613, 38.738608], [-85.260468, 38.738268], [-85.259668, 38.738049], [-85.259268, 38.737922], [-85.258714, 38.737748], [-85.258022, 38.737453], [-85.257055, 38.737078], [-85.256684, 38.736899], [-85.256549, 38.736833], [-85.255818, 38.736414], [-85.253526, 38.735397], [-85.251144, 38.734365], [-85.249822, 38.733793], [-85.247969, 38.732815], [-85.247543, 38.732566], [-85.247333, 38.732443], [-85.246819, 38.732033], [-85.246176, 38.731558], [-85.246166, 38.731538], [-85.246128, 38.731462], [-85.246025, 38.731145], [-85.24597, 38.731046], [-85.245852, 38.730835], [-85.24542, 38.730355], [-85.244609, 38.729283], [-85.244581, 38.729246], [-85.243624, 38.728048], [-85.242753, 38.727002], [-85.242008, 38.726161], [-85.241734, 38.725851], [-85.241054, 38.725141], [-85.240986, 38.725064], [-85.24098, 38.725058], [-85.240961, 38.725036], [-85.240185, 38.72416], [-85.239173, 38.723126], [-85.238738, 38.722681], [-85.23817, 38.722218], [-85.23803, 38.722105], [-85.237529, 38.72171], [-85.23699, 38.720982], [-85.236853, 38.720782], [-85.236558, 38.720348], [-85.236472, 38.720238], [-85.236162, 38.719838], [-85.235907, 38.71945], [-85.235852, 38.719366], [-85.235134, 38.718248], [-85.235096, 38.718169], [-85.235074, 38.718124], [-85.235108, 38.718039], [-85.235149, 38.718029], [-85.23521, 38.718016], [-85.23538, 38.718135], [-85.235552, 38.718355], [-85.235555, 38.718359], [-85.235558, 38.718361], [-85.235663, 38.718422], [-85.235766, 38.718418], [-85.235817, 38.71833], [-85.235847, 38.718277], [-85.235836, 38.718111], [-85.235794, 38.71802], [-85.235776, 38.717981], [-85.235604, 38.717653], [-85.235342, 38.717308], [-85.235254, 38.717192], [-85.234999, 38.716935], [-85.234902, 38.716836], [-85.234577, 38.716578], [-85.234397, 38.716435], [-85.233647, 38.715975], [-85.232857, 38.715317], [-85.232702, 38.715158], [-85.232501, 38.714952], [-85.232462, 38.714873], [-85.232441, 38.714831], [-85.232511, 38.714718], [-85.232778, 38.714707], [-85.233084, 38.714718], [-85.233218, 38.714689], [-85.233255, 38.714647], [-85.233295, 38.714601], [-85.233284, 38.714509], [-85.233278, 38.714456], [-85.233266, 38.714431], [-85.233186, 38.714269], [-85.233109, 38.714166], [-85.23176, 38.71279], [-85.231562, 38.712588], [-85.231153, 38.712178], [-85.231063, 38.712078], [-85.230883, 38.711876], [-85.230684, 38.711594], [-85.230416, 38.711249], [-85.230028, 38.710788], [-85.229851, 38.710583], [-85.228528, 38.709085], [-85.228159, 38.708614], [-85.227821, 38.708109], [-85.226882, 38.706657], [-85.2266, 38.706298], [-85.226401, 38.706046], [-85.226107, 38.70575], [-85.225822, 38.705505], [-85.225804, 38.705488], [-85.225455, 38.705247], [-85.225141, 38.705048], [-85.224426, 38.704593], [-85.223947, 38.704278], [-85.223554, 38.703967], [-85.223453, 38.703845], [-85.223203, 38.703543], [-85.22254, 38.702761], [-85.222306, 38.702485], [-85.222089, 38.702241], [-85.22162, 38.701713], [-85.221381, 38.701381], [-85.220981, 38.700972], [-85.220806, 38.700834], [-85.220421, 38.700531], [-85.220401, 38.700516], [-85.219607, 38.699922], [-85.2196, 38.699917], [-85.218614, 38.699272], [-85.218429, 38.699131], [-85.218315, 38.699044], [-85.218176, 38.698915], [-85.217915, 38.698672], [-85.217683, 38.698472], [-85.217439, 38.698262], [-85.216945, 38.697851], [-85.215671, 38.697036], [-85.214944, 38.696577], [-85.214852, 38.696518], [-85.214689, 38.69642], [-85.213426, 38.695653], [-85.21324, 38.695565], [-85.212716, 38.695316], [-85.212091, 38.695016], [-85.211386, 38.694719], [-85.210806, 38.694465], [-85.210441, 38.694254], [-85.210053, 38.694016], [-85.20973, 38.693831], [-85.209587, 38.69375], [-85.209369, 38.693647], [-85.209024, 38.693486], [-85.208484, 38.693286], [-85.208117, 38.69316], [-85.207829, 38.693062], [-85.207442, 38.692925], [-85.206762, 38.692684], [-85.205498, 38.692164], [-85.20409, 38.69174], [-85.203982, 38.691712], [-85.203088, 38.691479], [-85.202397, 38.69129], [-85.202123, 38.691221], [-85.20148, 38.69106], [-85.200332, 38.69078], [-85.199164, 38.690542], [-85.198018, 38.690293], [-85.197105, 38.690031], [-85.196525, 38.689883], [-85.196294, 38.689834], [-85.195945, 38.689761], [-85.1957, 38.689713], [-85.195522, 38.689679], [-85.195309, 38.689664], [-85.194995, 38.689642], [-85.194092, 38.689643], [-85.193896, 38.689643], [-85.19314, 38.689674], [-85.192572, 38.689639], [-85.191214, 38.689338], [-85.191099, 38.68925], [-85.191102, 38.689143], [-85.191288, 38.689097], [-85.191401, 38.689097], [-85.191556, 38.689096], [-85.191698, 38.689108], [-85.191857, 38.689122], [-85.191974, 38.6891], [-85.192044, 38.689087], [-85.192082, 38.689065], [-85.192176, 38.689009], [-85.192199, 38.688902], [-85.192141, 38.688843], [-85.192092, 38.688792], [-85.190796, 38.688197], [-85.190077, 38.687895], [-85.189354, 38.687728], [-85.188968, 38.687652], [-85.1885, 38.687559], [-85.188136, 38.687553], [-85.187184, 38.687689], [-85.187014, 38.687713], [-85.185673, 38.687806], [-85.185285, 38.687837], [-85.184848, 38.687873], [-85.183898, 38.688015], [-85.182846, 38.688079], [-85.181323, 38.688082], [-85.180689, 38.688169], [-85.179126, 38.688376], [-85.177841, 38.688464], [-85.177724, 38.688467], [-85.177264, 38.688481], [-85.176441, 38.688469], [-85.175589, 38.688359], [-85.175299, 38.688322], [-85.173627, 38.688049], [-85.173378, 38.688028], [-85.173219, 38.688033], [-85.173151, 38.688035], [-85.172875, 38.68809], [-85.172551, 38.68815], [-85.172496, 38.688165], [-85.171798, 38.688364], [-85.171203, 38.688564], [-85.17092, 38.68863], [-85.170562, 38.688671], [-85.170307, 38.688701], [-85.169996, 38.688804], [-85.169313, 38.688933], [-85.168957, 38.689012], [-85.168837, 38.689038], [-85.16827, 38.689138], [-85.167803, 38.689221], [-85.166974, 38.689423], [-85.166518, 38.689556], [-85.16648, 38.68956], [-85.166428, 38.689565], [-85.166239, 38.689566], [-85.16614, 38.689566], [-85.166081, 38.689577], [-85.166002, 38.689591], [-85.165255, 38.689758], [-85.164636, 38.689897], [-85.164008, 38.690043], [-85.162796, 38.690335], [-85.162792, 38.690336], [-85.16128, 38.690705], [-85.160561, 38.690867], [-85.160452, 38.690891], [-85.159658, 38.691088], [-85.159359, 38.691164], [-85.159098, 38.69123], [-85.158226, 38.691512], [-85.157864, 38.691635], [-85.157818, 38.691651], [-85.157687, 38.691674], [-85.15729, 38.691744], [-85.155672, 38.692302], [-85.153709, 38.692988], [-85.15334, 38.693117], [-85.152381, 38.693446], [-85.151537, 38.693773], [-85.151242, 38.693887], [-85.150838, 38.69402], [-85.150361, 38.694177], [-85.149942, 38.694291], [-85.149782, 38.694334], [-85.149632, 38.694375], [-85.149623, 38.69438], [-85.149402, 38.694496], [-85.149048, 38.694723], [-85.148849, 38.694864], [-85.148845, 38.694867], [-85.148586, 38.694992], [-85.148568, 38.694999], [-85.148189, 38.695133], [-85.147558, 38.695431], [-85.147386, 38.695502], [-85.146649, 38.695805], [-85.145561, 38.696256], [-85.144777, 38.696554], [-85.144233, 38.696761], [-85.142799, 38.697395], [-85.142325, 38.697611], [-85.141865, 38.697822], [-85.140444, 38.69851], [-85.13932, 38.699016], [-85.139203, 38.699067], [-85.138716, 38.699281], [-85.1383, 38.699474], [-85.137519, 38.699838], [-85.137088, 38.700058], [-85.136633, 38.70029], [-85.136149, 38.700661], [-85.136063, 38.700726], [-85.135897, 38.700866], [-85.135695, 38.701038], [-85.135403, 38.701274], [-85.135278, 38.701376], [-85.135142, 38.701488], [-85.134566, 38.701834], [-85.134547, 38.701845], [-85.134539, 38.70185], [-85.134255, 38.701996], [-85.133911, 38.70211], [-85.133583, 38.702218], [-85.132963, 38.702477], [-85.132665, 38.702624], [-85.132479, 38.702716], [-85.132322, 38.702803], [-85.131857, 38.703057], [-85.13152, 38.703302], [-85.131444, 38.703356], [-85.131331, 38.70346], [-85.131057, 38.70371], [-85.130804, 38.703923], [-85.130513, 38.704168], [-85.130162, 38.704494], [-85.129883, 38.704743], [-85.129867, 38.704758], [-85.129862, 38.704763], [-85.129589, 38.705064], [-85.129383, 38.705296], [-85.129231, 38.705468], [-85.129097, 38.705611], [-85.128958, 38.70576], [-85.128578, 38.706108], [-85.128051, 38.706609], [-85.127124, 38.70749], [-85.126777, 38.707829], [-85.126368, 38.708139], [-85.125141, 38.708965], [-85.123672, 38.710016], [-85.123201, 38.710266], [-85.123003, 38.710371], [-85.121381, 38.711158], [-85.121138, 38.711306], [-85.12062, 38.711622], [-85.119991, 38.712009], [-85.119661, 38.712212], [-85.119187, 38.712506], [-85.118733, 38.712788], [-85.117828, 38.713383], [-85.11714, 38.713887], [-85.115672, 38.714741], [-85.114881, 38.715232], [-85.114805, 38.715279], [-85.11459, 38.715425], [-85.114354, 38.715587], [-85.114277, 38.715639], [-85.113982, 38.71584], [-85.113075, 38.716505], [-85.112492, 38.716961], [-85.112125, 38.717291], [-85.111733, 38.717646], [-85.111162, 38.718118], [-85.110914, 38.718324], [-85.110619, 38.718533], [-85.110105, 38.718897], [-85.109011, 38.719646], [-85.107885, 38.720424], [-85.107265, 38.720902], [-85.107135, 38.721022], [-85.107099, 38.721078], [-85.10705, 38.721154], [-85.107045, 38.721203], [-85.10704, 38.721258], [-85.107062, 38.721314], [-85.107082, 38.721364], [-85.107153, 38.721481], [-85.107165, 38.721574], [-85.107136, 38.721627], [-85.107095, 38.721701], [-85.106996, 38.721798], [-85.103491, 38.724563], [-85.103415, 38.724661], [-85.103428, 38.724715], [-85.103496, 38.724739], [-85.10362, 38.724688], [-85.103764, 38.724617], [-85.103882, 38.724588], [-85.10398, 38.724617], [-85.103986, 38.724645], [-85.103997, 38.724698], [-85.103921, 38.724793], [-85.103916, 38.7248], [-85.102871, 38.725636], [-85.102573, 38.725877], [-85.101878, 38.72644], [-85.101761, 38.726494], [-85.101682, 38.72653], [-85.101481, 38.72658], [-85.101263, 38.726603], [-85.101145, 38.726615], [-85.100917, 38.726634], [-85.100789, 38.726644], [-85.100467, 38.726671], [-85.100407, 38.726684], [-85.100255, 38.726716], [-85.100125, 38.726746], [-85.100003, 38.726775], [-85.099763, 38.726824], [-85.099461, 38.726842], [-85.099371, 38.726869], [-85.099209, 38.726918], [-85.099019, 38.726986], [-85.098736, 38.727151], [-85.098629, 38.727194], [-85.09846, 38.727262], [-85.098315, 38.727315], [-85.098179, 38.727364], [-85.097889, 38.727459], [-85.09784, 38.727475], [-85.097662, 38.72757], [-85.097547, 38.727667], [-85.097481, 38.727723], [-85.097445, 38.727759], [-85.097341, 38.727863], [-85.097164, 38.728087], [-85.097107, 38.728152], [-85.097059, 38.728206], [-85.096903, 38.728306], [-85.096689, 38.728423], [-85.09634, 38.72861], [-85.096167, 38.728704], [-85.095504, 38.729045], [-85.095032, 38.729298], [-85.094839, 38.729402], [-85.094605, 38.729532], [-85.09414, 38.72979], [-85.093637, 38.730077], [-85.093626, 38.730083], [-85.093294, 38.730272], [-85.09301, 38.730404], [-85.092966, 38.730424], [-85.092378, 38.730662], [-85.092003, 38.730797], [-85.091724, 38.730887], [-85.091154, 38.731003], [-85.090825, 38.73112], [-85.09053, 38.731223], [-85.090374, 38.731278], [-85.090135, 38.731396], [-85.090067, 38.731452], [-85.089991, 38.731515], [-85.089908, 38.731611], [-85.089846, 38.731682], [-85.089716, 38.731809], [-85.089707, 38.731817], [-85.089498, 38.731939], [-85.088915, 38.732178], [-85.087428, 38.732798], [-85.087011, 38.732994], [-85.086645, 38.733166], [-85.086074, 38.733483], [-85.085779, 38.733644], [-85.085679, 38.733699], [-85.085458, 38.733819], [-85.084959, 38.73413], [-85.084769, 38.734248], [-85.084516, 38.734417], [-85.083768, 38.734916], [-85.08369, 38.734955], [-85.083559, 38.735022], [-85.083368, 38.735047], [-85.083196, 38.735067], [-85.08307, 38.735081], [-85.083014, 38.73511], [-85.082897, 38.735169], [-85.082123, 38.735612], [-85.081841, 38.735787], [-85.081645, 38.735908], [-85.080589, 38.736539], [-85.080065, 38.736714], [-85.079929, 38.736759], [-85.079454, 38.73696], [-85.078995, 38.737225], [-85.078487, 38.737588], [-85.078069, 38.7379], [-85.077932, 38.738001], [-85.077482, 38.738357], [-85.077259, 38.738476], [-85.076906, 38.738651], [-85.076881, 38.738673], [-85.076717, 38.738812], [-85.076507, 38.739071], [-85.076433, 38.739151], [-85.076343, 38.73925], [-85.076197, 38.739355], [-85.076065, 38.73945], [-85.075432, 38.739725], [-85.075077, 38.739895], [-85.074751, 38.74005], [-85.073999, 38.740464], [-85.073769, 38.740611], [-85.073504, 38.740782], [-85.073144, 38.741003], [-85.072769, 38.741146], [-85.072448, 38.741268], [-85.071997, 38.741438], [-85.071786, 38.741496], [-85.071641, 38.741536], [-85.071159, 38.741631], [-85.071152, 38.741633], [-85.071146, 38.741634], [-85.070745, 38.741694], [-85.070695, 38.7417], [-85.070425, 38.741734], [-85.070209, 38.741818], [-85.070191, 38.741826], [-85.069881, 38.741974], [-85.069604, 38.742106], [-85.068835, 38.74247], [-85.068633, 38.742541], [-85.068233, 38.742682], [-85.068037, 38.742736], [-85.067672, 38.742837], [-85.067446, 38.742883], [-85.067177, 38.742937], [-85.066401, 38.743103], [-85.065855, 38.743219], [-85.065444, 38.743327], [-85.065038, 38.743433], [-85.064053, 38.74369], [-85.063541, 38.743857], [-85.063095, 38.744003], [-85.062817, 38.744099], [-85.062698, 38.74414], [-85.062689, 38.744143], [-85.061828, 38.744441], [-85.061568, 38.744531], [-85.061463, 38.744572], [-85.061143, 38.744697], [-85.060923, 38.744815], [-85.060673, 38.744949], [-85.060462, 38.744997], [-85.060195, 38.745062], [-85.060093, 38.745107], [-85.059915, 38.745187], [-85.059028, 38.745734], [-85.058304, 38.746172], [-85.057543, 38.746557], [-85.056648, 38.746983], [-85.056157, 38.747174], [-85.055991, 38.747216], [-85.055612, 38.747312], [-85.055004, 38.747478], [-85.054777, 38.74754], [-85.054087, 38.747736], [-85.053303, 38.747941], [-85.052964, 38.748029], [-85.05282, 38.748064], [-85.052642, 38.748107], [-85.052382, 38.748218], [-85.05211, 38.748415], [-85.052023, 38.748568], [-85.051985, 38.748636], [-85.051816, 38.748755], [-85.051652, 38.748832], [-85.051593, 38.748859], [-85.049978, 38.749576], [-85.048812, 38.750094], [-85.048018, 38.750701], [-85.047264, 38.75122], [-85.046773, 38.751589], [-85.046647, 38.751683], [-85.045614, 38.75247], [-85.045093, 38.752757], [-85.044052, 38.753349], [-85.043454, 38.753666], [-85.042661, 38.754092], [-85.042551, 38.754155], [-85.040353, 38.755398], [-85.039853, 38.755654], [-85.039484, 38.755785], [-85.037672, 38.756317], [-85.037465, 38.756394], [-85.037245, 38.756475], [-85.036377, 38.75685], [-85.036007, 38.757011], [-85.033281, 38.758144], [-85.032889, 38.758209], [-85.032249, 38.758256], [-85.031891, 38.758282], [-85.031359, 38.758304], [-85.030607, 38.758362], [-85.030462, 38.758367], [-85.030264, 38.758373], [-85.029854, 38.758424], [-85.029634, 38.758488], [-85.029495, 38.758522], [-85.029391, 38.758547], [-85.029343, 38.758566], [-85.029279, 38.758592], [-85.029148, 38.758646], [-85.029119, 38.758658], [-85.028993, 38.758712], [-85.028867, 38.758733], [-85.02881, 38.758743], [-85.028672, 38.758773], [-85.028546, 38.758801], [-85.028482, 38.758816], [-85.028245, 38.75887], [-85.028024, 38.758929], [-85.027837, 38.758944], [-85.027666, 38.758958], [-85.027502, 38.759019], [-85.027475, 38.759029], [-85.027469, 38.759032], [-85.026823, 38.759383], [-85.026286, 38.759634], [-85.026173, 38.759686], [-85.025696, 38.759909], [-85.025387, 38.760066], [-85.025381, 38.760071], [-85.025201, 38.760211], [-85.025091, 38.760306], [-85.025032, 38.760358], [-85.024893, 38.760447], [-85.024674, 38.760497], [-85.024469, 38.76056], [-85.024273, 38.760636], [-85.024079, 38.760751], [-85.024067, 38.760758], [-85.024066, 38.760758], [-85.023868, 38.760933], [-85.023565, 38.761186], [-85.023437, 38.761277], [-85.023367, 38.761328], [-85.023188, 38.761371], [-85.022696, 38.761456], [-85.022322, 38.761555], [-85.021921, 38.761674], [-85.021773, 38.761743], [-85.021673, 38.761789], [-85.021158, 38.762078], [-85.020957, 38.762181], [-85.020584, 38.762372], [-85.020443, 38.762432], [-85.01984, 38.76269], [-85.019293, 38.762939], [-85.01906, 38.763044], [-85.018882, 38.763124], [-85.018359, 38.763426], [-85.017922, 38.76365], [-85.017623, 38.763764], [-85.017221, 38.763887], [-85.016907, 38.763983], [-85.016677, 38.764135], [-85.016615, 38.764176], [-85.016223, 38.764276], [-85.015602, 38.764457], [-85.015473, 38.764513], [-85.014507, 38.764934], [-85.013173, 38.76552], [-85.011916, 38.766067], [-85.010638, 38.766773], [-85.010577, 38.766813], [-85.009726, 38.767366], [-85.009578, 38.767477], [-85.009286, 38.767696], [-85.008661, 38.768009], [-85.008345, 38.768136], [-85.008234, 38.768205], [-85.007923, 38.7684], [-85.007781, 38.768506], [-85.007512, 38.768705], [-85.006717, 38.76926], [-85.006362, 38.769507], [-85.005778, 38.769907], [-85.005178, 38.770317], [-85.004011, 38.771214], [-85.003938, 38.77127], [-85.003345, 38.771623], [-85.003194, 38.771764], [-85.002855, 38.772081], [-85.002467, 38.772406], [-85.002439, 38.77243], [-85.001965, 38.772734], [-85.001873, 38.77282], [-85.001804, 38.772884], [-85.001336, 38.773274], [-85.000955, 38.77357], [-85.000418, 38.773987], [-85.000202, 38.774059], [-84.999958, 38.77414], [-84.998793, 38.775013], [-84.998222, 38.77544], [-84.997242, 38.776022], [-84.996598, 38.776405], [-84.996217, 38.776621], [-84.995705, 38.776911], [-84.995165, 38.777188], [-84.994553, 38.777503], [-84.994337, 38.777589], [-84.994122, 38.777676], [-84.993625, 38.77786], [-84.993405, 38.777941], [-84.992752, 38.778131], [-84.992107, 38.778336], [-84.991707, 38.778414], [-84.991224, 38.778508], [-84.991021, 38.778522], [-84.990432, 38.778564], [-84.990272, 38.778615], [-84.990226, 38.77863], [-84.990157, 38.77867], [-84.990064, 38.778724], [-84.989996, 38.778742], [-84.989939, 38.778757], [-84.989727, 38.778732], [-84.989257, 38.778723], [-84.988808, 38.778713], [-84.988168, 38.778775], [-84.98757, 38.778897], [-84.98684, 38.778988], [-84.98661, 38.778999], [-84.986378, 38.779009], [-84.985791, 38.778972], [-84.985769, 38.778974], [-84.985312, 38.779004], [-84.984684, 38.77906], [-84.98443, 38.779082], [-84.983326, 38.779183], [-84.983071, 38.779209], [-84.98265, 38.779252], [-84.982294, 38.779261], [-84.981523, 38.779279], [-84.980082, 38.779221], [-84.980034, 38.77922], [-84.978896, 38.779194], [-84.978705, 38.779173], [-84.978224, 38.779122], [-84.977898, 38.779075], [-84.977587, 38.779031], [-84.977075, 38.779015], [-84.976681, 38.778989], [-84.976249, 38.778961], [-84.975641, 38.778899], [-84.975542, 38.778889], [-84.975046, 38.778894], [-84.974825, 38.778896], [-84.974722, 38.778889], [-84.974109, 38.77885], [-84.973917, 38.778826], [-84.973548, 38.77878], [-84.973041, 38.778738], [-84.972273, 38.778758], [-84.971368, 38.778756], [-84.97106, 38.778719], [-84.971045, 38.778717], [-84.970986, 38.778703], [-84.970637, 38.778616], [-84.969928, 38.778555], [-84.969872, 38.77855], [-84.968464, 38.778475], [-84.967927, 38.778474], [-84.96724, 38.778473], [-84.966274, 38.778396], [-84.966191, 38.778389], [-84.965258, 38.778247], [-84.964609, 38.7782], [-84.964053, 38.77816], [-84.962855, 38.778112], [-84.962324, 38.77809], [-84.961838, 38.778016], [-84.96134, 38.777941], [-84.960979, 38.777865], [-84.959796, 38.777617], [-84.958469, 38.777362], [-84.956542, 38.776998], [-84.954864, 38.776625], [-84.953544, 38.776417], [-84.953129, 38.776363], [-84.952711, 38.77631], [-84.951944, 38.776157], [-84.951708, 38.77611], [-84.951331, 38.776023], [-84.949901, 38.775696], [-84.948193, 38.775445], [-84.946078, 38.775303], [-84.945832, 38.775305], [-84.945318, 38.775309], [-84.944692, 38.775323], [-84.943639, 38.775346], [-84.942679, 38.775483], [-84.941868, 38.775564], [-84.940292, 38.77591], [-84.939246, 38.776154], [-84.938122, 38.776431], [-84.938114, 38.776433], [-84.93696, 38.776675], [-84.936, 38.776845], [-84.935599, 38.776933], [-84.935254, 38.777009], [-84.934989, 38.777079], [-84.934255, 38.777272], [-84.933678, 38.777435], [-84.933291, 38.777545], [-84.933142, 38.777596], [-84.932871, 38.77769], [-84.932313, 38.777883], [-84.931432, 38.778186], [-84.930117, 38.778602], [-84.92984, 38.778729], [-84.928858, 38.779178], [-84.928401, 38.779384], [-84.928059, 38.779538], [-84.927597, 38.7798], [-84.926844, 38.780228], [-84.926283, 38.780482], [-84.926069, 38.780579], [-84.925638, 38.780743], [-84.925296, 38.780874], [-84.925125, 38.780919], [-84.924537, 38.781075], [-84.92418, 38.781146], [-84.923888, 38.781204], [-84.923309, 38.78139], [-84.922989, 38.781534], [-84.922849, 38.781597], [-84.922011, 38.78205], [-84.9216, 38.782228], [-84.921224, 38.782391], [-84.920862, 38.782512], [-84.920585, 38.782604], [-84.919927, 38.782725], [-84.918819, 38.78298], [-84.917927, 38.783208], [-84.917389, 38.783403], [-84.917008, 38.783541], [-84.916292, 38.783803], [-84.915968, 38.783922], [-84.914733, 38.784418], [-84.914426, 38.784549], [-84.91413, 38.784674], [-84.912883, 38.785203], [-84.912057, 38.785632], [-84.911411, 38.785986], [-84.911206, 38.786094], [-84.911085, 38.786157], [-84.910413, 38.786434], [-84.909994, 38.786606], [-84.908596, 38.787231], [-84.908254, 38.787381], [-84.908079, 38.787459], [-84.907925, 38.787544], [-84.907665, 38.787688], [-84.906246, 38.788468], [-84.905094, 38.789141], [-84.904588, 38.789427], [-84.904194, 38.789649], [-84.903296, 38.790085], [-84.903052, 38.790203], [-84.902051, 38.790635], [-84.901423, 38.7909], [-84.900475, 38.791299], [-84.899764, 38.791605], [-84.8995, 38.791716], [-84.89932, 38.791791], [-84.898902, 38.791889], [-84.898074, 38.792112], [-84.897398, 38.792324], [-84.896947, 38.792466], [-84.896261, 38.79277], [-84.895878, 38.792948], [-84.895184, 38.793271], [-84.895091, 38.793315], [-84.894088, 38.793763], [-84.893929, 38.793805], [-84.893385, 38.793949], [-84.892773, 38.794057], [-84.892029, 38.794133], [-84.891334, 38.794232], [-84.890857, 38.7943], [-84.889839, 38.794401], [-84.889338, 38.794464], [-84.889012, 38.794505], [-84.888196, 38.794659], [-84.887863, 38.794762], [-84.88764, 38.794788], [-84.887374, 38.794763], [-84.88676, 38.794633], [-84.886171, 38.794593], [-84.884958, 38.794457], [-84.884556, 38.794403], [-84.884193, 38.794353], [-84.883348, 38.794194], [-84.883013, 38.794119], [-84.882768, 38.794065], [-84.881928, 38.793742], [-84.8808, 38.793274], [-84.880562, 38.793206], [-84.880543, 38.7932], [-84.880511, 38.793195], [-84.879918, 38.79309], [-84.879108, 38.792927], [-84.878556, 38.792817], [-84.877413, 38.792602], [-84.876513, 38.792464], [-84.876019, 38.792388], [-84.876013, 38.792388], [-84.874424, 38.792346], [-84.872145, 38.792218], [-84.871615, 38.792155], [-84.871188, 38.792105], [-84.869761, 38.791901], [-84.86821, 38.79175], [-84.866777, 38.791616], [-84.86638, 38.791579], [-84.865505, 38.791507], [-84.864253, 38.791404], [-84.863572, 38.791329], [-84.862755, 38.79124], [-84.861464, 38.791053], [-84.86091, 38.790973], [-84.859076, 38.790651], [-84.858921, 38.790624], [-84.857628, 38.790401], [-84.857212, 38.790329], [-84.856905, 38.79027], [-84.855869, 38.790069], [-84.854863, 38.789852], [-84.854255, 38.789721], [-84.852692, 38.789395], [-84.850909, 38.788952], [-84.849023, 38.788476], [-84.846372, 38.787719], [-84.845018, 38.787291], [-84.844412, 38.787098], [-84.842763, 38.786565], [-84.841612, 38.78623], [-84.840581, 38.78593], [-84.840466, 38.785891], [-84.840215, 38.785805], [-84.839513, 38.785565], [-84.838738, 38.785301], [-84.838198, 38.785093], [-84.837702, 38.784902], [-84.836959, 38.784688], [-84.836299, 38.784497], [-84.834866, 38.784193], [-84.834083, 38.784067], [-84.833497, 38.783973], [-84.831447, 38.783709], [-84.830461, 38.783549], [-84.829948, 38.783466], [-84.829374, 38.783353], [-84.829271, 38.783341], [-84.828747, 38.78328], [-84.828214, 38.783231], [-84.828214, 38.783231], [-84.827898, 38.783202], [-84.825999, 38.783146], [-84.825008, 38.783132], [-84.823537, 38.783111], [-84.82241, 38.78309], [-84.821911, 38.783111], [-84.821239, 38.783138], [-84.821229, 38.783139], [-84.821229, 38.783139], [-84.821052, 38.783146], [-84.821045, 38.783146], [-84.819467, 38.783322], [-84.818097, 38.783553], [-84.815801, 38.784085], [-84.814954, 38.784356], [-84.814367, 38.784689], [-84.813852, 38.785073], [-84.813616, 38.785249], [-84.813443, 38.785444], [-84.813089, 38.785845], [-84.813054, 38.785884], [-84.812991, 38.785955], [-84.812607, 38.786512], [-84.812299, 38.787184], [-84.812033, 38.788138], [-84.812015, 38.788209], [-84.811873, 38.788766], [-84.81178, 38.789128], [-84.811772, 38.789196], [-84.811641, 38.790264], [-84.811576, 38.791727], [-84.811595, 38.792329], [-84.811705, 38.792804], [-84.8118, 38.793211], [-84.812097, 38.79385], [-84.812181, 38.794029], [-84.812575, 38.794867], [-84.812765, 38.795496], [-84.812826, 38.795905], [-84.812918, 38.796515], [-84.813124, 38.797627], [-84.8132, 38.798037], [-84.813366, 38.798515], [-84.813747, 38.799611], [-84.813792, 38.799716], [-84.81384, 38.799828], [-84.814197, 38.800659], [-84.814339, 38.800991], [-84.814975, 38.802191], [-84.815307, 38.802901], [-84.815372, 38.803041], [-84.815451, 38.803206], [-84.815932, 38.804209], [-84.816143, 38.804642], [-84.816457, 38.805287], [-84.817326, 38.806401], [-84.817869, 38.807046], [-84.818458, 38.807745], [-84.818715, 38.808079], [-84.818846, 38.808249], [-84.819024, 38.808554], [-84.819175, 38.808811], [-84.819358, 38.809234], [-84.819444, 38.809433], [-84.819953, 38.810308], [-84.819992, 38.810376], [-84.820471, 38.811046], [-84.82083, 38.81144], [-84.821101, 38.811737], [-84.821687, 38.812265], [-84.822171, 38.812701], [-84.822859, 38.813419], [-84.82299, 38.813555], [-84.823509, 38.814178], [-84.824037, 38.814813], [-84.824953, 38.816015], [-84.825326, 38.81652], [-84.825455, 38.816696], [-84.826441, 38.817784], [-84.826917, 38.818508], [-84.82721, 38.818953], [-84.827392, 38.819339], [-84.827815, 38.820233], [-84.82836, 38.821425], [-84.828381, 38.821471], [-84.828386, 38.821485], [-84.828866, 38.822707], [-84.829074, 38.823483], [-84.829283, 38.824263], [-84.829386, 38.824584], [-84.829423, 38.824639], [-84.829591, 38.824882], [-84.829696, 38.825074], [-84.829782, 38.825232], [-84.829828, 38.825383], [-84.829928, 38.825706], [-84.829965, 38.826274], [-84.82997, 38.826415], [-84.829991, 38.826992], [-84.830026, 38.827567], [-84.830037, 38.827758], [-84.83002, 38.82832], [-84.830028, 38.82856], [-84.830047, 38.829154], [-84.830025, 38.829513], [-84.829979, 38.830243], [-84.829892, 38.830533], [-84.829864, 38.830617], [-84.829769, 38.830897], [-84.829435, 38.831529], [-84.829134, 38.832062], [-84.828944, 38.832399], [-84.828487, 38.833163], [-84.828354, 38.833396], [-84.828048, 38.833927], [-84.82784, 38.834231], [-84.827622, 38.834549], [-84.82674, 38.83563], [-84.826315, 38.836144], [-84.825976, 38.836554], [-84.82555, 38.837005], [-84.825448, 38.837114], [-84.825396, 38.837159], [-84.824887, 38.837605], [-84.824497, 38.838017], [-84.82444, 38.838077], [-84.823741, 38.83882], [-84.823437, 38.839043], [-84.823174, 38.839236], [-84.822742, 38.839547], [-84.822129, 38.839989], [-84.821122, 38.84074], [-84.819804, 38.84169], [-84.81883, 38.84239], [-84.81871, 38.842461], [-84.818378, 38.842655], [-84.81774, 38.843029], [-84.816742, 38.843613], [-84.815969, 38.843976], [-84.815303, 38.844373], [-84.815044, 38.844528], [-84.814208, 38.845108], [-84.813518, 38.845456], [-84.813286, 38.845573], [-84.81276, 38.845785], [-84.81189, 38.846134], [-84.810529, 38.84667], [-84.80961, 38.847073], [-84.809245, 38.847233], [-84.808976, 38.847401], [-84.808956, 38.847414], [-84.808388, 38.847786], [-84.807837, 38.848197], [-84.806853, 38.848853], [-84.806451, 38.849082], [-84.806317, 38.849158], [-84.806124, 38.849265], [-84.805769, 38.849461], [-84.805535, 38.849552], [-84.805054, 38.84974], [-84.804071, 38.850265], [-84.803485, 38.85061], [-84.80332, 38.850723], [-84.802953, 38.850974], [-84.802604, 38.851217], [-84.80242, 38.851346], [-84.802377, 38.851387], [-84.802019, 38.851728], [-84.80176, 38.851975], [-84.801324, 38.852391], [-84.800868, 38.85307], [-84.800414, 38.853732], [-84.800087, 38.854117], [-84.799652, 38.854474], [-84.799275, 38.854738], [-84.798765, 38.855085], [-84.797768, 38.855772], [-84.797409, 38.856019], [-84.796401, 38.856744], [-84.796114, 38.856934], [-84.796084, 38.856954], [-84.795706, 38.857123], [-84.795687, 38.857132], [-84.795593, 38.857174], [-84.795324, 38.857253], [-84.795157, 38.857301], [-84.794375, 38.857449], [-84.7943, 38.85748], [-84.794007, 38.857604], [-84.793858, 38.857698], [-84.793778, 38.857748], [-84.793578, 38.857889], [-84.79346, 38.857972], [-84.793333, 38.858159], [-84.792992, 38.858571], [-84.792402, 38.859182], [-84.791475, 38.860083], [-84.790221, 38.861506], [-84.789082, 38.86312], [-84.787903, 38.865109], [-84.787696, 38.865458], [-84.78629, 38.868383], [-84.785845, 38.86953], [-84.785726, 38.869878], [-84.78567, 38.870044], [-84.785498, 38.870903], [-84.785454, 38.871088], [-84.785334, 38.871603], [-84.785116, 38.872533], [-84.785009, 38.873026], [-84.784758, 38.874183], [-84.784744, 38.874247], [-84.784619, 38.874778], [-84.784545, 38.875094], [-84.784567, 38.875362], [-84.784649, 38.876395], [-84.78465, 38.876408], [-84.78465, 38.876412], [-84.784781, 38.877317], [-84.784855, 38.878043], [-84.784903, 38.878522], [-84.785093, 38.879665], [-84.785143, 38.880043], [-84.785157, 38.880154], [-84.785352, 38.880718], [-84.785505, 38.880979], [-84.785546, 38.881049], [-84.785567, 38.881085], [-84.785592, 38.881126], [-84.785762, 38.881352], [-84.785948, 38.8816], [-84.786193, 38.881928], [-84.786356, 38.882146], [-84.786533, 38.882336], [-84.787036, 38.882875], [-84.78824, 38.883831], [-84.789188, 38.884479], [-84.7895, 38.884692], [-84.789565, 38.884737], [-84.791104, 38.885703], [-84.791535, 38.886025], [-84.792151, 38.886483], [-84.792545, 38.886807], [-84.792568, 38.886831], [-84.792799, 38.887077], [-84.792964, 38.887238], [-84.793075, 38.887347], [-84.793375, 38.88754], [-84.793654, 38.887598], [-84.79369, 38.887606], [-84.794094, 38.887631], [-84.794517, 38.887733], [-84.794985, 38.88791], [-84.795111, 38.887957], [-84.796401, 38.888657], [-84.797408, 38.889325], [-84.798361, 38.889977], [-84.798564, 38.890116], [-84.799928, 38.89091], [-84.799968, 38.890931], [-84.801326, 38.891637], [-84.801983, 38.891921], [-84.802524, 38.892155], [-84.803346, 38.892427], [-84.803744, 38.892526], [-84.80416, 38.89263], [-84.804524, 38.892701], [-84.804931, 38.892781], [-84.805542, 38.892916], [-84.805778, 38.892968], [-84.806276, 38.893123], [-84.806717, 38.893357], [-84.806923, 38.893421], [-84.807217, 38.893444], [-84.807545, 38.893467], [-84.807711, 38.893508], [-84.807903, 38.893555], [-84.808369, 38.893679], [-84.808618, 38.893765], [-84.808953, 38.893882], [-84.809947, 38.894251], [-84.811061, 38.894648], [-84.811859, 38.89491], [-84.812024, 38.894965], [-84.812403, 38.895061], [-84.813239, 38.895275], [-84.813677, 38.895347], [-84.814098, 38.895416], [-84.814132, 38.895424], [-84.814447, 38.895498], [-84.814665, 38.895535], [-84.814776, 38.895554], [-84.814862, 38.895522], [-84.814832, 38.895438], [-84.814564, 38.895158], [-84.814557, 38.89505], [-84.814846, 38.894989], [-84.815794, 38.895006], [-84.816624, 38.895055], [-84.817014, 38.895119], [-84.8176, 38.895215], [-84.81921, 38.895528], [-84.819966, 38.895656], [-84.820557, 38.895756], [-84.82082, 38.895801], [-84.820981, 38.895828], [-84.822901, 38.896147], [-84.824437, 38.896467], [-84.824967, 38.896535], [-84.825247, 38.896587], [-84.825911, 38.896711], [-84.827334, 38.896901], [-84.827938, 38.896982], [-84.829882, 38.897218], [-84.829967, 38.897238], [-84.830189, 38.897291], [-84.830439, 38.897289], [-84.830508, 38.897288], [-84.830543, 38.897283], [-84.830776, 38.897251], [-84.831224, 38.897235], [-84.832449, 38.897309], [-84.833429, 38.897356], [-84.834177, 38.897392], [-84.837021, 38.897526], [-84.839164, 38.897587], [-84.839293, 38.897591], [-84.840061, 38.897613], [-84.842792, 38.897623], [-84.843225, 38.897598], [-84.843991, 38.897553], [-84.844805, 38.897534], [-84.845891, 38.897507], [-84.8474, 38.897494], [-84.84862, 38.897578], [-84.849052, 38.897545], [-84.849363, 38.89752], [-84.850628, 38.897422], [-84.852189, 38.89741], [-84.85401, 38.897433], [-84.854035, 38.897434], [-84.85404, 38.897434], [-84.855295, 38.897487], [-84.855614, 38.897538], [-84.855658, 38.897545], [-84.855993, 38.897632], [-84.856238, 38.89765], [-84.856538, 38.897673], [-84.857891, 38.897679], [-84.859464, 38.897686], [-84.861723, 38.897809], [-84.862993, 38.897974], [-84.864298, 38.898252], [-84.867305, 38.899059], [-84.868076, 38.899348], [-84.868363, 38.899477], [-84.868731, 38.899644], [-84.869207, 38.899913], [-84.869549, 38.900106], [-84.870161, 38.900514], [-84.870685, 38.900987], [-84.871012, 38.901348], [-84.871272, 38.901637], [-84.871687, 38.902132], [-84.872172, 38.902863], [-84.872326, 38.903093], [-84.872372, 38.903161], [-84.872587, 38.903656], [-84.872776, 38.904089], [-84.873106, 38.904667], [-84.873244, 38.904849], [-84.873417, 38.905079], [-84.87364, 38.905228], [-84.874118, 38.905547], [-84.874825, 38.90649], [-84.874898, 38.906606], [-84.875109, 38.906941], [-84.875665, 38.907455], [-84.875953, 38.907762], [-84.876125, 38.907944], [-84.876278, 38.908106], [-84.876498, 38.908384], [-84.876899, 38.908892], [-84.877148, 38.909275], [-84.877324, 38.909607], [-84.877325, 38.909683], [-84.877327, 38.909918], [-84.877336, 38.910197], [-84.87734, 38.910334], [-84.877431, 38.910598], [-84.87753, 38.910755], [-84.877727, 38.911068], [-84.877937, 38.911421], [-84.878129, 38.911744], [-84.878202, 38.911854], [-84.878378, 38.912117], [-84.878495, 38.912377], [-84.878587, 38.912582], [-84.87868, 38.912794], [-84.878748, 38.912948], [-84.878788, 38.913175], [-84.878808, 38.913289], [-84.878866, 38.913732], [-84.878851, 38.914229], [-84.878862, 38.914885], [-84.878879, 38.915068], [-84.878892, 38.915209], [-84.8789, 38.915293], [-84.878908, 38.915375], [-84.879023, 38.915591], [-84.879197, 38.915846], [-84.879292, 38.916053], [-84.879308, 38.916196], [-84.879097, 38.916839], [-84.878789, 38.917679], [-84.878479, 38.918589], [-84.878056, 38.919884], [-84.877847, 38.920457], [-84.87772, 38.92064], [-84.877625, 38.920777], [-84.877223, 38.921393], [-84.876897, 38.921798], [-84.876689, 38.921999], [-84.87624, 38.922473], [-84.875969, 38.922842], [-84.875744, 38.923148], [-84.875209, 38.923803], [-84.87494, 38.924134], [-84.874659, 38.92448], [-84.874429, 38.924763], [-84.874263, 38.925019], [-84.873862, 38.925428], [-84.873463, 38.925786], [-84.873187, 38.926123], [-84.872912, 38.926502], [-84.872516, 38.927124], [-84.872061, 38.927563], [-84.871556, 38.928346], [-84.871219, 38.928756], [-84.870953, 38.929048], [-84.870758, 38.929263], [-84.870237, 38.929835], [-84.869758, 38.930235], [-84.869117, 38.930769], [-84.868856, 38.93096], [-84.868479, 38.931235], [-84.868322, 38.931364], [-84.868212, 38.931454], [-84.867924, 38.931749], [-84.86789, 38.931783], [-84.86786, 38.931818], [-84.867351, 38.932413], [-84.867175, 38.932628], [-84.866825, 38.933054], [-84.866303, 38.933562], [-84.865154, 38.934577], [-84.863954, 38.935561], [-84.863358, 38.93598], [-84.862984, 38.936244], [-84.862607, 38.936503], [-84.86228, 38.936728], [-84.861691, 38.937068], [-84.860758, 38.937605], [-84.859883, 38.938167], [-84.85886, 38.938895], [-84.858714, 38.938999], [-84.858328, 38.939267], [-84.85752, 38.939828], [-84.856863, 38.940313], [-84.856761, 38.940388], [-84.856319, 38.940714], [-84.856035, 38.940926], [-84.855696, 38.941347], [-84.85565, 38.941403], [-84.855402, 38.941659], [-84.854946, 38.942055], [-84.85395, 38.942832], [-84.853606, 38.943187], [-84.852725, 38.944058], [-84.852526, 38.944271], [-84.852178, 38.944642], [-84.851951, 38.944944], [-84.85191, 38.944998], [-84.851806, 38.945135], [-84.851666, 38.945321], [-84.850997, 38.946276], [-84.849935, 38.947676], [-84.849455, 38.948203], [-84.849122, 38.948479], [-84.848748, 38.948684], [-84.84866, 38.948732], [-84.84805, 38.949025], [-84.847935, 38.949081], [-84.846538, 38.949707], [-84.846506, 38.949721], [-84.846477, 38.949735], [-84.846213, 38.949866], [-84.845903, 38.950021], [-84.844817, 38.950638], [-84.843583, 38.951362], [-84.843417, 38.951459], [-84.842185, 38.952327], [-84.841542, 38.952892], [-84.841365, 38.953063], [-84.841095, 38.953323], [-84.840894, 38.953566], [-84.840778, 38.953706], [-84.840627, 38.953935], [-84.840525, 38.95409], [-84.840475, 38.95416], [-84.840291, 38.954412], [-84.840104, 38.954551], [-84.840044, 38.954596], [-84.839798, 38.954767], [-84.839427, 38.954953], [-84.839243, 38.955045], [-84.838675, 38.955397], [-84.838359, 38.955593], [-84.838312, 38.955627], [-84.838169, 38.955728], [-84.837339, 38.956315], [-84.836701, 38.956767], [-84.835603, 38.957624], [-84.835016, 38.958127], [-84.834936, 38.958196], [-84.834863, 38.958263], [-84.834408, 38.958685], [-84.834194, 38.958921], [-84.834124, 38.958999], [-84.833926, 38.959217], [-84.833806, 38.959349], [-84.83373, 38.959461], [-84.833602, 38.959648], [-84.833576, 38.959685], [-84.83314, 38.96032], [-84.832919, 38.960806], [-84.832771, 38.961131], [-84.832293, 38.962167], [-84.832004, 38.962794], [-84.831902, 38.963107], [-84.831669, 38.963817], [-84.831331, 38.964943], [-84.831284, 38.965099], [-84.831006, 38.966361], [-84.830993, 38.966389], [-84.830893, 38.966613], [-84.830445, 38.967412], [-84.830385, 38.967639], [-84.830347, 38.967991], [-84.830329, 38.968156], [-84.830296, 38.968248], [-84.830184, 38.968557], [-84.830129, 38.968714], [-84.830068, 38.968886], [-84.829958, 38.969058], [-84.829957, 38.969059], [-84.829857, 38.969275], [-84.829864, 38.969493], [-84.829908, 38.969794], [-84.829922, 38.969881], [-84.829963, 38.970146], [-84.829982, 38.970421], [-84.830009, 38.97082], [-84.830045, 38.972141], [-84.830053, 38.972425], [-84.830185, 38.973397], [-84.830259, 38.97394], [-84.830375, 38.974287], [-84.830454, 38.974523], [-84.830563, 38.974847], [-84.830817, 38.975572], [-84.830855, 38.97568], [-84.830924, 38.975845], [-84.8313, 38.976744], [-84.831761, 38.977736], [-84.831873, 38.977976], [-84.832012, 38.978297], [-84.832327, 38.979023], [-84.832566, 38.979594], [-84.832716, 38.979932], [-84.832876, 38.980293], [-84.833275, 38.981128], [-84.833573, 38.981731], [-84.833725, 38.982037], [-84.833993, 38.982476], [-84.834243, 38.982885], [-84.83496, 38.984141], [-84.835358, 38.984867], [-84.835852, 38.985772], [-84.83628, 38.986546], [-84.836641, 38.987221], [-84.836644, 38.987225], [-84.836648, 38.987233], [-84.837051, 38.987933], [-84.837173, 38.988135], [-84.837332, 38.988396], [-84.837787, 38.98899], [-84.837841, 38.98906], [-84.838096, 38.989401], [-84.838167, 38.989496], [-84.838404, 38.989763], [-84.838491, 38.989861], [-84.838848, 38.990342], [-84.838979, 38.990528], [-84.839234, 38.990756], [-84.839245, 38.990765], [-84.839252, 38.990772], [-84.839571, 38.991062], [-84.840105, 38.991526], [-84.840743, 38.992081], [-84.841052, 38.992309], [-84.841229, 38.992439], [-84.84144, 38.992626], [-84.841966, 38.993091], [-84.842582, 38.993551], [-84.842645, 38.993598], [-84.843359, 38.994202], [-84.844255, 38.994915], [-84.845493, 38.995829], [-84.845739, 38.996046], [-84.846122, 38.996383], [-84.846428, 38.996655], [-84.846702, 38.996897], [-84.847011, 38.997218], [-84.847195, 38.99741], [-84.847626, 38.997921], [-84.847971, 38.998402], [-84.848075, 38.998675], [-84.848075, 38.998676], [-84.848088, 38.999062], [-84.848149, 38.999344], [-84.848254, 38.999541], [-84.848561, 39.000116], [-84.848935, 39.001162], [-84.849289, 39.002173], [-84.849315, 39.002241], [-84.849344, 39.002318], [-84.849519, 39.002776], [-84.84985, 39.003408], [-84.849876, 39.003461], [-84.850041, 39.00379], [-84.850194, 39.004007], [-84.850279, 39.004129], [-84.85058, 39.004547], [-84.850832, 39.004897], [-84.85143, 39.005666], [-84.852244, 39.006434], [-84.85273, 39.006893], [-84.852999, 39.007217], [-84.853469, 39.007782], [-84.854438, 39.009049], [-84.855563, 39.010458], [-84.856279, 39.011283], [-84.85628, 39.011284], [-84.85658, 39.011629], [-84.857775, 39.012899], [-84.858507, 39.013676], [-84.860339, 39.01571], [-84.861104, 39.016472], [-84.861276, 39.01667], [-84.861368, 39.016775], [-84.861523, 39.016953], [-84.861875, 39.017357], [-84.862877, 39.018535], [-84.863779, 39.019611], [-84.863802, 39.019638], [-84.865035, 39.020581], [-84.86522, 39.020767], [-84.865339, 39.020886], [-84.866031, 39.02167], [-84.866373, 39.022048], [-84.86651, 39.022198], [-84.866773, 39.022476], [-84.867087, 39.022807], [-84.868085, 39.023833], [-84.86962, 39.025424], [-84.869847, 39.025659], [-84.870219, 39.026059], [-84.87101, 39.026908], [-84.872113, 39.028101], [-84.872328, 39.028254], [-84.872726, 39.028537], [-84.872891, 39.028634], [-84.87374, 39.029131], [-84.874776, 39.029736], [-84.874948, 39.029834], [-84.874961, 39.029841], [-84.875787, 39.030299], [-84.876071, 39.030456], [-84.876526, 39.030708], [-84.87679, 39.030846], [-84.87723, 39.031075], [-84.877325, 39.031127], [-84.877362, 39.03114], [-84.877512, 39.031193], [-84.877624, 39.031209], [-84.877757, 39.031227], [-84.877911, 39.031225], [-84.878029, 39.031224], [-84.878091, 39.031236], [-84.87815, 39.031248], [-84.878156, 39.031277], [-84.87817, 39.031353], [-84.878137, 39.031474], [-84.878063, 39.031556], [-84.878024, 39.031599], [-84.877907, 39.031728], [-84.877841, 39.031908], [-84.877895, 39.03213], [-84.878107, 39.03248], [-84.878185, 39.03259], [-84.878437, 39.032943], [-84.878725, 39.033271], [-84.879218, 39.033832], [-84.879657, 39.03426], [-84.879729, 39.03433], [-84.880201, 39.034764], [-84.881053, 39.035315], [-84.881828, 39.035755], [-84.882665, 39.036141], [-84.883233, 39.036419], [-84.883314, 39.036451], [-84.883672, 39.036592], [-84.884033, 39.036709], [-84.884186, 39.036752], [-84.884423, 39.036819], [-84.884733, 39.036935], [-84.885045, 39.037092], [-84.885171, 39.037155], [-84.885418, 39.037333], [-84.885725, 39.037575], [-84.886064, 39.038062], [-84.886341, 39.038406], [-84.886639, 39.038774], [-84.886819, 39.038945], [-84.886884, 39.039007], [-84.88698, 39.039136], [-84.887098, 39.039294], [-84.88726, 39.039556], [-84.8873, 39.039621], [-84.887337, 39.039675], [-84.887571, 39.04002], [-84.887679, 39.040173], [-84.887823, 39.040379], [-84.888242, 39.040967], [-84.88825, 39.040978], [-84.888771, 39.041809], [-84.889973, 39.043697], [-84.890253, 39.044189], [-84.890627, 39.04475], [-84.891019, 39.045271], [-84.89137, 39.045723], [-84.891456, 39.045834], [-84.891509, 39.045902], [-84.891578, 39.04599], [-84.891859, 39.046421], [-84.89205, 39.046715], [-84.892164, 39.046913], [-84.892347, 39.047235], [-84.892413, 39.047395], [-84.892517, 39.04765], [-84.892645, 39.048004], [-84.893006, 39.0487], [-84.893031, 39.048744], [-84.89317, 39.048993], [-84.893274, 39.049121], [-84.893371, 39.04924], [-84.893528, 39.049417], [-84.89353, 39.049419], [-84.894147, 39.049971], [-84.894502, 39.050301], [-84.895049, 39.050812], [-84.895206, 39.051001], [-84.895443, 39.051285], [-84.895766, 39.051654], [-84.895803, 39.051697], [-84.896302, 39.052409], [-84.896541, 39.052839], [-84.896698, 39.053099], [-84.896834, 39.053494], [-84.896923, 39.053715], [-84.897036, 39.053991], [-84.897168, 39.054361], [-84.897196, 39.05444], [-84.89729, 39.054759], [-84.897321, 39.055172], [-84.897324, 39.055222], [-84.897351, 39.055632], [-84.897303, 39.056071], [-84.897288, 39.056141], [-84.897223, 39.056434], [-84.897077, 39.056979], [-84.897091, 39.057081], [-84.897149, 39.05717], [-84.897268, 39.05726], [-84.897352, 39.057335], [-84.897377, 39.057397], [-84.897356, 39.057414], [-84.897323, 39.057443], [-84.897201, 39.057468], [-84.896941, 39.057463], [-84.896758, 39.057514], [-84.896687, 39.05755], [-84.896564, 39.057612], [-84.896458, 39.057739], [-84.896447, 39.057752], [-84.896239, 39.058032], [-84.896101, 39.058327], [-84.895895, 39.058739], [-84.89554, 39.059451], [-84.895291, 39.059879], [-84.895152, 39.060118], [-84.894938, 39.060395], [-84.894531, 39.060924], [-84.894431, 39.061046], [-84.894209, 39.061318], [-84.893959, 39.061625], [-84.893796, 39.061825], [-84.893542, 39.062103], [-84.893087, 39.0626], [-84.891197, 39.064502], [-84.891015, 39.064637], [-84.890839, 39.064768], [-84.890704, 39.064845], [-84.890474, 39.064977], [-84.89029, 39.065142], [-84.890248, 39.06518], [-84.89, 39.065463], [-84.889784, 39.065629], [-84.889689, 39.065701], [-84.889295, 39.06598], [-84.888828, 39.06623], [-84.888343, 39.066436], [-84.88787, 39.066577], [-84.886928, 39.066873], [-84.885921, 39.067167], [-84.885741, 39.06723], [-84.88567, 39.067255], [-84.885416, 39.067451], [-84.885316, 39.067582], [-84.885292, 39.067614], [-84.885201, 39.067863], [-84.885086, 39.068048], [-84.884999, 39.068124], [-84.884934, 39.068181], [-84.884832, 39.068253], [-84.884775, 39.068293], [-84.884728, 39.068315], [-84.884364, 39.068486], [-84.883965, 39.068649], [-84.883135, 39.068987], [-84.882869, 39.069101], [-84.882269, 39.069359], [-84.881763, 39.06956], [-84.88158, 39.069633], [-84.881322, 39.069724], [-84.880827, 39.069899], [-84.880706, 39.069918], [-84.880541, 39.069944], [-84.880034, 39.069985], [-84.879543, 39.070047], [-84.879267, 39.070112], [-84.879169, 39.070135], [-84.878713, 39.070302], [-84.878266, 39.070496], [-84.877687, 39.070755], [-84.877473, 39.070829], [-84.876883, 39.071031], [-84.876643, 39.071102], [-84.875774, 39.071362], [-84.87563, 39.071392], [-84.875518, 39.071417], [-84.874964, 39.071536], [-84.87467, 39.071583], [-84.874416, 39.071623], [-84.873979, 39.071744], [-84.873481, 39.071903], [-84.872896, 39.072132], [-84.872474, 39.072296], [-84.872372, 39.072341], [-84.872103, 39.072459], [-84.871185, 39.072861], [-84.870624, 39.073106], [-84.869746, 39.073528], [-84.869217, 39.073762], [-84.868895, 39.073904], [-84.868414, 39.074064], [-84.868351, 39.074097], [-84.868185, 39.074185], [-84.867921, 39.074305], [-84.867369, 39.074556], [-84.867123, 39.074661], [-84.866329, 39.075001], [-84.865423, 39.075544], [-84.864857, 39.075883], [-84.864275, 39.076201], [-84.864015, 39.076343], [-84.863781, 39.07645], [-84.86332, 39.076659], [-84.862479, 39.077078], [-84.862132, 39.07728], [-84.861774, 39.077488], [-84.861076, 39.077955], [-84.860545, 39.07831], [-84.860517, 39.07833], [-84.860473, 39.078362], [-84.859808, 39.078846], [-84.859407, 39.079137], [-84.857598, 39.080386], [-84.856256, 39.081505], [-84.85618, 39.081568], [-84.855602, 39.082043], [-84.853991, 39.083368], [-84.853397, 39.083909], [-84.852079, 39.085111], [-84.851868, 39.085282], [-84.85139, 39.085671], [-84.851084, 39.085951], [-84.850957, 39.086046], [-84.850837, 39.086135], [-84.850738, 39.086181], [-84.850686, 39.086206], [-84.850465, 39.086281], [-84.850252, 39.086344], [-84.850015, 39.086431], [-84.849792, 39.086561], [-84.84968, 39.086623], [-84.849506, 39.08672], [-84.849179, 39.086958], [-84.849155, 39.086975], [-84.848841, 39.087274], [-84.848468, 39.087712], [-84.848286, 39.08792], [-84.848071, 39.088167], [-84.847997, 39.088274], [-84.847864, 39.088465], [-84.84772, 39.088672], [-84.847172, 39.089484], [-84.847038, 39.089609], [-84.847019, 39.089628], [-84.846539, 39.08999], [-84.846201, 39.090282], [-84.845892, 39.09055], [-84.845867, 39.090571], [-84.845809, 39.090622], [-84.845582, 39.090862], [-84.845403, 39.091096], [-84.845339, 39.091189], [-84.845232, 39.091342], [-84.845021, 39.091582], [-84.844807, 39.09176], [-84.844741, 39.091814], [-84.844406, 39.092021], [-84.844199, 39.092164], [-84.844125, 39.092203], [-84.843611, 39.092476], [-84.843228, 39.092709], [-84.843117, 39.092777], [-84.842336, 39.093292], [-84.84215, 39.093413], [-84.841841, 39.093612], [-84.841574, 39.09383], [-84.841345, 39.094017], [-84.841024, 39.094281], [-84.840574, 39.094651], [-84.840302, 39.094875], [-84.839808, 39.095239], [-84.839423, 39.095522], [-84.838742, 39.096082], [-84.838125, 39.096605], [-84.837809, 39.096832], [-84.837311, 39.097189], [-84.836719, 39.097582], [-84.836454, 39.097758], [-84.836357, 39.097818], [-84.83623, 39.097896], [-84.835801, 39.09816], [-84.835661, 39.098246], [-84.834804, 39.098863], [-84.834224, 39.09928], [-84.83313, 39.10008], [-84.832624, 39.100422], [-84.831969, 39.100747], [-84.831305, 39.101022], [-84.831253, 39.101043], [-84.830143, 39.101484], [-84.829863, 39.101593], [-84.829535, 39.101721], [-84.829061, 39.101967], [-84.82869, 39.10216], [-84.827818, 39.102639], [-84.827295, 39.102834], [-84.826405, 39.103164], [-84.825836, 39.103354], [-84.825825, 39.103358], [-84.825739, 39.103386], [-84.825736, 39.103387], [-84.825719, 39.103393], [-84.825289, 39.103536], [-84.823338, 39.104292], [-84.822844, 39.104511], [-84.822505, 39.104662], [-84.821075, 39.105172], [-84.820959, 39.105209], [-84.820664, 39.105303], [-84.820657, 39.105305], [-84.82065, 39.105307], [-84.820645, 39.105309], [-84.819963, 39.105525], [-84.819977, 39.108286], [-84.820007, 39.114296], [-84.820016, 39.11612], [-84.820023, 39.117413], [-84.82003, 39.118571], [-84.820042, 39.120386], [-84.820047, 39.121163], [-84.820122, 39.132784], [-84.8201, 39.141433], [-84.820085, 39.147293], [-84.820198, 39.161402], [-84.820208, 39.165266], [-84.820235, 39.175806], [-84.820241, 39.181617], [-84.820249, 39.1895], [-84.820256, 39.195197], [-84.820269, 39.204263], [-84.820261, 39.218577], [-84.820145, 39.232956], [-84.82002, 39.247474], [-84.819966, 39.252869], [-84.819874, 39.262033], [-84.819765, 39.276225], [-84.819765, 39.276284], [-84.819763, 39.276434], [-84.819592, 39.290841], [-84.81951, 39.296992], [-84.819399, 39.30525], [-84.819218, 39.316952], [-84.819174, 39.319808], [-84.818996, 39.334085], [-84.818818, 39.349002], [-84.8185, 39.363713], [-84.8183, 39.371897], [-84.818167, 39.377315], [-84.817762, 39.391086], [-84.817741, 39.391775], [-84.817721, 39.392538], [-84.817695, 39.3935], [-84.817695, 39.3935], [-84.817396, 39.404584], [-84.81735, 39.406289], [-84.817037, 39.420858], [-84.81688, 39.42874], [-84.816739, 39.435834], [-84.816453, 39.450438], [-84.81628, 39.465034], [-84.816244, 39.467671], [-84.816115, 39.477097], [-84.816115, 39.477097], [-84.816106, 39.47777], [-84.816084, 39.479374], [-84.815841, 39.493979], [-84.815603, 39.508464], [-84.815517, 39.51585], [-84.81544, 39.522464], [-84.81544, 39.522464], [-84.815632, 39.522467], [-84.886705, 39.523304], [-84.946976, 39.523979], [-84.947186, 39.52398], [-85.02295, 39.524365], [-85.022951, 39.524365], [-85.022953, 39.524365], [-85.022954, 39.524365], [-85.022955, 39.524365], [-85.022955, 39.524365], [-85.022955, 39.524365], [-85.022955, 39.524367], [-85.022948, 39.524403], [-85.022942, 39.524431], [-85.022907, 39.524607], [-85.022902, 39.524634], [-85.022865, 39.524823], [-85.022858, 39.524855], [-85.022858, 39.524856], [-85.022841, 39.524942], [-85.022619, 39.526062], [-85.022968, 39.526065], [-85.084207, 39.52649], [-85.096521, 39.52647], [-85.107187, 39.526451], [-85.109395, 39.526447], [-85.1636, 39.526334], [-85.180133, 39.457823], [-85.181686, 39.451379], [-85.18178, 39.45099], [-85.187401, 39.452482], [-85.188242, 39.452705], [-85.188569, 39.452792], [-85.191935, 39.453685], [-85.19196, 39.453715], [-85.19202, 39.453787], [-85.192048, 39.45382], [-85.19211, 39.453894], [-85.252219, 39.525692], [-85.252305, 39.525691], [-85.252316, 39.525691], [-85.252316, 39.525691], [-85.254713, 39.525679], [-85.26054, 39.525649], [-85.271627, 39.52559], [-85.298595, 39.525444], [-85.298593, 39.525315], [-85.298589, 39.525039], [-85.298505, 39.520034], [-85.298415, 39.514617], [-85.298415, 39.514617], [-85.298415, 39.514614], [-85.298414, 39.514611], [-85.283961, 39.497596], [-85.297905, 39.475776], [-85.297605, 39.453352], [-85.314015, 39.453323], [-85.351316, 39.453249], [-85.407191, 39.453116], [-85.478787, 39.452907], [-85.481815, 39.452888], [-85.492902, 39.452817], [-85.506198, 39.45273], [-85.509684, 39.452707], [-85.52991, 39.452571], [-85.573183, 39.45227], [-85.573183, 39.452271], [-85.573183, 39.452271], [-85.573183, 39.452273], [-85.573188, 39.452709], [-85.573193, 39.453104], [-85.573196, 39.453104], [-85.573198, 39.453104], [-85.573201, 39.453104], [-85.573343, 39.453104], [-85.579019, 39.453127], [-85.60502, 39.453226], [-85.6056, 39.453228], [-85.607957, 39.453237], [-85.607959, 39.453237], [-85.607959, 39.453237], [-85.607963, 39.453238], [-85.607964, 39.453238], [-85.627646, 39.456672], [-85.62854, 39.456828], [-85.629318, 39.456963], [-85.629406, 39.456979], [-85.63175, 39.455814], [-85.632028, 39.455676], [-85.632272, 39.455555], [-85.633567, 39.454911], [-85.629491, 39.450082], [-85.629527, 39.447275], [-85.629544, 39.445876], [-85.629544, 39.445875], [-85.629544, 39.445874], [-85.629568, 39.444008], [-85.629484, 39.442426], [-85.629408, 39.44102], [-85.629407, 39.440988], [-85.629268, 39.438389], [-85.629418, 39.43839], [-85.630048, 39.438398], [-85.630421, 39.392422], [-85.630423, 39.392209], [-85.630675, 39.361046], [-85.630764, 39.35002], [-85.630765, 39.35002], [-85.630967, 39.350021], [-85.631014, 39.350021], [-85.631031, 39.350021], [-85.631283, 39.350021], [-85.70825, 39.350161], [-85.7204, 39.350179], [-85.727844, 39.350189], [-85.77039, 39.350237], [-85.77039, 39.350237], [-85.770391, 39.350238], [-85.770392, 39.350238], [-85.770442, 39.350279], [-85.770547, 39.350364], [-85.770595, 39.350402], [-85.77069, 39.350479], [-85.950851, 39.495251], [-85.951354, 39.523057], [-85.951503, 39.523055], [-85.951577, 39.523054], [-85.951708, 39.523052], [-85.951713, 39.523051], [-85.951723, 39.523051], [-85.951723, 39.523052], [-85.951723, 39.523053], [-85.951723, 39.523055], [-85.952357, 39.589679], [-85.952532, 39.608034], [-85.95254, 39.608945], [-85.952545, 39.609489], [-85.952545, 39.609489], [-85.952567, 39.609489], [-85.952639, 39.609488], [-85.952695, 39.609488], [-85.952725, 39.609487], [-85.952799, 39.609487]]], "crs": null}}, {"type": "Feature", "properties": {"district": "6", "dist_name": "Vincennes", "wms_id": 6000, "layer_type": "boundary"}, "geometry": {"type": "Polygon", "coordinates": [[[-87.492408, 39.25928], [-87.494776, 39.265756], [-87.49579, 39.26853], [-87.496674, 39.270949], [-87.497867, 39.27421], [-87.517296, 39.259314], [-87.517479, 39.259171], [-87.524147, 39.259191], [-87.551697, 39.259272], [-87.589108, 39.259371], [-87.604087, 39.259407], [-87.603653, 39.259001], [-87.6036, 39.258962], [-87.60336, 39.258785], [-87.603108, 39.258492], [-87.602973, 39.258335], [-87.602793, 39.258126], [-87.601932, 39.257211], [-87.601031, 39.256387], [-87.600319, 39.255827], [-87.59946, 39.255057], [-87.598871, 39.254501], [-87.598705, 39.254344], [-87.598068, 39.253735], [-87.597465, 39.253123], [-87.5974, 39.253057], [-87.597336, 39.252992], [-87.597246, 39.252901], [-87.596822, 39.252473], [-87.596575, 39.252224], [-87.596326, 39.251847], [-87.596157, 39.251591], [-87.596018, 39.251403], [-87.595669, 39.250931], [-87.595552, 39.250746], [-87.595382, 39.250477], [-87.595292, 39.250188], [-87.59527, 39.250114], [-87.595252, 39.250059], [-87.595056, 39.249551], [-87.594936, 39.249196], [-87.594805, 39.248935], [-87.594698, 39.248724], [-87.594637, 39.248618], [-87.594579, 39.248517], [-87.594473, 39.248374], [-87.594469, 39.248366], [-87.594389, 39.248207], [-87.594279, 39.248086], [-87.59426, 39.248064], [-87.594141, 39.24792], [-87.594071, 39.247848], [-87.593963, 39.247763], [-87.593953, 39.247754], [-87.593928, 39.247736], [-87.593776, 39.24762], [-87.593611, 39.247513], [-87.593499, 39.247433], [-87.593423, 39.247379], [-87.593223, 39.247249], [-87.593091, 39.247199], [-87.592988, 39.24716], [-87.592859, 39.247098], [-87.592496, 39.247046], [-87.592332, 39.247028], [-87.592315, 39.247028], [-87.592289, 39.247026], [-87.592145, 39.24702], [-87.591783, 39.24704], [-87.591504, 39.247076], [-87.59142, 39.247087], [-87.591333, 39.247111], [-87.591187, 39.247151], [-87.590896, 39.247243], [-87.590574, 39.247389], [-87.590555, 39.247357], [-87.590514, 39.247382], [-87.590182, 39.24758], [-87.58992, 39.247734], [-87.589777, 39.247829], [-87.589597, 39.247948], [-87.58947, 39.248029], [-87.589272, 39.248157], [-87.58925, 39.248171], [-87.589236, 39.248179], [-87.589122, 39.248257], [-87.588988, 39.248347], [-87.588722, 39.248503], [-87.588639, 39.248552], [-87.588415, 39.248697], [-87.588123, 39.24889], [-87.588092, 39.248911], [-87.587967, 39.248992], [-87.587878, 39.249049], [-87.587825, 39.249084], [-87.587644, 39.249201], [-87.587495, 39.249325], [-87.58742, 39.249387], [-87.587299, 39.249481], [-87.587121, 39.249618], [-87.586935, 39.249763], [-87.586827, 39.249842], [-87.586749, 39.2499], [-87.586512, 39.250058], [-87.58638, 39.25023], [-87.586311, 39.250321], [-87.586231, 39.250416], [-87.586162, 39.250497], [-87.586013, 39.25071], [-87.585876, 39.250945], [-87.58574, 39.251207], [-87.58569, 39.251468], [-87.585679, 39.25155], [-87.585666, 39.251644], [-87.585639, 39.25182], [-87.585629, 39.251888], [-87.585567, 39.252199], [-87.585512, 39.252371], [-87.585456, 39.252546], [-87.585307, 39.252849], [-87.585121, 39.253179], [-87.585099, 39.253212], [-87.584922, 39.253491], [-87.584698, 39.25378], [-87.584625, 39.253862], [-87.584524, 39.253975], [-87.584251, 39.254264], [-87.584027, 39.254482], [-87.583816, 39.254672], [-87.583517, 39.254876], [-87.583143, 39.255081], [-87.582733, 39.255259], [-87.582547, 39.255308], [-87.582147, 39.255415], [-87.581929, 39.255461], [-87.581736, 39.255502], [-87.581219, 39.255536], [-87.580976, 39.255551], [-87.580291, 39.255591], [-87.580138, 39.255604], [-87.579724, 39.255639], [-87.579224, 39.255721], [-87.578987, 39.255759], [-87.578372, 39.255866], [-87.577587, 39.255906], [-87.577323, 39.255914], [-87.577076, 39.255922], [-87.576503, 39.255919], [-87.576263, 39.255917], [-87.576071, 39.255897], [-87.575689, 39.255857], [-87.574904, 39.255681], [-87.574223, 39.255409], [-87.574004, 39.255321], [-87.573672, 39.255186], [-87.573627, 39.255161], [-87.573074, 39.254843], [-87.572872, 39.254734], [-87.572858, 39.254726], [-87.572838, 39.254712], [-87.572588, 39.25453], [-87.572518, 39.254461], [-87.572275, 39.25422], [-87.572076, 39.253996], [-87.571897, 39.253754], [-87.571708, 39.253498], [-87.57157, 39.253174], [-87.571547, 39.253065], [-87.5715, 39.252836], [-87.571375, 39.252467], [-87.571289, 39.251927], [-87.571303, 39.251324], [-87.571304, 39.251292], [-87.571308, 39.251171], [-87.571313, 39.251031], [-87.571323, 39.250765], [-87.571325, 39.250668], [-87.571329, 39.250517], [-87.571329, 39.250247], [-87.571347, 39.249953], [-87.571368, 39.249593], [-87.571449, 39.249337], [-87.571505, 39.24916], [-87.571686, 39.248808], [-87.571813, 39.2486], [-87.571859, 39.248523], [-87.572095, 39.248197], [-87.572205, 39.248062], [-87.572356, 39.247876], [-87.57256, 39.247632], [-87.572594, 39.247597], [-87.572617, 39.247573], [-87.572674, 39.247519], [-87.572903, 39.247301], [-87.573052, 39.247138], [-87.573214, 39.246962], [-87.573436, 39.246786], [-87.573579, 39.246672], [-87.573831, 39.246514], [-87.57408, 39.246358], [-87.574179, 39.246308], [-87.574406, 39.246195], [-87.574584, 39.246125], [-87.574709, 39.246076], [-87.575049, 39.245968], [-87.57514, 39.245939], [-87.575637, 39.24581], [-87.575645, 39.245808], [-87.575654, 39.245805], [-87.575993, 39.245745], [-87.576121, 39.245722], [-87.576425, 39.245684], [-87.57657, 39.245659], [-87.576904, 39.245601], [-87.577278, 39.245545], [-87.577535, 39.24549], [-87.577817, 39.245443], [-87.577932, 39.245425], [-87.578235, 39.24532], [-87.57848, 39.24521], [-87.578691, 39.245078], [-87.578729, 39.245037], [-87.578815, 39.244943], [-87.578825, 39.24493], [-87.578828, 39.244925], [-87.579026, 39.244662], [-87.57907, 39.244591], [-87.57915, 39.244459], [-87.579237, 39.244157], [-87.579261, 39.243954], [-87.579231, 39.243812], [-87.579205, 39.243693], [-87.579195, 39.243567], [-87.579139, 39.243396], [-87.57906, 39.243157], [-87.578973, 39.242955], [-87.578889, 39.242826], [-87.578778, 39.242654], [-87.578602, 39.242379], [-87.578577, 39.24234], [-87.578411, 39.242025], [-87.578352, 39.241915], [-87.578264, 39.241751], [-87.57808, 39.241369], [-87.578041, 39.241274], [-87.577969, 39.241099], [-87.577867, 39.240789], [-87.577847, 39.240721], [-87.577783, 39.240501], [-87.577754, 39.240222], [-87.577641, 39.23974], [-87.577593, 39.239416], [-87.57746, 39.238797], [-87.577381, 39.238426], [-87.577236, 39.23785], [-87.577059, 39.237216], [-87.576956, 39.236739], [-87.576814, 39.236036], [-87.57673, 39.235616], [-87.576677, 39.235352], [-87.576527, 39.234677], [-87.576479, 39.234519], [-87.576344, 39.234065], [-87.576212, 39.233503], [-87.576063, 39.232967], [-87.57598, 39.232568], [-87.575931, 39.232333], [-87.575872, 39.232082], [-87.575762, 39.231617], [-87.57572, 39.23136], [-87.575686, 39.231154], [-87.575536, 39.230519], [-87.575498, 39.230348], [-87.575495, 39.229956], [-87.575372, 39.229444], [-87.57532, 39.229227], [-87.575244, 39.228655], [-87.575168, 39.22816], [-87.575092, 39.227462], [-87.574941, 39.226715], [-87.574903, 39.226408], [-87.574878, 39.226202], [-87.574814, 39.225544], [-87.574738, 39.224972], [-87.57465, 39.224387], [-87.574627, 39.224225], [-87.574561, 39.223739], [-87.57446, 39.223108], [-87.574409, 39.222518], [-87.574358, 39.22187], [-87.57429, 39.221194], [-87.574304, 39.220586], [-87.57431, 39.22031], [-87.574317, 39.220023], [-87.57433, 39.219333], [-87.574379, 39.218684], [-87.574427, 39.217923], [-87.574504, 39.217341], [-87.574659, 39.216354], [-87.574727, 39.215804], [-87.57485, 39.215398], [-87.575065, 39.214689], [-87.57525, 39.214229], [-87.575512, 39.2137], [-87.575628, 39.213454], [-87.575736, 39.213226], [-87.575899, 39.212931], [-87.57597, 39.212801], [-87.576205, 39.212422], [-87.576289, 39.212286], [-87.576305, 39.212262], [-87.576516, 39.211938], [-87.576839, 39.211373], [-87.576947, 39.211223], [-87.577153, 39.210935], [-87.577286, 39.210798], [-87.577564, 39.210509], [-87.57804, 39.210104], [-87.578304, 39.209879], [-87.578505, 39.209685], [-87.57889, 39.209313], [-87.579469, 39.208837], [-87.579523, 39.208792], [-87.579621, 39.208715], [-87.580107, 39.208334], [-87.580207, 39.208267], [-87.580468, 39.208093], [-87.580752, 39.207924], [-87.58098, 39.207789], [-87.581516, 39.207534], [-87.582074, 39.207247], [-87.582619, 39.206925], [-87.582921, 39.206752], [-87.583191, 39.206597], [-87.583664, 39.206302], [-87.583894, 39.206126], [-87.584211, 39.205885], [-87.584418, 39.205688], [-87.584559, 39.205554], [-87.584707, 39.205379], [-87.584798, 39.205273], [-87.584993, 39.205043], [-87.585158, 39.204848], [-87.585424, 39.204428], [-87.585614, 39.204124], [-87.585615, 39.204124], [-87.585617, 39.204121], [-87.58571, 39.203935], [-87.585813, 39.203728], [-87.585903, 39.203498], [-87.585956, 39.203362], [-87.586015, 39.203069], [-87.58604, 39.202817], [-87.586017, 39.202655], [-87.586007, 39.202578], [-87.585941, 39.202399], [-87.585912, 39.202322], [-87.585794, 39.201962], [-87.585779, 39.201909], [-87.585684, 39.20157], [-87.585613, 39.20135], [-87.585554, 39.201184], [-87.58555, 39.201013], [-87.585548, 39.200909], [-87.585584, 39.200679], [-87.585617, 39.200599], [-87.585667, 39.200476], [-87.585788, 39.200223], [-87.585825, 39.200163], [-87.585894, 39.200055], [-87.585986, 39.199938], [-87.586114, 39.199775], [-87.586354, 39.199558], [-87.586529, 39.199376], [-87.586622, 39.199286], [-87.586719, 39.199191], [-87.586971, 39.198964], [-87.587115, 39.198853], [-87.587283, 39.198724], [-87.58751, 39.198567], [-87.587718, 39.198424], [-87.588076, 39.198194], [-87.588078, 39.198193], [-87.58847, 39.197911], [-87.589065, 39.19753], [-87.58932, 39.197368], [-87.589646, 39.197162], [-87.590117, 39.196898], [-87.590198, 39.196849], [-87.590485, 39.196676], [-87.590759, 39.196529], [-87.5909, 39.196453], [-87.591425, 39.196144], [-87.591547, 39.196071], [-87.592057, 39.195762], [-87.592285, 39.19565], [-87.592455, 39.195566], [-87.593176, 39.195139], [-87.594184, 39.19476], [-87.594744, 39.194554], [-87.595403, 39.194411], [-87.596262, 39.194222], [-87.596449, 39.194186], [-87.597158, 39.194047], [-87.597638, 39.194011], [-87.597818, 39.193998], [-87.597823, 39.193997], [-87.597832, 39.193995], [-87.598363, 39.193871], [-87.598826, 39.193763], [-87.59956, 39.193629], [-87.599873, 39.19354], [-87.600045, 39.193491], [-87.600192, 39.193426], [-87.600593, 39.193249], [-87.601127, 39.192967], [-87.601575, 39.192704], [-87.601597, 39.192686], [-87.60196, 39.192395], [-87.602205, 39.19212], [-87.602358, 39.191947], [-87.602693, 39.191567], [-87.602768, 39.191452], [-87.602856, 39.191318], [-87.602922, 39.191218], [-87.602954, 39.191169], [-87.603182, 39.190714], [-87.603263, 39.19055], [-87.603372, 39.190284], [-87.603461, 39.190067], [-87.6036, 39.189788], [-87.603686, 39.189616], [-87.603742, 39.189493], [-87.60391, 39.189123], [-87.604073, 39.188753], [-87.60428, 39.188162], [-87.604466, 39.187697], [-87.604572, 39.187357], [-87.604635, 39.187155], [-87.604821, 39.186771], [-87.604884, 39.186586], [-87.60499, 39.186329], [-87.605112, 39.186155], [-87.605146, 39.186107], [-87.605277, 39.185951], [-87.60538, 39.185827], [-87.605434, 39.185789], [-87.605629, 39.185651], [-87.605804, 39.185527], [-87.606247, 39.185283], [-87.606275, 39.185268], [-87.60629, 39.18526], [-87.606714, 39.185031], [-87.606789, 39.184992], [-87.607138, 39.184808], [-87.607704, 39.184571], [-87.607833, 39.184532], [-87.608192, 39.184424], [-87.608375, 39.184391], [-87.608758, 39.184322], [-87.608865, 39.184314], [-87.609247, 39.184284], [-87.609862, 39.184244], [-87.6101, 39.184218], [-87.610114, 39.184216], [-87.610335, 39.184215], [-87.610402, 39.184211], [-87.610571, 39.1842], [-87.610681, 39.184207], [-87.61095, 39.184225], [-87.611199, 39.18423], [-87.611502, 39.184236], [-87.612638, 39.184432], [-87.612868, 39.184472], [-87.613137, 39.184543], [-87.613485, 39.184667], [-87.614071, 39.184894], [-87.614514, 39.185112], [-87.61491, 39.185331], [-87.615049, 39.185404], [-87.615307, 39.18554], [-87.615608, 39.18571], [-87.615925, 39.185866], [-87.616252, 39.186039], [-87.616321, 39.186076], [-87.616447, 39.186159], [-87.616654, 39.186295], [-87.616875, 39.186402], [-87.616984, 39.186444], [-87.617129, 39.186499], [-87.617205, 39.186521], [-87.617303, 39.186548], [-87.617492, 39.186561], [-87.61768, 39.186586], [-87.617839, 39.186608], [-87.618107, 39.186607], [-87.618423, 39.186565], [-87.618602, 39.186517], [-87.618785, 39.186468], [-87.619177, 39.186268], [-87.619266, 39.186202], [-87.61944, 39.186073], [-87.619444, 39.186071], [-87.619826, 39.18585], [-87.620172, 39.185455], [-87.620187, 39.185438], [-87.620198, 39.185425], [-87.620429, 39.185141], [-87.620471, 39.185091], [-87.620472, 39.185089], [-87.620732, 39.184701], [-87.620949, 39.184231], [-87.620993, 39.183997], [-87.621032, 39.183789], [-87.621074, 39.183496], [-87.621092, 39.183374], [-87.621136, 39.183018], [-87.621163, 39.182655], [-87.621186, 39.182354], [-87.621188, 39.182331], [-87.621192, 39.18227], [-87.621244, 39.181873], [-87.621272, 39.181494], [-87.621276, 39.181431], [-87.6213, 39.181017], [-87.62134, 39.18038], [-87.621341, 39.180372], [-87.621341, 39.180363], [-87.621346, 39.179985], [-87.621348, 39.179695], [-87.621349, 39.179493], [-87.621389, 39.17893], [-87.621382, 39.178675], [-87.62137, 39.17829], [-87.621344, 39.178047], [-87.621336, 39.177971], [-87.621349, 39.177637], [-87.621329, 39.17716], [-87.621295, 39.176797], [-87.621285, 39.176696], [-87.621219, 39.176327], [-87.6212, 39.176268], [-87.621183, 39.176215], [-87.621122, 39.176021], [-87.620971, 39.175636], [-87.620944, 39.175567], [-87.620913, 39.175515], [-87.620784, 39.175297], [-87.620462, 39.174771], [-87.62032, 39.174538], [-87.620192, 39.17433], [-87.619984, 39.173991], [-87.619824, 39.17373], [-87.619669, 39.173352], [-87.619522, 39.173147], [-87.619415, 39.172998], [-87.619332, 39.172856], [-87.619191, 39.172616], [-87.619118, 39.172143], [-87.619083, 39.17216], [-87.619061, 39.172171], [-87.619076, 39.171903], [-87.619082, 39.171801], [-87.619149, 39.171638], [-87.619219, 39.171467], [-87.61947, 39.171092], [-87.619722, 39.170802], [-87.619974, 39.170602], [-87.620258, 39.170427], [-87.620276, 39.170416], [-87.620349, 39.170394], [-87.620669, 39.170297], [-87.621066, 39.170195], [-87.621275, 39.17014], [-87.621889, 39.170016], [-87.622263, 39.169929], [-87.622486, 39.169877], [-87.622717, 39.169824], [-87.622804, 39.169804], [-87.623084, 39.169739], [-87.62345, 39.169657], [-87.623644, 39.169614], [-87.623798, 39.169572], [-87.624067, 39.169499], [-87.624374, 39.169451], [-87.624635, 39.169411], [-87.62503, 39.169372], [-87.625349, 39.169337], [-87.625746, 39.169292], [-87.626378, 39.169228], [-87.62683, 39.169183], [-87.627413, 39.169125], [-87.627682, 39.169108], [-87.628076, 39.169081], [-87.628761, 39.169024], [-87.629016, 39.169018], [-87.629428, 39.169], [-87.629624, 39.168992], [-87.629721, 39.168987], [-87.630219, 39.168962], [-87.630853, 39.168936], [-87.63099, 39.16893], [-87.631222, 39.16893], [-87.631801, 39.16893], [-87.632291, 39.168932], [-87.632694, 39.168981], [-87.632792, 39.168993], [-87.633313, 39.169057], [-87.633752, 39.169074], [-87.633946, 39.169081], [-87.634612, 39.169082], [-87.63509, 39.169087], [-87.635172, 39.169088], [-87.635761, 39.169031], [-87.636025, 39.16899], [-87.636343, 39.168942], [-87.6367, 39.168871], [-87.636926, 39.168826], [-87.636999, 39.168807], [-87.63754, 39.168669], [-87.638131, 39.168423], [-87.638652, 39.168195], [-87.638939, 39.168018], [-87.638999, 39.167981], [-87.639371, 39.167745], [-87.639776, 39.167405], [-87.639871, 39.167321], [-87.640099, 39.167119], [-87.640478, 39.166734], [-87.640599, 39.166573], [-87.640803, 39.1663], [-87.640862, 39.166169], [-87.640914, 39.166053], [-87.640921, 39.166035], [-87.640926, 39.166025], [-87.640945, 39.165984], [-87.641053, 39.165751], [-87.641178, 39.165482], [-87.64135, 39.165103], [-87.641511, 39.164678], [-87.641669, 39.164231], [-87.641845, 39.163658], [-87.641876, 39.163553], [-87.641969, 39.163234], [-87.642102, 39.162661], [-87.64213, 39.162385], [-87.642145, 39.162233], [-87.642134, 39.162072], [-87.642119, 39.161861], [-87.642117, 39.161838], [-87.642113, 39.161769], [-87.642068, 39.161619], [-87.641974, 39.161306], [-87.641853, 39.161009], [-87.641748, 39.160788], [-87.641675, 39.160631], [-87.641606, 39.160563], [-87.641485, 39.160443], [-87.641344, 39.160302], [-87.64131, 39.160269], [-87.640831, 39.159992], [-87.640648, 39.159903], [-87.640346, 39.159756], [-87.639805, 39.159547], [-87.639594, 39.159483], [-87.639296, 39.159392], [-87.638986, 39.159326], [-87.638674, 39.15926], [-87.638359, 39.159219], [-87.637988, 39.159169], [-87.637654, 39.159129], [-87.637316, 39.159087], [-87.636946, 39.159058], [-87.636748, 39.159042], [-87.636653, 39.159035], [-87.636576, 39.159028], [-87.635714, 39.159015], [-87.634975, 39.158988], [-87.6345, 39.158961], [-87.634178, 39.158942], [-87.633645, 39.158891], [-87.633375, 39.15886], [-87.633014, 39.158818], [-87.632475, 39.158762], [-87.632437, 39.158758], [-87.631769, 39.15869], [-87.631696, 39.158683], [-87.631296, 39.158647], [-87.630687, 39.158574], [-87.630531, 39.158549], [-87.630204, 39.158495], [-87.629708, 39.158336], [-87.629428, 39.158202], [-87.629075, 39.158055], [-87.629033, 39.158029], [-87.628748, 39.15785], [-87.628558, 39.157725], [-87.62847, 39.157649], [-87.628388, 39.157577], [-87.62828, 39.157469], [-87.628205, 39.157393], [-87.628045, 39.157162], [-87.627944, 39.157016], [-87.627751, 39.156729], [-87.627654, 39.156432], [-87.627626, 39.156295], [-87.627613, 39.156231], [-87.627582, 39.156081], [-87.627575, 39.155924], [-87.627566, 39.155734], [-87.627656, 39.155282], [-87.627671, 39.155207], [-87.627804, 39.155012], [-87.627974, 39.154763], [-87.628456, 39.154342], [-87.628579, 39.154251], [-87.628731, 39.154138], [-87.628832, 39.15406], [-87.628927, 39.153988], [-87.628968, 39.153965], [-87.629131, 39.153872], [-87.629546, 39.153638], [-87.629651, 39.153593], [-87.630129, 39.153391], [-87.630625, 39.153263], [-87.630825, 39.153212], [-87.631077, 39.153178], [-87.631422, 39.153132], [-87.632044, 39.15307], [-87.632904, 39.153088], [-87.633503, 39.153229], [-87.633919, 39.153409], [-87.633975, 39.153433], [-87.634141, 39.153532], [-87.634403, 39.153688], [-87.634918, 39.154063], [-87.6353, 39.154462], [-87.63575, 39.154964], [-87.635889, 39.155126], [-87.636155, 39.155435], [-87.63656, 39.155987], [-87.636923, 39.156419], [-87.637058, 39.156579], [-87.637179, 39.156667], [-87.637583, 39.156959], [-87.637963, 39.157163], [-87.638033, 39.1572], [-87.638546, 39.157432], [-87.638827, 39.157529], [-87.638983, 39.157583], [-87.639337, 39.157658], [-87.639682, 39.157732], [-87.640102, 39.15777], [-87.640173, 39.157778], [-87.64018, 39.157779], [-87.640205, 39.157779], [-87.640299, 39.157778], [-87.640334, 39.157779], [-87.640418, 39.157782], [-87.64074, 39.157785], [-87.640944, 39.157779], [-87.641187, 39.157774], [-87.641276, 39.157773], [-87.641712, 39.157734], [-87.642012, 39.15762], [-87.642134, 39.157574], [-87.642448, 39.15732], [-87.642697, 39.157017], [-87.643058, 39.15647], [-87.643309, 39.156115], [-87.643397, 39.15599], [-87.643431, 39.15595], [-87.64353, 39.15583], [-87.643673, 39.155657], [-87.643873, 39.155416], [-87.644237, 39.155004], [-87.644382, 39.15484], [-87.644768, 39.154536], [-87.6452, 39.154232], [-87.645655, 39.153919], [-87.646224, 39.153569], [-87.646816, 39.153255], [-87.646816, 39.153255], [-87.647359, 39.153004], [-87.647659, 39.152849], [-87.648232, 39.15262], [-87.648236, 39.152619], [-87.648243, 39.152616], [-87.648876, 39.15236], [-87.649446, 39.152082], [-87.64988, 39.15185], [-87.650034, 39.151771], [-87.650438, 39.151563], [-87.650899, 39.151304], [-87.650909, 39.151299], [-87.651305, 39.151053], [-87.651456, 39.150945], [-87.65159, 39.150849], [-87.651854, 39.15063], [-87.65206, 39.150459], [-87.652356, 39.150146], [-87.652664, 39.149807], [-87.652836, 39.149554], [-87.653014, 39.149156], [-87.653166, 39.148824], [-87.653202, 39.148745], [-87.653297, 39.148482], [-87.653339, 39.148366], [-87.653388, 39.148037], [-87.653435, 39.147577], [-87.653436, 39.14751], [-87.653442, 39.147009], [-87.653413, 39.146608], [-87.653368, 39.146358], [-87.653356, 39.146292], [-87.653345, 39.14623], [-87.653232, 39.145762], [-87.653112, 39.145254], [-87.653082, 39.144817], [-87.653131, 39.144515], [-87.653268, 39.144045], [-87.653529, 39.14358], [-87.653555, 39.143602], [-87.653826, 39.143263], [-87.654198, 39.142846], [-87.65443, 39.142631], [-87.654579, 39.142493], [-87.654626, 39.142448], [-87.655146, 39.141953], [-87.655188, 39.141913], [-87.655234, 39.141862], [-87.655644, 39.141419], [-87.656171, 39.140844], [-87.656702, 39.140278], [-87.656852, 39.140097], [-87.657157, 39.13973], [-87.657626, 39.139223], [-87.65796, 39.138901], [-87.658183, 39.138682], [-87.658256, 39.138611], [-87.658477, 39.138245], [-87.658571, 39.138047], [-87.658653, 39.137874], [-87.65866, 39.137856], [-87.658719, 39.137703], [-87.658725, 39.13769], [-87.658766, 39.137585], [-87.65879, 39.13745], [-87.658808, 39.137348], [-87.658826, 39.137242], [-87.658856, 39.136927], [-87.658848, 39.136759], [-87.658839, 39.136575], [-87.658817, 39.1364], [-87.658798, 39.136247], [-87.6586, 39.13564], [-87.658425, 39.135346], [-87.658262, 39.135074], [-87.65809, 39.134834], [-87.657886, 39.134549], [-87.657666, 39.134276], [-87.657543, 39.134123], [-87.657254, 39.133827], [-87.657053, 39.133621], [-87.656876, 39.133476], [-87.656852, 39.133456], [-87.656677, 39.133312], [-87.656112, 39.132896], [-87.655632, 39.132605], [-87.655574, 39.13257], [-87.655524, 39.132544], [-87.654974, 39.132254], [-87.654348, 39.131965], [-87.653848, 39.131715], [-87.653311, 39.131466], [-87.652635, 39.13119], [-87.652111, 39.13104], [-87.65155, 39.130903], [-87.650988, 39.130762], [-87.650526, 39.130661], [-87.650142, 39.130602], [-87.649878, 39.130561], [-87.649519, 39.130527], [-87.649047, 39.130462], [-87.649036, 39.13046], [-87.649019, 39.130458], [-87.648801, 39.130437], [-87.64843, 39.130403], [-87.647968, 39.130383], [-87.647889, 39.130379], [-87.647789, 39.130375], [-87.647555, 39.130361], [-87.647174, 39.130338], [-87.646749, 39.130262], [-87.646636, 39.130241], [-87.646545, 39.130224], [-87.646225, 39.130163], [-87.645776, 39.130057], [-87.645586, 39.129987], [-87.645403, 39.129919], [-87.645264, 39.129869], [-87.645133, 39.129822], [-87.644862, 39.1297], [-87.644677, 39.129617], [-87.644253, 39.129412], [-87.643963, 39.129231], [-87.643902, 39.129193], [-87.643884, 39.129182], [-87.643553, 39.128974], [-87.643369, 39.128821], [-87.643225, 39.128701], [-87.642892, 39.128307], [-87.64285, 39.128243], [-87.642671, 39.12797], [-87.642462, 39.127503], [-87.642382, 39.127174], [-87.642324, 39.126822], [-87.642301, 39.126684], [-87.64229, 39.126619], [-87.642233, 39.126278], [-87.642168, 39.125941], [-87.642152, 39.125535], [-87.642138, 39.125179], [-87.642133, 39.125058], [-87.642113, 39.124792], [-87.642078, 39.124509], [-87.642079, 39.124466], [-87.642081, 39.124376], [-87.642086, 39.124211], [-87.642051, 39.123869], [-87.642004, 39.123554], [-87.641926, 39.123444], [-87.641818, 39.123294], [-87.641791, 39.12328], [-87.64173, 39.123249], [-87.64159, 39.123178], [-87.641259, 39.123038], [-87.641248, 39.123033], [-87.641242, 39.123031], [-87.640948, 39.122991], [-87.640822, 39.122975], [-87.640821, 39.122975], [-87.640721, 39.122989], [-87.640517, 39.123017], [-87.639966, 39.123096], [-87.639694, 39.123138], [-87.639566, 39.123157], [-87.638971, 39.123269], [-87.638658, 39.123308], [-87.638636, 39.123311], [-87.638616, 39.123313], [-87.638152, 39.123363], [-87.637894, 39.123383], [-87.637594, 39.123407], [-87.637175, 39.123351], [-87.636522, 39.12321], [-87.635984, 39.123005], [-87.635892, 39.12297], [-87.635566, 39.122819], [-87.635065, 39.12252], [-87.635017, 39.122489], [-87.634793, 39.12235], [-87.63455, 39.122153], [-87.634455, 39.122077], [-87.634118, 39.12179], [-87.633915, 39.121565], [-87.633796, 39.121435], [-87.633648, 39.12127], [-87.633237, 39.120696], [-87.633146, 39.120576], [-87.632909, 39.12026], [-87.632558, 39.11974], [-87.63237, 39.119304], [-87.632328, 39.119197], [-87.63227, 39.119047], [-87.63224, 39.118651], [-87.632236, 39.118295], [-87.632249, 39.11811], [-87.632265, 39.117881], [-87.632442, 39.117235], [-87.632483, 39.117084], [-87.632536, 39.116892], [-87.632752, 39.116603], [-87.633033, 39.116241], [-87.633275, 39.11592], [-87.633349, 39.115852], [-87.633656, 39.115571], [-87.634236, 39.115144], [-87.634829, 39.114866], [-87.635368, 39.114705], [-87.635822, 39.114591], [-87.635916, 39.114567], [-87.636026, 39.114554], [-87.636362, 39.114515], [-87.636891, 39.114463], [-87.636995, 39.114453], [-87.637021, 39.114452], [-87.63739, 39.114442], [-87.637404, 39.114442], [-87.637458, 39.114444], [-87.637494, 39.114446], [-87.63769, 39.114443], [-87.638021, 39.114438], [-87.638556, 39.114436], [-87.639044, 39.114446], [-87.639651, 39.114443], [-87.640234, 39.11444], [-87.64053, 39.114468], [-87.64085, 39.1145], [-87.641454, 39.114532], [-87.641646, 39.114555], [-87.64182, 39.114575], [-87.642375, 39.114649], [-87.642622, 39.114693], [-87.642794, 39.114723], [-87.643436, 39.11481], [-87.643649, 39.114853], [-87.643915, 39.114906], [-87.644479, 39.115011], [-87.644797, 39.115073], [-87.645785, 39.115265], [-87.645994, 39.115312], [-87.646315, 39.115384], [-87.646413, 39.115417], [-87.646419, 39.115419], [-87.646823, 39.115557], [-87.647258, 39.115718], [-87.647433, 39.115783], [-87.647985, 39.115974], [-87.648116, 39.116028], [-87.648211, 39.116067], [-87.648255, 39.116081], [-87.648482, 39.116151], [-87.64892, 39.116316], [-87.648967, 39.116333], [-87.64898, 39.116338], [-87.649419, 39.116489], [-87.649746, 39.116635], [-87.650016, 39.11667], [-87.650286, 39.116669], [-87.650712, 39.116472], [-87.650861, 39.11637], [-87.65107, 39.116227], [-87.651274, 39.116036], [-87.651449, 39.115874], [-87.651817, 39.115556], [-87.651941, 39.115447], [-87.652291, 39.115139], [-87.652515, 39.11492], [-87.652551, 39.114885], [-87.652578, 39.114858], [-87.652671, 39.114767], [-87.652712, 39.114719], [-87.652712, 39.114718], [-87.652954, 39.114482], [-87.653278, 39.114156], [-87.653779, 39.113644], [-87.653979, 39.113409], [-87.65408, 39.113291], [-87.654302, 39.113001], [-87.654479, 39.112721], [-87.654535, 39.112585], [-87.6546, 39.112423], [-87.654785, 39.111947], [-87.654809, 39.111885], [-87.65484, 39.111706], [-87.654926, 39.111209], [-87.654923, 39.110857], [-87.654919, 39.110816], [-87.654886, 39.110529], [-87.654786, 39.110254], [-87.654754, 39.110165], [-87.654615, 39.109751], [-87.654604, 39.109721], [-87.654523, 39.109499], [-87.65443, 39.109288], [-87.654385, 39.109184], [-87.654189, 39.108866], [-87.654048, 39.108637], [-87.653996, 39.108549], [-87.653773, 39.108174], [-87.653611, 39.107938], [-87.653557, 39.10786], [-87.653227, 39.107452], [-87.653128, 39.107332], [-87.652908, 39.107066], [-87.652697, 39.106854], [-87.652551, 39.106708], [-87.652205, 39.106408], [-87.651685, 39.106072], [-87.651645, 39.106046], [-87.651609, 39.106025], [-87.651531, 39.105982], [-87.651531, 39.105982], [-87.651012, 39.105689], [-87.650896, 39.105638], [-87.650639, 39.105524], [-87.650297, 39.105346], [-87.649892, 39.105168], [-87.649636, 39.105076], [-87.649389, 39.104986], [-87.648701, 39.104741], [-87.648455, 39.104653], [-87.648294, 39.104602], [-87.648136, 39.104552], [-87.647754, 39.104432], [-87.647674, 39.104412], [-87.647301, 39.104317], [-87.646782, 39.104199], [-87.64646, 39.104167], [-87.646436, 39.104165], [-87.645842, 39.104168], [-87.645445, 39.104211], [-87.644961, 39.104283], [-87.644849, 39.104299], [-87.64469, 39.104329], [-87.644129, 39.104434], [-87.643936, 39.104479], [-87.643693, 39.104536], [-87.642822, 39.104757], [-87.642417, 39.104851], [-87.642228, 39.104895], [-87.641343, 39.105116], [-87.640607, 39.105251], [-87.640063, 39.10534], [-87.639656, 39.105386], [-87.639603, 39.105392], [-87.638954, 39.105503], [-87.638936, 39.105507], [-87.638522, 39.105591], [-87.638249, 39.105653], [-87.638154, 39.105674], [-87.637922, 39.105725], [-87.637751, 39.105762], [-87.637354, 39.105837], [-87.636762, 39.105912], [-87.636619, 39.105883], [-87.636302, 39.10582], [-87.636143, 39.105783], [-87.63567, 39.105675], [-87.635167, 39.105581], [-87.634943, 39.105539], [-87.63473, 39.105501], [-87.634408, 39.105443], [-87.634064, 39.105387], [-87.633712, 39.105329], [-87.633348, 39.105275], [-87.633274, 39.105264], [-87.632653, 39.105186], [-87.631851, 39.105065], [-87.631135, 39.104978], [-87.630333, 39.104874], [-87.62981, 39.104812], [-87.629498, 39.104775], [-87.629327, 39.104763], [-87.629186, 39.104749], [-87.628654, 39.104699], [-87.628055, 39.104634], [-87.62768, 39.104593], [-87.627477, 39.10457], [-87.627247, 39.10455], [-87.626836, 39.104515], [-87.62659, 39.104508], [-87.626441, 39.104503], [-87.626209, 39.104482], [-87.625991, 39.104461], [-87.625681, 39.104431], [-87.625019, 39.104417], [-87.624542, 39.10441], [-87.624527, 39.10441], [-87.62449, 39.104411], [-87.624164, 39.104417], [-87.623884, 39.104414], [-87.623566, 39.104411], [-87.623163, 39.104413], [-87.622842, 39.10441], [-87.622581, 39.104407], [-87.621857, 39.104393], [-87.621312, 39.104414], [-87.620746, 39.104421], [-87.620025, 39.104475], [-87.619837, 39.104472], [-87.619619, 39.104468], [-87.619433, 39.104474], [-87.619288, 39.104479], [-87.619028, 39.104468], [-87.618711, 39.104455], [-87.618452, 39.104432], [-87.618218, 39.104412], [-87.617848, 39.10436], [-87.61751, 39.104298], [-87.61744, 39.104286], [-87.617083, 39.104157], [-87.61683, 39.104074], [-87.616582, 39.103993], [-87.61632, 39.103859], [-87.616065, 39.103748], [-87.615952, 39.103699], [-87.615908, 39.103671], [-87.615731, 39.10356], [-87.615205, 39.103225], [-87.614794, 39.102939], [-87.614383, 39.102557], [-87.614287, 39.102469], [-87.61414, 39.102265], [-87.614115, 39.102231], [-87.613931, 39.101988], [-87.613829, 39.101805], [-87.613779, 39.101714], [-87.613742, 39.101648], [-87.613671, 39.101517], [-87.613583, 39.101274], [-87.613531, 39.101139], [-87.613506, 39.101076], [-87.613466, 39.100907], [-87.613408, 39.100662], [-87.61341, 39.100598], [-87.613412, 39.100468], [-87.613406, 39.10013], [-87.613424, 39.099912], [-87.613439, 39.099734], [-87.613438, 39.099635], [-87.613496, 39.099398], [-87.613508, 39.09935], [-87.613575, 39.099089], [-87.613612, 39.098973], [-87.613694, 39.098714], [-87.613813, 39.09845], [-87.613832, 39.098407], [-87.613968, 39.098041], [-87.614137, 39.097639], [-87.614247, 39.097445], [-87.614412, 39.097106], [-87.614695, 39.096618], [-87.614721, 39.096583], [-87.615034, 39.096152], [-87.615351, 39.09579], [-87.615417, 39.095734], [-87.615541, 39.095627], [-87.615787, 39.095396], [-87.615922, 39.095281], [-87.616049, 39.095174], [-87.616705, 39.094717], [-87.61693, 39.094561], [-87.616997, 39.094518], [-87.617343, 39.094297], [-87.61805, 39.093807], [-87.618277, 39.093639], [-87.618376, 39.093567], [-87.618459, 39.093504], [-87.618756, 39.093281], [-87.619137, 39.09299], [-87.619475, 39.092705], [-87.619715, 39.092447], [-87.619825, 39.092306], [-87.619882, 39.092234], [-87.620062, 39.092002], [-87.620111, 39.09194], [-87.62027, 39.091705], [-87.620387, 39.091533], [-87.62054, 39.091262], [-87.620642, 39.09104], [-87.620791, 39.090733], [-87.620917, 39.090462], [-87.621056, 39.090038], [-87.6211, 39.089907], [-87.621117, 39.089809], [-87.621168, 39.089533], [-87.621206, 39.089289], [-87.621209, 39.089145], [-87.621212, 39.088996], [-87.621177, 39.08861], [-87.621158, 39.088406], [-87.621018, 39.087875], [-87.620871, 39.087574], [-87.620701, 39.087273], [-87.620559, 39.087067], [-87.620507, 39.086991], [-87.62047, 39.086946], [-87.620297, 39.086735], [-87.620191, 39.086618], [-87.620144, 39.086565], [-87.620121, 39.08654], [-87.620067, 39.086479], [-87.619921, 39.086324], [-87.619756, 39.086148], [-87.61946, 39.085912], [-87.619318, 39.085798], [-87.618836, 39.085427], [-87.618616, 39.085251], [-87.618434, 39.085105], [-87.618272, 39.08497], [-87.618143, 39.084813], [-87.617586, 39.084163], [-87.617463, 39.084014], [-87.617444, 39.083991], [-87.617409, 39.083948], [-87.616974, 39.083518], [-87.616515, 39.083114], [-87.616209, 39.082846], [-87.615834, 39.082577], [-87.61566, 39.082452], [-87.615576, 39.082405], [-87.615256, 39.082225], [-87.615028, 39.0821], [-87.614913, 39.082037], [-87.614375, 39.081846], [-87.614294, 39.081822], [-87.614015, 39.08174], [-87.613646, 39.081638], [-87.61311, 39.081533], [-87.612811, 39.081462], [-87.612719, 39.08144], [-87.612633, 39.081425], [-87.612249, 39.081357], [-87.611693, 39.081293], [-87.611277, 39.081286], [-87.611272, 39.081286], [-87.610739, 39.081271], [-87.61073, 39.08127], [-87.610476, 39.081263], [-87.610194, 39.081264], [-87.609401, 39.081264], [-87.608955, 39.081266], [-87.608238, 39.081293], [-87.607566, 39.081319], [-87.60742, 39.081324], [-87.607132, 39.081334], [-87.606918, 39.081354], [-87.60648, 39.081381], [-87.606451, 39.081383], [-87.606399, 39.081385], [-87.605609, 39.08141], [-87.604454, 39.081447], [-87.603574, 39.081452], [-87.603101, 39.081427], [-87.602686, 39.081412], [-87.602445, 39.081404], [-87.602323, 39.0814], [-87.602136, 39.081375], [-87.601767, 39.081326], [-87.601433, 39.081289], [-87.601384, 39.081283], [-87.601321, 39.081275], [-87.601084, 39.081246], [-87.601064, 39.081243], [-87.601038, 39.08124], [-87.600659, 39.081188], [-87.600154, 39.081096], [-87.599654, 39.081002], [-87.599571, 39.080986], [-87.599106, 39.08088], [-87.598241, 39.080592], [-87.598007, 39.080507], [-87.597729, 39.080405], [-87.597376, 39.080279], [-87.59732, 39.080259], [-87.597103, 39.080165], [-87.597024, 39.080122], [-87.596713, 39.079951], [-87.596322, 39.079705], [-87.596068, 39.079531], [-87.595698, 39.079307], [-87.59542, 39.079099], [-87.595357, 39.079052], [-87.595043, 39.078779], [-87.594717, 39.078461], [-87.594689, 39.078434], [-87.594343, 39.07799], [-87.594144, 39.077756], [-87.594079, 39.07768], [-87.59391, 39.077384], [-87.593815, 39.077214], [-87.593754, 39.077105], [-87.593406, 39.076638], [-87.593117, 39.076104], [-87.592936, 39.075703], [-87.592898, 39.075648], [-87.59272, 39.075385], [-87.592538, 39.074958], [-87.592309, 39.074535], [-87.592212, 39.074404], [-87.592153, 39.074324], [-87.592049, 39.074196], [-87.591852, 39.073956], [-87.591832, 39.073937], [-87.591825, 39.073931], [-87.591825, 39.073931], [-87.591374, 39.073508], [-87.591198, 39.073362], [-87.590797, 39.073029], [-87.590481, 39.0728], [-87.590446, 39.072774], [-87.590411, 39.07275], [-87.590144, 39.072564], [-87.589806, 39.072354], [-87.589762, 39.072329], [-87.589593, 39.072238], [-87.58938, 39.072085], [-87.58865, 39.07167], [-87.588169, 39.071375], [-87.58775, 39.071111], [-87.587197, 39.070783], [-87.587074, 39.070709], [-87.58695, 39.070624], [-87.586593, 39.070378], [-87.586255, 39.07015], [-87.586209, 39.070119], [-87.586201, 39.070113], [-87.585871, 39.069873], [-87.585002, 39.069287], [-87.584493, 39.068853], [-87.584398, 39.068763], [-87.584011, 39.0684], [-87.583538, 39.06788], [-87.583233, 39.067487], [-87.583072, 39.067278], [-87.582786, 39.066924], [-87.582535, 39.066646], [-87.582368, 39.066418], [-87.582186, 39.06617], [-87.582076, 39.066037], [-87.581882, 39.065802], [-87.581586, 39.06542], [-87.581361, 39.065142], [-87.581336, 39.065111], [-87.581301, 39.06507], [-87.580924, 39.064626], [-87.580388, 39.063995], [-87.580182, 39.063751], [-87.579831, 39.063353], [-87.579708, 39.063213], [-87.579385, 39.062823], [-87.579037, 39.062383], [-87.578335, 39.061706], [-87.578307, 39.06168], [-87.577961, 39.06137], [-87.577604, 39.061088], [-87.577292, 39.060832], [-87.576855, 39.060479], [-87.57648, 39.060161], [-87.576044, 39.059843], [-87.575933, 39.059772], [-87.575652, 39.059592], [-87.574891, 39.059123], [-87.574809, 39.059076], [-87.574446, 39.058864], [-87.574143, 39.058685], [-87.574006, 39.058613], [-87.573863, 39.058538], [-87.573734, 39.058449], [-87.573159, 39.058091], [-87.572985, 39.057846], [-87.572737, 39.057498], [-87.572552, 39.057235], [-87.572443, 39.057081], [-87.572338, 39.056914], [-87.572236, 39.056753], [-87.572094, 39.056427], [-87.572019, 39.056254], [-87.57186, 39.055808], [-87.57177, 39.055408], [-87.571678, 39.05508], [-87.571585, 39.054751], [-87.571444, 39.054094], [-87.571447, 39.053283], [-87.57147, 39.05306], [-87.571508, 39.052679], [-87.571631, 39.052147], [-87.571749, 39.051808], [-87.571919, 39.051366], [-87.572005, 39.051177], [-87.572126, 39.050914], [-87.572613, 39.050023], [-87.572923, 39.049455], [-87.573215, 39.048985], [-87.573512, 39.048582], [-87.57381, 39.048261], [-87.574051, 39.048044], [-87.574081, 39.048011], [-87.574176, 39.047912], [-87.574387, 39.047699], [-87.574964, 39.047151], [-87.575356, 39.046749], [-87.575634, 39.046501], [-87.575772, 39.046377], [-87.576127, 39.045983], [-87.57654, 39.045567], [-87.576828, 39.045328], [-87.577134, 39.045076], [-87.577313, 39.044928], [-87.577638, 39.044728], [-87.577848, 39.044603], [-87.578226, 39.044378], [-87.578718, 39.044015], [-87.578719, 39.044013], [-87.579135, 39.043634], [-87.579627, 39.043177], [-87.579741, 39.04296], [-87.579765, 39.042907], [-87.57988, 39.042649], [-87.579956, 39.042445], [-87.580085, 39.042098], [-87.580195, 39.041795], [-87.580291, 39.041529], [-87.580313, 39.041405], [-87.580327, 39.041325], [-87.580348, 39.041203], [-87.5804, 39.040907], [-87.580391, 39.040783], [-87.580379, 39.04061], [-87.580366, 39.040358], [-87.580356, 39.040132], [-87.58016, 39.03952], [-87.580079, 39.039272], [-87.580007, 39.039052], [-87.579924, 39.038922], [-87.579803, 39.038734], [-87.579687, 39.038568], [-87.579501, 39.038303], [-87.579138, 39.037921], [-87.579091, 39.037881], [-87.578711, 39.037559], [-87.578321, 39.037254], [-87.577907, 39.0369], [-87.577503, 39.03665], [-87.576908, 39.036279], [-87.576389, 39.03588], [-87.576212, 39.03573], [-87.575976, 39.035531], [-87.575595, 39.035145], [-87.575419, 39.034966], [-87.575226, 39.03467], [-87.574937, 39.034279], [-87.574654, 39.033846], [-87.574489, 39.033592], [-87.574489, 39.033619], [-87.574468, 39.033588], [-87.574338, 39.033382], [-87.574216, 39.033188], [-87.573857, 39.032536], [-87.573684, 39.032236], [-87.573665, 39.032204], [-87.573574, 39.032028], [-87.573475, 39.031835], [-87.573272, 39.031426], [-87.57308, 39.031134], [-87.572957, 39.030888], [-87.572842, 39.030658], [-87.572676, 39.030289], [-87.572614, 39.030179], [-87.572529, 39.030029], [-87.572408, 39.029646], [-87.572363, 39.029528], [-87.572275, 39.029295], [-87.57224, 39.029119], [-87.572201, 39.028926], [-87.571971, 39.028261], [-87.57191, 39.027986], [-87.57182, 39.027842], [-87.571817, 39.027833], [-87.571735, 39.027613], [-87.571669, 39.027375], [-87.571539, 39.027082], [-87.571169, 39.02639], [-87.570954, 39.026049], [-87.570751, 39.025725], [-87.570547, 39.025371], [-87.570438, 39.025128], [-87.570057, 39.024084], [-87.569919, 39.023737], [-87.569864, 39.023599], [-87.569617, 39.023023], [-87.569375, 39.022231], [-87.569301, 39.021898], [-87.569238, 39.021448], [-87.569197, 39.020817], [-87.569201, 39.020637], [-87.569206, 39.020403], [-87.569216, 39.020146], [-87.569232, 39.019962], [-87.569248, 39.019776], [-87.569346, 39.019384], [-87.569395, 39.019207], [-87.569449, 39.019014], [-87.56953, 39.018794], [-87.5696, 39.018608], [-87.56975, 39.018129], [-87.569851, 39.0179], [-87.569943, 39.017691], [-87.570075, 39.017326], [-87.570157, 39.017131], [-87.570205, 39.017019], [-87.57031, 39.016771], [-87.570426, 39.0165], [-87.570583, 39.016098], [-87.570678, 39.01576], [-87.570716, 39.015624], [-87.570774, 39.015452], [-87.5709, 39.015082], [-87.571028, 39.014776], [-87.571121, 39.014554], [-87.57129, 39.014152], [-87.571396, 39.013805], [-87.571508, 39.013516], [-87.571553, 39.013399], [-87.571591, 39.013305], [-87.571683, 39.013083], [-87.571792, 39.012672], [-87.571925, 39.012334], [-87.572099, 39.011797], [-87.572136, 39.011686], [-87.572226, 39.011422], [-87.572377, 39.011079], [-87.572454, 39.010918], [-87.572551, 39.010717], [-87.572796, 39.010284], [-87.573003, 39.009939], [-87.573076, 39.009818], [-87.573129, 39.009694], [-87.573238, 39.009439], [-87.573468, 39.009097], [-87.573518, 39.009023], [-87.573574, 39.008948], [-87.573904, 39.008499], [-87.574419, 39.007829], [-87.574787, 39.007354], [-87.575127, 39.006983], [-87.575549, 39.006549], [-87.575983, 39.006123], [-87.576312, 39.005788], [-87.576839, 39.005258], [-87.57712, 39.004937], [-87.577354, 39.004682], [-87.577422, 39.004609], [-87.577437, 39.004593], [-87.577694, 39.004285], [-87.578186, 39.003692], [-87.578396, 39.003417], [-87.578629, 39.002992], [-87.578639, 39.002964], [-87.578785, 39.002531], [-87.578877, 39.002175], [-87.578945, 39.001823], [-87.578989, 39.001454], [-87.578991, 39.001089], [-87.578994, 39.000652], [-87.578968, 39.000091], [-87.578967, 39.00008], [-87.578897, 38.999868], [-87.578828, 38.999661], [-87.57873, 38.999454], [-87.578569, 38.999207], [-87.578542, 38.999142], [-87.578507, 38.999055], [-87.578319, 38.998704], [-87.578111, 38.998407], [-87.577995, 38.998242], [-87.577885, 38.998123], [-87.577711, 38.997937], [-87.577322, 38.997556], [-87.576949, 38.997264], [-87.576897, 38.997234], [-87.576412, 38.996947], [-87.576096, 38.9968], [-87.575905, 38.996711], [-87.575356, 38.996461], [-87.574905, 38.996265], [-87.574645, 38.99614], [-87.57418, 38.995944], [-87.573799, 38.995762], [-87.573501, 38.995626], [-87.573349, 38.995557], [-87.572589, 38.995245], [-87.571969, 38.994973], [-87.571336, 38.994755], [-87.57091, 38.994601], [-87.570724, 38.994533], [-87.570476, 38.994458], [-87.570048, 38.994329], [-87.56945, 38.994107], [-87.569241, 38.994032], [-87.568916, 38.993916], [-87.568766, 38.993866], [-87.568395, 38.993743], [-87.5683, 38.993706], [-87.568153, 38.993649], [-87.567719, 38.993579], [-87.567376, 38.993545], [-87.566997, 38.993547], [-87.56685, 38.993553], [-87.566759, 38.993557], [-87.566553, 38.993643], [-87.566356, 38.993779], [-87.566096, 38.993907], [-87.565774, 38.994012], [-87.56529, 38.994141], [-87.564856, 38.994258], [-87.564576, 38.994333], [-87.564393, 38.994373], [-87.564346, 38.994383], [-87.564001, 38.994458], [-87.563444, 38.994483], [-87.563207, 38.994471], [-87.562893, 38.994454], [-87.562721, 38.994417], [-87.562626, 38.994397], [-87.562502, 38.994358], [-87.562021, 38.994206], [-87.561595, 38.994014], [-87.56132, 38.993745], [-87.561257, 38.993682], [-87.561096, 38.993521], [-87.56099, 38.993362], [-87.560884, 38.993202], [-87.560773, 38.993072], [-87.560747, 38.993041], [-87.560635, 38.992825], [-87.560596, 38.992555], [-87.560558, 38.992253], [-87.560563, 38.992132], [-87.560569, 38.991983], [-87.560636, 38.991808], [-87.560692, 38.991662], [-87.560815, 38.991333], [-87.560819, 38.991322], [-87.561011, 38.990886], [-87.561208, 38.990403], [-87.561211, 38.990398], [-87.561222, 38.990382], [-87.561368, 38.990181], [-87.56154, 38.989995], [-87.561701, 38.989819], [-87.561762, 38.989776], [-87.561794, 38.989753], [-87.562109, 38.989529], [-87.562385, 38.989339], [-87.562394, 38.989334], [-87.562588, 38.989247], [-87.56274, 38.989179], [-87.563272, 38.989], [-87.563325, 38.988991], [-87.563842, 38.988894], [-87.564055, 38.988866], [-87.564376, 38.988824], [-87.564973, 38.988813], [-87.565082, 38.988811], [-87.565108, 38.988815], [-87.565529, 38.988882], [-87.56569, 38.988908], [-87.566023, 38.988969], [-87.56633, 38.989026], [-87.566631, 38.989111], [-87.567103, 38.989243], [-87.567736, 38.989447], [-87.568397, 38.98962], [-87.569185, 38.989885], [-87.569452, 38.989975], [-87.570325, 38.990354], [-87.571198, 38.990679], [-87.571817, 38.990937], [-87.572817, 38.991306], [-87.57329, 38.991394], [-87.573665, 38.991462], [-87.573724, 38.991473], [-87.573754, 38.991474], [-87.573939, 38.991481], [-87.57427, 38.991497], [-87.574885, 38.991518], [-87.574958, 38.991521], [-87.575079, 38.991515], [-87.575634, 38.99149], [-87.57605, 38.991442], [-87.576318, 38.99141], [-87.577071, 38.991258], [-87.577211, 38.991198], [-87.57754, 38.991057], [-87.577625, 38.991003], [-87.577888, 38.990835], [-87.578045, 38.990689], [-87.578078, 38.990658], [-87.578207, 38.990485], [-87.578283, 38.990382], [-87.578291, 38.990358], [-87.578392, 38.990062], [-87.5785, 38.989723], [-87.578512, 38.989264], [-87.578475, 38.989062], [-87.578446, 38.988904], [-87.57844, 38.988893], [-87.578409, 38.98884], [-87.578308, 38.988667], [-87.578236, 38.988544], [-87.578099, 38.988363], [-87.577946, 38.988163], [-87.577737, 38.987839], [-87.577432, 38.98753], [-87.577287, 38.987361], [-87.577062, 38.987099], [-87.576875, 38.986935], [-87.57671, 38.98679], [-87.576605, 38.986708], [-87.576394, 38.986544], [-87.576152, 38.986406], [-87.57612, 38.986387], [-87.575882, 38.986269], [-87.575698, 38.986178], [-87.575674, 38.986169], [-87.575562, 38.986131], [-87.575387, 38.986069], [-87.575176, 38.985996], [-87.575166, 38.985991], [-87.575166, 38.985991], [-87.57496, 38.985898], [-87.574497, 38.985751], [-87.573798, 38.985534], [-87.573732, 38.985517], [-87.573675, 38.985503], [-87.573675, 38.985503], [-87.57287, 38.9853], [-87.572594, 38.985196], [-87.572216, 38.985055], [-87.571866, 38.984953], [-87.571712, 38.984909], [-87.571405, 38.984846], [-87.570955, 38.984755], [-87.570482, 38.984645], [-87.570255, 38.984592], [-87.570075, 38.984545], [-87.569515, 38.984401], [-87.56912, 38.984313], [-87.568788, 38.984238], [-87.568358, 38.984125], [-87.568134, 38.984066], [-87.567544, 38.983947], [-87.566847, 38.98377], [-87.566627, 38.983717], [-87.566375, 38.983655], [-87.566069, 38.983565], [-87.565551, 38.983411], [-87.564769, 38.983163], [-87.564035, 38.982932], [-87.56372, 38.982832], [-87.563461, 38.98275], [-87.563243, 38.982676], [-87.56295, 38.982577], [-87.562057, 38.982257], [-87.561244, 38.981915], [-87.561244, 38.981914], [-87.561242, 38.981914], [-87.560862, 38.981735], [-87.560464, 38.981444], [-87.560187, 38.981338], [-87.559794, 38.981186], [-87.559055, 38.981032], [-87.558513, 38.980909], [-87.557955, 38.980727], [-87.557634, 38.980656], [-87.557237, 38.980568], [-87.556927, 38.980522], [-87.55661, 38.980476], [-87.556347, 38.980437], [-87.556053, 38.980393], [-87.555549, 38.980238], [-87.554817, 38.980025], [-87.554554, 38.979972], [-87.554246, 38.979911], [-87.553647, 38.979771], [-87.553377, 38.979708], [-87.552981, 38.97964], [-87.552981, 38.97964], [-87.552658, 38.979585], [-87.551835, 38.97944], [-87.550734, 38.979233], [-87.550494, 38.979183], [-87.550002, 38.979079], [-87.549456, 38.978956], [-87.549098, 38.97888], [-87.548687, 38.978793], [-87.548529, 38.978739], [-87.548178, 38.978619], [-87.547886, 38.978479], [-87.547693, 38.978387], [-87.547403, 38.978248], [-87.547395, 38.978244], [-87.547391, 38.978242], [-87.546886, 38.978003], [-87.546389, 38.977744], [-87.545979, 38.977521], [-87.54551, 38.977248], [-87.545296, 38.977123], [-87.545129, 38.977019], [-87.544823, 38.976828], [-87.544592, 38.97669], [-87.544592, 38.97669], [-87.544351, 38.976546], [-87.544132, 38.976438], [-87.54383, 38.976288], [-87.543519, 38.976131], [-87.543035, 38.975913], [-87.542573, 38.975699], [-87.542094, 38.975577], [-87.541767, 38.975494], [-87.541767, 38.975494], [-87.5417, 38.975477], [-87.541037, 38.975372], [-87.540832, 38.975329], [-87.540491, 38.975258], [-87.540179, 38.975172], [-87.539944, 38.975107], [-87.539822, 38.975071], [-87.53956, 38.974992], [-87.538713, 38.974802], [-87.538155, 38.974638], [-87.537537, 38.974424], [-87.537127, 38.9743], [-87.536496, 38.974145], [-87.535852, 38.973991], [-87.535801, 38.973975], [-87.535278, 38.973817], [-87.534895, 38.973747], [-87.534659, 38.973703], [-87.534015, 38.973526], [-87.533558, 38.973438], [-87.532943, 38.973274], [-87.532832, 38.973237], [-87.532832, 38.973237], [-87.532477, 38.973119], [-87.532313, 38.973065], [-87.532057, 38.972982], [-87.531791, 38.972896], [-87.531735, 38.972874], [-87.531682, 38.972853], [-87.531337, 38.972714], [-87.530621, 38.97246], [-87.53014, 38.972255], [-87.529966, 38.972166], [-87.529644, 38.972011], [-87.529494, 38.971938], [-87.529232, 38.971759], [-87.529059, 38.97161], [-87.52881, 38.971396], [-87.528661, 38.97118], [-87.528348, 38.970785], [-87.527977, 38.97035], [-87.527934, 38.970288], [-87.527751, 38.970022], [-87.527451, 38.969681], [-87.527255, 38.969346], [-87.527196, 38.969245], [-87.526977, 38.968854], [-87.52684, 38.968467], [-87.526647, 38.967999], [-87.526615, 38.967905], [-87.526464, 38.967469], [-87.526326, 38.967023], [-87.525989, 38.966389], [-87.525906, 38.96621], [-87.525833, 38.966052], [-87.525584, 38.965157], [-87.525447, 38.964819], [-87.525404, 38.964712], [-87.525394, 38.964689], [-87.525353, 38.964585], [-87.525289, 38.964428], [-87.525053, 38.964024], [-87.524946, 38.963839], [-87.524835, 38.963687], [-87.524566, 38.963314], [-87.524472, 38.963196], [-87.524472, 38.963196], [-87.524205, 38.96286], [-87.52362, 38.962291], [-87.522887, 38.961636], [-87.5227, 38.961463], [-87.522439, 38.961219], [-87.521892, 38.960785], [-87.521826, 38.96074], [-87.521532, 38.960543], [-87.521151, 38.960281], [-87.521109, 38.960252], [-87.5211, 38.960246], [-87.520708, 38.959996], [-87.520708, 38.959996], [-87.520708, 38.959996], [-87.520639, 38.959952], [-87.520577, 38.959912], [-87.520324, 38.959744], [-87.51981, 38.959402], [-87.51916, 38.959031], [-87.518914, 38.958885], [-87.518537, 38.958664], [-87.518341, 38.95854], [-87.518005, 38.958328], [-87.517545, 38.958042], [-87.51694, 38.957725], [-87.516218, 38.957428], [-87.51603, 38.95735], [-87.515976, 38.957326], [-87.515756, 38.957229], [-87.515756, 38.957229], [-87.515495, 38.957114], [-87.515444, 38.957092], [-87.515303, 38.95703], [-87.515066, 38.956927], [-87.514471, 38.956668], [-87.514266, 38.956579], [-87.51412, 38.956516], [-87.513952, 38.956427], [-87.513885, 38.956391], [-87.513558, 38.956156], [-87.513542, 38.956145], [-87.513512, 38.956121], [-87.513222, 38.955889], [-87.513099, 38.955755], [-87.512884, 38.955521], [-87.512621, 38.955176], [-87.512356, 38.954744], [-87.512251, 38.954506], [-87.51219, 38.95405], [-87.51214, 38.953673], [-87.512189, 38.953203], [-87.51221, 38.95301], [-87.512247, 38.952732], [-87.51227, 38.952559], [-87.512406, 38.951703], [-87.512611, 38.951188], [-87.51287, 38.950489], [-87.51316, 38.949884], [-87.513338, 38.94948], [-87.513417, 38.949301], [-87.513793, 38.948628], [-87.513888, 38.948457], [-87.51399, 38.948333], [-87.514206, 38.948072], [-87.514635, 38.947575], [-87.5149, 38.947274], [-87.514938, 38.947231], [-87.514972, 38.947189], [-87.515337, 38.946743], [-87.515685, 38.946349], [-87.516077, 38.945928], [-87.51646, 38.945571], [-87.516746, 38.945291], [-87.516917, 38.945123], [-87.517262, 38.944752], [-87.517263, 38.944752], [-87.517584, 38.94448], [-87.517642, 38.944437], [-87.517807, 38.944314], [-87.518066, 38.944122], [-87.518511, 38.943813], [-87.518882, 38.943519], [-87.51909, 38.943337], [-87.519104, 38.943324], [-87.519115, 38.943316], [-87.519221, 38.943242], [-87.519469, 38.943097], [-87.519737, 38.942936], [-87.519846, 38.94287], [-87.520133, 38.942724], [-87.520515, 38.942529], [-87.520691, 38.94241], [-87.520848, 38.942303], [-87.521157, 38.942071], [-87.521267, 38.941967], [-87.521401, 38.94184], [-87.521563, 38.941597], [-87.521606, 38.941533], [-87.521673, 38.94139], [-87.521775, 38.941172], [-87.521836, 38.94101], [-87.521888, 38.94087], [-87.521906, 38.940697], [-87.521921, 38.940563], [-87.521929, 38.940166], [-87.521865, 38.939986], [-87.5218, 38.939802], [-87.521716, 38.939604], [-87.521636, 38.939415], [-87.521511, 38.939237], [-87.521416, 38.939101], [-87.521103, 38.938728], [-87.520772, 38.93838], [-87.520559, 38.938154], [-87.520191, 38.937742], [-87.52013, 38.937674], [-87.519713, 38.937225], [-87.519701, 38.937211], [-87.519678, 38.937185], [-87.519678, 38.937185], [-87.519389, 38.936853], [-87.519209, 38.936678], [-87.518907, 38.936382], [-87.518487, 38.935987], [-87.517978, 38.935539], [-87.517788, 38.935337], [-87.517607, 38.935144], [-87.517294, 38.93478], [-87.517133, 38.934561], [-87.517051, 38.934448], [-87.516974, 38.93431], [-87.516865, 38.934115], [-87.516843, 38.934048], [-87.516812, 38.933949], [-87.516746, 38.933679], [-87.51672, 38.933228], [-87.516786, 38.932818], [-87.516846, 38.932327], [-87.51698, 38.931903], [-87.517091, 38.931596], [-87.517116, 38.931528], [-87.5173, 38.931185], [-87.51732, 38.931149], [-87.517512, 38.930774], [-87.517796, 38.930286], [-87.518091, 38.929807], [-87.51842, 38.929206], [-87.518612, 38.928746], [-87.518625, 38.92868], [-87.518684, 38.928403], [-87.51875, 38.927988], [-87.518755, 38.927743], [-87.518761, 38.927463], [-87.518767, 38.927173], [-87.518752, 38.926655], [-87.518735, 38.926523], [-87.51869, 38.926159], [-87.518642, 38.925781], [-87.51862, 38.925611], [-87.518569, 38.925227], [-87.518564, 38.925184], [-87.518559, 38.925128], [-87.518537, 38.924922], [-87.518519, 38.924759], [-87.518494, 38.92443], [-87.518551, 38.924136], [-87.518583, 38.92397], [-87.518646, 38.923795], [-87.518684, 38.92369], [-87.518825, 38.92332], [-87.518853, 38.923275], [-87.519007, 38.923031], [-87.519139, 38.922861], [-87.519268, 38.922696], [-87.51944, 38.922542], [-87.519702, 38.922338], [-87.519755, 38.922306], [-87.520034, 38.92213], [-87.520423, 38.921966], [-87.520781, 38.921827], [-87.52087, 38.921792], [-87.521383, 38.921633], [-87.522002, 38.921504], [-87.52223, 38.921487], [-87.522453, 38.92147], [-87.523061, 38.921467], [-87.523509, 38.921501], [-87.523882, 38.921557], [-87.523923, 38.921563], [-87.523953, 38.921569], [-87.524393, 38.921664], [-87.524603, 38.921685], [-87.524786, 38.921703], [-87.52486, 38.921705], [-87.525073, 38.921711], [-87.525303, 38.92171], [-87.525731, 38.921622], [-87.526301, 38.92139], [-87.526447, 38.921302], [-87.526643, 38.921185], [-87.526763, 38.921074], [-87.526928, 38.920923], [-87.527167, 38.920651], [-87.527417, 38.920321], [-87.52761, 38.919951], [-87.527686, 38.919767], [-87.527756, 38.919599], [-87.527824, 38.919333], [-87.52782, 38.919207], [-87.527816, 38.919082], [-87.527808, 38.918819], [-87.527795, 38.91867], [-87.52777, 38.918387], [-87.527686, 38.917833], [-87.52758, 38.917509], [-87.527461, 38.91713], [-87.527461, 38.91713], [-87.527461, 38.91713], [-87.52738, 38.916875], [-87.527364, 38.916846], [-87.527361, 38.91684], [-87.527316, 38.916758], [-87.527171, 38.916497], [-87.526916, 38.916178], [-87.526686, 38.915856], [-87.526672, 38.915837], [-87.526498, 38.915576], [-87.526478, 38.915526], [-87.526275, 38.914996], [-87.526169, 38.914537], [-87.526102, 38.914051], [-87.526105, 38.913774], [-87.526109, 38.913447], [-87.526148, 38.913201], [-87.526175, 38.913037], [-87.526208, 38.912945], [-87.526343, 38.912572], [-87.526527, 38.912048], [-87.52661, 38.911722], [-87.526656, 38.911543], [-87.526921, 38.911082], [-87.527071, 38.910829], [-87.527105, 38.910772], [-87.527186, 38.910635], [-87.527434, 38.910215], [-87.527566, 38.910033], [-87.527683, 38.909871], [-87.527691, 38.909857], [-87.527832, 38.909596], [-87.527877, 38.909482], [-87.527931, 38.909348], [-87.527955, 38.909158], [-87.527962, 38.9091], [-87.527959, 38.908721], [-87.527956, 38.908688], [-87.527923, 38.908392], [-87.52777, 38.908024], [-87.527603, 38.907753], [-87.527499, 38.907583], [-87.527244, 38.907246], [-87.527194, 38.907179], [-87.527165, 38.907147], [-87.52694, 38.906901], [-87.526741, 38.906693], [-87.52667, 38.906618], [-87.526551, 38.906502], [-87.526349, 38.906304], [-87.526141, 38.906142], [-87.526062, 38.90608], [-87.525692, 38.905902], [-87.525121, 38.905652], [-87.524846, 38.90556], [-87.524708, 38.905514], [-87.524223, 38.905407], [-87.52415, 38.905391], [-87.523655, 38.905316], [-87.523048, 38.905305], [-87.522627, 38.905325], [-87.522594, 38.905331], [-87.522082, 38.905427], [-87.521474, 38.905565], [-87.521231, 38.90562], [-87.520729, 38.905712], [-87.520094, 38.905873], [-87.519675, 38.905973], [-87.519672, 38.905974], [-87.519458, 38.905982], [-87.518852, 38.906004], [-87.518319, 38.905975], [-87.518316, 38.905975], [-87.518136, 38.90593], [-87.517851, 38.90586], [-87.517567, 38.905727], [-87.517528, 38.905708], [-87.517315, 38.905525], [-87.517218, 38.905395], [-87.51711, 38.905251], [-87.516998, 38.904999], [-87.516903, 38.904648], [-87.516882, 38.904402], [-87.516863, 38.90417], [-87.516914, 38.90393], [-87.516925, 38.903877], [-87.516973, 38.903794], [-87.51708, 38.903611], [-87.51728, 38.903395], [-87.517382, 38.903285], [-87.517388, 38.90328], [-87.517656, 38.903072], [-87.517969, 38.902936], [-87.518401, 38.902825], [-87.518833, 38.902738], [-87.519246, 38.902688], [-87.519373, 38.902672], [-87.519453, 38.902669], [-87.51962, 38.902661], [-87.51969, 38.902658], [-87.520491, 38.902586], [-87.521274, 38.90256], [-87.521835, 38.902544], [-87.522165, 38.902536], [-87.522453, 38.902528], [-87.523032, 38.902494], [-87.52355, 38.902478], [-87.524214, 38.902457], [-87.524521, 38.902424], [-87.524699, 38.902387], [-87.525215, 38.902349], [-87.525822, 38.902238], [-87.526485, 38.902127], [-87.527135, 38.902011], [-87.527457, 38.901942], [-87.527786, 38.90184], [-87.527814, 38.901831], [-87.527879, 38.901811], [-87.527927, 38.901796], [-87.528335, 38.901682], [-87.528694, 38.90163], [-87.529125, 38.901646], [-87.529623, 38.901676], [-87.530038, 38.90171], [-87.530164, 38.901724], [-87.530564, 38.901771], [-87.531172, 38.90184], [-87.531648, 38.901831], [-87.531835, 38.901828], [-87.532309, 38.901754], [-87.532686, 38.901648], [-87.533054, 38.901502], [-87.533113, 38.901467], [-87.533439, 38.901271], [-87.533631, 38.901063], [-87.533714, 38.900953], [-87.533795, 38.900846], [-87.533863, 38.900745], [-87.533932, 38.900642], [-87.534066, 38.90016], [-87.534093, 38.899998], [-87.534128, 38.899785], [-87.534279, 38.899484], [-87.53431, 38.899424], [-87.534567, 38.899004], [-87.534851, 38.898565], [-87.535121, 38.89824], [-87.535522, 38.897769], [-87.535654, 38.897601], [-87.535985, 38.897177], [-87.536225, 38.896838], [-87.536286, 38.896659], [-87.536414, 38.896283], [-87.53655, 38.895953], [-87.536582, 38.895785], [-87.536612, 38.895629], [-87.536624, 38.89545], [-87.536628, 38.89539], [-87.536624, 38.895271], [-87.536617, 38.895065], [-87.53656, 38.89484], [-87.536457, 38.894647], [-87.536334, 38.894448], [-87.53628, 38.89436], [-87.536229, 38.894298], [-87.536122, 38.894167], [-87.535899, 38.893911], [-87.535691, 38.893686], [-87.535687, 38.893682], [-87.535128, 38.89313], [-87.534841, 38.892857], [-87.534602, 38.892564], [-87.534599, 38.89256], [-87.534546, 38.892433], [-87.534486, 38.892291], [-87.53441, 38.891935], [-87.534391, 38.891476], [-87.534367, 38.891138], [-87.534381, 38.890828], [-87.534391, 38.890592], [-87.534434, 38.890218], [-87.534523, 38.889727], [-87.534621, 38.889393], [-87.534742, 38.889114], [-87.534815, 38.888946], [-87.534863, 38.888845], [-87.534999, 38.888558], [-87.535098, 38.888395], [-87.53521, 38.888074], [-87.535456, 38.887672], [-87.53556, 38.887465], [-87.535577, 38.887443], [-87.535843, 38.887089], [-87.536054, 38.88703], [-87.536145, 38.887106], [-87.536188, 38.887212], [-87.536208, 38.887263], [-87.536279, 38.887398], [-87.536386, 38.8876], [-87.536498, 38.887839], [-87.53659, 38.888049], [-87.53661, 38.888095], [-87.536796, 38.888347], [-87.536947, 38.888497], [-87.537056, 38.888607], [-87.537248, 38.888804], [-87.53727, 38.888826], [-87.537289, 38.888853], [-87.537503, 38.88915], [-87.537596, 38.889366], [-87.537637, 38.889632], [-87.537674, 38.88987], [-87.537686, 38.890208], [-87.537726, 38.890649], [-87.53776, 38.890919], [-87.537804, 38.891073], [-87.537836, 38.891185], [-87.538135, 38.891792], [-87.538323, 38.892282], [-87.538354, 38.892364], [-87.538384, 38.892444], [-87.538498, 38.892849], [-87.538548, 38.893066], [-87.538603, 38.893299], [-87.5386, 38.89374], [-87.538599, 38.894011], [-87.538579, 38.894187], [-87.538543, 38.89452], [-87.538518, 38.894872], [-87.538511, 38.895169], [-87.53855, 38.895449], [-87.538644, 38.895678], [-87.538837, 38.895853], [-87.538931, 38.895938], [-87.539106, 38.896051], [-87.539237, 38.896135], [-87.539304, 38.896161], [-87.539662, 38.896299], [-87.539938, 38.896356], [-87.54002, 38.896373], [-87.540354, 38.89644], [-87.540962, 38.896451], [-87.54168, 38.89643], [-87.542287, 38.896283], [-87.542638, 38.896132], [-87.542764, 38.896078], [-87.543242, 38.895837], [-87.543344, 38.895772], [-87.543497, 38.895676], [-87.543506, 38.89567], [-87.543521, 38.895661], [-87.543682, 38.89556], [-87.543852, 38.895413], [-87.543993, 38.895293], [-87.544238, 38.895059], [-87.544377, 38.894926], [-87.544605, 38.894591], [-87.544693, 38.894436], [-87.544769, 38.894302], [-87.544913, 38.89391], [-87.54502, 38.893526], [-87.545024, 38.893502], [-87.545032, 38.893445], [-87.54508, 38.893122], [-87.54509, 38.893048], [-87.545124, 38.892584], [-87.545144, 38.89227], [-87.545157, 38.89207], [-87.545159, 38.891877], [-87.545162, 38.891565], [-87.545112, 38.891106], [-87.545103, 38.891039], [-87.545063, 38.890741], [-87.545025, 38.890542], [-87.544987, 38.890345], [-87.544883, 38.889972], [-87.54487, 38.889933], [-87.544798, 38.88972], [-87.544518, 38.889275], [-87.54423, 38.888916], [-87.543949, 38.888652], [-87.543747, 38.888463], [-87.543517, 38.888297], [-87.543349, 38.888177], [-87.543095, 38.887998], [-87.542952, 38.887923], [-87.54271, 38.887797], [-87.542202, 38.887556], [-87.542068, 38.887497], [-87.542023, 38.887478], [-87.541619, 38.887301], [-87.541185, 38.887105], [-87.540974, 38.887042], [-87.540696, 38.886959], [-87.540226, 38.886866], [-87.539858, 38.886728], [-87.539679, 38.886652], [-87.539586, 38.886613], [-87.539263, 38.886465], [-87.539091, 38.886357], [-87.538916, 38.886246], [-87.53874, 38.886133], [-87.53863, 38.886063], [-87.538486, 38.885945], [-87.538318, 38.885807], [-87.538106, 38.885493], [-87.537919, 38.885236], [-87.537808, 38.885084], [-87.537585, 38.884743], [-87.537332, 38.884253], [-87.537291, 38.884127], [-87.537219, 38.883906], [-87.537069, 38.883556], [-87.536947, 38.883245], [-87.536797, 38.882904], [-87.536754, 38.882842], [-87.536648, 38.882693], [-87.536518, 38.88259], [-87.53637, 38.882473], [-87.536161, 38.882289], [-87.536154, 38.882278], [-87.536145, 38.882267], [-87.535903, 38.881962], [-87.535604, 38.881616], [-87.535516, 38.881489], [-87.535446, 38.881387], [-87.535378, 38.881292], [-87.535241, 38.881099], [-87.535169, 38.880916], [-87.535053, 38.880618], [-87.535018, 38.880132], [-87.534917, 38.879682], [-87.534896, 38.879299], [-87.534912, 38.879042], [-87.535004, 38.878809], [-87.535012, 38.878789], [-87.535033, 38.878756], [-87.535266, 38.8784], [-87.535357, 38.878299], [-87.535495, 38.878147], [-87.535614, 38.878046], [-87.535779, 38.877907], [-87.536182, 38.877662], [-87.536678, 38.877461], [-87.537211, 38.877346], [-87.537598, 38.877308], [-87.537752, 38.877297], [-87.537993, 38.877279], [-87.538488, 38.877246], [-87.538781, 38.877222], [-87.539212, 38.877112], [-87.539682, 38.877037], [-87.539989, 38.876982], [-87.540141, 38.876954], [-87.540605, 38.876916], [-87.540905, 38.876892], [-87.541264, 38.876864], [-87.541363, 38.876856], [-87.541393, 38.876854], [-87.541615, 38.876848], [-87.54201, 38.876837], [-87.542572, 38.876835], [-87.542767, 38.876843], [-87.543162, 38.876859], [-87.543444, 38.876856], [-87.543788, 38.876852], [-87.544161, 38.876842], [-87.54446, 38.876835], [-87.544664, 38.876825], [-87.544948, 38.87681], [-87.545436, 38.876727], [-87.545512, 38.87671], [-87.545859, 38.876635], [-87.545969, 38.876594], [-87.546281, 38.87648], [-87.546435, 38.876398], [-87.546526, 38.87635], [-87.546556, 38.876334], [-87.546606, 38.876296], [-87.546904, 38.876071], [-87.547133, 38.875872], [-87.547135, 38.875868], [-87.547288, 38.875682], [-87.547332, 38.875618], [-87.547406, 38.87551], [-87.547504, 38.875329], [-87.547639, 38.875081], [-87.547713, 38.87478], [-87.547766, 38.874562], [-87.547792, 38.874407], [-87.54781, 38.874292], [-87.547837, 38.874039], [-87.547849, 38.873466], [-87.54785, 38.873404], [-87.547847, 38.873016], [-87.547821, 38.872844], [-87.547759, 38.872449], [-87.547702, 38.872206], [-87.547682, 38.87212], [-87.547551, 38.87177], [-87.547386, 38.871478], [-87.547159, 38.87115], [-87.547073, 38.87106], [-87.546865, 38.87084], [-87.546565, 38.870571], [-87.546227, 38.870266], [-87.546177, 38.870225], [-87.545805, 38.869917], [-87.545543, 38.869678], [-87.545279, 38.869437], [-87.545037, 38.869257], [-87.545009, 38.869237], [-87.544941, 38.869187], [-87.544519, 38.868846], [-87.54399, 38.868422], [-87.543937, 38.86838], [-87.543825, 38.868284], [-87.54359, 38.868084], [-87.543459, 38.867974], [-87.543253, 38.867802], [-87.543002, 38.86756], [-87.542936, 38.867439], [-87.542611, 38.866877], [-87.542568, 38.86612], [-87.542614, 38.865728], [-87.542638, 38.865521], [-87.542678, 38.865313], [-87.542754, 38.864916], [-87.543044, 38.864505], [-87.54354, 38.863912], [-87.544049, 38.863591], [-87.544208, 38.86349], [-87.544673, 38.863281], [-87.545162, 38.863179], [-87.545603, 38.863087], [-87.54648, 38.863083], [-87.546725, 38.863122], [-87.547189, 38.863197], [-87.548011, 38.863396], [-87.548029, 38.863403], [-87.548853, 38.86373], [-87.549378, 38.864106], [-87.549585, 38.86428], [-87.54981, 38.864469], [-87.549883, 38.8645], [-87.55014, 38.864611], [-87.550239, 38.864625], [-87.550607, 38.864675], [-87.55065, 38.864681], [-87.550764, 38.864695], [-87.551098, 38.864737], [-87.551294, 38.864732], [-87.551378, 38.864729], [-87.551431, 38.864728], [-87.551639, 38.864721], [-87.552086, 38.864647], [-87.552514, 38.864483], [-87.552784, 38.864336], [-87.553124, 38.864151], [-87.553526, 38.863703], [-87.55362, 38.863381], [-87.553702, 38.863099], [-87.553703, 38.86303], [-87.553703, 38.863028], [-87.553704, 38.862877], [-87.553707, 38.862567], [-87.553461, 38.861722], [-87.55342, 38.861581], [-87.553319, 38.861412], [-87.553205, 38.861222], [-87.55299, 38.860894], [-87.552701, 38.860589], [-87.552452, 38.860389], [-87.552388, 38.860338], [-87.552089, 38.860137], [-87.551938, 38.860066], [-87.551765, 38.859985], [-87.551583, 38.859927], [-87.551434, 38.85988], [-87.55143, 38.859879], [-87.55125, 38.859809], [-87.551144, 38.859767], [-87.550659, 38.859567], [-87.550273, 38.859366], [-87.549937, 38.859214], [-87.549266, 38.85889], [-87.548543, 38.858541], [-87.548048, 38.858261], [-87.547982, 38.858223], [-87.547495, 38.857919], [-87.547406, 38.85788], [-87.547251, 38.857813], [-87.54719, 38.857786], [-87.547035, 38.857719], [-87.546538, 38.857509], [-87.546164, 38.857326], [-87.545879, 38.857239], [-87.545742, 38.857197], [-87.54532, 38.857068], [-87.54496, 38.856958], [-87.544812, 38.856921], [-87.544625, 38.856874], [-87.544364, 38.856771], [-87.543942, 38.856611], [-87.543648, 38.85647], [-87.543543, 38.856419], [-87.543405, 38.856352], [-87.543095, 38.856201], [-87.542297, 38.855682], [-87.54208, 38.855556], [-87.541935, 38.855471], [-87.541607, 38.855302], [-87.541425, 38.855208], [-87.541039, 38.855016], [-87.540714, 38.85488], [-87.54038, 38.85474], [-87.539709, 38.854495], [-87.539088, 38.854246], [-87.538834, 38.85414], [-87.538702, 38.854085], [-87.538499, 38.854019], [-87.538069, 38.853876], [-87.537375, 38.853686], [-87.536385, 38.853456], [-87.53559, 38.853312], [-87.535152, 38.853232], [-87.534424, 38.853132], [-87.533678, 38.853063], [-87.533625, 38.85305], [-87.533099, 38.852917], [-87.532371, 38.852776], [-87.532097, 38.85273], [-87.531995, 38.852713], [-87.531491, 38.852628], [-87.531456, 38.852622], [-87.530992, 38.852552], [-87.530895, 38.852536], [-87.529954, 38.852381], [-87.529271, 38.852209], [-87.528634, 38.851901], [-87.527966, 38.851548], [-87.527662, 38.851312], [-87.527471, 38.851163], [-87.527104, 38.850853], [-87.526967, 38.85068], [-87.526688, 38.850328], [-87.526333, 38.849532], [-87.525938, 38.84889], [-87.525875, 38.848633], [-87.525855, 38.848178], [-87.525869, 38.847876], [-87.525937, 38.847634], [-87.526039, 38.847272], [-87.526429, 38.846414], [-87.526462, 38.84611], [-87.526474, 38.846004], [-87.526359, 38.845531], [-87.526153, 38.845212], [-87.526068, 38.845082], [-87.525965, 38.844704], [-87.526016, 38.844382], [-87.526066, 38.844063], [-87.526219, 38.843727], [-87.526406, 38.843314], [-87.526638, 38.842652], [-87.526686, 38.842515], [-87.526718, 38.842385], [-87.526861, 38.841798], [-87.526877, 38.841431], [-87.526898, 38.840964], [-87.526936, 38.840157], [-87.52688, 38.839676], [-87.526882, 38.839039], [-87.526882, 38.839021], [-87.526882, 38.838995], [-87.526863, 38.838799], [-87.526825, 38.838423], [-87.526693, 38.837834], [-87.526691, 38.837874], [-87.526603, 38.837612], [-87.526526, 38.837379], [-87.526398, 38.837079], [-87.526334, 38.836925], [-87.526193, 38.836662], [-87.526143, 38.83657], [-87.526119, 38.836502], [-87.52595, 38.83603], [-87.525785, 38.835679], [-87.525618, 38.835297], [-87.525377, 38.834834], [-87.525008, 38.834097], [-87.524543, 38.833522], [-87.524389, 38.833317], [-87.524253, 38.833136], [-87.524089, 38.832875], [-87.524075, 38.832858], [-87.523976, 38.832731], [-87.523938, 38.832683], [-87.523938, 38.832682], [-87.523926, 38.832668], [-87.523687, 38.832377], [-87.523359, 38.83196], [-87.523045, 38.831578], [-87.522856, 38.831304], [-87.522616, 38.830931], [-87.522536, 38.830796], [-87.522452, 38.830652], [-87.522286, 38.830302], [-87.522162, 38.830017], [-87.522157, 38.830005], [-87.52212, 38.829915], [-87.522058, 38.829742], [-87.522017, 38.829627], [-87.521797, 38.828979], [-87.52174, 38.828757], [-87.521693, 38.828574], [-87.521685, 38.828406], [-87.521676, 38.828223], [-87.521674, 38.828205], [-87.521673, 38.8282], [-87.521636, 38.827538], [-87.521717, 38.82683], [-87.521865, 38.826221], [-87.522097, 38.825351], [-87.522332, 38.824877], [-87.52252, 38.824529], [-87.522701, 38.824273], [-87.522897, 38.823995], [-87.523762, 38.822883], [-87.523881, 38.822729], [-87.524112, 38.822476], [-87.524405, 38.82224], [-87.524882, 38.821954], [-87.524963, 38.821898], [-87.525372, 38.82161], [-87.525751, 38.821379], [-87.526013, 38.821219], [-87.526518, 38.820771], [-87.52679, 38.820423], [-87.52681, 38.820403], [-87.526836, 38.820378], [-87.527101, 38.819985], [-87.527123, 38.819953], [-87.527126, 38.819948], [-87.527129, 38.819942], [-87.527335, 38.819537], [-87.527433, 38.818987], [-87.527458, 38.818713], [-87.527465, 38.818636], [-87.527449, 38.818529], [-87.527404, 38.818235], [-87.527231, 38.817835], [-87.527084, 38.817709], [-87.526984, 38.817623], [-87.526906, 38.817557], [-87.526517, 38.817162], [-87.526217, 38.816893], [-87.525773, 38.816517], [-87.525724, 38.816476], [-87.525616, 38.816395], [-87.525261, 38.816131], [-87.52491, 38.815835], [-87.524526, 38.815526], [-87.524127, 38.815196], [-87.523871, 38.814984], [-87.523712, 38.81485], [-87.523296, 38.8145], [-87.522593, 38.813922], [-87.522321, 38.813699], [-87.522226, 38.813622], [-87.52219, 38.813589], [-87.521762, 38.813205], [-87.521355, 38.812823], [-87.521042, 38.812487], [-87.520614, 38.811939], [-87.520469, 38.811771], [-87.520074, 38.811315], [-87.519214, 38.810445], [-87.518672, 38.80969], [-87.518431, 38.809232], [-87.518107, 38.80849], [-87.517906, 38.808065], [-87.517802, 38.807847], [-87.517628, 38.807527], [-87.517367, 38.807047], [-87.517195, 38.806704], [-87.517066, 38.806444], [-87.516744, 38.805938], [-87.516674, 38.805829], [-87.516621, 38.805738], [-87.516393, 38.805352], [-87.516092, 38.804845], [-87.515792, 38.804548], [-87.515678, 38.8044], [-87.515578, 38.80427], [-87.515289, 38.80392], [-87.515185, 38.803784], [-87.515038, 38.803592], [-87.514724, 38.803238], [-87.514552, 38.803053], [-87.514411, 38.802901], [-87.514298, 38.802772], [-87.514159, 38.802614], [-87.513859, 38.802286], [-87.513508, 38.8019], [-87.513256, 38.801572], [-87.513014, 38.801269], [-87.512979, 38.801227], [-87.512565, 38.800737], [-87.512062, 38.800091], [-87.511787, 38.799706], [-87.511747, 38.79965], [-87.511079, 38.798685], [-87.510727, 38.798272], [-87.510577, 38.798097], [-87.510083, 38.797477], [-87.509635, 38.797019], [-87.509219, 38.796611], [-87.509206, 38.7966], [-87.508708, 38.796181], [-87.507958, 38.795598], [-87.507946, 38.79559], [-87.506889, 38.794868], [-87.506028, 38.794341], [-87.505693, 38.794067], [-87.505489, 38.793985], [-87.50512, 38.793835], [-87.504371, 38.793487], [-87.503941, 38.793268], [-87.503332, 38.79287], [-87.502749, 38.792476], [-87.502538, 38.792343], [-87.502287, 38.792185], [-87.502068, 38.792007], [-87.501972, 38.791929], [-87.501668, 38.791682], [-87.501553, 38.791589], [-87.501407, 38.791466], [-87.501102, 38.791208], [-87.500764, 38.790772], [-87.50064, 38.790511], [-87.500573, 38.790408], [-87.500448, 38.790141], [-87.500346, 38.789922], [-87.500009, 38.789613], [-87.499616, 38.789096], [-87.498844, 38.788361], [-87.498616, 38.788123], [-87.498316, 38.787809], [-87.498081, 38.787568], [-87.49779, 38.78727], [-87.49743, 38.786857], [-87.496995, 38.786359], [-87.496347, 38.785537], [-87.496052, 38.785079], [-87.495972, 38.784924], [-87.495574, 38.784153], [-87.495379, 38.783685], [-87.495353, 38.783498], [-87.495273, 38.782924], [-87.495275, 38.782502], [-87.495278, 38.781887], [-87.495301, 38.781265], [-87.495307, 38.781108], [-87.495397, 38.780788], [-87.495634, 38.779948], [-87.496144, 38.779131], [-87.496358, 38.778889], [-87.496504, 38.778724], [-87.497, 38.778127], [-87.497103, 38.778044], [-87.497121, 38.77803], [-87.498048, 38.777289], [-87.498681, 38.776759], [-87.499089, 38.776471], [-87.499291, 38.776328], [-87.500026, 38.775739], [-87.500348, 38.775517], [-87.500533, 38.775422], [-87.500718, 38.775326], [-87.500752, 38.775308], [-87.501033, 38.775149], [-87.501128, 38.775097], [-87.501315, 38.774995], [-87.501707, 38.774795], [-87.502045, 38.774617], [-87.502099, 38.774589], [-87.502173, 38.77455], [-87.502479, 38.774413], [-87.502748, 38.774281], [-87.502904, 38.774221], [-87.502994, 38.774186], [-87.503257, 38.774097], [-87.503264, 38.774094], [-87.503621, 38.773994], [-87.504075, 38.773884], [-87.504433, 38.773811], [-87.504482, 38.773801], [-87.504502, 38.773799], [-87.504918, 38.773772], [-87.50495, 38.773767], [-87.50532, 38.773766], [-87.505506, 38.773777], [-87.505715, 38.773791], [-87.505959, 38.773795], [-87.506184, 38.773798], [-87.506313, 38.773797], [-87.506616, 38.773791], [-87.506666, 38.773791], [-87.506949, 38.77379], [-87.50696, 38.77379], [-87.507331, 38.773779], [-87.508143, 38.77375], [-87.50817, 38.773749], [-87.5087, 38.77376], [-87.508849, 38.773764], [-87.509379, 38.773721], [-87.509509, 38.773713], [-87.509773, 38.773697], [-87.510328, 38.773636], [-87.510784, 38.773629], [-87.510784, 38.773629], [-87.511302, 38.773618], [-87.51168, 38.773595], [-87.511857, 38.773584], [-87.512071, 38.773551], [-87.512276, 38.773519], [-87.512494, 38.773473], [-87.512644, 38.773441], [-87.513111, 38.773308], [-87.513221, 38.773254], [-87.513528, 38.773103], [-87.51387, 38.772868], [-87.514138, 38.772632], [-87.514431, 38.772338], [-87.514494, 38.772229], [-87.514563, 38.772112], [-87.514756, 38.771782], [-87.514855, 38.771545], [-87.514923, 38.771385], [-87.514942, 38.771273], [-87.514991, 38.770984], [-87.514996, 38.770903], [-87.515006, 38.770742], [-87.515008, 38.770706], [-87.515011, 38.770655], [-87.514979, 38.770453], [-87.514957, 38.770308], [-87.514827, 38.769881], [-87.51465, 38.769543], [-87.514531, 38.769337], [-87.514384, 38.76908], [-87.514245, 38.7689], [-87.514208, 38.768851], [-87.513932, 38.76856], [-87.513557, 38.768215], [-87.513047, 38.767919], [-87.512575, 38.767701], [-87.512312, 38.767601], [-87.512303, 38.767598], [-87.512103, 38.767522], [-87.511595, 38.767313], [-87.511159, 38.76718], [-87.511099, 38.767162], [-87.510917, 38.767124], [-87.51074, 38.767087], [-87.510636, 38.767071], [-87.510315, 38.767021], [-87.510249, 38.767009], [-87.510171, 38.766995], [-87.509973, 38.766982], [-87.509776, 38.766969], [-87.509635, 38.766977], [-87.509332, 38.766994], [-87.508889, 38.767036], [-87.508609, 38.767077], [-87.50831, 38.76712], [-87.508246, 38.767138], [-87.508027, 38.767198], [-87.507587, 38.767407], [-87.5075, 38.767448], [-87.50717, 38.767661], [-87.507056, 38.76776], [-87.506845, 38.767942], [-87.506809, 38.767973], [-87.506792, 38.767987], [-87.506462, 38.7682], [-87.506358, 38.76826], [-87.506083, 38.768418], [-87.505593, 38.768686], [-87.505078, 38.768914], [-87.504611, 38.76906], [-87.504463, 38.769079], [-87.503811, 38.769154], [-87.503779, 38.769158], [-87.503306, 38.769219], [-87.503016, 38.769234], [-87.50285, 38.769243], [-87.502757, 38.769249], [-87.502604, 38.769258], [-87.502283, 38.769277], [-87.501778, 38.769311], [-87.501346, 38.769295], [-87.501073, 38.769246], [-87.500811, 38.769197], [-87.500726, 38.76918], [-87.500714, 38.769175], [-87.500615, 38.769127], [-87.500494, 38.769095], [-87.500331, 38.769051], [-87.500139, 38.769024], [-87.499999, 38.769003], [-87.499023, 38.768615], [-87.498799, 38.768526], [-87.498211, 38.768123], [-87.497977, 38.767962], [-87.497957, 38.767945], [-87.49739, 38.76746], [-87.497002, 38.766272], [-87.497034, 38.765231], [-87.497136, 38.764537], [-87.497338, 38.763774], [-87.497798, 38.762677], [-87.497872, 38.762293], [-87.497964, 38.761812], [-87.498219, 38.760756], [-87.498383, 38.759769], [-87.498447, 38.759504], [-87.498572, 38.758993], [-87.498798, 38.75845], [-87.498922, 38.758153], [-87.499219, 38.757508], [-87.499711, 38.756888], [-87.499971, 38.756518], [-87.500025, 38.756441], [-87.500034, 38.756432], [-87.500107, 38.75635], [-87.500369, 38.756061], [-87.500467, 38.755968], [-87.500555, 38.755884], [-87.500771, 38.755654], [-87.50111, 38.755216], [-87.501111, 38.755215], [-87.501112, 38.755214], [-87.501383, 38.754939], [-87.501633, 38.754659], [-87.501776, 38.754478], [-87.501847, 38.754387], [-87.502108, 38.75403], [-87.502288, 38.753743], [-87.50238, 38.753597], [-87.5024, 38.753561], [-87.502576, 38.753249], [-87.502667, 38.753022], [-87.502699, 38.752942], [-87.502793, 38.752738], [-87.502853, 38.752608], [-87.502911, 38.752453], [-87.503, 38.75222], [-87.503112, 38.751926], [-87.503247, 38.75161], [-87.50325, 38.751603], [-87.503382, 38.751267], [-87.503456, 38.751076], [-87.503577, 38.750762], [-87.503662, 38.750447], [-87.50374, 38.750162], [-87.503821, 38.749943], [-87.503917, 38.749688], [-87.50403, 38.749241], [-87.504032, 38.749222], [-87.504045, 38.749111], [-87.504072, 38.748868], [-87.504078, 38.748809], [-87.504107, 38.748588], [-87.504092, 38.748349], [-87.504058, 38.748101], [-87.503936, 38.747809], [-87.503848, 38.747598], [-87.503745, 38.747432], [-87.503719, 38.747391], [-87.50371, 38.747379], [-87.503521, 38.747144], [-87.503482, 38.747109], [-87.503256, 38.746911], [-87.502647, 38.746449], [-87.502288, 38.746216], [-87.502084, 38.746058], [-87.50192, 38.74593], [-87.501534, 38.745693], [-87.501465, 38.745652], [-87.501228, 38.745514], [-87.500675, 38.745194], [-87.500517, 38.745102], [-87.500248, 38.744964], [-87.500175, 38.744922], [-87.499705, 38.74465], [-87.498899, 38.744316], [-87.498102, 38.743918], [-87.498012, 38.743865], [-87.497957, 38.743833], [-87.497368, 38.743484], [-87.496829, 38.743081], [-87.496396, 38.742664], [-87.496141, 38.742286], [-87.496136, 38.742278], [-87.495918, 38.741859], [-87.495879, 38.741688], [-87.495829, 38.741472], [-87.495807, 38.741224], [-87.495783, 38.74095], [-87.496035, 38.74016], [-87.496219, 38.739808], [-87.496398, 38.739582], [-87.496947, 38.739107], [-87.497015, 38.73906], [-87.498503, 38.738041], [-87.499187, 38.737624], [-87.499973, 38.737134], [-87.500401, 38.736911], [-87.500575, 38.73682], [-87.50154, 38.736474], [-87.501984, 38.736375], [-87.502676, 38.736221], [-87.503547, 38.736023], [-87.5038, 38.735982], [-87.504098, 38.735913], [-87.504134, 38.735899], [-87.504364, 38.735808], [-87.504491, 38.735747], [-87.504734, 38.735631], [-87.504868, 38.735521], [-87.505007, 38.735409], [-87.505271, 38.735168], [-87.505295, 38.735146], [-87.505338, 38.735098], [-87.505616, 38.734784], [-87.505619, 38.734781], [-87.50562, 38.73478], [-87.505675, 38.734723], [-87.505729, 38.734667], [-87.505939, 38.734341], [-87.505977, 38.734279], [-87.506155, 38.733984], [-87.506211, 38.733911], [-87.506331, 38.733754], [-87.506495, 38.733375], [-87.506557, 38.733182], [-87.506602, 38.733041], [-87.506644, 38.732709], [-87.506684, 38.732392], [-87.506714, 38.732131], [-87.50675, 38.731819], [-87.506839, 38.731204], [-87.50688, 38.730926], [-87.507119, 38.729429], [-87.507284, 38.728775], [-87.507476, 38.727934], [-87.507525, 38.727715], [-87.507554, 38.727642], [-87.507913, 38.72674], [-87.508153, 38.726309], [-87.508258, 38.726122], [-87.508814, 38.72543], [-87.509136, 38.725076], [-87.509431, 38.724751], [-87.509541, 38.724634], [-87.509633, 38.724536], [-87.509965, 38.724184], [-87.510057, 38.724086], [-87.510603, 38.723511], [-87.511226, 38.722855], [-87.511361, 38.722691], [-87.511691, 38.72229], [-87.51186, 38.722039], [-87.51197, 38.721876], [-87.512231, 38.72149], [-87.512697, 38.720866], [-87.512698, 38.720865], [-87.512998, 38.720464], [-87.513169, 38.720267], [-87.513544, 38.719835], [-87.513771, 38.719598], [-87.514085, 38.71927], [-87.514826, 38.718613], [-87.515229, 38.718216], [-87.515515, 38.717934], [-87.515566, 38.717862], [-87.515651, 38.717742], [-87.515826, 38.717495], [-87.516052, 38.717175], [-87.516517, 38.716619], [-87.516648, 38.716415], [-87.51677, 38.716226], [-87.51678, 38.716212], [-87.516817, 38.716169], [-87.516843, 38.71614], [-87.517145, 38.71571], [-87.517195, 38.715638], [-87.517304, 38.715487], [-87.517547, 38.715147], [-87.517692, 38.714946], [-87.518019, 38.714466], [-87.518034, 38.714445], [-87.518068, 38.714395], [-87.518278, 38.713923], [-87.518381, 38.713691], [-87.518746, 38.712657], [-87.51912, 38.711709], [-87.519131, 38.711667], [-87.519309, 38.711001], [-87.519497, 38.710243], [-87.519534, 38.709838], [-87.519535, 38.709824], [-87.519533, 38.709792], [-87.519489, 38.709153], [-87.519435, 38.708701], [-87.519419, 38.708568], [-87.519382, 38.708266], [-87.519327, 38.707872], [-87.51927, 38.707469], [-87.519213, 38.707161], [-87.519134, 38.70673], [-87.519045, 38.706055], [-87.519022, 38.705787], [-87.51898, 38.705289], [-87.518969, 38.70466], [-87.518963, 38.704311], [-87.51895, 38.704095], [-87.518933, 38.703816], [-87.518962, 38.703261], [-87.518978, 38.702689], [-87.519008, 38.702094], [-87.519032, 38.701748], [-87.519069, 38.70122], [-87.519112, 38.700053], [-87.519126, 38.699649], [-87.51914, 38.699282], [-87.519163, 38.699045], [-87.519218, 38.698462], [-87.519399, 38.69769], [-87.519979, 38.696618], [-87.520066, 38.696457], [-87.520785, 38.69526], [-87.521471, 38.694266], [-87.521705, 38.693945], [-87.522074, 38.693438], [-87.522594, 38.692787], [-87.522789, 38.692518], [-87.523096, 38.692095], [-87.523341, 38.691797], [-87.523576, 38.691512], [-87.523913, 38.691065], [-87.524088, 38.690834], [-87.524268, 38.690621], [-87.525167, 38.689554], [-87.525564, 38.689196], [-87.525679, 38.689092], [-87.526216, 38.688621], [-87.526661, 38.68821], [-87.52707, 38.687833], [-87.527607, 38.687352], [-87.52761, 38.687349], [-87.527612, 38.687347], [-87.528113, 38.686864], [-87.529239, 38.685827], [-87.52986, 38.685266], [-87.530692, 38.684541], [-87.531539, 38.683846], [-87.531658, 38.683748], [-87.532381, 38.683173], [-87.532895, 38.682819], [-87.53302, 38.682733], [-87.534114, 38.682025], [-87.534876, 38.681558], [-87.535048, 38.681453], [-87.53581, 38.681057], [-87.536481, 38.680712], [-87.537071, 38.680411], [-87.537615, 38.680143], [-87.537788, 38.680059], [-87.537935, 38.679988], [-87.538208, 38.679863], [-87.538222, 38.679856], [-87.539279, 38.679464], [-87.539599, 38.679345], [-87.541056, 38.678803], [-87.541882, 38.678492], [-87.542843, 38.678181], [-87.543443, 38.678026], [-87.544016, 38.677879], [-87.544801, 38.67769], [-87.545539, 38.67757], [-87.546177, 38.677449], [-87.547255, 38.677246], [-87.548532, 38.67701], [-87.549767, 38.676838], [-87.550585, 38.676712], [-87.551488, 38.676618], [-87.552856, 38.676427], [-87.55419, 38.676222], [-87.555007, 38.676114], [-87.555642, 38.676031], [-87.557145, 38.675821], [-87.557598, 38.675759], [-87.558142, 38.675685], [-87.558451, 38.675645], [-87.559078, 38.675564], [-87.559958, 38.675465], [-87.560072, 38.675452], [-87.561064, 38.675342], [-87.562162, 38.675229], [-87.563575, 38.675078], [-87.56421, 38.675018], [-87.564639, 38.674978], [-87.565156, 38.67493], [-87.565558, 38.674893], [-87.566806, 38.674778], [-87.568233, 38.674605], [-87.569205, 38.674478], [-87.569448, 38.674446], [-87.571584, 38.674183], [-87.572261, 38.674058], [-87.572975, 38.673924], [-87.573614, 38.673804], [-87.574653, 38.673582], [-87.575835, 38.673311], [-87.575977, 38.673285], [-87.576014, 38.673278], [-87.576017, 38.673277], [-87.576032, 38.673274], [-87.576921, 38.673089], [-87.577365, 38.672995], [-87.578093, 38.67284], [-87.579025, 38.672608], [-87.579756, 38.672426], [-87.580698, 38.672186], [-87.581038, 38.6721], [-87.582349, 38.671759], [-87.582593, 38.671695], [-87.584226, 38.67125], [-87.584796, 38.671068], [-87.585356, 38.670889], [-87.585824, 38.67073], [-87.58662, 38.670459], [-87.588558, 38.669638], [-87.589261, 38.669346], [-87.58972, 38.669155], [-87.590675, 38.668725], [-87.590784, 38.668676], [-87.591683, 38.668275], [-87.59196, 38.668152], [-87.59283, 38.667737], [-87.593829, 38.667241], [-87.594688, 38.666827], [-87.595172, 38.666558], [-87.59563, 38.666304], [-87.596354, 38.66589], [-87.596942, 38.665513], [-87.597648, 38.664996], [-87.597655, 38.66499], [-87.59821, 38.664529], [-87.598655, 38.66409], [-87.599334, 38.663446], [-87.599828, 38.662876], [-87.600475, 38.66208], [-87.600931, 38.66141], [-87.601274, 38.660823], [-87.601325, 38.660709], [-87.601478, 38.660371], [-87.60153, 38.660263], [-87.60167, 38.659977], [-87.601909, 38.659486], [-87.602098, 38.658868], [-87.602278, 38.658457], [-87.60242, 38.658059], [-87.602491, 38.657852], [-87.602527, 38.657748], [-87.602681, 38.657269], [-87.602745, 38.656712], [-87.602813, 38.656129], [-87.602825, 38.655912], [-87.60285, 38.655453], [-87.602776, 38.654642], [-87.602764, 38.654585], [-87.60267, 38.654129], [-87.602754, 38.653588], [-87.602784, 38.65334], [-87.602809, 38.653141], [-87.60289, 38.652704], [-87.603081, 38.651987], [-87.603089, 38.651955], [-87.603187, 38.651545], [-87.603288, 38.651129], [-87.603421, 38.650719], [-87.603568, 38.650267], [-87.603681, 38.649938], [-87.603815, 38.64955], [-87.60408, 38.648926], [-87.604402, 38.648342], [-87.604446, 38.648262], [-87.604519, 38.648143], [-87.604813, 38.647661], [-87.605366, 38.64705], [-87.605751, 38.646624], [-87.606076, 38.646344], [-87.606204, 38.646234], [-87.606554, 38.645942], [-87.606757, 38.645772], [-87.607252, 38.645409], [-87.607345, 38.645341], [-87.607362, 38.645331], [-87.60793, 38.645016], [-87.607968, 38.644995], [-87.608658, 38.644645], [-87.609375, 38.644429], [-87.610125, 38.644182], [-87.610141, 38.644177], [-87.610141, 38.644177], [-87.61016, 38.644171], [-87.610311, 38.644125], [-87.61041, 38.644095], [-87.610985, 38.643921], [-87.611104, 38.643896], [-87.611184, 38.643879], [-87.611286, 38.643856], [-87.611628, 38.643777], [-87.611997, 38.643691], [-87.612398, 38.643598], [-87.612902, 38.64346], [-87.613492, 38.64329], [-87.613681, 38.643249], [-87.614193, 38.643138], [-87.614493, 38.643062], [-87.61469, 38.643013], [-87.61474, 38.643], [-87.614943, 38.642949], [-87.615402, 38.642845], [-87.615734, 38.642769], [-87.616119, 38.642658], [-87.616516, 38.642544], [-87.61668, 38.642475], [-87.61707, 38.642312], [-87.61758, 38.641998], [-87.617795, 38.641866], [-87.6181, 38.641668], [-87.618353, 38.641503], [-87.618819, 38.64114], [-87.619044, 38.640905], [-87.619266, 38.640673], [-87.619535, 38.640337], [-87.619617, 38.640234], [-87.620018, 38.639737], [-87.620295, 38.639307], [-87.620633, 38.638751], [-87.620779, 38.63834], [-87.62086, 38.638045], [-87.62091, 38.637862], [-87.620933, 38.637706], [-87.620974, 38.637424], [-87.620968, 38.636776], [-87.620945, 38.636586], [-87.620914, 38.636338], [-87.620896, 38.636195], [-87.620824, 38.635882], [-87.620788, 38.635727], [-87.620616, 38.635119], [-87.620496, 38.634726], [-87.620442, 38.634553], [-87.620345, 38.634351], [-87.620012, 38.633667], [-87.619939, 38.633487], [-87.619753, 38.633033], [-87.619495, 38.632522], [-87.619444, 38.632422], [-87.619374, 38.632303], [-87.619135, 38.631896], [-87.618944, 38.631585], [-87.618827, 38.631393], [-87.618534, 38.630986], [-87.618314, 38.63068], [-87.617955, 38.630258], [-87.61766, 38.629959], [-87.617512, 38.62981], [-87.617137, 38.629456], [-87.61709, 38.629409], [-87.616763, 38.629084], [-87.61655, 38.628875], [-87.61632, 38.628649], [-87.616181, 38.628479], [-87.616064, 38.628335], [-87.615944, 38.62815], [-87.615875, 38.628043], [-87.61578, 38.627817], [-87.615651, 38.627513], [-87.615576, 38.627129], [-87.615545, 38.626972], [-87.615539, 38.62687], [-87.615526, 38.626657], [-87.615499, 38.626314], [-87.615487, 38.626166], [-87.61545, 38.625537], [-87.615445, 38.625445], [-87.615479, 38.625053], [-87.615605, 38.624584], [-87.615804, 38.624015], [-87.616077, 38.623451], [-87.616106, 38.623413], [-87.616462, 38.622953], [-87.616849, 38.622572], [-87.61728, 38.622288], [-87.617442, 38.622182], [-87.618047, 38.621795], [-87.618953, 38.621383], [-87.618989, 38.621367], [-87.619543, 38.621116], [-87.620023, 38.620897], [-87.620043, 38.620886], [-87.620466, 38.620647], [-87.621317, 38.620143], [-87.622079, 38.619413], [-87.622452, 38.618717], [-87.622458, 38.6187], [-87.622486, 38.61862], [-87.622651, 38.618135], [-87.622675, 38.617881], [-87.622702, 38.61758], [-87.622661, 38.61713], [-87.622574, 38.616768], [-87.622508, 38.616495], [-87.622284, 38.615933], [-87.621874, 38.615372], [-87.62139, 38.614794], [-87.620918, 38.614134], [-87.620548, 38.613611], [-87.620359, 38.613344], [-87.620289, 38.612952], [-87.620385, 38.612626], [-87.620397, 38.612586], [-87.620654, 38.612252], [-87.620706, 38.612214], [-87.621148, 38.611893], [-87.62152, 38.611621], [-87.622054, 38.611284], [-87.622617, 38.611056], [-87.623514, 38.610637], [-87.624242, 38.610286], [-87.624408, 38.610176], [-87.624494, 38.61012], [-87.624696, 38.609986], [-87.625014, 38.609764], [-87.625275, 38.609593], [-87.625638, 38.609355], [-87.626382, 38.608743], [-87.626791, 38.60824], [-87.626928, 38.608038], [-87.627148, 38.607711], [-87.627282, 38.607448], [-87.627431, 38.607155], [-87.627488, 38.606913], [-87.62754, 38.606686], [-87.627557, 38.606445], [-87.627563, 38.606357], [-87.627535, 38.605853], [-87.627442, 38.605552], [-87.627397, 38.605407], [-87.62731, 38.605126], [-87.627271, 38.605002], [-87.627208, 38.604843], [-87.627046, 38.604431], [-87.626971, 38.604249], [-87.626871, 38.604004], [-87.626592, 38.603489], [-87.626572, 38.603452], [-87.626409, 38.603106], [-87.626221, 38.602629], [-87.625983, 38.602013], [-87.62584, 38.601383], [-87.625678, 38.600604], [-87.625525, 38.599226], [-87.625397, 38.598761], [-87.625371, 38.598664], [-87.625365, 38.598641], [-87.625279, 38.598514], [-87.625024, 38.598134], [-87.624894, 38.597956], [-87.624673, 38.597654], [-87.624556, 38.597519], [-87.624419, 38.597363], [-87.624407, 38.597349], [-87.623787, 38.596645], [-87.623782, 38.59664], [-87.623714, 38.596574], [-87.623501, 38.596367], [-87.623343, 38.596214], [-87.622998, 38.596001], [-87.622663, 38.595794], [-87.622414, 38.595688], [-87.622007, 38.595514], [-87.621209, 38.595252], [-87.620381, 38.595072], [-87.619888, 38.595007], [-87.619754, 38.594999], [-87.619431, 38.594978], [-87.618533, 38.59498], [-87.617828, 38.594982], [-87.616799, 38.595], [-87.616705, 38.595001], [-87.615689, 38.595025], [-87.615091, 38.595059], [-87.614811, 38.595074], [-87.614039, 38.595101], [-87.61351, 38.595086], [-87.613251, 38.595031], [-87.613117, 38.595002], [-87.612924, 38.594916], [-87.612688, 38.594811], [-87.612144, 38.594338], [-87.6119, 38.594125], [-87.611435, 38.5937], [-87.611116, 38.593287], [-87.611069, 38.593165], [-87.61082, 38.592522], [-87.61081, 38.592188], [-87.610797, 38.591725], [-87.611018, 38.591156], [-87.611343, 38.590515], [-87.611875, 38.58966], [-87.612233, 38.589118], [-87.612604, 38.588688], [-87.613291, 38.588233], [-87.613685, 38.588033], [-87.614266, 38.587798], [-87.614328, 38.587773], [-87.614512, 38.587708], [-87.615107, 38.587498], [-87.615327, 38.587437], [-87.615959, 38.58726], [-87.616587, 38.587099], [-87.616671, 38.587077], [-87.617262, 38.586928], [-87.618228, 38.586675], [-87.619117, 38.586472], [-87.619359, 38.586415], [-87.619849, 38.586297], [-87.620075, 38.586245], [-87.620289, 38.586196], [-87.620809, 38.586107], [-87.621448, 38.586066], [-87.621573, 38.586058], [-87.621731, 38.586063], [-87.622289, 38.586082], [-87.623001, 38.586163], [-87.623725, 38.586272], [-87.624478, 38.586462], [-87.625058, 38.586657], [-87.625232, 38.586706], [-87.625439, 38.586764], [-87.625551, 38.586795], [-87.625785, 38.58686], [-87.626021, 38.586955], [-87.626719, 38.587234], [-87.62736, 38.587559], [-87.627922, 38.587903], [-87.628685, 38.588413], [-87.629128, 38.588803], [-87.629463, 38.589069], [-87.629831, 38.589362], [-87.630354, 38.58981], [-87.630964, 38.590298], [-87.631557, 38.590724], [-87.631679, 38.590812], [-87.632571, 38.59147], [-87.632983, 38.591735], [-87.633527, 38.592086], [-87.63443, 38.592582], [-87.634814, 38.59271], [-87.635145, 38.59283], [-87.635515, 38.592936], [-87.635696, 38.592961], [-87.635824, 38.592979], [-87.635977, 38.592987], [-87.636337, 38.593004], [-87.636577, 38.592989], [-87.636946, 38.592928], [-87.637389, 38.592782], [-87.637485, 38.59274], [-87.637783, 38.592608], [-87.638221, 38.592331], [-87.638714, 38.591914], [-87.638833, 38.591798], [-87.639233, 38.591411], [-87.639455, 38.591156], [-87.639728, 38.59084], [-87.639964, 38.590458], [-87.640063, 38.590298], [-87.64022, 38.589968], [-87.640317, 38.589616], [-87.640372, 38.589129], [-87.640372, 38.587935], [-87.640368, 38.587083], [-87.640319, 38.586347], [-87.640276, 38.585705], [-87.640261, 38.58544], [-87.640224, 38.584804], [-87.640138, 38.584043], [-87.640081, 38.583278], [-87.640023, 38.582593], [-87.640001, 38.582504], [-87.639864, 38.581949], [-87.639538, 38.581262], [-87.639233, 38.5807], [-87.639052, 38.580368], [-87.638747, 38.579824], [-87.638482, 38.579168], [-87.638469, 38.579136], [-87.638256, 38.578489], [-87.638247, 38.578431], [-87.638191, 38.578052], [-87.638181, 38.577286], [-87.63831, 38.576362], [-87.638441, 38.575961], [-87.638559, 38.575599], [-87.638612, 38.575484], [-87.638779, 38.57512], [-87.639526, 38.574341], [-87.640017, 38.573906], [-87.640766, 38.57332], [-87.641243, 38.573057], [-87.641897, 38.572697], [-87.643003, 38.57224], [-87.643468, 38.572147], [-87.643862, 38.572069], [-87.644074, 38.572023], [-87.644335, 38.571967], [-87.64479, 38.57187], [-87.645333, 38.571781], [-87.645629, 38.571737], [-87.646314, 38.571636], [-87.647043, 38.571542], [-87.64818, 38.571283], [-87.648492, 38.571159], [-87.648847, 38.571018], [-87.649623, 38.570581], [-87.650001, 38.570267], [-87.650293, 38.570023], [-87.650442, 38.569851], [-87.65068, 38.569575], [-87.651106, 38.569068], [-87.651569, 38.568133], [-87.651912, 38.567437], [-87.652228, 38.566769], [-87.652297, 38.566623], [-87.652378, 38.566453], [-87.65243, 38.566344], [-87.652673, 38.565645], [-87.652699, 38.565568], [-87.652735, 38.565468], [-87.652796, 38.565075], [-87.652864, 38.564638], [-87.652698, 38.563562], [-87.652612, 38.563324], [-87.652477, 38.56295], [-87.652099, 38.562232], [-87.652072, 38.56219], [-87.65204, 38.562141], [-87.651703, 38.561634], [-87.65136, 38.561067], [-87.651326, 38.56101], [-87.65108, 38.560408], [-87.650888, 38.559929], [-87.650784, 38.55967], [-87.650604, 38.559375], [-87.650429, 38.559087], [-87.65033, 38.558864], [-87.65017, 38.558507], [-87.6501, 38.558066], [-87.650155, 38.55777], [-87.650205, 38.557506], [-87.650603, 38.556707], [-87.651143, 38.555879], [-87.6519, 38.555307], [-87.652285, 38.555146], [-87.652873, 38.554901], [-87.654454, 38.55441], [-87.655757, 38.553965], [-87.656736, 38.553581], [-87.657738, 38.553197], [-87.658137, 38.553049], [-87.658637, 38.552863], [-87.659686, 38.552473], [-87.660742, 38.552081], [-87.661614, 38.551757], [-87.66248, 38.551436], [-87.663584, 38.550952], [-87.664775, 38.550337], [-87.665231, 38.550065], [-87.665394, 38.549968], [-87.665839, 38.549697], [-87.666044, 38.549572], [-87.667588, 38.548541], [-87.668039, 38.548149], [-87.668877, 38.54742], [-87.669343, 38.54694], [-87.669482, 38.546701], [-87.669793, 38.546167], [-87.670069, 38.545526], [-87.670124, 38.54522], [-87.670173, 38.544944], [-87.670087, 38.544079], [-87.669998, 38.543704], [-87.669883, 38.54322], [-87.669733, 38.542769], [-87.669602, 38.542379], [-87.66954, 38.542274], [-87.669505, 38.542214], [-87.669225, 38.541736], [-87.66879, 38.54123], [-87.668421, 38.540727], [-87.668296, 38.540557], [-87.668014, 38.540258], [-87.667822, 38.540055], [-87.667567, 38.539713], [-87.667446, 38.539552], [-87.666995, 38.539009], [-87.66658, 38.538495], [-87.666557, 38.538467], [-87.666505, 38.538408], [-87.66614, 38.537996], [-87.666123, 38.537985], [-87.666064, 38.537947], [-87.66566, 38.537389], [-87.665384, 38.537009], [-87.664731, 38.536303], [-87.664148, 38.535673], [-87.662767, 38.53419], [-87.662367, 38.533737], [-87.662069, 38.533424], [-87.662055, 38.53341], [-87.661793, 38.533141], [-87.661684, 38.533022], [-87.661571, 38.532899], [-87.661399, 38.532674], [-87.661262, 38.532531], [-87.661177, 38.532441], [-87.661127, 38.532348], [-87.661014, 38.532136], [-87.660952, 38.531873], [-87.660907, 38.531686], [-87.660825, 38.53126], [-87.660753, 38.530889], [-87.6605, 38.529814], [-87.66026, 38.529189], [-87.660102, 38.528836], [-87.66004, 38.528699], [-87.65997, 38.52849], [-87.659819, 38.528038], [-87.659725, 38.527617], [-87.659672, 38.527381], [-87.659395, 38.526621], [-87.659094, 38.526131], [-87.658762, 38.525592], [-87.658281, 38.524924], [-87.658078, 38.524601], [-87.657904, 38.524326], [-87.657774, 38.524111], [-87.657536, 38.523716], [-87.657292, 38.523285], [-87.657097, 38.522943], [-87.656307, 38.521933], [-87.656286, 38.521907], [-87.655573, 38.521086], [-87.654802, 38.520466], [-87.654749, 38.520424], [-87.654101, 38.520044], [-87.653647, 38.519852], [-87.653494, 38.519787], [-87.653023, 38.519591], [-87.652713, 38.519409], [-87.652689, 38.519394], [-87.652394, 38.519184], [-87.652237, 38.519073], [-87.652172, 38.519026], [-87.65147, 38.518527], [-87.651023, 38.51825], [-87.650685, 38.51804], [-87.649683, 38.517447], [-87.648601, 38.516789], [-87.648485, 38.516719], [-87.647798, 38.516281], [-87.647071, 38.515749], [-87.646165, 38.514988], [-87.646104, 38.514906], [-87.645711, 38.514391], [-87.645537, 38.514067], [-87.645453, 38.51391], [-87.645258, 38.51315], [-87.645246, 38.513042], [-87.645164, 38.512272], [-87.645158, 38.511501], [-87.645227, 38.511028], [-87.645287, 38.510626], [-87.645486, 38.510044], [-87.645835, 38.509231], [-87.646143, 38.50872], [-87.646767, 38.507779], [-87.647035, 38.507408], [-87.647499, 38.506919], [-87.648216, 38.506221], [-87.648221, 38.506217], [-87.648964, 38.505604], [-87.649475, 38.505124], [-87.649827, 38.504865], [-87.650018, 38.504724], [-87.650277, 38.504548], [-87.650438, 38.504439], [-87.650727, 38.504243], [-87.651253, 38.503939], [-87.651562, 38.50376], [-87.65218, 38.503401], [-87.652532, 38.503196], [-87.653565, 38.502767], [-87.654267, 38.502511], [-87.654645, 38.502373], [-87.655607, 38.502057], [-87.656631, 38.50184], [-87.657482, 38.501764], [-87.657581, 38.501755], [-87.657661, 38.501748], [-87.65871, 38.501783], [-87.659621, 38.50193], [-87.65984, 38.501966], [-87.661028, 38.502171], [-87.661979, 38.502417], [-87.662477, 38.502546], [-87.662661, 38.502612], [-87.663358, 38.502861], [-87.663701, 38.503043], [-87.663986, 38.503195], [-87.66436, 38.503418], [-87.664654, 38.503592], [-87.665243, 38.503972], [-87.666445, 38.504754], [-87.667026, 38.505169], [-87.667654, 38.505648], [-87.66772, 38.505697], [-87.668447, 38.506261], [-87.668728, 38.506496], [-87.669211, 38.506901], [-87.67002, 38.507387], [-87.670431, 38.507566], [-87.67051, 38.507601], [-87.670604, 38.507627], [-87.670882, 38.507707], [-87.671207, 38.507754], [-87.67137, 38.507759], [-87.671488, 38.507762], [-87.671667, 38.507728], [-87.671806, 38.507701], [-87.671905, 38.507667], [-87.672143, 38.507582], [-87.672611, 38.507323], [-87.673299, 38.506814], [-87.673912, 38.506306], [-87.674181, 38.505985], [-87.674406, 38.505661], [-87.674619, 38.505356], [-87.674933, 38.5046], [-87.674964, 38.504525], [-87.67499, 38.504461], [-87.675479, 38.503305], [-87.675695, 38.50285], [-87.675988, 38.502234], [-87.676428, 38.501353], [-87.676565, 38.501113], [-87.676869, 38.500584], [-87.677297, 38.500086], [-87.677695, 38.499656], [-87.678197, 38.499193], [-87.678381, 38.499034], [-87.678533, 38.498903], [-87.679035, 38.498454], [-87.6793, 38.498196], [-87.679467, 38.498025], [-87.679819, 38.497665], [-87.680286, 38.497163], [-87.680593, 38.496796], [-87.681025, 38.496325], [-87.681257, 38.496066], [-87.681298, 38.496021], [-87.681756, 38.495532], [-87.68192, 38.49534], [-87.682204, 38.495007], [-87.68245, 38.494713], [-87.682451, 38.494712], [-87.682451, 38.494712], [-87.68267, 38.494454], [-87.683022, 38.494051], [-87.683312, 38.493725], [-87.683771, 38.493384], [-87.684292, 38.493003], [-87.684858, 38.492657], [-87.685379, 38.492298], [-87.685824, 38.491984], [-87.686254, 38.491657], [-87.686624, 38.491406], [-87.686722, 38.491339], [-87.686833, 38.491268], [-87.68719, 38.491039], [-87.687756, 38.490693], [-87.688189, 38.490416], [-87.688693, 38.490129], [-87.688956, 38.489975], [-87.689153, 38.489861], [-87.689658, 38.489578], [-87.689763, 38.489519], [-87.690214, 38.489287], [-87.690675, 38.489068], [-87.690798, 38.489001], [-87.691196, 38.488785], [-87.69163, 38.488589], [-87.692073, 38.488438], [-87.69263, 38.488241], [-87.692632, 38.48824], [-87.692644, 38.488235], [-87.693278, 38.487962], [-87.694121, 38.487637], [-87.694971, 38.487303], [-87.695357, 38.487142], [-87.695992, 38.486878], [-87.696205, 38.486797], [-87.697051, 38.486475], [-87.697876, 38.486177], [-87.698627, 38.485943], [-87.699117, 38.485741], [-87.699181, 38.485714], [-87.699245, 38.485688], [-87.699882, 38.485431], [-87.700503, 38.485131], [-87.700657, 38.485057], [-87.700766, 38.485005], [-87.701407, 38.484701], [-87.701866, 38.484516], [-87.702023, 38.484454], [-87.702284, 38.48434], [-87.702675, 38.48417], [-87.703401, 38.483914], [-87.703711, 38.483792], [-87.70409, 38.483644], [-87.704297, 38.483568], [-87.704463, 38.483506], [-87.705679, 38.483089], [-87.706339, 38.48284], [-87.706881, 38.482635], [-87.707415, 38.482434], [-87.707636, 38.482352], [-87.708301, 38.482113], [-87.709249, 38.481715], [-87.709678, 38.48152], [-87.709789, 38.481469], [-87.710196, 38.481304], [-87.710273, 38.481269], [-87.7107, 38.481076], [-87.710848, 38.480971], [-87.711154, 38.480753], [-87.711244, 38.480693], [-87.711351, 38.480621], [-87.711491, 38.480527], [-87.711534, 38.480498], [-87.711585, 38.480475], [-87.711989, 38.480293], [-87.71247, 38.480141], [-87.713234, 38.479992], [-87.714098, 38.479879], [-87.714264, 38.479866], [-87.7149, 38.479816], [-87.715976, 38.479741], [-87.716398, 38.479714], [-87.716645, 38.479698], [-87.717122, 38.479667], [-87.717899, 38.479652], [-87.718456, 38.479641], [-87.719593, 38.479634], [-87.720335, 38.479666], [-87.720762, 38.479685], [-87.72106, 38.479707], [-87.721619, 38.479747], [-87.722135, 38.479794], [-87.722408, 38.479819], [-87.72278, 38.479854], [-87.723031, 38.479878], [-87.723727, 38.479951], [-87.724504, 38.480018], [-87.72518, 38.480081], [-87.726163, 38.480152], [-87.726707, 38.48018], [-87.727218, 38.480195], [-87.728099, 38.480207], [-87.728819, 38.480216], [-87.728874, 38.480216], [-87.728934, 38.480217], [-87.729261, 38.48022], [-87.729393, 38.480221], [-87.729701, 38.480225], [-87.730577, 38.480224], [-87.731484, 38.4802], [-87.7315, 38.480201], [-87.732002, 38.480248], [-87.732218, 38.480267], [-87.73314, 38.48028], [-87.733178, 38.48028], [-87.734066, 38.480283], [-87.734838, 38.480201], [-87.734881, 38.480197], [-87.735646, 38.480066], [-87.736459, 38.479934], [-87.736704, 38.47989], [-87.737286, 38.479785], [-87.738124, 38.479604], [-87.738321, 38.47956], [-87.738753, 38.479465], [-87.73919, 38.479329], [-87.739492, 38.479235], [-87.740439, 38.478909], [-87.741194, 38.478656], [-87.741289, 38.478624], [-87.741395, 38.478588], [-87.742335, 38.478266], [-87.743221, 38.477914], [-87.743844, 38.477608], [-87.744382, 38.477284], [-87.744977, 38.476911], [-87.745544, 38.476556], [-87.745653, 38.476488], [-87.745748, 38.4764], [-87.746083, 38.476093], [-87.746633, 38.475643], [-87.747061, 38.475208], [-87.747133, 38.475135], [-87.747536, 38.474664], [-87.747964, 38.474224], [-87.748065, 38.47411], [-87.748391, 38.47374], [-87.748721, 38.473336], [-87.74905, 38.472938], [-87.749071, 38.472909], [-87.749124, 38.472832], [-87.749379, 38.472467], [-87.749498, 38.472277], [-87.749549, 38.472196], [-87.749679, 38.471987], [-87.74978, 38.471825], [-87.750037, 38.471427], [-87.750325, 38.470983], [-87.750547, 38.470608], [-87.750668, 38.470386], [-87.750825, 38.470155], [-87.750885, 38.47006], [-87.751087, 38.469744], [-87.751248, 38.469534], [-87.751334, 38.469422], [-87.751503, 38.469215], [-87.751715, 38.468955], [-87.752109, 38.468421], [-87.752144, 38.468374], [-87.752417, 38.468005], [-87.752681, 38.467689], [-87.752774, 38.467579], [-87.753143, 38.467121], [-87.753335, 38.466814], [-87.753473, 38.466592], [-87.753922, 38.465972], [-87.75448, 38.465216], [-87.754662, 38.464973], [-87.755068, 38.464432], [-87.755097, 38.464388], [-87.755132, 38.464332], [-87.755464, 38.46381], [-87.756009, 38.462953], [-87.75638, 38.462216], [-87.756608, 38.461671], [-87.756671, 38.46152], [-87.756715, 38.461364], [-87.756845, 38.460897], [-87.756895, 38.460583], [-87.756928, 38.460383], [-87.756978, 38.459999], [-87.75698, 38.459985], [-87.756999, 38.459833], [-87.756999, 38.459799], [-87.757, 38.459606], [-87.757003, 38.458995], [-87.756889, 38.458324], [-87.756693, 38.457622], [-87.756624, 38.45745], [-87.756387, 38.456858], [-87.756247, 38.456524], [-87.756242, 38.456512], [-87.75581, 38.45597], [-87.755386, 38.455599], [-87.754807, 38.45517], [-87.754188, 38.454759], [-87.753548, 38.454502], [-87.753282, 38.454396], [-87.752397, 38.454153], [-87.751719, 38.454045], [-87.751009, 38.454023], [-87.750776, 38.454015], [-87.75075, 38.454017], [-87.750033, 38.454065], [-87.749099, 38.454341], [-87.74825, 38.454567], [-87.747237, 38.454732], [-87.746759, 38.454796], [-87.746502, 38.454831], [-87.746155, 38.454878], [-87.745331, 38.454969], [-87.744946, 38.454994], [-87.74471, 38.455009], [-87.743693, 38.454925], [-87.742745, 38.454846], [-87.742252, 38.454797], [-87.741812, 38.454753], [-87.7412, 38.454644], [-87.740494, 38.454423], [-87.739747, 38.454166], [-87.739554, 38.454093], [-87.739444, 38.454051], [-87.739299, 38.453994], [-87.739014, 38.453883], [-87.738678, 38.453801], [-87.738417, 38.453738], [-87.738103, 38.453665], [-87.737603, 38.453549], [-87.736992, 38.453395], [-87.736137, 38.453081], [-87.735213, 38.452703], [-87.734582, 38.452425], [-87.734479, 38.452379], [-87.734418, 38.45235], [-87.734406, 38.452344], [-87.733772, 38.452041], [-87.733639, 38.451954], [-87.733241, 38.451693], [-87.732943, 38.451457], [-87.732777, 38.451326], [-87.732754, 38.451303], [-87.732391, 38.450928], [-87.732282, 38.450822], [-87.732161, 38.450704], [-87.73189, 38.450362], [-87.73183, 38.450287], [-87.731759, 38.450147], [-87.73163, 38.449896], [-87.731378, 38.449497], [-87.731084, 38.448832], [-87.730945, 38.448455], [-87.730829, 38.448144], [-87.730733, 38.447667], [-87.73072, 38.447599], [-87.730595, 38.446906], [-87.730536, 38.446194], [-87.730451, 38.445623], [-87.730522, 38.44482], [-87.730664, 38.444317], [-87.730711, 38.444152], [-87.730971, 38.443581], [-87.730979, 38.443565], [-87.731455, 38.442854], [-87.731861, 38.442316], [-87.732125, 38.441967], [-87.732501, 38.441654], [-87.732907, 38.441413], [-87.732955, 38.441385], [-87.73337, 38.441207], [-87.733614, 38.441131], [-87.733814, 38.441069], [-87.734294, 38.44092], [-87.734854, 38.440747], [-87.735647, 38.440486], [-87.736572, 38.440182], [-87.736984, 38.440049], [-87.737001, 38.440044], [-87.737028, 38.44003], [-87.737287, 38.439898], [-87.737962, 38.439506], [-87.738759, 38.439014], [-87.739231, 38.438633], [-87.7399, 38.438115], [-87.740413, 38.437657], [-87.740441, 38.437622], [-87.740797, 38.437181], [-87.740953, 38.436962], [-87.741104, 38.436751], [-87.741398, 38.436272], [-87.741625, 38.435842], [-87.741652, 38.435792], [-87.741659, 38.435775], [-87.741816, 38.435377], [-87.741867, 38.43525], [-87.741978, 38.434718], [-87.742074, 38.434325], [-87.742109, 38.433672], [-87.742113, 38.433604], [-87.742154, 38.433027], [-87.742217, 38.432328], [-87.742224, 38.432176], [-87.742246, 38.431711], [-87.742309, 38.43112], [-87.742324, 38.430973], [-87.742345, 38.430759], [-87.742382, 38.430394], [-87.742437, 38.430153], [-87.742537, 38.429722], [-87.742739, 38.429121], [-87.742847, 38.428704], [-87.742962, 38.428263], [-87.74302, 38.428067], [-87.743118, 38.427735], [-87.743233, 38.426895], [-87.743263, 38.426674], [-87.74329, 38.426477], [-87.743349, 38.425449], [-87.743371, 38.42412], [-87.743425, 38.422637], [-87.74343, 38.422645], [-87.743453, 38.422677], [-87.74347, 38.422272], [-87.743482, 38.422006], [-87.743468, 38.421727], [-87.743458, 38.421537], [-87.743391, 38.420835], [-87.743381, 38.42073], [-87.743379, 38.42071], [-87.743324, 38.420132], [-87.743273, 38.418974], [-87.743294, 38.41833], [-87.743318, 38.417618], [-87.74348, 38.416289], [-87.743523, 38.41594], [-87.74357, 38.415359], [-87.743594, 38.415177], [-87.74364, 38.414818], [-87.743754, 38.414416], [-87.74388, 38.414127], [-87.744108, 38.413806], [-87.744112, 38.413801], [-87.744291, 38.413462], [-87.744512, 38.413091], [-87.744639, 38.412794], [-87.744711, 38.412625], [-87.744787, 38.412321], [-87.744855, 38.412048], [-87.744957, 38.411524], [-87.745004, 38.411257], [-87.745058, 38.410951], [-87.745121, 38.410525], [-87.745158, 38.410266], [-87.745211, 38.410025], [-87.745271, 38.409751], [-87.745458, 38.409169], [-87.745793, 38.408365], [-87.746168, 38.407601], [-87.74632, 38.407307], [-87.746596, 38.406755], [-87.746838, 38.406452], [-87.747055, 38.406188], [-87.747225, 38.405981], [-87.747563, 38.405573], [-87.747927, 38.405131], [-87.747962, 38.405089], [-87.748002, 38.405042], [-87.748326, 38.404663], [-87.748653, 38.404323], [-87.749029, 38.403942], [-87.749392, 38.403615], [-87.74972, 38.403342], [-87.750009, 38.40311], [-87.75003, 38.403093], [-87.75011, 38.403014], [-87.75059, 38.402539], [-87.75107, 38.402131], [-87.751176, 38.402037], [-87.751627, 38.401636], [-87.752034, 38.401352], [-87.752375, 38.401113], [-87.753026, 38.400622], [-87.753512, 38.400182], [-87.753982, 38.399674], [-87.754367, 38.399192], [-87.754467, 38.399067], [-87.754736, 38.398641], [-87.755031, 38.398172], [-87.755209, 38.397866], [-87.755513, 38.397344], [-87.756094, 38.396479], [-87.75613, 38.396432], [-87.756579, 38.395841], [-87.756991, 38.395369], [-87.757145, 38.395193], [-87.75776, 38.394522], [-87.75809, 38.39416], [-87.758424, 38.393792], [-87.758548, 38.393667], [-87.758894, 38.393316], [-87.759345, 38.392861], [-87.759421, 38.392785], [-87.760175, 38.392042], [-87.760855, 38.391343], [-87.761058, 38.391131], [-87.76139, 38.390786], [-87.76167, 38.390503], [-87.761836, 38.390336], [-87.762097, 38.390073], [-87.7624, 38.389706], [-87.762911, 38.389086], [-87.763765, 38.388048], [-87.764417, 38.387251], [-87.764454, 38.387202], [-87.764498, 38.387144], [-87.764865, 38.386659], [-87.764958, 38.386536], [-87.765001, 38.386477], [-87.765351, 38.386006], [-87.765579, 38.385699], [-87.765851, 38.385331], [-87.766373, 38.384767], [-87.76645, 38.384683], [-87.766683, 38.384419], [-87.767357, 38.383659], [-87.768051, 38.382775], [-87.76886, 38.381842], [-87.769368, 38.381269], [-87.769572, 38.38104], [-87.769724, 38.380885], [-87.770236, 38.380364], [-87.770819, 38.379756], [-87.770997, 38.379591], [-87.771269, 38.37934], [-87.771451, 38.379171], [-87.771632, 38.378989], [-87.772018, 38.378599], [-87.772031, 38.378586], [-87.772393, 38.378206], [-87.77249, 38.378105], [-87.77265, 38.377915], [-87.773135, 38.377416], [-87.774108, 38.37645], [-87.774796, 38.375805], [-87.775035, 38.375548], [-87.775476, 38.375075], [-87.776124, 38.37439], [-87.776855, 38.373611], [-87.777078, 38.373382], [-87.77716, 38.373298], [-87.777621, 38.372821], [-87.777811, 38.37264], [-87.777986, 38.372472], [-87.77848, 38.372014], [-87.77895, 38.371546], [-87.779368, 38.371181], [-87.779412, 38.371142], [-87.779907, 38.370733], [-87.780402, 38.370343], [-87.780612, 38.370209], [-87.780695, 38.370156], [-87.780979, 38.369983], [-87.781157, 38.369881], [-87.781256, 38.369823], [-87.78163, 38.369604], [-87.781861, 38.369464], [-87.78211, 38.369313], [-87.782425, 38.369114], [-87.782614, 38.368994], [-87.78311, 38.368689], [-87.783234, 38.368623], [-87.783541, 38.368461], [-87.784038, 38.368237], [-87.784319, 38.368099], [-87.784421, 38.368049], [-87.785367, 38.367714], [-87.786137, 38.367496], [-87.786558, 38.367377], [-87.786814, 38.367316], [-87.787309, 38.367196], [-87.788072, 38.367056], [-87.788926, 38.366884], [-87.789703, 38.36677], [-87.790263, 38.366696], [-87.790524, 38.366661], [-87.790677, 38.366643], [-87.791513, 38.366543], [-87.791569, 38.366537], [-87.791607, 38.366532], [-87.792826, 38.366465], [-87.793504, 38.366388], [-87.793598, 38.366372], [-87.794191, 38.366267], [-87.794783, 38.366132], [-87.794803, 38.366127], [-87.795464, 38.365952], [-87.796032, 38.365793], [-87.796207, 38.365744], [-87.796297, 38.365719], [-87.796397, 38.365691], [-87.797104, 38.365494], [-87.797814, 38.365309], [-87.798631, 38.365124], [-87.79882, 38.365079], [-87.799303, 38.364966], [-87.799566, 38.364905], [-87.799827, 38.364845], [-87.800546, 38.364732], [-87.800851, 38.364698], [-87.80102, 38.364679], [-87.801183, 38.364652], [-87.801853, 38.364538], [-87.80242, 38.364403], [-87.802808, 38.364311], [-87.803075, 38.364222], [-87.803444, 38.364099], [-87.803743, 38.363996], [-87.804015, 38.363902], [-87.804341, 38.363779], [-87.804553, 38.3637], [-87.80551, 38.363238], [-87.806029, 38.362978], [-87.806185, 38.362887], [-87.806382, 38.362772], [-87.806906, 38.362399], [-87.807252, 38.362131], [-87.807423, 38.361973], [-87.807611, 38.3618], [-87.807876, 38.361554], [-87.807994, 38.361445], [-87.808365, 38.361043], [-87.808391, 38.361015], [-87.808402, 38.361002], [-87.808885, 38.360439], [-87.809064, 38.360221], [-87.809325, 38.359904], [-87.809554, 38.359647], [-87.809725, 38.359455], [-87.809974, 38.359166], [-87.810138, 38.358975], [-87.810277, 38.358809], [-87.810445, 38.358608], [-87.810551, 38.358477], [-87.810794, 38.358177], [-87.810983, 38.357818], [-87.811096, 38.357603], [-87.811194, 38.35739], [-87.811267, 38.357232], [-87.811295, 38.357181], [-87.811338, 38.357099], [-87.811466, 38.356857], [-87.811813, 38.356453], [-87.812037, 38.356189], [-87.812159, 38.356045], [-87.812426, 38.355692], [-87.812705, 38.355294], [-87.813209, 38.354475], [-87.813608, 38.353949], [-87.81397, 38.353649], [-87.814064, 38.353572], [-87.814094, 38.35355], [-87.814372, 38.353349], [-87.814519, 38.353252], [-87.81468, 38.353144], [-87.814722, 38.353114], [-87.814791, 38.353065], [-87.814846, 38.353025], [-87.814921, 38.352971], [-87.815109, 38.35279], [-87.815316, 38.352583], [-87.815336, 38.352563], [-87.815576, 38.352318], [-87.815755, 38.352162], [-87.815857, 38.352072], [-87.815951, 38.352006], [-87.816192, 38.351836], [-87.816622, 38.351547], [-87.816836, 38.351403], [-87.817493, 38.351007], [-87.817578, 38.350953], [-87.817826, 38.350797], [-87.81872, 38.350196], [-87.819713, 38.349518], [-87.820489, 38.348904], [-87.82085, 38.348554], [-87.821232, 38.348189], [-87.821277, 38.348146], [-87.821331, 38.348095], [-87.821879, 38.347578], [-87.822177, 38.347304], [-87.82224, 38.347247], [-87.822734, 38.346721], [-87.823187, 38.346172], [-87.823532, 38.345589], [-87.823768, 38.345042], [-87.824097, 38.344616], [-87.824206, 38.344304], [-87.824364, 38.343965], [-87.824488, 38.343599], [-87.824495, 38.343581], [-87.824598, 38.343112], [-87.824648, 38.342836], [-87.824693, 38.342593], [-87.824888, 38.341871], [-87.824948, 38.341663], [-87.825147, 38.340977], [-87.825353, 38.340038], [-87.825535, 38.339406], [-87.82565, 38.338932], [-87.825677, 38.338823], [-87.825848, 38.338313], [-87.82633, 38.336881], [-87.8268, 38.335892], [-87.82732, 38.334801], [-87.827676, 38.334114], [-87.827968, 38.333569], [-87.828117, 38.333291], [-87.828231, 38.333038], [-87.828402, 38.332707], [-87.828469, 38.332576], [-87.828734, 38.332079], [-87.828998, 38.331554], [-87.829329, 38.330998], [-87.829437, 38.330834], [-87.829701, 38.330432], [-87.830086, 38.329906], [-87.830659, 38.32915], [-87.830764, 38.329022], [-87.831138, 38.32857], [-87.831393, 38.328109], [-87.831469, 38.327972], [-87.831565, 38.327801], [-87.831932, 38.327149], [-87.832178, 38.326596], [-87.832288, 38.326349], [-87.832629, 38.325463], [-87.832729, 38.325009], [-87.832821, 38.324592], [-87.832888, 38.324193], [-87.832929, 38.323947], [-87.83302, 38.323442], [-87.833119, 38.322891], [-87.833173, 38.322465], [-87.833255, 38.321818], [-87.833395, 38.321028], [-87.833427, 38.320523], [-87.83344, 38.320303], [-87.833486, 38.319559], [-87.83353, 38.318828], [-87.833506, 38.318315], [-87.833428, 38.317464], [-87.833417, 38.31707], [-87.833406, 38.316707], [-87.833438, 38.315954], [-87.833367, 38.315365], [-87.833302, 38.314833], [-87.833264, 38.314374], [-87.833255, 38.314261], [-87.833139, 38.313712], [-87.833038, 38.313231], [-87.83291, 38.312799], [-87.832825, 38.312524], [-87.832753, 38.312291], [-87.832618, 38.311867], [-87.832555, 38.311671], [-87.832439, 38.311131], [-87.832356, 38.310802], [-87.832167, 38.310056], [-87.832096, 38.309741], [-87.831994, 38.309282], [-87.831777, 38.308256], [-87.831662, 38.307911], [-87.831522, 38.307492], [-87.831468, 38.307352], [-87.831448, 38.307299], [-87.831349, 38.307039], [-87.831212, 38.306678], [-87.831067, 38.306189], [-87.83097, 38.30586], [-87.830914, 38.305568], [-87.83081, 38.305019], [-87.830762, 38.303978], [-87.830724, 38.303478], [-87.830709, 38.302823], [-87.830709, 38.302816], [-87.830715, 38.302158], [-87.830707, 38.301405], [-87.830738, 38.300522], [-87.830799, 38.299841], [-87.830968, 38.299096], [-87.831308, 38.297885], [-87.831362, 38.297692], [-87.831511, 38.297155], [-87.831756, 38.296266], [-87.832244, 38.294622], [-87.83243, 38.294222], [-87.832711, 38.293618], [-87.833027, 38.292845], [-87.833293, 38.292073], [-87.833402, 38.291765], [-87.833545, 38.291359], [-87.833786, 38.290848], [-87.834147, 38.290012], [-87.834522, 38.289297], [-87.834609, 38.289116], [-87.83479, 38.288737], [-87.834985, 38.288231], [-87.835038, 38.288121], [-87.835396, 38.28739], [-87.835561, 38.287072], [-87.835693, 38.28682], [-87.835747, 38.286738], [-87.835786, 38.286678], [-87.835976, 38.286391], [-87.83609, 38.286218], [-87.836558, 38.285592], [-87.836962, 38.285004], [-87.837141, 38.284745], [-87.837367, 38.28442], [-87.837741, 38.283903], [-87.838035, 38.283566], [-87.838188, 38.283391], [-87.838201, 38.283374], [-87.838624, 38.282806], [-87.83906, 38.282213], [-87.839169, 38.282088], [-87.839309, 38.281927], [-87.839778, 38.281388], [-87.84067, 38.280444], [-87.841427, 38.279736], [-87.841476, 38.2797], [-87.841629, 38.279587], [-87.842417, 38.279008], [-87.842564, 38.278892], [-87.843081, 38.278485], [-87.843496, 38.278209], [-87.843869, 38.277961], [-87.844421, 38.277582], [-87.844886, 38.277264], [-87.845571, 38.276883], [-87.845987, 38.276652], [-87.84649, 38.276421], [-87.84717, 38.276107], [-87.848408, 38.275692], [-87.84875, 38.275578], [-87.849451, 38.275418], [-87.850114, 38.275266], [-87.851479, 38.275135], [-87.852671, 38.275139], [-87.853778, 38.275185], [-87.854256, 38.275221], [-87.854826, 38.275263], [-87.855416, 38.275316], [-87.855673, 38.275338], [-87.855979, 38.275386], [-87.856728, 38.275502], [-87.857469, 38.275713], [-87.858012, 38.275893], [-87.858292, 38.275986], [-87.858774, 38.276221], [-87.858994, 38.276328], [-87.859581, 38.276627], [-87.859613, 38.276643], [-87.859629, 38.276654], [-87.859972, 38.276889], [-87.860371, 38.277147], [-87.860444, 38.277197], [-87.860785, 38.277432], [-87.861349, 38.277967], [-87.861587, 38.278192], [-87.862128, 38.278824], [-87.862683, 38.279554], [-87.863008, 38.280041], [-87.86317, 38.280285], [-87.863451, 38.280833], [-87.863621, 38.281368], [-87.86396, 38.282262], [-87.864386, 38.283258], [-87.864452, 38.283412], [-87.864597, 38.283757], [-87.864888, 38.284445], [-87.865183, 38.285078], [-87.865325, 38.285422], [-87.865493, 38.285829], [-87.865721, 38.28645], [-87.865761, 38.286561], [-87.865919, 38.287044], [-87.866017, 38.287343], [-87.86607, 38.287592], [-87.866148, 38.287955], [-87.866184, 38.288264], [-87.866216, 38.288536], [-87.866279, 38.289149], [-87.866293, 38.289288], [-87.866336, 38.289986], [-87.866323, 38.290066], [-87.86624, 38.290604], [-87.866176, 38.290981], [-87.866151, 38.291132], [-87.866035, 38.291719], [-87.865931, 38.292151], [-87.865891, 38.292319], [-87.865875, 38.292369], [-87.865823, 38.292526], [-87.865621, 38.293137], [-87.865449, 38.293647], [-87.865287, 38.294097], [-87.86525, 38.294198], [-87.864932, 38.29503], [-87.864665, 38.295622], [-87.864263, 38.296283], [-87.863894, 38.296907], [-87.863619, 38.297351], [-87.863599, 38.297383], [-87.863578, 38.297414], [-87.863222, 38.297944], [-87.862832, 38.298456], [-87.862469, 38.298977], [-87.862372, 38.299149], [-87.862147, 38.299547], [-87.861732, 38.300276], [-87.861604, 38.300518], [-87.861477, 38.30076], [-87.861313, 38.301099], [-87.861064, 38.301615], [-87.860799, 38.30236], [-87.860575, 38.303128], [-87.860522, 38.303658], [-87.860502, 38.303863], [-87.86051, 38.304199], [-87.860519, 38.304566], [-87.860606, 38.305682], [-87.86085, 38.306618], [-87.860878, 38.306726], [-87.861342, 38.307844], [-87.862017, 38.308667], [-87.862231, 38.308928], [-87.86253, 38.309209], [-87.862936, 38.30959], [-87.863682, 38.310157], [-87.863817, 38.310244], [-87.864606, 38.310754], [-87.865486, 38.311189], [-87.865593, 38.311235], [-87.865828, 38.311335], [-87.86612, 38.31146], [-87.866449, 38.311601], [-87.866775, 38.31173], [-87.866775, 38.31173], [-87.867219, 38.311906], [-87.867883, 38.31206], [-87.86822, 38.312138], [-87.869179, 38.312207], [-87.869662, 38.312206], [-87.870069, 38.312205], [-87.870378, 38.312174], [-87.871136, 38.312098], [-87.872007, 38.311893], [-87.872755, 38.311554], [-87.872886, 38.311486], [-87.87313, 38.31136], [-87.873329, 38.311257], [-87.873838, 38.31101], [-87.874183, 38.310841], [-87.874441, 38.310718], [-87.874454, 38.310712], [-87.874498, 38.310689], [-87.874602, 38.310635], [-87.87462, 38.310626], [-87.874873, 38.310502], [-87.875051, 38.310325], [-87.8759, 38.309855], [-87.875991, 38.30979], [-87.876231, 38.309622], [-87.87643, 38.309489], [-87.876599, 38.309376], [-87.877053, 38.309008], [-87.87722, 38.308862], [-87.877433, 38.308676], [-87.877862, 38.308326], [-87.878304, 38.307813], [-87.878322, 38.30779], [-87.878585, 38.30746], [-87.87874, 38.307269], [-87.878891, 38.307083], [-87.87893, 38.30704], [-87.879136, 38.306811], [-87.879265, 38.306638], [-87.879381, 38.30648], [-87.879674, 38.306097], [-87.879724, 38.306032], [-87.879944, 38.305616], [-87.87995, 38.305603], [-87.880127, 38.305195], [-87.880261, 38.304897], [-87.880358, 38.304653], [-87.880589, 38.30402], [-87.880785, 38.303428], [-87.880852, 38.30313], [-87.88094, 38.302733], [-87.881062, 38.302219], [-87.881094, 38.302083], [-87.881135, 38.301884], [-87.881232, 38.301411], [-87.881327, 38.30082], [-87.881387, 38.300603], [-87.881496, 38.300206], [-87.881621, 38.29965], [-87.88164, 38.299569], [-87.881747, 38.299118], [-87.881805, 38.298933], [-87.881916, 38.298576], [-87.882101, 38.298065], [-87.882271, 38.297568], [-87.882485, 38.297111], [-87.882779, 38.29656], [-87.882918, 38.296353], [-87.882962, 38.296288], [-87.883031, 38.296179], [-87.88317, 38.295957], [-87.883362, 38.295618], [-87.883593, 38.295237], [-87.883765, 38.294952], [-87.883987, 38.294595], [-87.88421, 38.294237], [-87.884321, 38.293981], [-87.884354, 38.293907], [-87.884425, 38.29375], [-87.884525, 38.293527], [-87.884562, 38.293455], [-87.884645, 38.293293], [-87.884747, 38.293093], [-87.88476, 38.293052], [-87.884929, 38.292519], [-87.884988, 38.292337], [-87.885051, 38.29214], [-87.885091, 38.291954], [-87.885136, 38.291743], [-87.885148, 38.291667], [-87.88522, 38.291246], [-87.885292, 38.290692], [-87.885332, 38.29038], [-87.88537, 38.290092], [-87.885532, 38.289451], [-87.885581, 38.289262], [-87.885728, 38.288697], [-87.885928, 38.288096], [-87.886006, 38.287872], [-87.886195, 38.287328], [-87.886569, 38.286676], [-87.886618, 38.286609], [-87.886987, 38.28611], [-87.887334, 38.285702], [-87.887653, 38.285366], [-87.887769, 38.285258], [-87.887957, 38.285084], [-87.888089, 38.284982], [-87.888335, 38.284793], [-87.888845, 38.284509], [-87.88937, 38.284217], [-87.889754, 38.284004], [-87.889923, 38.283911], [-87.890419, 38.283655], [-87.890944, 38.283399], [-87.891412, 38.283221], [-87.891513, 38.283182], [-87.891582, 38.283156], [-87.891891, 38.283038], [-87.892012, 38.282992], [-87.892234, 38.282907], [-87.892727, 38.282694], [-87.89287, 38.282631], [-87.893468, 38.282347], [-87.893788, 38.282203], [-87.893935, 38.282137], [-87.894174, 38.282014], [-87.894328, 38.281935], [-87.894658, 38.281769], [-87.894809, 38.281693], [-87.894904, 38.281637], [-87.895246, 38.281433], [-87.895377, 38.281357], [-87.895712, 38.281163], [-87.896119, 38.280872], [-87.896628, 38.280498], [-87.89702, 38.280184], [-87.897455, 38.279762], [-87.897963, 38.279308], [-87.898092, 38.279175], [-87.898383, 38.278876], [-87.899006, 38.278259], [-87.899159, 38.27806], [-87.899453, 38.277678], [-87.900088, 38.276863], [-87.900617, 38.276216], [-87.900796, 38.275996], [-87.900895, 38.275894], [-87.901223, 38.275552], [-87.901534, 38.275184], [-87.90171, 38.274975], [-87.901924, 38.274722], [-87.902394, 38.274168], [-87.902425, 38.274131], [-87.902451, 38.2741], [-87.902451, 38.2741], [-87.902451, 38.2741], [-87.902464, 38.274085], [-87.902698, 38.273805], [-87.902871, 38.273601], [-87.90311, 38.27332], [-87.90332, 38.273111], [-87.903355, 38.273077], [-87.90347, 38.272966], [-87.90347, 38.272966], [-87.90347, 38.272966], [-87.903711, 38.272734], [-87.904312, 38.272099], [-87.904673, 38.271686], [-87.904772, 38.271588], [-87.905093, 38.271272], [-87.90535, 38.271025], [-87.90535, 38.271025], [-87.905645, 38.270741], [-87.905659, 38.270727], [-87.905669, 38.270718], [-87.906333, 38.270118], [-87.906753, 38.269732], [-87.907487, 38.269168], [-87.907842, 38.268971], [-87.908295, 38.26872], [-87.908908, 38.268479], [-87.908974, 38.268453], [-87.909726, 38.268236], [-87.910258, 38.268135], [-87.91037, 38.268113], [-87.910522, 38.268104], [-87.911168, 38.268062], [-87.91156, 38.268071], [-87.911916, 38.268079], [-87.912572, 38.268128], [-87.912843, 38.268158], [-87.913142, 38.268191], [-87.913638, 38.268295], [-87.913723, 38.268313], [-87.914333, 38.268466], [-87.914613, 38.268554], [-87.915173, 38.268747], [-87.915689, 38.268946], [-87.91602, 38.269106], [-87.916235, 38.269232], [-87.916329, 38.269288], [-87.916375, 38.269315], [-87.916685, 38.269515], [-87.917026, 38.26976], [-87.9173, 38.269957], [-87.917678, 38.270319], [-87.917896, 38.27055], [-87.917968, 38.270627], [-87.918275, 38.271111], [-87.918374, 38.271256], [-87.918454, 38.271371], [-87.918635, 38.271771], [-87.918905, 38.272292], [-87.919117, 38.272831], [-87.91919, 38.273099], [-87.919219, 38.273207], [-87.919247, 38.273311], [-87.919247, 38.273312], [-87.919247, 38.273312], [-87.919271, 38.273402], [-87.919277, 38.273434], [-87.919332, 38.273775], [-87.919365, 38.274244], [-87.919368, 38.274289], [-87.919367, 38.274314], [-87.919349, 38.275086], [-87.919285, 38.275455], [-87.919212, 38.275872], [-87.919015, 38.276486], [-87.918837, 38.276884], [-87.918674, 38.27725], [-87.918475, 38.277734], [-87.918291, 38.278118], [-87.918132, 38.278392], [-87.918118, 38.278417], [-87.91796, 38.278707], [-87.917601, 38.279257], [-87.917573, 38.2793], [-87.917471, 38.279477], [-87.917286, 38.279798], [-87.916826, 38.280401], [-87.916322, 38.281099], [-87.916005, 38.281502], [-87.915669, 38.281957], [-87.91566, 38.281969], [-87.915343, 38.28235], [-87.915222, 38.282499], [-87.915011, 38.282758], [-87.914723, 38.283101], [-87.91468, 38.283153], [-87.914626, 38.283219], [-87.914473, 38.283407], [-87.914421, 38.283471], [-87.914377, 38.283525], [-87.913973, 38.283978], [-87.913958, 38.283998], [-87.913627, 38.284427], [-87.913369, 38.284821], [-87.913147, 38.285198], [-87.913054, 38.285355], [-87.91289, 38.285626], [-87.912753, 38.285853], [-87.912602, 38.28607], [-87.912422, 38.286329], [-87.912062, 38.286828], [-87.911601, 38.287385], [-87.911257, 38.287739], [-87.911182, 38.287817], [-87.911144, 38.28786], [-87.91092, 38.288116], [-87.910367, 38.288688], [-87.909751, 38.289365], [-87.909508, 38.289677], [-87.909303, 38.28994], [-87.90914, 38.29014], [-87.908875, 38.290456], [-87.908806, 38.290539], [-87.908734, 38.290652], [-87.908558, 38.290928], [-87.908493, 38.291022], [-87.908385, 38.291178], [-87.9083, 38.291369], [-87.908226, 38.291535], [-87.908138, 38.291795], [-87.908092, 38.291932], [-87.908006, 38.292158], [-87.907958, 38.292285], [-87.907899, 38.292601], [-87.907854, 38.292972], [-87.907853, 38.29298], [-87.907883, 38.293344], [-87.907904, 38.293418], [-87.907988, 38.293722], [-87.908077, 38.293945], [-87.908119, 38.29405], [-87.908272, 38.294265], [-87.908324, 38.294337], [-87.908387, 38.294434], [-87.908542, 38.294673], [-87.908746, 38.294897], [-87.908799, 38.294985], [-87.908901, 38.295157], [-87.909146, 38.295619], [-87.909205, 38.295725], [-87.909365, 38.296014], [-87.909489, 38.296154], [-87.909531, 38.296202], [-87.909799, 38.296448], [-87.90992, 38.296548], [-87.910096, 38.296693], [-87.910577, 38.297005], [-87.911108, 38.297352], [-87.911112, 38.297355], [-87.911115, 38.297357], [-87.911364, 38.297514], [-87.911509, 38.297605], [-87.911743, 38.297753], [-87.911915, 38.297837], [-87.912605, 38.298174], [-87.913492, 38.298586], [-87.913873, 38.298727], [-87.914378, 38.298913], [-87.915162, 38.299159], [-87.91569, 38.299278], [-87.915958, 38.299338], [-87.916514, 38.299424], [-87.91727, 38.299476], [-87.917423, 38.299477], [-87.917889, 38.29948], [-87.918411, 38.299469], [-87.918581, 38.299466], [-87.9188, 38.299462], [-87.919475, 38.29945], [-87.920128, 38.299424], [-87.920331, 38.299416], [-87.920769, 38.299398], [-87.921238, 38.299378], [-87.921917, 38.299305], [-87.922622, 38.299209], [-87.923024, 38.299134], [-87.923401, 38.299063], [-87.924155, 38.298899], [-87.924946, 38.298704], [-87.925599, 38.298501], [-87.926602, 38.298182], [-87.927555, 38.2978], [-87.928332, 38.297465], [-87.92916, 38.297152], [-87.929963, 38.296934], [-87.930843, 38.296742], [-87.93181, 38.296505], [-87.932688, 38.296241], [-87.933428, 38.295965], [-87.933568, 38.295898], [-87.934129, 38.29563], [-87.934716, 38.29522], [-87.935177, 38.29482], [-87.935524, 38.294475], [-87.935795, 38.294206], [-87.936066, 38.293907], [-87.936309, 38.293639], [-87.936866, 38.292909], [-87.93695, 38.29279], [-87.93705, 38.292647], [-87.937348, 38.29222], [-87.937419, 38.292094], [-87.937632, 38.291713], [-87.937941, 38.290985], [-87.938094, 38.290555], [-87.938205, 38.29024], [-87.938407, 38.289342], [-87.938575, 38.288651], [-87.938622, 38.288413], [-87.938658, 38.288227], [-87.938716, 38.28783], [-87.938729, 38.287705], [-87.938749, 38.287523], [-87.938754, 38.287474], [-87.938783, 38.287185], [-87.938787, 38.286549], [-87.938781, 38.286085], [-87.938763, 38.285648], [-87.938757, 38.28518], [-87.938763, 38.284634], [-87.938843, 38.284066], [-87.938849, 38.284036], [-87.938914, 38.28366], [-87.938998, 38.283321], [-87.939055, 38.283146], [-87.939143, 38.282874], [-87.939363, 38.282363], [-87.939634, 38.281874], [-87.939753, 38.281703], [-87.939918, 38.281466], [-87.940253, 38.281067], [-87.940413, 38.280916], [-87.940527, 38.280808], [-87.940838, 38.28053], [-87.940863, 38.280508], [-87.9413, 38.280216], [-87.941876, 38.279883], [-87.942547, 38.279537], [-87.942569, 38.279525], [-87.94271, 38.279452], [-87.943348, 38.279145], [-87.943558, 38.279044], [-87.943918, 38.278921], [-87.944245, 38.278809], [-87.944933, 38.278592], [-87.946322, 38.278193], [-87.946326, 38.278192], [-87.946953, 38.278026], [-87.947693, 38.277825], [-87.947706, 38.277821], [-87.94772, 38.277817], [-87.948509, 38.277594], [-87.94876, 38.277521], [-87.949036, 38.277441], [-87.949529, 38.277217], [-87.949612, 38.27718], [-87.950149, 38.276846], [-87.950337, 38.276695], [-87.950498, 38.276564], [-87.950707, 38.276348], [-87.950871, 38.276178], [-87.951008, 38.27601], [-87.951255, 38.275706], [-87.9516, 38.27505], [-87.951641, 38.274962], [-87.951796, 38.274629], [-87.951906, 38.274372], [-87.951967, 38.274232], [-87.952021, 38.274042], [-87.952079, 38.273843], [-87.952125, 38.273589], [-87.952146, 38.273473], [-87.952202, 38.272978], [-87.952202, 38.272977], [-87.952235, 38.272589], [-87.952247, 38.272442], [-87.952278, 38.272075], [-87.952281, 38.271839], [-87.952284, 38.271579], [-87.952259, 38.271346], [-87.952227, 38.271044], [-87.952151, 38.270671], [-87.95212, 38.270517], [-87.95208, 38.270409], [-87.95195, 38.27005], [-87.951844, 38.269744], [-87.951759, 38.269497], [-87.951674, 38.26935], [-87.951599, 38.269219], [-87.951278, 38.268744], [-87.951016, 38.268363], [-87.950797, 38.268153], [-87.950733, 38.268091], [-87.950691, 38.268052], [-87.950411, 38.267791], [-87.950228, 38.267663], [-87.950189, 38.267635], [-87.949499, 38.267199], [-87.949195, 38.266974], [-87.949054, 38.26687], [-87.948745, 38.266687], [-87.948648, 38.26663], [-87.948567, 38.266572], [-87.948265, 38.266358], [-87.94776, 38.266046], [-87.947607, 38.265958], [-87.947291, 38.265775], [-87.946971, 38.265583], [-87.946922, 38.265553], [-87.946884, 38.265536], [-87.946626, 38.26542], [-87.946248, 38.265267], [-87.94617, 38.265235], [-87.946047, 38.265187], [-87.945652, 38.265032], [-87.945437, 38.264943], [-87.945265, 38.264873], [-87.945197, 38.264845], [-87.945049, 38.264784], [-87.944593, 38.264608], [-87.944424, 38.264538], [-87.944174, 38.264435], [-87.943923, 38.264295], [-87.943841, 38.264249], [-87.943484, 38.264058], [-87.94318, 38.263857], [-87.942981, 38.263711], [-87.942938, 38.263679], [-87.942671, 38.263465], [-87.942352, 38.26317], [-87.942273, 38.263015], [-87.942236, 38.262941], [-87.942094, 38.262645], [-87.942079, 38.262608], [-87.94199, 38.262375], [-87.941898, 38.262182], [-87.94186, 38.262102], [-87.941831, 38.261804], [-87.941776, 38.261435], [-87.941764, 38.261267], [-87.941745, 38.261017], [-87.941736, 38.260769], [-87.941726, 38.260535], [-87.941797, 38.260133], [-87.94193, 38.259708], [-87.942061, 38.259333], [-87.942074, 38.259301], [-87.942185, 38.25903], [-87.942441, 38.258542], [-87.942609, 38.258288], [-87.942678, 38.258184], [-87.942988, 38.257803], [-87.943193, 38.257572], [-87.943298, 38.257453], [-87.943634, 38.257122], [-87.943786, 38.256979], [-87.944007, 38.256772], [-87.944247, 38.256578], [-87.944356, 38.256489], [-87.944585, 38.256327], [-87.944781, 38.256189], [-87.945105, 38.255988], [-87.945484, 38.255733], [-87.945492, 38.255728], [-87.945917, 38.255476], [-87.946097, 38.255388], [-87.946355, 38.255261], [-87.946546, 38.255191], [-87.946768, 38.255109], [-87.947207, 38.254957], [-87.947746, 38.254777], [-87.94795, 38.254716], [-87.948038, 38.25469], [-87.948135, 38.254661], [-87.948687, 38.254508], [-87.949189, 38.254355], [-87.949754, 38.25426], [-87.950295, 38.25417], [-87.950343, 38.25416], [-87.950897, 38.254044], [-87.951525, 38.253899], [-87.952102, 38.253768], [-87.952692, 38.253592], [-87.953419, 38.253356], [-87.953428, 38.253353], [-87.954033, 38.253104], [-87.954558, 38.252865], [-87.955058, 38.252591], [-87.955495, 38.252281], [-87.95582, 38.252003], [-87.956068, 38.251754], [-87.956204, 38.251617], [-87.956777, 38.25109], [-87.956992, 38.25086], [-87.957236, 38.250599], [-87.957412, 38.250316], [-87.957554, 38.250087], [-87.957754, 38.249788], [-87.95786, 38.249569], [-87.957975, 38.249331], [-87.958051, 38.249055], [-87.958071, 38.248984], [-87.958398, 38.248035], [-87.958555, 38.24752], [-87.9587, 38.247032], [-87.958701, 38.246921], [-87.958706, 38.246514], [-87.958712, 38.246198], [-87.958721, 38.245779], [-87.958723, 38.245399], [-87.958724, 38.245045], [-87.958739, 38.244649], [-87.958742, 38.244585], [-87.958648, 38.244063], [-87.958634, 38.244008], [-87.958516, 38.243546], [-87.958473, 38.2434], [-87.958447, 38.243311], [-87.958387, 38.243108], [-87.958318, 38.242876], [-87.958005, 38.242013], [-87.957869, 38.241257], [-87.957855, 38.240841], [-87.957848, 38.240636], [-87.957892, 38.240117], [-87.957987, 38.23972], [-87.95799, 38.239713], [-87.958145, 38.239299], [-87.958279, 38.239021], [-87.958312, 38.238951], [-87.958514, 38.238634], [-87.958762, 38.238353], [-87.958928, 38.238195], [-87.959322, 38.237821], [-87.959858, 38.237438], [-87.960483, 38.237068], [-87.961272, 38.236764], [-87.962272, 38.236521], [-87.962866, 38.236431], [-87.963289, 38.236398], [-87.963583, 38.236376], [-87.964401, 38.236369], [-87.964731, 38.236389], [-87.965132, 38.236412], [-87.966192, 38.236602], [-87.966473, 38.236653], [-87.966524, 38.236663], [-87.966924, 38.236736], [-87.967269, 38.23682], [-87.967669, 38.236919], [-87.967828, 38.236975], [-87.968187, 38.237104], [-87.96867, 38.237447], [-87.969013, 38.237642], [-87.96947, 38.237949], [-87.969584, 38.238025], [-87.969929, 38.23836], [-87.969932, 38.238367], [-87.969947, 38.238393], [-87.970038, 38.238559], [-87.970135, 38.238737], [-87.970213, 38.238956], [-87.970279, 38.239141], [-87.970309, 38.239528], [-87.970328, 38.240015], [-87.970367, 38.240466], [-87.970373, 38.240533], [-87.97029, 38.240939], [-87.970248, 38.241147], [-87.970219, 38.241287], [-87.969972, 38.24201], [-87.969961, 38.242068], [-87.969847, 38.242651], [-87.969861, 38.242952], [-87.969865, 38.243047], [-87.969946, 38.243465], [-87.970055, 38.243713], [-87.970128, 38.243878], [-87.970362, 38.244444], [-87.970558, 38.244821], [-87.970826, 38.245283], [-87.971326, 38.245973], [-87.971748, 38.246561], [-87.97175, 38.246564], [-87.972657, 38.247552], [-87.973297, 38.248143], [-87.973383, 38.248222], [-87.97357, 38.248369], [-87.974032, 38.248731], [-87.974368, 38.249001], [-87.974503, 38.24911], [-87.974735, 38.249314], [-87.975609, 38.250084], [-87.975609, 38.250084], [-87.975613, 38.250088], [-87.975623, 38.250096], [-87.976034, 38.250562], [-87.976267, 38.250809], [-87.976267, 38.250809], [-87.976267, 38.25081], [-87.976267, 38.25081], [-87.976378, 38.250928], [-87.976647, 38.251223], [-87.977055, 38.251616], [-87.977232, 38.251761], [-87.977232, 38.251761], [-87.977475, 38.25196], [-87.977883, 38.252353], [-87.978111, 38.252564], [-87.978393, 38.252826], [-87.97852, 38.252944], [-87.978852, 38.253251], [-87.978868, 38.253268], [-87.978895, 38.253295], [-87.978895, 38.253295], [-87.979068, 38.253474], [-87.979172, 38.253582], [-87.979696, 38.254176], [-87.980271, 38.254793], [-87.980428, 38.254956], [-87.980577, 38.255111], [-87.981442, 38.256023], [-87.982072, 38.256554], [-87.982228, 38.256666], [-87.982529, 38.256883], [-87.982812, 38.257075], [-87.983074, 38.257253], [-87.983522, 38.257501], [-87.983651, 38.257573], [-87.984329, 38.257878], [-87.984743, 38.258014], [-87.98481, 38.258036], [-87.985365, 38.258108], [-87.985614, 38.258118], [-87.985831, 38.258126], [-87.986422, 38.258072], [-87.986794, 38.257924], [-87.987161, 38.257777], [-87.987647, 38.257386], [-87.98788, 38.257161], [-87.987982, 38.257063], [-87.988051, 38.256938], [-87.98813, 38.256796], [-87.988158, 38.256587], [-87.988187, 38.256376], [-87.988192, 38.256238], [-87.988206, 38.255899], [-87.988198, 38.255865], [-87.988186, 38.255808], [-87.988153, 38.255655], [-87.988152, 38.255651], [-87.98802, 38.255391], [-87.988004, 38.25537], [-87.987664, 38.254943], [-87.987472, 38.254747], [-87.987262, 38.254562], [-87.987192, 38.254501], [-87.986997, 38.254323], [-87.986835, 38.254175], [-87.986593, 38.253938], [-87.986248, 38.253612], [-87.985939, 38.253321], [-87.98584, 38.253228], [-87.985658, 38.253044], [-87.985317, 38.252696], [-87.985182, 38.252553], [-87.985061, 38.252424], [-87.984716, 38.252048], [-87.984453, 38.251784], [-87.984333, 38.251664], [-87.984154, 38.251449], [-87.983847, 38.251064], [-87.983671, 38.250849], [-87.983514, 38.250657], [-87.983322, 38.250402], [-87.98324, 38.250298], [-87.983067, 38.250079], [-87.982873, 38.249848], [-87.982733, 38.249681], [-87.982308, 38.249018], [-87.982074, 38.24849], [-87.981984, 38.248286], [-87.981906, 38.248094], [-87.981684, 38.247545], [-87.981373, 38.246806], [-87.981359, 38.246773], [-87.981047, 38.24605], [-87.980722, 38.245259], [-87.980587, 38.244792], [-87.980319, 38.243808], [-87.980205, 38.243389], [-87.979903, 38.242409], [-87.979639, 38.241474], [-87.979616, 38.241206], [-87.979594, 38.240943], [-87.979561, 38.240652], [-87.979536, 38.240425], [-87.979519, 38.240087], [-87.97955, 38.239542], [-87.979617, 38.238906], [-87.97963, 38.238819], [-87.979709, 38.238288], [-87.979775, 38.238017], [-87.97984, 38.23775], [-87.979921, 38.237355], [-87.979986, 38.237037], [-87.980061, 38.236532], [-87.980109, 38.236212], [-87.980184, 38.235943], [-87.980253, 38.235692], [-87.980534, 38.235037], [-87.980927, 38.234258], [-87.981357, 38.233511], [-87.981506, 38.233277], [-87.981875, 38.2327], [-87.982196, 38.232275], [-87.982308, 38.232129], [-87.982468, 38.231895], [-87.982764, 38.231463], [-87.982917, 38.231237], [-87.983184, 38.230842], [-87.983449, 38.230502], [-87.983509, 38.230424], [-87.983574, 38.230323], [-87.983752, 38.230044], [-87.984135, 38.229504], [-87.98434, 38.229182], [-87.98453, 38.228884], [-87.984609, 38.228714], [-87.984725, 38.228468], [-87.984765, 38.228282], [-87.984767, 38.228274], [-87.984816, 38.228042], [-87.984915, 38.227583], [-87.984993, 38.227034], [-87.985041, 38.226699], [-87.985145, 38.226022], [-87.985176, 38.225787], [-87.985237, 38.225327], [-87.985291, 38.224718], [-87.985355, 38.224236], [-87.985394, 38.223942], [-87.985449, 38.223297], [-87.985473, 38.223006], [-87.985503, 38.222662], [-87.98551, 38.22197], [-87.985514, 38.22158], [-87.985526, 38.220647], [-87.98555, 38.22029], [-87.985579, 38.219874], [-87.985642, 38.218956], [-87.985563, 38.217745], [-87.985518, 38.217311], [-87.985475, 38.216885], [-87.985363, 38.216012], [-87.98532, 38.215512], [-87.9853, 38.215355], [-87.98529, 38.215278], [-87.985206, 38.214652], [-87.985153, 38.21442], [-87.985099, 38.214185], [-87.985041, 38.21389], [-87.984998, 38.213675], [-87.984998, 38.213675], [-87.984998, 38.213671], [-87.984964, 38.213501], [-87.984909, 38.213211], [-87.984815, 38.212718], [-87.984722, 38.21235], [-87.984722, 38.21235], [-87.984722, 38.21235], [-87.984629, 38.211985], [-87.984608, 38.211837], [-87.984504, 38.211112], [-87.984344, 38.210451], [-87.98416, 38.209885], [-87.983599, 38.208402], [-87.983233, 38.207722], [-87.982825, 38.206967], [-87.981964, 38.205646], [-87.981964, 38.205646], [-87.981964, 38.205646], [-87.981461, 38.204874], [-87.981309, 38.204672], [-87.981104, 38.204399], [-87.980644, 38.203845], [-87.980465, 38.203629], [-87.980323, 38.203465], [-87.979992, 38.203079], [-87.97941, 38.202382], [-87.979301, 38.202251], [-87.978648, 38.201423], [-87.978356, 38.201047], [-87.978328, 38.201011], [-87.978206, 38.200854], [-87.977842, 38.200384], [-87.97724, 38.199565], [-87.976587, 38.19875], [-87.976165, 38.198217], [-87.975942, 38.197978], [-87.975942, 38.197978], [-87.975942, 38.197978], [-87.975565, 38.197573], [-87.975042, 38.197064], [-87.974951, 38.196966], [-87.974856, 38.196863], [-87.974404, 38.196403], [-87.974315, 38.196313], [-87.973575, 38.195576], [-87.972861, 38.19487], [-87.972351, 38.194373], [-87.972122, 38.19415], [-87.971665, 38.193673], [-87.971574, 38.193578], [-87.970847, 38.19285], [-87.970605, 38.192612], [-87.970273, 38.192287], [-87.969739, 38.19183], [-87.969688, 38.191787], [-87.969022, 38.191247], [-87.968404, 38.190774], [-87.967527, 38.190097], [-87.967311, 38.189907], [-87.966933, 38.189574], [-87.966669, 38.189397], [-87.966408, 38.189223], [-87.965608, 38.188603], [-87.964845, 38.188032], [-87.964083, 38.187484], [-87.963182, 38.186915], [-87.962952, 38.186713], [-87.962745, 38.186531], [-87.962571, 38.186411], [-87.962217, 38.186166], [-87.961682, 38.185864], [-87.961313, 38.185638], [-87.961313, 38.185638], [-87.961173, 38.185553], [-87.960396, 38.185135], [-87.959891, 38.18485], [-87.959461, 38.184607], [-87.959112, 38.184356], [-87.958953, 38.184241], [-87.958828, 38.184149], [-87.958598, 38.183979], [-87.958349, 38.183796], [-87.958093, 38.18362], [-87.957671, 38.183328], [-87.957156, 38.183062], [-87.957134, 38.183054], [-87.956588, 38.182859], [-87.956041, 38.18264], [-87.956037, 38.182638], [-87.955373, 38.182351], [-87.954857, 38.182093], [-87.954399, 38.181863], [-87.95326, 38.181354], [-87.952222, 38.18089], [-87.951438, 38.180568], [-87.951438, 38.180568], [-87.951435, 38.180567], [-87.951413, 38.180558], [-87.950488, 38.180191], [-87.950401, 38.180156], [-87.950238, 38.180089], [-87.949655, 38.179847], [-87.94901, 38.179564], [-87.948048, 38.179103], [-87.947659, 38.178907], [-87.947466, 38.17881], [-87.946815, 38.178527], [-87.945854, 38.178075], [-87.945772, 38.178029], [-87.945124, 38.177666], [-87.944237, 38.177169], [-87.943438, 38.176802], [-87.943389, 38.176779], [-87.943329, 38.176751], [-87.942592, 38.176407], [-87.94216, 38.17612], [-87.94178, 38.175868], [-87.941292, 38.175516], [-87.94105, 38.175342], [-87.940539, 38.17499], [-87.940321, 38.174839], [-87.939773, 38.174413], [-87.939479, 38.174183], [-87.938669, 38.173527], [-87.938598, 38.173469], [-87.938596, 38.173468], [-87.93808, 38.173054], [-87.937789, 38.172777], [-87.937571, 38.172596], [-87.937372, 38.172429], [-87.936836, 38.171857], [-87.936537, 38.171463], [-87.936374, 38.171245], [-87.936235, 38.171059], [-87.935874, 38.170413], [-87.935783, 38.170211], [-87.935589, 38.16978], [-87.935355, 38.169142], [-87.935133, 38.168536], [-87.934787, 38.16748], [-87.934324, 38.166226], [-87.933822, 38.164856], [-87.933782, 38.164586], [-87.933747, 38.164356], [-87.93374, 38.164041], [-87.933732, 38.163635], [-87.933836, 38.16294], [-87.933953, 38.162291], [-87.933994, 38.162118], [-87.93412, 38.161586], [-87.934301, 38.160986], [-87.934694, 38.160198], [-87.934787, 38.160026], [-87.935105, 38.159438], [-87.935136, 38.159338], [-87.935165, 38.159244], [-87.935185, 38.158979], [-87.935187, 38.158951], [-87.935177, 38.158851], [-87.93513, 38.15841], [-87.935056, 38.15801], [-87.934897, 38.15743], [-87.934791, 38.157187], [-87.934768, 38.157134], [-87.934754, 38.157106], [-87.934699, 38.156999], [-87.934636, 38.156894], [-87.934575, 38.156793], [-87.934502, 38.156702], [-87.934434, 38.156618], [-87.93422, 38.156502], [-87.934156, 38.156467], [-87.933931, 38.156426], [-87.933733, 38.156389], [-87.933478, 38.156378], [-87.933205, 38.156366], [-87.932778, 38.15637], [-87.93238, 38.156385], [-87.932345, 38.156387], [-87.932274, 38.156393], [-87.93186, 38.156431], [-87.931408, 38.156489], [-87.931241, 38.156521], [-87.930875, 38.156592], [-87.930468, 38.156726], [-87.930322, 38.156792], [-87.930099, 38.156891], [-87.929789, 38.157029], [-87.929547, 38.157144], [-87.929462, 38.157185], [-87.929006, 38.157418], [-87.928753, 38.157538], [-87.928493, 38.157661], [-87.927881, 38.157945], [-87.927362, 38.158179], [-87.926784, 38.158495], [-87.926446, 38.158714], [-87.926145, 38.158912], [-87.925989, 38.159015], [-87.925705, 38.159309], [-87.925561, 38.15946], [-87.925545, 38.159482], [-87.925302, 38.159827], [-87.924988, 38.160397], [-87.924639, 38.161112], [-87.924444, 38.161591], [-87.924416, 38.16179], [-87.924386, 38.162006], [-87.924354, 38.162497], [-87.924354, 38.162497], [-87.924387, 38.163069], [-87.9245, 38.163559], [-87.924571, 38.163734], [-87.924656, 38.163941], [-87.924734, 38.164087], [-87.924894, 38.164386], [-87.925087, 38.164744], [-87.925138, 38.164839], [-87.925391, 38.165454], [-87.925768, 38.166361], [-87.925801, 38.166496], [-87.925827, 38.166604], [-87.925825, 38.166915], [-87.925804, 38.167213], [-87.925788, 38.167447], [-87.925667, 38.168363], [-87.925503, 38.169444], [-87.925502, 38.16945], [-87.925423, 38.169946], [-87.92527, 38.170421], [-87.925248, 38.170489], [-87.925218, 38.170554], [-87.925009, 38.171022], [-87.924869, 38.171178], [-87.924592, 38.171485], [-87.924457, 38.171636], [-87.924048, 38.172093], [-87.923341, 38.172842], [-87.922806, 38.173333], [-87.922407, 38.173625], [-87.922095, 38.173785], [-87.921049, 38.174172], [-87.920848, 38.174196], [-87.920641, 38.174184], [-87.92035, 38.174064], [-87.920091, 38.173958], [-87.91998, 38.173924], [-87.919935, 38.17391], [-87.919788, 38.173911], [-87.919689, 38.173942], [-87.919638, 38.173957], [-87.919515, 38.174008], [-87.919381, 38.174063], [-87.919342, 38.174073], [-87.919196, 38.17411], [-87.91886, 38.17413], [-87.918627, 38.174123], [-87.918495, 38.17412], [-87.918225, 38.174086], [-87.918119, 38.174058], [-87.91806, 38.174042], [-87.917975, 38.174038], [-87.917872, 38.174034], [-87.917652, 38.174054], [-87.917489, 38.174106], [-87.917451, 38.174119], [-87.917226, 38.174179], [-87.916999, 38.174181], [-87.916773, 38.174142], [-87.916763, 38.174139], [-87.916589, 38.17408], [-87.916371, 38.17397], [-87.916361, 38.173965], [-87.915702, 38.173533], [-87.915214, 38.173208], [-87.914754, 38.172909], [-87.9147, 38.172874], [-87.914326, 38.172606], [-87.91397, 38.172343], [-87.913526, 38.171973], [-87.913182, 38.171677], [-87.913163, 38.17166], [-87.9129, 38.171387], [-87.912724, 38.171208], [-87.912679, 38.171113], [-87.912633, 38.171015], [-87.912577, 38.170849], [-87.912491, 38.170576], [-87.912453, 38.170458], [-87.912402, 38.170357], [-87.912271, 38.170099], [-87.911791, 38.169589], [-87.911287, 38.16903], [-87.910985, 38.168518], [-87.910716, 38.16779], [-87.910552, 38.167017], [-87.9105, 38.16658], [-87.910495, 38.166138], [-87.910502, 38.166028], [-87.91052, 38.165733], [-87.910525, 38.165025], [-87.910566, 38.164376], [-87.910646, 38.163845], [-87.910693, 38.163537], [-87.910765, 38.163235], [-87.91086, 38.162837], [-87.910968, 38.162494], [-87.911087, 38.162168], [-87.911411, 38.161742], [-87.911529, 38.161627], [-87.911782, 38.161379], [-87.912266, 38.161004], [-87.912288, 38.160987], [-87.91233, 38.160956], [-87.912817, 38.160591], [-87.913018, 38.160337], [-87.91329, 38.159883], [-87.913308, 38.159853], [-87.913468, 38.159621], [-87.913754, 38.15921], [-87.913756, 38.159207], [-87.913863, 38.159083], [-87.913966, 38.158963], [-87.914043, 38.158874], [-87.914299, 38.158646], [-87.914609, 38.158369], [-87.914953, 38.158045], [-87.915033, 38.157969], [-87.915607, 38.157505], [-87.915798, 38.157349], [-87.916152, 38.157059], [-87.916502, 38.156813], [-87.916753, 38.156636], [-87.916886, 38.156543], [-87.917194, 38.15633], [-87.917439, 38.156169], [-87.91783, 38.155911], [-87.918247, 38.155646], [-87.918845, 38.155326], [-87.919517, 38.154992], [-87.919747, 38.154883], [-87.919945, 38.15479], [-87.920456, 38.154538], [-87.921124, 38.154231], [-87.921695, 38.153991], [-87.921713, 38.153983], [-87.922125, 38.15381], [-87.922381, 38.153703], [-87.922742, 38.153545], [-87.923125, 38.153377], [-87.923987, 38.153015], [-87.924181, 38.152977], [-87.924516, 38.152956], [-87.924868, 38.152976], [-87.925422, 38.152981], [-87.925679, 38.152938], [-87.925835, 38.152892], [-87.926261, 38.152767], [-87.926576, 38.152644], [-87.926673, 38.152606], [-87.927161, 38.15235], [-87.927363, 38.152188], [-87.927416, 38.152145], [-87.927468, 38.151951], [-87.92745, 38.151808], [-87.927433, 38.151676], [-87.927046, 38.150852], [-87.927041, 38.150841], [-87.926995, 38.150762], [-87.926722, 38.150294], [-87.926442, 38.149782], [-87.926329, 38.14945], [-87.926269, 38.149067], [-87.926254, 38.148881], [-87.926226, 38.148518], [-87.92619, 38.147964], [-87.926177, 38.147477], [-87.926206, 38.147121], [-87.926276, 38.146606], [-87.926298, 38.146444], [-87.926312, 38.146394], [-87.926371, 38.146163], [-87.926425, 38.145957], [-87.926471, 38.145814], [-87.926553, 38.145559], [-87.926758, 38.145183], [-87.926977, 38.144889], [-87.927035, 38.144812], [-87.927044, 38.144803], [-87.927443, 38.144394], [-87.927739, 38.144112], [-87.927859, 38.143999], [-87.928507, 38.143498], [-87.928943, 38.143175], [-87.92911, 38.143051], [-87.929457, 38.142836], [-87.92986, 38.142586], [-87.930134, 38.142419], [-87.930227, 38.142362], [-87.930401, 38.142253], [-87.930843, 38.142042], [-87.931444, 38.141758], [-87.931893, 38.141533], [-87.932342, 38.141327], [-87.932971, 38.141038], [-87.933992, 38.140512], [-87.934392, 38.140198], [-87.935472, 38.139162], [-87.935872, 38.13877], [-87.936139, 38.138507], [-87.936537, 38.138137], [-87.936822, 38.137871], [-87.937501, 38.137176], [-87.938184, 38.136492], [-87.938221, 38.136454], [-87.938574, 38.13605], [-87.938764, 38.135845], [-87.938864, 38.135737], [-87.938894, 38.135695], [-87.939166, 38.135318], [-87.939321, 38.135102], [-87.939548, 38.134781], [-87.939732, 38.134518], [-87.940588, 38.133511], [-87.940868, 38.133194], [-87.941154, 38.132869], [-87.941156, 38.132867], [-87.941156, 38.132866], [-87.941325, 38.132669], [-87.94193, 38.131963], [-87.941986, 38.131893], [-87.942333, 38.131455], [-87.942674, 38.130894], [-87.942819, 38.130656], [-87.943137, 38.130133], [-87.943285, 38.12988], [-87.943565, 38.129404], [-87.943938, 38.128721], [-87.944098, 38.128423], [-87.944138, 38.128348], [-87.94415, 38.128325], [-87.944169, 38.12829], [-87.944188, 38.128254], [-87.944209, 38.128216], [-87.9443, 38.128046], [-87.944302, 38.12804], [-87.944307, 38.128032], [-87.944311, 38.128024], [-87.944626, 38.127544], [-87.944904, 38.127183], [-87.944905, 38.127181], [-87.94511, 38.126931], [-87.945323, 38.126722], [-87.945524, 38.126653], [-87.945822, 38.126646], [-87.945898, 38.126662], [-87.946101, 38.126703], [-87.946183, 38.126739], [-87.946401, 38.126835], [-87.946572, 38.126925], [-87.946758, 38.127022], [-87.94708, 38.12719], [-87.947199, 38.12727], [-87.947249, 38.127365], [-87.947274, 38.12741], [-87.947369, 38.12758], [-87.94747, 38.1278], [-87.947551, 38.127925], [-87.947589, 38.127984], [-87.947688, 38.128098], [-87.947894, 38.128333], [-87.947928, 38.12837], [-87.947949, 38.128393], [-87.948059, 38.128514], [-87.948126, 38.128588], [-87.948534, 38.128923], [-87.948866, 38.129144], [-87.949009, 38.129239], [-87.949228, 38.129385], [-87.949536, 38.12959], [-87.950154, 38.130063], [-87.950824, 38.130479], [-87.951057, 38.130623], [-87.951238, 38.130746], [-87.951807, 38.131131], [-87.952473, 38.131522], [-87.952822, 38.131704], [-87.953212, 38.131884], [-87.953284, 38.131917], [-87.95381, 38.132273], [-87.953922, 38.132349], [-87.953949, 38.132364], [-87.954524, 38.132691], [-87.954733, 38.132757], [-87.954928, 38.132773], [-87.955219, 38.132762], [-87.955394, 38.132769], [-87.95553, 38.132834], [-87.955533, 38.132836], [-87.955559, 38.132867], [-87.955597, 38.132912], [-87.955636, 38.13292], [-87.955701, 38.132934], [-87.955951, 38.132877], [-87.956878, 38.132527], [-87.957001, 38.132522], [-87.957002, 38.132522], [-87.95714, 38.132564], [-87.957288, 38.13261], [-87.957292, 38.13261], [-87.95742, 38.132613], [-87.957559, 38.132571], [-87.957853, 38.132483], [-87.958135, 38.132365], [-87.958409, 38.132249], [-87.958936, 38.132119], [-87.959241, 38.132098], [-87.960021, 38.132186], [-87.960662, 38.132224], [-87.961228, 38.132258], [-87.961509, 38.132276], [-87.961852, 38.132298], [-87.962135, 38.132331], [-87.962353, 38.132356], [-87.962935, 38.132491], [-87.962938, 38.132491], [-87.962965, 38.132501], [-87.963346, 38.132637], [-87.964051, 38.132811], [-87.964107, 38.132824], [-87.96411, 38.132825], [-87.964731, 38.132882], [-87.965421, 38.132804], [-87.966122, 38.132573], [-87.966864, 38.132288], [-87.967387, 38.13207], [-87.967416, 38.132058], [-87.967447, 38.13204], [-87.968115, 38.131669], [-87.968797, 38.131159], [-87.969434, 38.130505], [-87.970067, 38.129788], [-87.970325, 38.129489], [-87.970561, 38.129216], [-87.970923, 38.128676], [-87.971146, 38.128276], [-87.971198, 38.128183], [-87.971363, 38.127872], [-87.971364, 38.127872], [-87.971364, 38.127871], [-87.971414, 38.127777], [-87.971499, 38.127617], [-87.971561, 38.127476], [-87.971678, 38.127206], [-87.971793, 38.126984], [-87.97197, 38.126645], [-87.972214, 38.126277], [-87.972272, 38.126191], [-87.972369, 38.126057], [-87.972617, 38.125711], [-87.97276, 38.125445], [-87.972948, 38.125095], [-87.973237, 38.124406], [-87.973266, 38.124336], [-87.97349, 38.12382], [-87.973704, 38.123413], [-87.973773, 38.123244], [-87.973888, 38.122961], [-87.973954, 38.122446], [-87.973969, 38.122383], [-87.974044, 38.122058], [-87.974097, 38.121661], [-87.974133, 38.121511], [-87.974221, 38.121142], [-87.974292, 38.120795], [-87.974365, 38.120438], [-87.974428, 38.120094], [-87.974468, 38.119874], [-87.974483, 38.119682], [-87.974505, 38.119391], [-87.974495, 38.119227], [-87.974491, 38.119166], [-87.974434, 38.118968], [-87.974373, 38.118852], [-87.974332, 38.118775], [-87.97427, 38.118714], [-87.974177, 38.118623], [-87.974011, 38.118485], [-87.973879, 38.118387], [-87.973766, 38.118194], [-87.973719, 38.117969], [-87.973737, 38.117717], [-87.973764, 38.117266], [-87.97378, 38.116756], [-87.973797, 38.1164], [-87.973797, 38.116384], [-87.973814, 38.11608], [-87.973798, 38.115675], [-87.97377, 38.115188], [-87.973736, 38.11485], [-87.973719, 38.11468], [-87.973733, 38.114089], [-87.973745, 38.114015], [-87.973794, 38.113715], [-87.973838, 38.113431], [-87.973838, 38.11343], [-87.973834, 38.113394], [-87.973853, 38.113249], [-87.973883, 38.113024], [-87.973997, 38.112546], [-87.974021, 38.112448], [-87.974122, 38.112027], [-87.974173, 38.111816], [-87.974216, 38.111643], [-87.974254, 38.111255], [-87.974316, 38.111027], [-87.974359, 38.110871], [-87.974508, 38.110568], [-87.974746, 38.110287], [-87.975157, 38.109914], [-87.975591, 38.109572], [-87.975982, 38.109307], [-87.976161, 38.10922], [-87.976265, 38.10917], [-87.976615, 38.109036], [-87.976695, 38.108992], [-87.977092, 38.108771], [-87.977658, 38.108505], [-87.977698, 38.108489], [-87.978247, 38.10827], [-87.978574, 38.108163], [-87.978913, 38.108053], [-87.979415, 38.107905], [-87.979656, 38.107847], [-87.97983, 38.107806], [-87.980234, 38.107749], [-87.980475, 38.107729], [-87.980615, 38.10777], [-87.980684, 38.10779], [-87.980937, 38.107874], [-87.981206, 38.107863], [-87.981233, 38.107862], [-87.981615, 38.107755], [-87.981776, 38.107675], [-87.981963, 38.107581], [-87.982333, 38.107402], [-87.982748, 38.107304], [-87.983098, 38.107243], [-87.983416, 38.107222], [-87.98377, 38.107195], [-87.98381, 38.107192], [-87.984069, 38.107156], [-87.984225, 38.107134], [-87.984231, 38.107134], [-87.984685, 38.107108], [-87.984856, 38.107111], [-87.985069, 38.107114], [-87.985348, 38.107142], [-87.985354, 38.107143], [-87.985749, 38.107185], [-87.98622, 38.107199], [-87.986671, 38.107217], [-87.987107, 38.107137], [-87.987423, 38.107108], [-87.987589, 38.107093], [-87.98806, 38.107102], [-87.988475, 38.107149], [-87.988652, 38.107169], [-87.988768, 38.10719], [-87.989253, 38.107277], [-87.989964, 38.10735], [-87.990025, 38.107356], [-87.990113, 38.107368], [-87.990793, 38.107462], [-87.991139, 38.107503], [-87.991693, 38.107567], [-87.992626, 38.107722], [-87.992677, 38.107729], [-87.992678, 38.107729], [-87.992678, 38.107729], [-87.992678, 38.107729], [-87.99298, 38.107775], [-87.993615, 38.107871], [-87.994362, 38.108045], [-87.994999, 38.108179], [-87.995306, 38.108235], [-87.995425, 38.108257], [-87.995788, 38.108326], [-87.996205, 38.108453], [-87.996582, 38.108558], [-87.996923, 38.108604], [-87.997351, 38.108592], [-87.997372, 38.108592], [-87.997765, 38.10853], [-87.998104, 38.108437], [-87.998617, 38.108288], [-87.999064, 38.108154], [-87.999283, 38.108093], [-87.999414, 38.108056], [-87.999742, 38.108017], [-88.000028, 38.107979], [-88.000187, 38.107979], [-88.000449, 38.10798], [-88.000823, 38.107936], [-88.000987, 38.107916], [-88.0011, 38.107896], [-88.001387, 38.107845], [-88.001869, 38.107724], [-88.001997, 38.107692], [-88.002148, 38.107636], [-88.002618, 38.107461], [-88.003143, 38.107281], [-88.003837, 38.107004], [-88.004456, 38.10676], [-88.005087, 38.106539], [-88.005489, 38.106413], [-88.005665, 38.106358], [-88.006296, 38.106159], [-88.006776, 38.106013], [-88.006801, 38.106006], [-88.007138, 38.105908], [-88.007406, 38.10587], [-88.007749, 38.105822], [-88.008052, 38.105756], [-88.008223, 38.105719], [-88.00877, 38.10557], [-88.009348, 38.10533], [-88.01003, 38.10505], [-88.010622, 38.104774], [-88.011125, 38.104536], [-88.012087, 38.104081], [-88.012569, 38.103834], [-88.012926, 38.10365], [-88.013365, 38.103345], [-88.013438, 38.103295], [-88.013455, 38.103281], [-88.013818, 38.102994], [-88.013864, 38.102958], [-88.01393, 38.102907], [-88.014242, 38.102585], [-88.014276, 38.102543], [-88.014532, 38.102226], [-88.014652, 38.102068], [-88.014867, 38.101782], [-88.015268, 38.101165], [-88.015556, 38.100595], [-88.015843, 38.100002], [-88.016075, 38.099453], [-88.016126, 38.099333], [-88.016126, 38.099333], [-88.016179, 38.099193], [-88.016455, 38.098451], [-88.016678, 38.097742], [-88.016755, 38.097264], [-88.016782, 38.096813], [-88.016798, 38.096529], [-88.01677, 38.096006], [-88.016713, 38.095647], [-88.016677, 38.095421], [-88.016534, 38.095012], [-88.016528, 38.094999], [-88.016361, 38.09464], [-88.016127, 38.094247], [-88.016091, 38.094187], [-88.016087, 38.094175], [-88.015989, 38.093791], [-88.015781, 38.093261], [-88.015742, 38.093169], [-88.015585, 38.092804], [-88.015504, 38.092621], [-88.015458, 38.092516], [-88.015458, 38.092515], [-88.015323, 38.092211], [-88.01505, 38.091564], [-88.014703, 38.090788], [-88.014545, 38.090283], [-88.014543, 38.090276], [-88.014455, 38.089808], [-88.014455, 38.089807], [-88.014437, 38.089715], [-88.01442, 38.089623], [-88.014288, 38.089102], [-88.014189, 38.088824], [-88.014187, 38.088819], [-88.014184, 38.088812], [-88.014088, 38.08854], [-88.013991, 38.088356], [-88.01383, 38.088051], [-88.013634, 38.087647], [-88.013315, 38.087114], [-88.013163, 38.08683], [-88.012995, 38.086517], [-88.012873, 38.086325], [-88.01275, 38.086132], [-88.012582, 38.085909], [-88.012446, 38.085729], [-88.012226, 38.085479], [-88.012099, 38.085335], [-88.011717, 38.084942], [-88.011641, 38.084889], [-88.011429, 38.084742], [-88.01126, 38.084658], [-88.011132, 38.084596], [-88.010925, 38.084519], [-88.010824, 38.084481], [-88.010348, 38.084409], [-88.009859, 38.084339], [-88.009809, 38.084332], [-88.009758, 38.084324], [-88.009216, 38.084238], [-88.008571, 38.084135], [-88.008412, 38.08411], [-88.008283, 38.084088], [-88.007766, 38.083998], [-88.007706, 38.083992], [-88.007685, 38.083989], [-88.007684, 38.083989], [-88.007627, 38.083983], [-88.007533, 38.083973], [-88.007533, 38.083972], [-88.007005, 38.083915], [-88.006319, 38.08392], [-88.005601, 38.083949], [-88.004873, 38.083991], [-88.004526, 38.084024], [-88.004399, 38.084036], [-88.004222, 38.084057], [-88.003798, 38.084109], [-88.003419, 38.084206], [-88.003198, 38.084263], [-88.002919, 38.08436], [-88.002631, 38.084461], [-88.002543, 38.084495], [-88.002512, 38.084507], [-88.002512, 38.084507], [-88.002064, 38.084682], [-88.001644, 38.084862], [-88.001098, 38.085141], [-88.000841, 38.085245], [-88.00072, 38.085293], [-88.000655, 38.085316], [-88.000384, 38.085413], [-88.000006, 38.085506], [-87.998691, 38.085914], [-87.997369, 38.086326], [-87.9965, 38.086645], [-87.99622, 38.086755], [-87.995693, 38.086963], [-87.994981, 38.087169], [-87.994828, 38.087213], [-87.993394, 38.087572], [-87.991636, 38.088087], [-87.990841, 38.088342], [-87.990527, 38.088403], [-87.98997, 38.088457], [-87.989569, 38.088537], [-87.989544, 38.088542], [-87.989535, 38.088546], [-87.989138, 38.088721], [-87.98892, 38.088865], [-87.988798, 38.088945], [-87.988652, 38.089025], [-87.988475, 38.089123], [-87.987736, 38.089418], [-87.986683, 38.089801], [-87.985647, 38.090116], [-87.984972, 38.090331], [-87.984557, 38.090463], [-87.983532, 38.090801], [-87.983392, 38.090847], [-87.983088, 38.090954], [-87.982172, 38.091276], [-87.981895, 38.09137], [-87.981432, 38.091526], [-87.980755, 38.091733], [-87.980693, 38.091753], [-87.980667, 38.091761], [-87.980027, 38.091983], [-87.979206, 38.092351], [-87.978468, 38.092699], [-87.977563, 38.093103], [-87.976872, 38.093438], [-87.976465, 38.093586], [-87.975919, 38.093789], [-87.97542, 38.093964], [-87.975263, 38.094019], [-87.974981, 38.094108], [-87.974588, 38.094232], [-87.973857, 38.094405], [-87.973718, 38.094441], [-87.972978, 38.094633], [-87.972416, 38.094787], [-87.972182, 38.094851], [-87.971842, 38.09496], [-87.971369, 38.095111], [-87.970804, 38.095246], [-87.970174, 38.095377], [-87.969803, 38.095482], [-87.969629, 38.095531], [-87.969628, 38.095531], [-87.969628, 38.095531], [-87.969604, 38.095537], [-87.969481, 38.095572], [-87.969137, 38.095683], [-87.96888, 38.095766], [-87.968431, 38.09596], [-87.96839, 38.095978], [-87.968265, 38.096049], [-87.967782, 38.096321], [-87.967334, 38.096614], [-87.967091, 38.096773], [-87.966983, 38.096863], [-87.966513, 38.097255], [-87.966311, 38.097419], [-87.965714, 38.097906], [-87.965125, 38.098316], [-87.964768, 38.098539], [-87.964627, 38.098627], [-87.964056, 38.098943], [-87.964035, 38.098958], [-87.963936, 38.099029], [-87.963786, 38.099121], [-87.963743, 38.099148], [-87.96331, 38.099395], [-87.962959, 38.09956], [-87.962524, 38.099708], [-87.962453, 38.099729], [-87.962016, 38.09986], [-87.961848, 38.099896], [-87.961553, 38.099959], [-87.96107, 38.099999], [-87.960541, 38.100039], [-87.960235, 38.100042], [-87.960106, 38.100006], [-87.96003, 38.099985], [-87.959997, 38.099924], [-87.959963, 38.099864], [-87.959951, 38.099745], [-87.959942, 38.099657], [-87.959943, 38.099368], [-87.96, 38.098978], [-87.960029, 38.098777], [-87.960029, 38.098665], [-87.960029, 38.098439], [-87.960001, 38.097992], [-87.959993, 38.097872], [-87.959902, 38.097296], [-87.959791, 38.096657], [-87.959774, 38.096404], [-87.959746, 38.096013], [-87.959727, 38.095259], [-87.959727, 38.095258], [-87.959727, 38.095258], [-87.959727, 38.09523], [-87.959726, 38.095224], [-87.95972, 38.095145], [-87.959682, 38.094661], [-87.959552, 38.093973], [-87.959378, 38.093357], [-87.959367, 38.093321], [-87.959248, 38.093012], [-87.959141, 38.092737], [-87.9589, 38.092215], [-87.958899, 38.092214], [-87.958888, 38.092189], [-87.958667, 38.091757], [-87.958658, 38.091741], [-87.958599, 38.091632], [-87.958226, 38.090947], [-87.958006, 38.090583], [-87.957795, 38.090261], [-87.957435, 38.089796], [-87.95741, 38.089764], [-87.957377, 38.089715], [-87.957058, 38.089235], [-87.956654, 38.088697], [-87.95649, 38.088428], [-87.956348, 38.088064], [-87.956294, 38.08784], [-87.956226, 38.087552], [-87.956222, 38.087441], [-87.95621, 38.087151], [-87.95636, 38.086334], [-87.956569, 38.085652], [-87.956668, 38.085383], [-87.95679, 38.085051], [-87.957002, 38.084558], [-87.957057, 38.084436], [-87.957247, 38.084015], [-87.957382, 38.083828], [-87.957401, 38.083802], [-87.957615, 38.083374], [-87.957659, 38.083286], [-87.957994, 38.082553], [-87.958359, 38.081912], [-87.958365, 38.081901], [-87.958663, 38.081457], [-87.958957, 38.081009], [-87.95902, 38.080918], [-87.959227, 38.080619], [-87.959743, 38.079917], [-87.959769, 38.07988], [-87.959824, 38.079819], [-87.960251, 38.079335], [-87.960289, 38.079291], [-87.960322, 38.079254], [-87.960534, 38.079013], [-87.961087, 38.078391], [-87.961562, 38.077802], [-87.961751, 38.077542], [-87.961943, 38.07728], [-87.962296, 38.076638], [-87.962541, 38.076198], [-87.962656, 38.075963], [-87.96275, 38.075769], [-87.962991, 38.075315], [-87.96323, 38.074863], [-87.963433, 38.074391], [-87.96359, 38.074024], [-87.963603, 38.073995], [-87.963607, 38.073986], [-87.963607, 38.073984], [-87.963608, 38.073983], [-87.963627, 38.073934], [-87.963915, 38.073209], [-87.964561, 38.07186], [-87.965108, 38.070829], [-87.965664, 38.069801], [-87.966023, 38.069122], [-87.966387, 38.06843], [-87.966859, 38.067588], [-87.966963, 38.067445], [-87.967401, 38.066849], [-87.967868, 38.06639], [-87.969001, 38.065485], [-87.969088, 38.065415], [-87.969368, 38.065224], [-87.970054, 38.064754], [-87.971267, 38.063928], [-87.972578, 38.063125], [-87.972609, 38.063106], [-87.972611, 38.063105], [-87.97426, 38.062137], [-87.975526, 38.061433], [-87.976109, 38.061131], [-87.976562, 38.060897], [-87.977501, 38.060416], [-87.978574, 38.059853], [-87.979092, 38.059617], [-87.979808, 38.059293], [-87.980673, 38.058907], [-87.981769, 38.058339], [-87.983439, 38.05755], [-87.984287, 38.057187], [-87.985615, 38.056572], [-87.986668, 38.056063], [-87.987644, 38.055586], [-87.988835, 38.055017], [-87.989371, 38.054822], [-87.990026, 38.054584], [-87.990661, 38.054386], [-87.991305, 38.054185], [-87.991405, 38.054156], [-87.992765, 38.053763], [-87.992955, 38.053708], [-87.993915, 38.053433], [-87.994275, 38.05334], [-87.99462, 38.053251], [-87.995019, 38.053138], [-87.995289, 38.053061], [-87.995838, 38.052915], [-87.996165, 38.052828], [-87.996861, 38.052678], [-87.997518, 38.05256], [-87.998283, 38.052408], [-87.998326, 38.0524], [-87.999516, 38.052192], [-87.999635, 38.052172], [-88.000034, 38.052106], [-88.000965, 38.051972], [-88.00183, 38.051861], [-88.002352, 38.051785], [-88.002719, 38.051732], [-88.003002, 38.051706], [-88.003916, 38.051622], [-88.004375, 38.05158], [-88.004602, 38.051559], [-88.004602, 38.051559], [-88.004602, 38.051559], [-88.00488, 38.051533], [-88.004979, 38.051527], [-88.005844, 38.05148], [-88.006929, 38.051421], [-88.007961, 38.051394], [-88.008345, 38.051394], [-88.00907, 38.051393], [-88.01005, 38.051417], [-88.010344, 38.051413], [-88.011023, 38.051404], [-88.011913, 38.05141], [-88.01254, 38.051428], [-88.012637, 38.05143], [-88.012815, 38.05144], [-88.013414, 38.051473], [-88.014138, 38.051521], [-88.014395, 38.051536], [-88.01481, 38.05156], [-88.015022, 38.051576], [-88.015306, 38.051597], [-88.016093, 38.051666], [-88.016861, 38.051724], [-88.017278, 38.051755], [-88.017662, 38.051787], [-88.018116, 38.051825], [-88.019126, 38.051947], [-88.019319, 38.051967], [-88.019981, 38.052038], [-88.020578, 38.052094], [-88.020955, 38.052129], [-88.02169, 38.052206], [-88.021786, 38.052216], [-88.02267, 38.052299], [-88.023303, 38.052334], [-88.024322, 38.052375], [-88.024566, 38.052376], [-88.025144, 38.052381], [-88.026031, 38.052373], [-88.026385, 38.052367], [-88.027062, 38.052355], [-88.028212, 38.052359], [-88.029139, 38.052301], [-88.030073, 38.052234], [-88.030294, 38.052211], [-88.0313, 38.052106], [-88.032113, 38.051977], [-88.033047, 38.051802], [-88.033442, 38.051726], [-88.033757, 38.051666], [-88.034013, 38.051595], [-88.034267, 38.051526], [-88.034912, 38.051335], [-88.03539, 38.051164], [-88.035452, 38.051141], [-88.03558, 38.05109], [-88.035977, 38.05093], [-88.036659, 38.050599], [-88.037108, 38.050366], [-88.03734, 38.050246], [-88.037531, 38.050147], [-88.037968, 38.049921], [-88.038559, 38.049559], [-88.039016, 38.04928], [-88.039352, 38.049075], [-88.039934, 38.048655], [-88.040265, 38.048386], [-88.040634, 38.048085], [-88.040908, 38.047817], [-88.041177, 38.047553], [-88.041717, 38.046949], [-88.042104, 38.046468], [-88.04223, 38.046272], [-88.042451, 38.045924], [-88.042596, 38.045645], [-88.042627, 38.045585], [-88.042757, 38.045178], [-88.042884, 38.044582], [-88.042906, 38.044338], [-88.042943, 38.043937], [-88.042975, 38.043549], [-88.042979, 38.043398], [-88.042985, 38.04318], [-88.042986, 38.042909], [-88.042986, 38.042729], [-88.042956, 38.042216], [-88.042938, 38.04201], [-88.042902, 38.041594], [-88.042866, 38.041231], [-88.042841, 38.040969], [-88.042799, 38.040708], [-88.042794, 38.040676], [-88.042782, 38.040602], [-88.042758, 38.040451], [-88.042639, 38.04002], [-88.042516, 38.039435], [-88.042437, 38.039178], [-88.042352, 38.038905], [-88.042152, 38.038375], [-88.042078, 38.038222], [-88.042044, 38.03815], [-88.042007, 38.038096], [-88.041833, 38.037837], [-88.041688, 38.037618], [-88.041535, 38.037389], [-88.041376, 38.037175], [-88.041229, 38.036977], [-88.040739, 38.036314], [-88.040175, 38.035625], [-88.039919, 38.035397], [-88.039426, 38.034956], [-88.039258, 38.034834], [-88.038825, 38.03452], [-88.038292, 38.034096], [-88.037954, 38.03387], [-88.037747, 38.033732], [-88.037115, 38.033323], [-88.036483, 38.033022], [-88.035601, 38.032669], [-88.034846, 38.032459], [-88.034242, 38.032316], [-88.034188, 38.032305], [-88.033706, 38.032208], [-88.03347, 38.032177], [-88.033004, 38.032115], [-88.032528, 38.032052], [-88.032301, 38.032022], [-88.031698, 38.031937], [-88.031108, 38.03192], [-88.030681, 38.031888], [-88.030117, 38.031879], [-88.029353, 38.031899], [-88.028943, 38.0319], [-88.028595, 38.031901], [-88.027961, 38.031938], [-88.027398, 38.032002], [-88.027172, 38.032053], [-88.026798, 38.032138], [-88.025983, 38.032289], [-88.025854, 38.032315], [-88.025335, 38.032417], [-88.024944, 38.032504], [-88.024535, 38.032595], [-88.024082, 38.032713], [-88.024082, 38.032713], [-88.023888, 38.032764], [-88.023875, 38.032767], [-88.023798, 38.032789], [-88.022986, 38.033023], [-88.022687, 38.033105], [-88.022275, 38.033218], [-88.021513, 38.033455], [-88.020802, 38.0337], [-88.020263, 38.033863], [-88.019804, 38.034001], [-88.019287, 38.034103], [-88.019179, 38.034124], [-88.019095, 38.034134], [-88.018627, 38.034192], [-88.017989, 38.034256], [-88.017673, 38.034273], [-88.016972, 38.03431], [-88.016422, 38.034285], [-88.016121, 38.034272], [-88.015157, 38.034186], [-88.015129, 38.034194], [-88.015127, 38.034195], [-88.014348, 38.034116], [-88.01397, 38.034061], [-88.013503, 38.033993], [-88.012816, 38.033854], [-88.012579, 38.033791], [-88.012166, 38.03368], [-88.012072, 38.033646], [-88.011737, 38.033526], [-88.011427, 38.033403], [-88.011271, 38.03334], [-88.010747, 38.033087], [-88.010731, 38.033079], [-88.010727, 38.033077], [-88.010266, 38.032817], [-88.009746, 38.032511], [-88.009189, 38.032106], [-88.009009, 38.031967], [-88.008923, 38.031901], [-88.008668, 38.031596], [-88.008589, 38.031465], [-88.008501, 38.031318], [-88.008436, 38.031163], [-88.008316, 38.030878], [-88.008093, 38.030376], [-88.008031, 38.030191], [-88.007963, 38.029989], [-88.007918, 38.029494], [-88.007919, 38.029339], [-88.007923, 38.028949], [-88.008031, 38.02856], [-88.008274, 38.028062], [-88.008453, 38.027817], [-88.008607, 38.027604], [-88.008734, 38.027461], [-88.008781, 38.027409], [-88.008781, 38.027409], [-88.008839, 38.027344], [-88.009019, 38.027141], [-88.009346, 38.026832], [-88.009861, 38.026467], [-88.010303, 38.026229], [-88.01078, 38.026049], [-88.010984, 38.025999], [-88.011463, 38.025881], [-88.011615, 38.02586], [-88.012229, 38.025775], [-88.012449, 38.025742], [-88.012474, 38.025738], [-88.012862, 38.025679], [-88.012954, 38.025665], [-88.013622, 38.025547], [-88.014223, 38.025456], [-88.014628, 38.025342], [-88.014667, 38.025331], [-88.014688, 38.025325], [-88.015309, 38.025136], [-88.015778, 38.024952], [-88.016367, 38.024622], [-88.016899, 38.024279], [-88.017161, 38.024034], [-88.017385, 38.023825], [-88.017669, 38.023565], [-88.018126, 38.023149], [-88.01817, 38.023108], [-88.018193, 38.023088], [-88.018965, 38.022328], [-88.019578, 38.02171], [-88.020141, 38.021056], [-88.020459, 38.020652], [-88.020569, 38.020512], [-88.020739, 38.020284], [-88.02095, 38.019999], [-88.02126, 38.019528], [-88.021355, 38.019383], [-88.021846, 38.018617], [-88.022158, 38.018075], [-88.022311, 38.017807], [-88.022738, 38.016965], [-88.022842, 38.016731], [-88.023065, 38.016226], [-88.023072, 38.016209], [-88.023098, 38.016149], [-88.023461, 38.015296], [-88.023802, 38.014585], [-88.024002, 38.014104], [-88.024202, 38.013622], [-88.024485, 38.012818], [-88.024526, 38.012704], [-88.024832, 38.011706], [-88.024933, 38.011315], [-88.025052, 38.010852], [-88.025075, 38.010654], [-88.025134, 38.010385], [-88.025174, 38.010202], [-88.025406, 38.00924], [-88.02546, 38.008988], [-88.025578, 38.008428], [-88.025617, 38.007643], [-88.025578, 38.006953], [-88.025567, 38.006742], [-88.02547, 38.006148], [-88.025282, 38.00542], [-88.025219, 38.005177], [-88.025159, 38.005044], [-88.024947, 38.004567], [-88.02469, 38.004051], [-88.024362, 38.003324], [-88.024198, 38.002985], [-88.024153, 38.002893], [-88.024075, 38.002685], [-88.02388, 38.00217], [-88.023737, 38.001808], [-88.023607, 38.001478], [-88.023581, 38.001337], [-88.023499, 38.000907], [-88.023379, 38.000421], [-88.023328, 38.000196], [-88.023306, 38.000097], [-88.023246, 37.999839], [-88.023152, 37.999432], [-88.023064, 37.998878], [-88.022922, 37.998576], [-88.022805, 37.998326], [-88.022742, 37.998185], [-88.022573, 37.997805], [-88.022276, 37.997222], [-88.022081, 37.996922], [-88.021956, 37.996729], [-88.021739, 37.996411], [-88.021622, 37.996225], [-88.021585, 37.996165], [-88.021463, 37.995931], [-88.021219, 37.995551], [-88.020959, 37.994836], [-88.020705, 37.994257], [-88.020674, 37.994185], [-88.020585, 37.993953], [-88.02044, 37.993575], [-88.020205, 37.992932], [-88.02005, 37.992558], [-88.019959, 37.992339], [-88.019853, 37.992109], [-88.019713, 37.991805], [-88.019455, 37.991213], [-88.019234, 37.990638], [-88.019099, 37.990377], [-88.018963, 37.990113], [-88.018784, 37.989756], [-88.018602, 37.989395], [-88.018407, 37.989026], [-88.018281, 37.98879], [-88.017978, 37.988209], [-88.017972, 37.988197], [-88.017946, 37.98815], [-88.017651, 37.987619], [-88.017253, 37.986978], [-88.017085, 37.986674], [-88.016945, 37.986422], [-88.016719, 37.985919], [-88.016662, 37.985793], [-88.016341, 37.985346], [-88.016084, 37.984843], [-88.015947, 37.984626], [-88.015674, 37.984193], [-88.015539, 37.98395], [-88.015327, 37.98357], [-88.014916, 37.982821], [-88.014719, 37.982447], [-88.014594, 37.982211], [-88.014264, 37.981529], [-88.014073, 37.981215], [-88.013752, 37.980636], [-88.013494, 37.980102], [-88.013209, 37.979438], [-88.012939, 37.978958], [-88.012866, 37.978785], [-88.012732, 37.978473], [-88.012536, 37.97788], [-88.012514, 37.977719], [-88.012453, 37.977286], [-88.012419, 37.977109], [-88.012318, 37.976579], [-88.012273, 37.976104], [-88.012259, 37.975949], [-88.012185, 37.975084], [-88.012175, 37.974422], [-88.012165, 37.973665], [-88.012148, 37.973292], [-88.01213, 37.972913], [-88.012118, 37.972039], [-88.012111, 37.971349], [-88.01211, 37.970961], [-88.012109, 37.970637], [-88.012152, 37.969948], [-88.012205, 37.969271], [-88.012255, 37.96903], [-88.012405, 37.96831], [-88.012578, 37.96778], [-88.012616, 37.967663], [-88.01265, 37.967523], [-88.012761, 37.967072], [-88.012879, 37.96676], [-88.01298, 37.966498], [-88.013225, 37.966058], [-88.013705, 37.96495], [-88.014095, 37.964176], [-88.014119, 37.964137], [-88.014353, 37.963746], [-88.014522, 37.963476], [-88.014592, 37.963365], [-88.01465, 37.963284], [-88.014934, 37.962885], [-88.015152, 37.962631], [-88.015496, 37.962332], [-88.015535, 37.962298], [-88.015582, 37.962262], [-88.015845, 37.962057], [-88.016179, 37.961797], [-88.016371, 37.961675], [-88.016627, 37.961514], [-88.017186, 37.961202], [-88.017845, 37.960841], [-88.018252, 37.960653], [-88.01879, 37.960377], [-88.019168, 37.960202], [-88.019363, 37.960111], [-88.020184, 37.959748], [-88.020683, 37.959545], [-88.021154, 37.959345], [-88.021255, 37.959302], [-88.021353, 37.959269], [-88.021829, 37.959112], [-88.021994, 37.959068], [-88.022601, 37.958907], [-88.022896, 37.958833], [-88.023178, 37.958762], [-88.023399, 37.958722], [-88.024176, 37.958582], [-88.024764, 37.95851], [-88.024889, 37.958507], [-88.02539, 37.958495], [-88.026279, 37.958487], [-88.027106, 37.95848], [-88.027532, 37.958497], [-88.027532, 37.958497], [-88.027649, 37.958502], [-88.027944, 37.958513], [-88.028403, 37.958552], [-88.028861, 37.958591], [-88.029489, 37.95866], [-88.029701, 37.958683], [-88.029879, 37.958695], [-88.030516, 37.958739], [-88.031293, 37.958732], [-88.031753, 37.958692], [-88.03212, 37.958651], [-88.032193, 37.958643], [-88.032858, 37.958583], [-88.033754, 37.958399], [-88.034022, 37.958313], [-88.034577, 37.958135], [-88.03519, 37.957909], [-88.035465, 37.957771], [-88.035711, 37.957648], [-88.035934, 37.957491], [-88.036146, 37.957342], [-88.036517, 37.957068], [-88.036839, 37.956777], [-88.036877, 37.956708], [-88.036961, 37.95656], [-88.036988, 37.956354], [-88.037018, 37.956122], [-88.037013, 37.955784], [-88.036991, 37.955465], [-88.036981, 37.955307], [-88.036939, 37.954881], [-88.036908, 37.954573], [-88.036864, 37.954127], [-88.036814, 37.953725], [-88.03678, 37.953456], [-88.036709, 37.952871], [-88.036694, 37.952159], [-88.036661, 37.952142], [-88.036574, 37.951277], [-88.036562, 37.950848], [-88.036548, 37.950363], [-88.03654, 37.95007], [-88.036524, 37.949529], [-88.036472, 37.948529], [-88.036421, 37.947507], [-88.036405, 37.947092], [-88.036381, 37.946489], [-88.036321, 37.945322], [-88.036234, 37.944498], [-88.036211, 37.944289], [-88.036177, 37.943985], [-88.036078, 37.943175], [-88.036071, 37.943123], [-88.036066, 37.943087], [-88.036061, 37.943053], [-88.036049, 37.942963], [-88.036045, 37.942935], [-88.036015, 37.942711], [-88.03598, 37.942459], [-88.035909, 37.941815], [-88.035832, 37.941398], [-88.035821, 37.941338], [-88.035778, 37.941225], [-88.035653, 37.940903], [-88.03531, 37.940203], [-88.035167, 37.939914], [-88.034833, 37.939238], [-88.034451, 37.938484], [-88.033902, 37.937462], [-88.033756, 37.937147], [-88.033434, 37.936452], [-88.033197, 37.935996], [-88.033112, 37.935833], [-88.033033, 37.935701], [-88.032803, 37.935322], [-88.032511, 37.934869], [-88.032094, 37.934278], [-88.032017, 37.93417], [-88.032016, 37.934168], [-88.031993, 37.934135], [-88.031357, 37.933365], [-88.03114, 37.933113], [-88.030976, 37.932922], [-88.030744, 37.932469], [-88.030512, 37.932007], [-88.030343, 37.931563], [-88.030224, 37.931077], [-88.030191, 37.930886], [-88.030156, 37.930681], [-88.030166, 37.930625], [-88.030237, 37.930243], [-88.030353, 37.929942], [-88.030394, 37.929836], [-88.030866, 37.929156], [-88.03114, 37.928866], [-88.031249, 37.928752], [-88.03127, 37.928729], [-88.031375, 37.928605], [-88.031711, 37.928207], [-88.032441, 37.927565], [-88.032842, 37.927208], [-88.033096, 37.926983], [-88.033329, 37.926788], [-88.033678, 37.926495], [-88.034185, 37.926169], [-88.034323, 37.92608], [-88.034653, 37.925916], [-88.034833, 37.925827], [-88.035208, 37.92567], [-88.035558, 37.925523], [-88.036145, 37.925311], [-88.036503, 37.925182], [-88.036712, 37.92509], [-88.036788, 37.925057], [-88.037273, 37.924846], [-88.037522, 37.924767], [-88.037667, 37.924721], [-88.037988, 37.924659], [-88.03848, 37.924565], [-88.038854, 37.924537], [-88.039014, 37.924525], [-88.039238, 37.924509], [-88.039445, 37.924493], [-88.040172, 37.924397], [-88.040389, 37.924388], [-88.041112, 37.924357], [-88.041757, 37.924446], [-88.042135, 37.924525], [-88.042135, 37.924525], [-88.042347, 37.924569], [-88.042463, 37.924593], [-88.042654, 37.924626], [-88.0433, 37.924739], [-88.043708, 37.924844], [-88.043993, 37.924917], [-88.044794, 37.925162], [-88.045743, 37.925478], [-88.046067, 37.925597], [-88.046643, 37.925808], [-88.04731, 37.926086], [-88.047669, 37.926269], [-88.047892, 37.926383], [-88.048133, 37.926511], [-88.048577, 37.926747], [-88.049036, 37.927016], [-88.049054, 37.927026], [-88.049554, 37.927437], [-88.049591, 37.927467], [-88.049613, 37.927485], [-88.049887, 37.927719], [-88.050143, 37.927936], [-88.050542, 37.928274], [-88.050743, 37.928444], [-88.051285, 37.929061], [-88.051648, 37.929417], [-88.051672, 37.929441], [-88.051739, 37.929516], [-88.051999, 37.929812], [-88.052124, 37.930068], [-88.052225, 37.930224], [-88.052237, 37.930242], [-88.052399, 37.930367], [-88.052603, 37.930483], [-88.052633, 37.9305], [-88.052938, 37.930754], [-88.053132, 37.930951], [-88.053286, 37.931157], [-88.053304, 37.931198], [-88.053348, 37.9313], [-88.053362, 37.931394], [-88.05337, 37.931449], [-88.053365, 37.931626], [-88.053364, 37.931674], [-88.053298, 37.93199], [-88.053321, 37.932041], [-88.053339, 37.93208], [-88.053347, 37.932086], [-88.053562, 37.932258], [-88.053699, 37.932434], [-88.053809, 37.932576], [-88.053834, 37.932633], [-88.053923, 37.932832], [-88.053984, 37.932894], [-88.054035, 37.932932], [-88.054351, 37.933161], [-88.054747, 37.933451], [-88.054884, 37.933513], [-88.05503, 37.933579], [-88.055414, 37.93366], [-88.055483, 37.933674], [-88.055505, 37.933684], [-88.055656, 37.933749], [-88.055764, 37.933809], [-88.056056, 37.933971], [-88.05631, 37.934072], [-88.056642, 37.934141], [-88.057064, 37.93412], [-88.057577, 37.934083], [-88.057749, 37.934078], [-88.05813, 37.934065], [-88.058923, 37.934008], [-88.059535, 37.93389], [-88.060448, 37.933706], [-88.06104, 37.933537], [-88.061329, 37.933455], [-88.061643, 37.933353], [-88.06222, 37.933167], [-88.06301, 37.932831], [-88.06363, 37.932596], [-88.06395, 37.932476], [-88.064151, 37.932388], [-88.0647, 37.932149], [-88.065138, 37.931906], [-88.065636, 37.931568], [-88.066216, 37.931089], [-88.066292, 37.931026], [-88.06646, 37.93089], [-88.066929, 37.930511], [-88.067675, 37.929891], [-88.06812, 37.929464], [-88.068536, 37.929005], [-88.068909, 37.928416], [-88.069144, 37.92794], [-88.069155, 37.927859], [-88.069216, 37.92739], [-88.069288, 37.926817], [-88.069332, 37.926339], [-88.069335, 37.925839], [-88.069255, 37.925209], [-88.069158, 37.92475], [-88.06897, 37.924265], [-88.068966, 37.924255], [-88.068751, 37.923749], [-88.068622, 37.923509], [-88.068555, 37.923385], [-88.068288, 37.923018], [-88.067962, 37.922679], [-88.067614, 37.922267], [-88.067316, 37.921933], [-88.067092, 37.921682], [-88.066989, 37.921559], [-88.066788, 37.921319], [-88.066479, 37.92098], [-88.066271, 37.920766], [-88.066071, 37.92056], [-88.065703, 37.920167], [-88.065511, 37.920003], [-88.065062, 37.919623], [-88.064644, 37.91927], [-88.064473, 37.919115], [-88.064221, 37.918887], [-88.06398, 37.918732], [-88.063619, 37.9185], [-88.063433, 37.918395], [-88.063028, 37.918168], [-88.062438, 37.917889], [-88.061806, 37.917678], [-88.061623, 37.91763], [-88.061049, 37.917478], [-88.060514, 37.917349], [-88.060131, 37.917256], [-88.05886, 37.916979], [-88.058054, 37.916842], [-88.057205, 37.9167], [-88.056986, 37.916663], [-88.056319, 37.916537], [-88.056231, 37.916521], [-88.055049, 37.916275], [-88.054352, 37.916144], [-88.053466, 37.915978], [-88.053084, 37.915926], [-88.052751, 37.915881], [-88.052066, 37.915797], [-88.051633, 37.915746], [-88.051413, 37.915695], [-88.051301, 37.915668], [-88.051077, 37.915615], [-88.050826, 37.915555], [-88.050479, 37.915464], [-88.050261, 37.915407], [-88.050009, 37.915378], [-88.049656, 37.915363], [-88.049395, 37.915352], [-88.048531, 37.915328], [-88.048421, 37.915325], [-88.047726, 37.915308], [-88.047319, 37.915284], [-88.047005, 37.915265], [-88.046665, 37.915242], [-88.046237, 37.915213], [-88.045322, 37.915235], [-88.04437, 37.915296], [-88.044353, 37.915297], [-88.043493, 37.915269], [-88.042912, 37.915198], [-88.042912, 37.915198], [-88.042805, 37.915185], [-88.041508, 37.914985], [-88.041135, 37.914947], [-88.041001, 37.91494], [-88.040732, 37.914924], [-88.039674, 37.91498], [-88.039638, 37.914982], [-88.039599, 37.914984], [-88.038737, 37.914999], [-88.038602, 37.915001], [-88.037819, 37.914968], [-88.037729, 37.914967], [-88.037606, 37.914965], [-88.037379, 37.914926], [-88.037233, 37.914901], [-88.037061, 37.914848], [-88.036876, 37.914791], [-88.036794, 37.914766], [-88.036749, 37.914752], [-88.036506, 37.914659], [-88.036496, 37.914658], [-88.036325, 37.914629], [-88.036112, 37.914611], [-88.036083, 37.914609], [-88.035337, 37.914647], [-88.03495, 37.914656], [-88.034894, 37.914657], [-88.034686, 37.914662], [-88.034545, 37.914634], [-88.03454, 37.914633], [-88.034535, 37.914632], [-88.034431, 37.914584], [-88.034312, 37.91453], [-88.034111, 37.914394], [-88.034069, 37.914365], [-88.033962, 37.914278], [-88.033407, 37.913821], [-88.033041, 37.913518], [-88.032737, 37.913354], [-88.032485, 37.913302], [-88.032282, 37.913298], [-88.032164, 37.913296], [-88.031957, 37.913325], [-88.031923, 37.91333], [-88.031901, 37.913336], [-88.031432, 37.913465], [-88.030931, 37.913609], [-88.02995, 37.913897], [-88.029549, 37.913972], [-88.029197, 37.914008], [-88.028916, 37.914036], [-88.028651, 37.914044], [-88.028283, 37.914056], [-88.027368, 37.914082], [-88.026895, 37.914125], [-88.026455, 37.914166], [-88.026005, 37.914216], [-88.025842, 37.914235], [-88.025585, 37.914247], [-88.025281, 37.914261], [-88.025281, 37.914261], [-88.024908, 37.914279], [-88.024806, 37.914292], [-88.024547, 37.914327], [-88.02427, 37.914343], [-88.023914, 37.914364], [-88.023748, 37.914388], [-88.023613, 37.914407], [-88.023382, 37.914481], [-88.023119, 37.914602], [-88.023013, 37.914651], [-88.022923, 37.914707], [-88.022813, 37.914775], [-88.022706, 37.91483], [-88.022674, 37.914836], [-88.022633, 37.914844], [-88.02258, 37.914836], [-88.02254, 37.914831], [-88.022391, 37.914719], [-88.02238, 37.914711], [-88.022278, 37.914586], [-88.022016, 37.914255], [-88.022001, 37.914236], [-88.021849, 37.91413], [-88.021736, 37.914065], [-88.021677, 37.914032], [-88.021546, 37.913997], [-88.021234, 37.913982], [-88.021083, 37.913942], [-88.02103, 37.913916], [-88.0209, 37.913849], [-88.020774, 37.91376], [-88.020687, 37.913698], [-88.020564, 37.91358], [-88.020449, 37.91347], [-88.020148, 37.913221], [-88.020035, 37.913079], [-88.019912, 37.912925], [-88.019868, 37.912776], [-88.019803, 37.912557], [-88.019749, 37.91226], [-88.019757, 37.912042], [-88.019758, 37.912021], [-88.019819, 37.911615], [-88.019863, 37.911263], [-88.019867, 37.911044], [-88.019869, 37.910912], [-88.019875, 37.910582], [-88.01987, 37.910529], [-88.019827, 37.910046], [-88.019729, 37.909497], [-88.019536, 37.908967], [-88.019489, 37.908825], [-88.019321, 37.908316], [-88.019219, 37.908083], [-88.019207, 37.908055], [-88.019103, 37.907817], [-88.019098, 37.907804], [-88.019051, 37.907594], [-88.018974, 37.907251], [-88.018786, 37.906721], [-88.018688, 37.906298], [-88.018647, 37.906123], [-88.018507, 37.905461], [-88.018463, 37.905272], [-88.018315, 37.904634], [-88.018146, 37.904022], [-88.017886, 37.903398], [-88.017657, 37.902795], [-88.01765, 37.902777], [-88.017624, 37.902709], [-88.017599, 37.902644], [-88.017285, 37.902128], [-88.017277, 37.902117], [-88.017264, 37.902097], [-88.017264, 37.902097], [-88.016813, 37.901447], [-88.016384, 37.900901], [-88.015973, 37.90026], [-88.015634, 37.899759], [-88.015183, 37.899141], [-88.014976, 37.898828], [-88.014845, 37.89863], [-88.014722, 37.898409], [-88.014484, 37.897984], [-88.014203, 37.897538], [-88.014145, 37.897446], [-88.014091, 37.897341], [-88.013752, 37.896683], [-88.013627, 37.896365], [-88.013502, 37.89605], [-88.013322, 37.895353], [-88.013292, 37.894944], [-88.013285, 37.894849], [-88.013323, 37.89429], [-88.013414, 37.894], [-88.013481, 37.893784], [-88.013798, 37.893055], [-88.014018, 37.892598], [-88.014189, 37.89225], [-88.014519, 37.891705], [-88.014582, 37.8916], [-88.015066, 37.890976], [-88.015502, 37.890508], [-88.015989, 37.890104], [-88.016073, 37.890035], [-88.016536, 37.889641], [-88.017033, 37.889285], [-88.017238, 37.889172], [-88.017567, 37.888992], [-88.018021, 37.888767], [-88.018426, 37.888592], [-88.018953, 37.888387], [-88.019407, 37.888271], [-88.020045, 37.888162], [-88.020481, 37.888115], [-88.021103, 37.888114], [-88.021989, 37.888251], [-88.022563, 37.888318], [-88.023158, 37.888439], [-88.023864, 37.888608], [-88.024268, 37.888756], [-88.024438, 37.888864], [-88.024612, 37.888976], [-88.024999, 37.88934], [-88.025305, 37.889694], [-88.025305, 37.889695], [-88.025306, 37.889695], [-88.025519, 37.890026], [-88.025542, 37.890061], [-88.02566, 37.890232], [-88.025819, 37.890464], [-88.026157, 37.890898], [-88.026544, 37.891271], [-88.02692, 37.891592], [-88.027205, 37.891804], [-88.027397, 37.891946], [-88.027542, 37.89204], [-88.027894, 37.892271], [-88.0284, 37.892505], [-88.02847, 37.892532], [-88.028885, 37.89269], [-88.029501, 37.892847], [-88.030307, 37.892966], [-88.030726, 37.893025], [-88.031062, 37.893072], [-88.031967, 37.893118], [-88.0323, 37.8931], [-88.032841, 37.89307], [-88.033885, 37.892966], [-88.034272, 37.892907], [-88.034938, 37.892804], [-88.03537, 37.89273], [-88.036292, 37.892571], [-88.036431, 37.892545], [-88.036517, 37.892528], [-88.037621, 37.892318], [-88.03763, 37.892316], [-88.038612, 37.892132], [-88.039069, 37.892055], [-88.039382, 37.891996], [-88.039716, 37.891933], [-88.040745, 37.891758], [-88.040808, 37.891747], [-88.040836, 37.891743], [-88.042146, 37.891551], [-88.042762, 37.891491], [-88.043447, 37.891424], [-88.044724, 37.891343], [-88.046098, 37.891274], [-88.04778, 37.891203], [-88.048726, 37.891213], [-88.049247, 37.891224], [-88.049661, 37.891234], [-88.04997, 37.891254], [-88.050789, 37.891307], [-88.051342, 37.891357], [-88.051747, 37.891393], [-88.052421, 37.891468], [-88.052876, 37.891518], [-88.053957, 37.891653], [-88.054136, 37.89168], [-88.054377, 37.891716], [-88.055174, 37.891836], [-88.055415, 37.89188], [-88.056279, 37.892037], [-88.056712, 37.892118], [-88.05736, 37.89224], [-88.057948, 37.892356], [-88.058766, 37.892515], [-88.059895, 37.892748], [-88.061004, 37.892995], [-88.06208, 37.893238], [-88.062496, 37.893322], [-88.06289, 37.893402], [-88.063362, 37.893514], [-88.063878, 37.893636], [-88.064248, 37.893738], [-88.064675, 37.893854], [-88.065186, 37.893988], [-88.065186, 37.893988], [-88.065674, 37.894116], [-88.065916, 37.894188], [-88.066663, 37.894409], [-88.067572, 37.894666], [-88.068733, 37.895034], [-88.069602, 37.895333], [-88.070542, 37.895703], [-88.071502, 37.896037], [-88.071688, 37.896121], [-88.072261, 37.896381], [-88.072671, 37.89658], [-88.073121, 37.896797], [-88.07379, 37.897133], [-88.074378, 37.897502], [-88.074516, 37.897587], [-88.075038, 37.897908], [-88.075038, 37.897908], [-88.075179, 37.897995], [-88.075343, 37.898098], [-88.07591, 37.898452], [-88.076299, 37.898728], [-88.076451, 37.898835], [-88.076678, 37.898988], [-88.077037, 37.899231], [-88.077439, 37.89952], [-88.077768, 37.899756], [-88.078433, 37.900212], [-88.078448, 37.900223], [-88.079078, 37.900668], [-88.079719, 37.901171], [-88.080177, 37.90155], [-88.080707, 37.901978], [-88.080756, 37.902018], [-88.080786, 37.902042], [-88.081519, 37.902637], [-88.082171, 37.903221], [-88.082267, 37.903303], [-88.082589, 37.903578], [-88.082646, 37.903634], [-88.082936, 37.903917], [-88.083439, 37.904345], [-88.083751, 37.904582], [-88.083948, 37.904733], [-88.084819, 37.905207], [-88.085119, 37.905345], [-88.085538, 37.905538], [-88.087255, 37.906072], [-88.088687, 37.90637], [-88.089471, 37.906428], [-88.089703, 37.906446], [-88.090528, 37.906456], [-88.091332, 37.906431], [-88.091738, 37.906382], [-88.091982, 37.906353], [-88.092072, 37.906337], [-88.092736, 37.90622], [-88.093748, 37.906012], [-88.094368, 37.905772], [-88.09455, 37.905684], [-88.094967, 37.905482], [-88.095003, 37.905457], [-88.095096, 37.905393], [-88.095614, 37.905035], [-88.09612, 37.90462], [-88.096516, 37.90417], [-88.096708, 37.90388], [-88.09683, 37.903694], [-88.096914, 37.903506], [-88.097025, 37.903255], [-88.097149, 37.902758], [-88.09718, 37.902516], [-88.097212, 37.902266], [-88.097111, 37.901564], [-88.097064, 37.901213], [-88.096997, 37.900705], [-88.096867, 37.900052], [-88.096784, 37.899702], [-88.096695, 37.899324], [-88.09654, 37.898757], [-88.096515, 37.898663], [-88.096487, 37.898585], [-88.096242, 37.897886], [-88.096052, 37.897266], [-88.095914, 37.896767], [-88.095865, 37.89665], [-88.095705, 37.896264], [-88.095435, 37.895645], [-88.095125, 37.895116], [-88.094882, 37.894677], [-88.094857, 37.894632], [-88.094842, 37.894605], [-88.094581, 37.894138], [-88.094526, 37.89404], [-88.094171, 37.893568], [-88.094085, 37.893454], [-88.094073, 37.893437], [-88.093781, 37.893033], [-88.093338, 37.892519], [-88.092959, 37.892054], [-88.092735, 37.8918], [-88.092499, 37.891531], [-88.092053, 37.891076], [-88.091836, 37.890891], [-88.091663, 37.890743], [-88.091417, 37.890528], [-88.091123, 37.890271], [-88.090595, 37.88987], [-88.089977, 37.889384], [-88.089842, 37.889278], [-88.089387, 37.888945], [-88.089235, 37.888833], [-88.08907, 37.888713], [-88.088608, 37.88841], [-88.088416, 37.888284], [-88.087604, 37.887791], [-88.087349, 37.887631], [-88.086914, 37.887358], [-88.086611, 37.887189], [-88.086337, 37.887037], [-88.08602, 37.886848], [-88.085536, 37.88656], [-88.085251, 37.886359], [-88.084876, 37.886095], [-88.084195, 37.885576], [-88.083523, 37.885008], [-88.082749, 37.88433], [-88.082168, 37.883745], [-88.081724, 37.883336], [-88.081363, 37.883004], [-88.081245, 37.882876], [-88.080842, 37.882437], [-88.080432, 37.881977], [-88.080229, 37.881748], [-88.0798, 37.881259], [-88.079481, 37.880824], [-88.079441, 37.880769], [-88.079092, 37.880301], [-88.079014, 37.880191], [-88.078846, 37.879954], [-88.078568, 37.879492], [-88.078238, 37.878898], [-88.078103, 37.878599], [-88.07804, 37.878459], [-88.077956, 37.878291], [-88.07772, 37.877822], [-88.077479, 37.877209], [-88.077335, 37.876801], [-88.077207, 37.876438], [-88.077035, 37.875963], [-88.076914, 37.87563], [-88.076705, 37.875057], [-88.076029, 37.873502], [-88.075584, 37.872503], [-88.074987, 37.871391], [-88.074117, 37.869887], [-88.073792, 37.86942], [-88.073594, 37.869135], [-88.073276, 37.868669], [-88.07284, 37.867867], [-88.072466, 37.867151], [-88.072432, 37.867075], [-88.072184, 37.866516], [-88.071644, 37.865262], [-88.071418, 37.864719], [-88.071217, 37.864235], [-88.071217, 37.864235], [-88.07105, 37.863834], [-88.070568, 37.862797], [-88.070422, 37.862493], [-88.07033, 37.862299], [-88.070074, 37.861699], [-88.069914, 37.861323], [-88.069493, 37.860381], [-88.069467, 37.860324], [-88.069231, 37.859655], [-88.068719, 37.858495], [-88.068276, 37.857648], [-88.068066, 37.857246], [-88.067229, 37.855924], [-88.066305, 37.854558], [-88.065572, 37.853706], [-88.065508, 37.853632], [-88.065081, 37.853254], [-88.064735, 37.852948], [-88.063901, 37.852308], [-88.062489, 37.851152], [-88.06073, 37.84971], [-88.059939, 37.849095], [-88.05885, 37.848422], [-88.058411, 37.848212], [-88.058383, 37.848199], [-88.058158, 37.848092], [-88.057319, 37.847692], [-88.056786, 37.847451], [-88.056174, 37.847231], [-88.055872, 37.847122], [-88.05469, 37.846682], [-88.05368, 37.84633], [-88.053258, 37.846196], [-88.052661, 37.846006], [-88.051704, 37.845743], [-88.051622, 37.84572], [-88.050221, 37.845352], [-88.048593, 37.844972], [-88.048296, 37.844919], [-88.047566, 37.844789], [-88.046388, 37.844584], [-88.045271, 37.844411], [-88.044002, 37.844206], [-88.043989, 37.844203], [-88.042874, 37.84397], [-88.041332, 37.843642], [-88.040855, 37.843556], [-88.039981, 37.843398], [-88.039662, 37.843341], [-88.038915, 37.843217], [-88.037791, 37.84299], [-88.037243, 37.84288], [-88.036065, 37.842676], [-88.035148, 37.842461], [-88.034699, 37.842339], [-88.034099, 37.842175], [-88.033675, 37.842027], [-88.032989, 37.841786], [-88.032498, 37.841565], [-88.031948, 37.841318], [-88.030732, 37.840587], [-88.029851, 37.840014], [-88.029415, 37.839663], [-88.029089, 37.839401], [-88.028682, 37.83904], [-88.028499, 37.838878], [-88.027838, 37.838107], [-88.02771, 37.837845], [-88.027253, 37.836909], [-88.026865, 37.835921], [-88.026291, 37.834576], [-88.026099, 37.834036], [-88.025977, 37.833696], [-88.025881, 37.833169], [-88.025847, 37.832712], [-88.025887, 37.83229], [-88.026024, 37.831808], [-88.02607, 37.831644], [-88.026372, 37.830959], [-88.026811, 37.829957], [-88.02709, 37.829431], [-88.02731, 37.829018], [-88.027767, 37.828308], [-88.028037, 37.827924], [-88.028269, 37.827594], [-88.028927, 37.82689], [-88.029412, 37.826498], [-88.029769, 37.826209], [-88.030665, 37.825577], [-88.030869, 37.825459], [-88.031736, 37.824959], [-88.03284, 37.824409], [-88.033686, 37.824079], [-88.034005, 37.823955], [-88.035827, 37.823432], [-88.036485, 37.823253], [-88.037094, 37.823087], [-88.040314, 37.822302], [-88.040413, 37.822278], [-88.041359, 37.822026], [-88.042508, 37.821746], [-88.043087, 37.821627], [-88.043575, 37.821527], [-88.044644, 37.821387], [-88.045667, 37.821342], [-88.046191, 37.821346], [-88.046482, 37.821348], [-88.048324, 37.821586], [-88.048807, 37.821647], [-88.04968, 37.821757], [-88.050735, 37.821848], [-88.051111, 37.82188], [-88.051112, 37.82188], [-88.051149, 37.821883], [-88.051241, 37.821891], [-88.052657, 37.821977], [-88.05342, 37.822023], [-88.053781, 37.822044], [-88.053781, 37.822044], [-88.055233, 37.822131], [-88.055485, 37.822151], [-88.056588, 37.822242], [-88.057025, 37.822267], [-88.057179, 37.822275], [-88.05728, 37.822288], [-88.057573, 37.822324], [-88.058166, 37.822433], [-88.058536, 37.822502], [-88.060201, 37.822825], [-88.060202, 37.822825], [-88.061064, 37.823022], [-88.061641, 37.823197], [-88.061946, 37.823289], [-88.062448, 37.823452], [-88.062837, 37.823579], [-88.063169, 37.823708], [-88.06407, 37.824061], [-88.065172, 37.824507], [-88.065172, 37.824507], [-88.066241, 37.82494], [-88.066688, 37.825143], [-88.06742, 37.825475], [-88.068673, 37.826146], [-88.070094, 37.826943], [-88.070582, 37.827217], [-88.071592, 37.827792], [-88.072205, 37.828131], [-88.07269, 37.828399], [-88.07364, 37.828933], [-88.074617, 37.829434], [-88.075183, 37.82972], [-88.075557, 37.829909], [-88.075735, 37.829986], [-88.076947, 37.830507], [-88.077462, 37.830683], [-88.078116, 37.830839], [-88.078651, 37.830916], [-88.079003, 37.830966], [-88.079653, 37.831019], [-88.080348, 37.830976], [-88.081288, 37.830824], [-88.082546, 37.830535], [-88.08384, 37.830167], [-88.084559, 37.829908], [-88.084966, 37.829734], [-88.085268, 37.829604], [-88.085609, 37.829458], [-88.085804, 37.829374], [-88.08643, 37.828989], [-88.086874, 37.828733], [-88.087327, 37.828422], [-88.087748, 37.828077], [-88.088032, 37.827844], [-88.088632, 37.827284], [-88.089246, 37.826704], [-88.089426, 37.82649], [-88.089866, 37.825965], [-88.090237, 37.825502], [-88.090468, 37.825212], [-88.090995, 37.824367], [-88.091297, 37.823753], [-88.091641, 37.822894], [-88.091804, 37.822101], [-88.091801, 37.821347], [-88.09171, 37.820723], [-88.091488, 37.819914], [-88.091229, 37.81911], [-88.091209, 37.81906], [-88.090992, 37.818524], [-88.090816, 37.81813], [-88.090816, 37.81813], [-88.090773, 37.818033], [-88.090729, 37.817934], [-88.090647, 37.817799], [-88.09054, 37.817622], [-88.090258, 37.817154], [-88.089802, 37.8166], [-88.089338, 37.81616], [-88.088608, 37.815563], [-88.087969, 37.815107], [-88.087442, 37.814752], [-88.087267, 37.814633], [-88.086741, 37.814341], [-88.086113, 37.813925], [-88.085688, 37.813618], [-88.085206, 37.813208], [-88.084971, 37.812965], [-88.084714, 37.812699], [-88.084395, 37.812304], [-88.08423, 37.8121], [-88.0838, 37.811524], [-88.083359, 37.811078], [-88.083281, 37.811], [-88.083074, 37.810812], [-88.082659, 37.810435], [-88.082389, 37.810193], [-88.082006, 37.809849], [-88.081487, 37.80927], [-88.080748, 37.808556], [-88.079796, 37.807662], [-88.079318, 37.807215], [-88.079048, 37.806948], [-88.079048, 37.806948], [-88.078867, 37.80677], [-88.078225, 37.806139], [-88.077853, 37.805776], [-88.077659, 37.805587], [-88.077262, 37.805233], [-88.077159, 37.805141], [-88.076521, 37.804654], [-88.07645, 37.804619], [-88.07584, 37.80432], [-88.075342, 37.804056], [-88.074596, 37.803684], [-88.073707, 37.803239], [-88.073054, 37.802892], [-88.072905, 37.802812], [-88.072208, 37.802459], [-88.072131, 37.80242], [-88.071468, 37.80209], [-88.070992, 37.801853], [-88.070556, 37.801635], [-88.06993, 37.801372], [-88.069651, 37.801271], [-88.069268, 37.801133], [-88.068912, 37.801035], [-88.06847, 37.800914], [-88.067488, 37.800705], [-88.066448, 37.800536], [-88.065294, 37.800454], [-88.063978, 37.800466], [-88.063249, 37.800524], [-88.062772, 37.800563], [-88.061777, 37.800696], [-88.060765, 37.800901], [-88.059881, 37.801125], [-88.058831, 37.801479], [-88.058171, 37.801722], [-88.057353, 37.802085], [-88.056881, 37.802308], [-88.056381, 37.802544], [-88.055545, 37.802951], [-88.055224, 37.803117], [-88.054492, 37.803496], [-88.053023, 37.804359], [-88.052187, 37.80492], [-88.051972, 37.805065], [-88.051887, 37.805117], [-88.05112, 37.805592], [-88.050912, 37.805721], [-88.049437, 37.806527], [-88.048683, 37.806872], [-88.047638, 37.80735], [-88.04717, 37.807535], [-88.046464, 37.807815], [-88.045937, 37.808037], [-88.045737, 37.808121], [-88.04505, 37.808369], [-88.045018, 37.80838], [-88.044994, 37.808388], [-88.043743, 37.808777], [-88.043095, 37.808968], [-88.042805, 37.809053], [-88.042517, 37.809127], [-88.041921, 37.80928], [-88.040911, 37.809494], [-88.040727, 37.809533], [-88.040522, 37.809573], [-88.039486, 37.809772], [-88.038344, 37.809877], [-88.037145, 37.809815], [-88.036919, 37.809772], [-88.036201, 37.809634], [-88.035622, 37.809509], [-88.035201, 37.809418], [-88.034121, 37.809117], [-88.034017, 37.809088], [-88.033309, 37.808846], [-88.032527, 37.808526], [-88.031984, 37.808227], [-88.031741, 37.80805], [-88.031365, 37.807775], [-88.031055, 37.80754], [-88.030648, 37.807231], [-88.030229, 37.806798], [-88.029562, 37.806067], [-88.029003, 37.80534], [-88.028675, 37.804741], [-88.02846, 37.804187], [-88.028421, 37.804087], [-88.028402, 37.804026], [-88.028266, 37.803591], [-88.028144, 37.803081], [-88.028139, 37.803062], [-88.028095, 37.802518], [-88.028126, 37.802228], [-88.028208, 37.801464], [-88.028209, 37.801395], [-88.028213, 37.800708], [-88.028214, 37.800529], [-88.028159, 37.799833], [-88.028118, 37.79967], [-88.028071, 37.799485], [-88.027924, 37.799236], [-88.027208, 37.799517], [-88.026598, 37.799741], [-88.026171, 37.799905], [-88.025739, 37.800007], [-88.025596, 37.80004], [-88.025563, 37.800044], [-88.025331, 37.800072], [-88.025189, 37.800118], [-88.025122, 37.800139], [-88.024841, 37.800299], [-88.024505, 37.800498], [-88.02449, 37.800505], [-88.024404, 37.800542], [-88.024327, 37.800574], [-88.024169, 37.800641], [-88.023829, 37.800734], [-88.023649, 37.800783], [-88.023375, 37.800853], [-88.022875, 37.800979], [-88.021827, 37.801238], [-88.02123, 37.801394], [-88.0204, 37.801532], [-88.020076, 37.801584], [-88.019542, 37.80167], [-88.018949, 37.801744], [-88.018465, 37.801804], [-88.017911, 37.801839], [-88.017423, 37.801871], [-88.016749, 37.801916], [-88.01629, 37.801946], [-88.014744, 37.801908], [-88.014223, 37.80189], [-88.014056, 37.801877], [-88.013472, 37.801831], [-88.012281, 37.801668], [-88.011227, 37.80151], [-88.010959, 37.801446], [-88.010401, 37.801314], [-88.009033, 37.800855], [-88.00887, 37.800821], [-88.008382, 37.800721], [-88.008061, 37.800661], [-88.007978, 37.800645], [-88.007756, 37.800619], [-88.007365, 37.800572], [-88.006558, 37.800468], [-88.005752, 37.800354], [-88.005738, 37.80035], [-88.004954, 37.800171], [-88.003871, 37.799903], [-88.003699, 37.799853], [-88.003083, 37.799673], [-88.002636, 37.799527], [-88.002179, 37.799377], [-88.001352, 37.799064], [-88.000681, 37.798831], [-88.000572, 37.798811], [-87.999986, 37.798704], [-87.999679, 37.79867], [-87.999212, 37.798555], [-87.999191, 37.798549], [-87.998819, 37.798452], [-87.998742, 37.798424], [-87.99831, 37.798265], [-87.997893, 37.798091], [-87.997515, 37.797925], [-87.997303, 37.797832], [-87.996852, 37.797613], [-87.996782, 37.797579], [-87.996133, 37.79726], [-87.995606, 37.796999], [-87.995586, 37.79699], [-87.995079, 37.796769], [-87.994658, 37.796572], [-87.994311, 37.796373], [-87.994299, 37.796366], [-87.994146, 37.796275], [-87.993905, 37.796132], [-87.993729, 37.796023], [-87.993441, 37.795843], [-87.993058, 37.795574], [-87.992594, 37.795267], [-87.992072, 37.794915], [-87.99186, 37.794787], [-87.991694, 37.794686], [-87.991215, 37.794407], [-87.990751, 37.794124], [-87.990472, 37.793962], [-87.990334, 37.793882], [-87.989662, 37.793478], [-87.989234, 37.793243], [-87.988748, 37.792983], [-87.988223, 37.792731], [-87.988041, 37.79265], [-87.988041, 37.79265], [-87.988041, 37.79265], [-87.988041, 37.79265], [-87.987637, 37.792472], [-87.987396, 37.792373], [-87.987244, 37.792311], [-87.986978, 37.792187], [-87.986888, 37.792169], [-87.986531, 37.792101], [-87.986518, 37.792098], [-87.985804, 37.792014], [-87.985448, 37.791981], [-87.984963, 37.791935], [-87.984615, 37.791905], [-87.984396, 37.791855], [-87.984001, 37.791702], [-87.983838, 37.791622], [-87.983462, 37.791436], [-87.983264, 37.791343], [-87.982957, 37.7912], [-87.982409, 37.790938], [-87.982298, 37.790885], [-87.981563, 37.790553], [-87.980871, 37.79023], [-87.980058, 37.789863], [-87.979881, 37.789775], [-87.979425, 37.789548], [-87.979287, 37.789483], [-87.978991, 37.789344], [-87.978318, 37.789041], [-87.978065, 37.788929], [-87.977635, 37.788738], [-87.976988, 37.788419], [-87.976462, 37.788146], [-87.975831, 37.787798], [-87.975483, 37.787576], [-87.975395, 37.78752], [-87.974936, 37.787186], [-87.974607, 37.786883], [-87.974551, 37.786831], [-87.974484, 37.786778], [-87.974204, 37.786554], [-87.973922, 37.78634], [-87.973344, 37.785892], [-87.973253, 37.785821], [-87.972905, 37.785551], [-87.972577, 37.785297], [-87.972531, 37.785261], [-87.972128, 37.784956], [-87.972025, 37.78488], [-87.971845, 37.784748], [-87.971608, 37.784507], [-87.971552, 37.784449], [-87.971507, 37.7844], [-87.971285, 37.784158], [-87.971167, 37.783969], [-87.971147, 37.783936], [-87.971091, 37.783799], [-87.970988, 37.783543], [-87.970772, 37.782977], [-87.970632, 37.782647], [-87.970429, 37.782297], [-87.970207, 37.781961], [-87.969965, 37.781684], [-87.969959, 37.781677], [-87.969935, 37.78165], [-87.969935, 37.78165], [-87.968835, 37.780635], [-87.968825, 37.780629], [-87.968513, 37.780432], [-87.968077, 37.780198], [-87.968066, 37.780192], [-87.967683, 37.779972], [-87.967374, 37.779801], [-87.967014, 37.779554], [-87.966904, 37.779478], [-87.966619, 37.779215], [-87.96631, 37.778929], [-87.966151, 37.778763], [-87.965959, 37.778564], [-87.965645, 37.778212], [-87.965632, 37.778198], [-87.96524, 37.777863], [-87.964712, 37.777414], [-87.964467, 37.777234], [-87.964191, 37.777031], [-87.963766, 37.776698], [-87.963699, 37.776645], [-87.963642, 37.776603], [-87.963208, 37.776282], [-87.962855, 37.776015], [-87.962763, 37.775945], [-87.962437, 37.775696], [-87.961975, 37.77531], [-87.961806, 37.775172], [-87.961755, 37.775131], [-87.961473, 37.774863], [-87.961417, 37.774807], [-87.961173, 37.774559], [-87.960872, 37.774244], [-87.960787, 37.774141], [-87.960637, 37.773959], [-87.960535, 37.773853], [-87.960519, 37.773836], [-87.960441, 37.773755], [-87.960415, 37.773727], [-87.96036, 37.77368], [-87.96018, 37.773524], [-87.959997, 37.773332], [-87.959737, 37.773149], [-87.959528, 37.773057], [-87.959349, 37.772979], [-87.959165, 37.772929], [-87.958987, 37.77288], [-87.95856, 37.77276], [-87.95818, 37.772703], [-87.957915, 37.772664], [-87.957283, 37.772576], [-87.95677, 37.772463], [-87.956701, 37.772448], [-87.956418, 37.772391], [-87.956069, 37.77232], [-87.955461, 37.772181], [-87.9547, 37.772045], [-87.954118, 37.771906], [-87.953641, 37.771849], [-87.953394, 37.771805], [-87.953138, 37.77176], [-87.951991, 37.77177], [-87.950949, 37.771861], [-87.950203, 37.771969], [-87.9496, 37.772086], [-87.949412, 37.772139], [-87.949189, 37.772202], [-87.948919, 37.772281], [-87.94883, 37.772307], [-87.948754, 37.77235], [-87.948453, 37.77252], [-87.948318, 37.772597], [-87.948132, 37.772725], [-87.947832, 37.772932], [-87.947655, 37.773041], [-87.947451, 37.773167], [-87.947304, 37.773238], [-87.946971, 37.773345], [-87.946882, 37.773359], [-87.946761, 37.773379], [-87.94662, 37.773401], [-87.946419, 37.773456], [-87.94638, 37.773466], [-87.946322, 37.773491], [-87.946094, 37.773586], [-87.945883, 37.773723], [-87.945823, 37.773762], [-87.945787, 37.773797], [-87.945617, 37.773968], [-87.945511, 37.7741], [-87.945391, 37.77425], [-87.945239, 37.77444], [-87.944999, 37.77475], [-87.944911, 37.774864], [-87.944682, 37.775142], [-87.944681, 37.775143], [-87.944486, 37.77539], [-87.944381, 37.775568], [-87.944241, 37.775804], [-87.944153, 37.775984], [-87.944047, 37.7762], [-87.943722, 37.776838], [-87.94341, 37.777424], [-87.943292, 37.777684], [-87.943171, 37.777949], [-87.942993, 37.778314], [-87.942918, 37.778469], [-87.94267, 37.778972], [-87.942326, 37.779644], [-87.942253, 37.779802], [-87.942073, 37.780191], [-87.941822, 37.780833], [-87.941775, 37.780927], [-87.941596, 37.781283], [-87.941508, 37.781411], [-87.941414, 37.781548], [-87.941213, 37.78178], [-87.940912, 37.782178], [-87.94075, 37.78254], [-87.940699, 37.782692], [-87.940634, 37.782886], [-87.940509, 37.783218], [-87.940309, 37.783558], [-87.940124, 37.783793], [-87.940099, 37.783825], [-87.939825, 37.784136], [-87.939564, 37.784697], [-87.939542, 37.784768], [-87.939412, 37.785192], [-87.939251, 37.785596], [-87.939148, 37.785975], [-87.939126, 37.786055], [-87.939089, 37.786174], [-87.938957, 37.786599], [-87.938761, 37.787211], [-87.938669, 37.787568], [-87.938615, 37.787729], [-87.938585, 37.787819], [-87.938396, 37.788034], [-87.938244, 37.788168], [-87.938172, 37.78823], [-87.93793, 37.788403], [-87.937902, 37.788421], [-87.937628, 37.788586], [-87.937343, 37.788789], [-87.937208, 37.788882], [-87.936989, 37.789033], [-87.936969, 37.789047], [-87.936868, 37.789117], [-87.936587, 37.789328], [-87.936411, 37.789461], [-87.936129, 37.789704], [-87.935885, 37.789913], [-87.935653, 37.790149], [-87.935431, 37.790476], [-87.935166, 37.790901], [-87.934928, 37.791331], [-87.934775, 37.791644], [-87.934658, 37.792039], [-87.934641, 37.792085], [-87.934582, 37.792247], [-87.934566, 37.792347], [-87.93455, 37.792441], [-87.934567, 37.792586], [-87.934579, 37.792695], [-87.934643, 37.792915], [-87.93465, 37.792963], [-87.934655, 37.792998], [-87.934691, 37.793255], [-87.934751, 37.793432], [-87.934799, 37.793572], [-87.934875, 37.79402], [-87.934923, 37.794394], [-87.934925, 37.79442], [-87.934953, 37.794691], [-87.934939, 37.795009], [-87.934908, 37.795277], [-87.934866, 37.795423], [-87.934824, 37.795568], [-87.934697, 37.795819], [-87.93467, 37.795866], [-87.934526, 37.796116], [-87.934286, 37.796368], [-87.934152, 37.796482], [-87.934002, 37.796611], [-87.933613, 37.796905], [-87.933231, 37.797202], [-87.933182, 37.79724], [-87.933147, 37.797266], [-87.93275, 37.797561], [-87.932353, 37.797861], [-87.932069, 37.798044], [-87.931619, 37.798311], [-87.931229, 37.798515], [-87.931194, 37.798531], [-87.930666, 37.798781], [-87.929791, 37.799112], [-87.929529, 37.799209], [-87.929325, 37.799285], [-87.929091, 37.799379], [-87.92885, 37.799475], [-87.928496, 37.799622], [-87.927955, 37.799805], [-87.92766, 37.799886], [-87.927359, 37.799969], [-87.926872, 37.800079], [-87.926657, 37.800128], [-87.926411, 37.800184], [-87.925787, 37.80029], [-87.92567, 37.800317], [-87.925173, 37.80043], [-87.924631, 37.80055], [-87.924125, 37.800655], [-87.923607, 37.800792], [-87.923448, 37.800834], [-87.922934, 37.800966], [-87.922619, 37.801048], [-87.922338, 37.801122], [-87.921562, 37.801364], [-87.921012, 37.801549], [-87.920318, 37.801791], [-87.919905, 37.801934], [-87.919551, 37.802056], [-87.918892, 37.802278], [-87.91858, 37.802377], [-87.918288, 37.802469], [-87.917665, 37.802675], [-87.91737, 37.802756], [-87.917025, 37.802851], [-87.916786, 37.802921], [-87.916438, 37.803022], [-87.915998, 37.803163], [-87.915888, 37.803198], [-87.915337, 37.803369], [-87.915021, 37.803474], [-87.91485, 37.80353], [-87.914506, 37.803663], [-87.914318, 37.803735], [-87.914264, 37.803758], [-87.913904, 37.803912], [-87.913546, 37.80406], [-87.913498, 37.804079], [-87.913448, 37.804103], [-87.913048, 37.804292], [-87.912876, 37.80437], [-87.912774, 37.804416], [-87.912372, 37.804601], [-87.911994, 37.804774], [-87.911256, 37.805153], [-87.91053, 37.805506], [-87.91005, 37.805744], [-87.909429, 37.806058], [-87.908889, 37.806343], [-87.908624, 37.806472], [-87.908331, 37.806614], [-87.907823, 37.806894], [-87.90762, 37.807007], [-87.907153, 37.807319], [-87.906978, 37.807528], [-87.906814, 37.807725], [-87.906565, 37.808144], [-87.906336, 37.808684], [-87.906255, 37.808912], [-87.906205, 37.809052], [-87.906141, 37.809186], [-87.906019, 37.809441], [-87.905893, 37.809738], [-87.905817, 37.809916], [-87.905746, 37.810072], [-87.905605, 37.810386], [-87.905446, 37.810725], [-87.905207, 37.811194], [-87.905174, 37.811247], [-87.904914, 37.811662], [-87.904639, 37.812104], [-87.904399, 37.812471], [-87.904343, 37.812612], [-87.904293, 37.812737], [-87.904197, 37.813063], [-87.904162, 37.813283], [-87.90413, 37.813487], [-87.904064, 37.814026], [-87.903989, 37.814515], [-87.903939, 37.814867], [-87.903847, 37.815202], [-87.903826, 37.815278], [-87.903782, 37.815523], [-87.903724, 37.815847], [-87.903712, 37.815931], [-87.903649, 37.816386], [-87.903619, 37.816891], [-87.90363, 37.817088], [-87.903642, 37.817307], [-87.903767, 37.817888], [-87.903884, 37.818308], [-87.903977, 37.818688], [-87.904, 37.818845], [-87.904018, 37.818965], [-87.904055, 37.819056], [-87.904059, 37.819064], [-87.904181, 37.819295], [-87.904253, 37.819524], [-87.904288, 37.819632], [-87.904305, 37.819698], [-87.904383, 37.819994], [-87.904515, 37.820498], [-87.90457, 37.820678], [-87.904651, 37.820941], [-87.904729, 37.821269], [-87.904774, 37.821789], [-87.904822, 37.822357], [-87.904877, 37.822643], [-87.905008, 37.823097], [-87.905055, 37.823227], [-87.905064, 37.82329], [-87.905074, 37.823364], [-87.905048, 37.823572], [-87.905028, 37.823824], [-87.905036, 37.82443], [-87.905057, 37.824782], [-87.905079, 37.825135], [-87.905127, 37.825444], [-87.905171, 37.825725], [-87.905248, 37.826042], [-87.905309, 37.826294], [-87.905384, 37.826467], [-87.905479, 37.826687], [-87.905665, 37.82701], [-87.905905, 37.827488], [-87.906022, 37.827771], [-87.906122, 37.828045], [-87.906325, 37.828799], [-87.906342, 37.828854], [-87.906539, 37.829529], [-87.90674, 37.830107], [-87.906918, 37.830682], [-87.907073, 37.831278], [-87.907119, 37.831493], [-87.907243, 37.832086], [-87.907389, 37.833227], [-87.907493, 37.834008], [-87.907531, 37.834386], [-87.907564, 37.834708], [-87.907608, 37.835503], [-87.907604, 37.835853], [-87.907598, 37.836303], [-87.907593, 37.836786], [-87.907591, 37.836934], [-87.907603, 37.837061], [-87.907639, 37.837441], [-87.907699, 37.83774], [-87.907814, 37.838014], [-87.908012, 37.838278], [-87.908167, 37.838411], [-87.908293, 37.83852], [-87.908474, 37.838636], [-87.908616, 37.838727], [-87.909156, 37.838991], [-87.909556, 37.839238], [-87.909837, 37.839513], [-87.909977, 37.83968], [-87.910017, 37.839745], [-87.910102, 37.83988], [-87.910132, 37.839979], [-87.910163, 37.84008], [-87.910162, 37.840461], [-87.910161, 37.840472], [-87.910159, 37.84058], [-87.910153, 37.840833], [-87.910153, 37.840835], [-87.910092, 37.841171], [-87.909998, 37.841436], [-87.909995, 37.841451], [-87.909918, 37.841765], [-87.909877, 37.84213], [-87.909878, 37.842632], [-87.909878, 37.842723], [-87.909885, 37.842763], [-87.909933, 37.84302], [-87.909958, 37.843094], [-87.909994, 37.843204], [-87.910098, 37.843354], [-87.910126, 37.843395], [-87.910252, 37.843635], [-87.910351, 37.843844], [-87.910386, 37.843918], [-87.910459, 37.84401], [-87.91061, 37.8442], [-87.910918, 37.84447], [-87.911016, 37.844552], [-87.911501, 37.844955], [-87.911749, 37.845206], [-87.912165, 37.845628], [-87.912357, 37.845863], [-87.912396, 37.84591], [-87.912544, 37.846146], [-87.912799, 37.846553], [-87.91296, 37.846928], [-87.912985, 37.846999], [-87.913101, 37.847319], [-87.913135, 37.847389], [-87.913238, 37.847598], [-87.913441, 37.847873], [-87.913639, 37.848144], [-87.913809, 37.848336], [-87.913935, 37.848478], [-87.914333, 37.848811], [-87.91463, 37.849108], [-87.914688, 37.849166], [-87.914921, 37.849534], [-87.91503, 37.849706], [-87.915164, 37.849862], [-87.915533, 37.850293], [-87.915906, 37.85068], [-87.91595, 37.850727], [-87.916098, 37.850847], [-87.916577, 37.851236], [-87.917261, 37.851739], [-87.917935, 37.852149], [-87.918209, 37.852289], [-87.918425, 37.8524], [-87.918923, 37.852637], [-87.919114, 37.852766], [-87.919326, 37.852909], [-87.919853, 37.853407], [-87.920138, 37.853699], [-87.920346, 37.853912], [-87.920503, 37.854044], [-87.920932, 37.854403], [-87.92152, 37.854676], [-87.921706, 37.854733], [-87.921999, 37.854823], [-87.9222, 37.854918], [-87.922516, 37.855164], [-87.923209, 37.855668], [-87.923655, 37.855982], [-87.924208, 37.856383], [-87.924365, 37.856485], [-87.924428, 37.856514], [-87.924549, 37.856567], [-87.924567, 37.856571], [-87.924585, 37.856575], [-87.924836, 37.856626], [-87.925063, 37.856714], [-87.92588, 37.857361], [-87.926513, 37.857999], [-87.926962, 37.858428], [-87.927335, 37.858757], [-87.92748, 37.858885], [-87.927831, 37.8592], [-87.928517, 37.859835], [-87.929084, 37.860406], [-87.929177, 37.860499], [-87.9294, 37.860741], [-87.929895, 37.861281], [-87.929895, 37.861281], [-87.930005, 37.8614], [-87.930367, 37.861801], [-87.930772, 37.862248], [-87.930963, 37.862445], [-87.930965, 37.862447], [-87.931194, 37.86272], [-87.931441, 37.862975], [-87.931564, 37.863103], [-87.932058, 37.863678], [-87.932439, 37.86422], [-87.932933, 37.864876], [-87.93305, 37.864976], [-87.933302, 37.865191], [-87.934004, 37.865708], [-87.934502, 37.8661], [-87.934559, 37.866145], [-87.934627, 37.866199], [-87.934738, 37.866312], [-87.935199, 37.86678], [-87.935958, 37.867662], [-87.936093, 37.867827], [-87.936646, 37.868497], [-87.93699, 37.868953], [-87.93722, 37.869259], [-87.937778, 37.870074], [-87.938212, 37.870724], [-87.938577, 37.871375], [-87.938951, 37.872118], [-87.939106, 37.872465], [-87.93938, 37.873079], [-87.93965, 37.873791], [-87.939997, 37.875111], [-87.940101, 37.875457], [-87.940228, 37.875825], [-87.940307, 37.876052], [-87.940312, 37.876068], [-87.940316, 37.876081], [-87.940316, 37.876081], [-87.940425, 37.876432], [-87.940515, 37.876722], [-87.940571, 37.876925], [-87.940693, 37.877363], [-87.940765, 37.877675], [-87.940829, 37.877933], [-87.940903, 37.87824], [-87.940945, 37.878486], [-87.940985, 37.878721], [-87.940991, 37.878759], [-87.940996, 37.878784], [-87.941006, 37.878852], [-87.941058, 37.879185], [-87.941063, 37.879359], [-87.941069, 37.87955], [-87.941067, 37.879643], [-87.941065, 37.87973], [-87.940969, 37.880214], [-87.940967, 37.880223], [-87.940964, 37.880238], [-87.940919, 37.880583], [-87.940887, 37.880824], [-87.940861, 37.881499], [-87.940856, 37.881619], [-87.940856, 37.881627], [-87.940855, 37.881658], [-87.940862, 37.881874], [-87.940878, 37.882361], [-87.940879, 37.882536], [-87.940879, 37.882606], [-87.940885, 37.88351], [-87.940851, 37.884051], [-87.940838, 37.88425], [-87.940808, 37.884682], [-87.940695, 37.885321], [-87.940555, 37.886066], [-87.940338, 37.886845], [-87.940051, 37.887782], [-87.939678, 37.888585], [-87.939325, 37.889236], [-87.939173, 37.889515], [-87.93891, 37.889981], [-87.938715, 37.890325], [-87.938369, 37.890934], [-87.938155, 37.89119], [-87.937736, 37.89169], [-87.93712, 37.89238], [-87.936749, 37.892806], [-87.936599, 37.892999], [-87.936487, 37.893142], [-87.936215, 37.893423], [-87.935445, 37.89411], [-87.934628, 37.894779], [-87.934308, 37.895038], [-87.934102, 37.895265], [-87.934013, 37.895383], [-87.933878, 37.89556], [-87.933786, 37.895786], [-87.933776, 37.895815], [-87.933713, 37.895994], [-87.933693, 37.896033], [-87.933648, 37.89612], [-87.933564, 37.896247], [-87.933445, 37.896351], [-87.932587, 37.897098], [-87.931554, 37.897989], [-87.930688, 37.898627], [-87.92954, 37.899524], [-87.929368, 37.899684], [-87.929006, 37.900019], [-87.928643, 37.900315], [-87.928235, 37.900647], [-87.927511, 37.901225], [-87.927402, 37.901326], [-87.927285, 37.901434], [-87.927184, 37.901543], [-87.927112, 37.901653], [-87.92709, 37.901688], [-87.927079, 37.901729], [-87.927061, 37.901796], [-87.927007, 37.901878], [-87.926869, 37.902028], [-87.926852, 37.902043], [-87.926677, 37.902196], [-87.926499, 37.902338], [-87.926387, 37.902428], [-87.925959, 37.902792], [-87.925894, 37.902849], [-87.925817, 37.902916], [-87.925353, 37.903324], [-87.925343, 37.903333], [-87.924867, 37.903815], [-87.924579, 37.904164], [-87.924437, 37.904361], [-87.92435, 37.904481], [-87.924301, 37.904549], [-87.924291, 37.904568], [-87.924139, 37.904843], [-87.923969, 37.905268], [-87.923889, 37.905447], [-87.923884, 37.905458], [-87.923726, 37.905649], [-87.92348, 37.90584], [-87.923254, 37.906058], [-87.923207, 37.906119], [-87.923062, 37.906307], [-87.922924, 37.906538], [-87.922828, 37.906686], [-87.922709, 37.906869], [-87.922567, 37.907077], [-87.922257, 37.90744], [-87.92197, 37.907683], [-87.921827, 37.907804], [-87.921205, 37.908453], [-87.920498, 37.909157], [-87.919875, 37.90977], [-87.919475, 37.910254], [-87.919394, 37.910351], [-87.918805, 37.911009], [-87.91854, 37.911273], [-87.917862, 37.911949], [-87.917368, 37.912519], [-87.917316, 37.91258], [-87.917276, 37.912624], [-87.916769, 37.913193], [-87.916488, 37.913529], [-87.916342, 37.913705], [-87.915902, 37.914182], [-87.915823, 37.914251], [-87.915473, 37.914555], [-87.915116, 37.914849], [-87.914849, 37.915069], [-87.914235, 37.915619], [-87.913538, 37.916142], [-87.91327, 37.916437], [-87.913268, 37.91644], [-87.912938, 37.916827], [-87.912724, 37.917095], [-87.912488, 37.91734], [-87.91238, 37.917441], [-87.912209, 37.917599], [-87.912101, 37.917776], [-87.912018, 37.918002], [-87.91176, 37.918517], [-87.911507, 37.918776], [-87.911487, 37.918792], [-87.911142, 37.919054], [-87.910571, 37.919477], [-87.910437, 37.919618], [-87.910218, 37.919845], [-87.909931, 37.920262], [-87.909378, 37.92083], [-87.909083, 37.921201], [-87.908648, 37.921678], [-87.908646, 37.92168], [-87.908503, 37.921792], [-87.908419, 37.921855], [-87.90822, 37.922006], [-87.907986, 37.922194], [-87.907841, 37.922311], [-87.907322, 37.922704], [-87.907289, 37.922729], [-87.906944, 37.923011], [-87.906253, 37.923553], [-87.90565, 37.924035], [-87.905388, 37.924304], [-87.905366, 37.924326], [-87.905048, 37.924675], [-87.904712, 37.92502], [-87.904375, 37.925275], [-87.904012, 37.925485], [-87.903571, 37.92571], [-87.903219, 37.925845], [-87.902868, 37.925981], [-87.90207, 37.926257], [-87.901359, 37.926511], [-87.900836, 37.926714], [-87.900778, 37.926736], [-87.899963, 37.92704], [-87.899113, 37.927317], [-87.898253, 37.927571], [-87.89806, 37.927619], [-87.897454, 37.927771], [-87.897254, 37.927804], [-87.896594, 37.927913], [-87.895802, 37.928004], [-87.894801, 37.92807], [-87.894296, 37.92807], [-87.893834, 37.928073], [-87.893617, 37.928057], [-87.893067, 37.928016], [-87.892647, 37.927974], [-87.892186, 37.927928], [-87.891452, 37.927771], [-87.891031, 37.927682], [-87.890736, 37.927619], [-87.89022, 37.927524], [-87.890029, 37.927489], [-87.889391, 37.927354], [-87.888954, 37.92726], [-87.888867, 37.927241], [-87.888699, 37.927219], [-87.888388, 37.927177], [-87.888185, 37.927147], [-87.88798, 37.927094], [-87.887665, 37.927011], [-87.887399, 37.926953], [-87.887092, 37.926885], [-87.886536, 37.926783], [-87.886385, 37.926755], [-87.885993, 37.926677], [-87.885713, 37.926621], [-87.885266, 37.926552], [-87.884919, 37.926526], [-87.884765, 37.926515], [-87.8846, 37.926496], [-87.883942, 37.926422], [-87.883324, 37.926301], [-87.882566, 37.926093], [-87.882061, 37.925954], [-87.881348, 37.92576], [-87.880692, 37.925581], [-87.879955, 37.925316], [-87.879452, 37.925141], [-87.879107, 37.925021], [-87.878861, 37.92492], [-87.878563, 37.924799], [-87.878316, 37.924701], [-87.878052, 37.924596], [-87.877845, 37.924498], [-87.877585, 37.924374], [-87.877448, 37.924319], [-87.877148, 37.924198], [-87.876897, 37.924096], [-87.876884, 37.924091], [-87.876318, 37.923838], [-87.875766, 37.923595], [-87.875645, 37.923541], [-87.875031, 37.923194], [-87.874701, 37.923028], [-87.874144, 37.922746], [-87.873658, 37.922436], [-87.873433, 37.922292], [-87.87283, 37.921877], [-87.872321, 37.921444], [-87.872301, 37.921426], [-87.871917, 37.921113], [-87.871749, 37.920967], [-87.871336, 37.920608], [-87.870971, 37.920303], [-87.87086, 37.920211], [-87.870398, 37.919786], [-87.870109, 37.919478], [-87.87008, 37.919446], [-87.870049, 37.919414], [-87.869721, 37.919074], [-87.869525, 37.918879], [-87.869456, 37.918811], [-87.869435, 37.918793], [-87.869125, 37.918547], [-87.86869, 37.918239], [-87.868554, 37.918154], [-87.86811, 37.917874], [-87.867827, 37.917694], [-87.867597, 37.917549], [-87.867075, 37.917174], [-87.866572, 37.916813], [-87.866146, 37.916451], [-87.865728, 37.916049], [-87.865251, 37.915448], [-87.865185, 37.915362], [-87.864784, 37.914843], [-87.864464, 37.914414], [-87.864423, 37.914359], [-87.864062, 37.913808], [-87.86367, 37.913283], [-87.863484, 37.913092], [-87.863314, 37.912916], [-87.862933, 37.912527], [-87.862784, 37.912374], [-87.862585, 37.912169], [-87.862185, 37.91169], [-87.861873, 37.911169], [-87.861636, 37.910766], [-87.861589, 37.910685], [-87.861535, 37.910583], [-87.861255, 37.910056], [-87.861138, 37.909724], [-87.860977, 37.90927], [-87.860816, 37.908857], [-87.86077, 37.90874], [-87.860611, 37.908347], [-87.860543, 37.908178], [-87.86054, 37.908168], [-87.860392, 37.907616], [-87.86033, 37.907242], [-87.860291, 37.907056], [-87.860247, 37.906851], [-87.860044, 37.906456], [-87.860031, 37.906403], [-87.859981, 37.906195], [-87.85991, 37.906078], [-87.859667, 37.905656], [-87.859541, 37.905424], [-87.859332, 37.905037], [-87.858678, 37.903505], [-87.858448, 37.903023], [-87.858342, 37.9028], [-87.857956, 37.902086], [-87.857601, 37.901534], [-87.857433, 37.901239], [-87.857433, 37.901239], [-87.857318, 37.901036], [-87.857203, 37.900849], [-87.857105, 37.900691], [-87.856793, 37.900369], [-87.856332, 37.900069], [-87.856047, 37.899883], [-87.855887, 37.899778], [-87.855552, 37.899557], [-87.854992, 37.899148], [-87.85499, 37.899147], [-87.85491, 37.899092], [-87.8545, 37.898813], [-87.853948, 37.898388], [-87.853327, 37.897938], [-87.85316, 37.897819], [-87.852766, 37.897541], [-87.852115, 37.897113], [-87.851827, 37.896935], [-87.851314, 37.896632], [-87.851025, 37.896487], [-87.850686, 37.896317], [-87.850135, 37.895995], [-87.850031, 37.895934], [-87.849272, 37.895525], [-87.848264, 37.894955], [-87.847616, 37.894522], [-87.847438, 37.894402], [-87.846593, 37.893845], [-87.845773, 37.893324], [-87.845479, 37.893063], [-87.845365, 37.892962], [-87.845102, 37.892686], [-87.844998, 37.892577], [-87.844955, 37.892485], [-87.844757, 37.892062], [-87.844711, 37.891943], [-87.844604, 37.891667], [-87.844477, 37.891352], [-87.844301, 37.890917], [-87.84417, 37.890707], [-87.844146, 37.89067], [-87.844111, 37.890623], [-87.843903, 37.890347], [-87.843669, 37.89011], [-87.843473, 37.889911], [-87.843021, 37.889457], [-87.842588, 37.88898], [-87.842312, 37.88866], [-87.842232, 37.888568], [-87.841987, 37.888259], [-87.841922, 37.888122], [-87.841816, 37.887902], [-87.841763, 37.887554], [-87.841692, 37.887082], [-87.841647, 37.886338], [-87.841634, 37.886125], [-87.841629, 37.885871], [-87.841612, 37.885003], [-87.841604, 37.88435], [-87.841559, 37.883746], [-87.841547, 37.883694], [-87.841499, 37.883491], [-87.84141, 37.883116], [-87.841175, 37.882537], [-87.840898, 37.882173], [-87.840741, 37.881968], [-87.8407, 37.88192], [-87.840395, 37.881571], [-87.840019, 37.881185], [-87.839742, 37.8809], [-87.839233, 37.880482], [-87.839157, 37.880426], [-87.838716, 37.880101], [-87.837999, 37.8797], [-87.837302, 37.879381], [-87.836605, 37.879039], [-87.836051, 37.878743], [-87.835421, 37.8784], [-87.834608, 37.87796], [-87.834295, 37.877779], [-87.833929, 37.877568], [-87.833596, 37.877389], [-87.833386, 37.877277], [-87.833174, 37.877179], [-87.833114, 37.877161], [-87.832777, 37.877058], [-87.832297, 37.877005], [-87.831802, 37.876943], [-87.8315, 37.876868], [-87.831321, 37.876823], [-87.831055, 37.876747], [-87.830756, 37.876662], [-87.830373, 37.87655], [-87.829906, 37.876452], [-87.829398, 37.876433], [-87.828764, 37.876471], [-87.827762, 37.876501], [-87.827173, 37.876499], [-87.82669, 37.876497], [-87.826403, 37.87649], [-87.825942, 37.87648], [-87.825037, 37.876353], [-87.824246, 37.876235], [-87.823471, 37.876116], [-87.822662, 37.876009], [-87.821688, 37.875894], [-87.820474, 37.875826], [-87.819387, 37.875732], [-87.818694, 37.875684], [-87.818272, 37.875655], [-87.817328, 37.875625], [-87.81638, 37.875618], [-87.816362, 37.875617], [-87.815403, 37.87558], [-87.815278, 37.875572], [-87.815203, 37.875568], [-87.81453, 37.875577], [-87.814299, 37.875581], [-87.814062, 37.875576], [-87.813355, 37.875563], [-87.812324, 37.8755], [-87.812001, 37.875478], [-87.81124, 37.875426], [-87.810505, 37.8754], [-87.81018, 37.875388], [-87.809829, 37.875372], [-87.809027, 37.875333], [-87.808463, 37.875299], [-87.807756, 37.875256], [-87.807092, 37.875268], [-87.80652, 37.875278], [-87.80552, 37.875305], [-87.804569, 37.875305], [-87.80335, 37.875334], [-87.803118, 37.875356], [-87.802661, 37.875399], [-87.802074, 37.875471], [-87.801628, 37.875526], [-87.801114, 37.875601], [-87.800777, 37.875651], [-87.800164, 37.875709], [-87.800077, 37.875713], [-87.799908, 37.87572], [-87.799364, 37.875701], [-87.799238, 37.875689], [-87.798755, 37.875642], [-87.798402, 37.875569], [-87.798142, 37.875516], [-87.7974, 37.875392], [-87.796487, 37.875342], [-87.796288, 37.875336], [-87.795801, 37.875322], [-87.795533, 37.875321], [-87.795195, 37.875319], [-87.794254, 37.87538], [-87.793687, 37.875417], [-87.79348, 37.87543], [-87.793136, 37.8755], [-87.792725, 37.87555], [-87.792385, 37.875592], [-87.792385, 37.875592], [-87.792335, 37.875598], [-87.791768, 37.875667], [-87.791179, 37.875736], [-87.790727, 37.875789], [-87.790502, 37.87583], [-87.789947, 37.875934], [-87.788571, 37.876175], [-87.787764, 37.876343], [-87.786856, 37.876567], [-87.785797, 37.876917], [-87.785653, 37.876965], [-87.784649, 37.87731], [-87.784226, 37.877481], [-87.783862, 37.877628], [-87.783048, 37.878012], [-87.782326, 37.878454], [-87.781682, 37.878866], [-87.78145, 37.879014], [-87.781276, 37.879124], [-87.780674, 37.879506], [-87.780153, 37.879861], [-87.779916, 37.880023], [-87.779714, 37.880174], [-87.779141, 37.880602], [-87.778237, 37.881199], [-87.777553, 37.881712], [-87.777362, 37.881835], [-87.776781, 37.882209], [-87.776074, 37.8827], [-87.775465, 37.883105], [-87.775344, 37.883185], [-87.774716, 37.883637], [-87.774097, 37.884036], [-87.773349, 37.884599], [-87.772553, 37.885169], [-87.772504, 37.885204], [-87.772473, 37.885226], [-87.771695, 37.885786], [-87.77072, 37.886534], [-87.77041, 37.886727], [-87.770064, 37.886942], [-87.769523, 37.887205], [-87.769383, 37.887273], [-87.768541, 37.887682], [-87.76808, 37.887929], [-87.767365, 37.888311], [-87.766548, 37.888754], [-87.766164, 37.888961], [-87.765348, 37.88941], [-87.764493, 37.889869], [-87.764245, 37.889993], [-87.763453, 37.890389], [-87.762802, 37.890717], [-87.762599, 37.890819], [-87.761902, 37.891109], [-87.761427, 37.891279], [-87.76057, 37.891537], [-87.760171, 37.89165], [-87.759894, 37.891728], [-87.759397, 37.891837], [-87.758742, 37.891981], [-87.757652, 37.892146], [-87.756757, 37.892213], [-87.756103, 37.892269], [-87.755984, 37.892272], [-87.755972, 37.892272], [-87.755336, 37.892287], [-87.755225, 37.892296], [-87.754263, 37.892375], [-87.752489, 37.892603], [-87.751845, 37.892684], [-87.751069, 37.892776], [-87.750822, 37.892807], [-87.750522, 37.892845], [-87.750408, 37.892877], [-87.750108, 37.892963], [-87.750026, 37.892986], [-87.748963, 37.893243], [-87.748909, 37.893253], [-87.748712, 37.893292], [-87.747643, 37.89343], [-87.74761, 37.893434], [-87.747493, 37.893448], [-87.746671, 37.89355], [-87.746513, 37.893575], [-87.745998, 37.893654], [-87.744675, 37.893885], [-87.744509, 37.893923], [-87.743974, 37.894043], [-87.743176, 37.894219], [-87.742958, 37.894266], [-87.742577, 37.894349], [-87.742184, 37.894442], [-87.741853, 37.89452], [-87.741596, 37.894564], [-87.741144, 37.894642], [-87.740487, 37.894718], [-87.739731, 37.894781], [-87.739596, 37.894791], [-87.738517, 37.894866], [-87.737708, 37.894875], [-87.73738, 37.894877], [-87.736727, 37.89489], [-87.736659, 37.894891], [-87.736091, 37.894894], [-87.736058, 37.894893], [-87.7355, 37.894871], [-87.734967, 37.894816], [-87.734351, 37.89473], [-87.733724, 37.89463], [-87.733001, 37.894504], [-87.732325, 37.894346], [-87.731175, 37.894015], [-87.730262, 37.893779], [-87.728484, 37.89334], [-87.727931, 37.893179], [-87.72744, 37.893037], [-87.72654, 37.892845], [-87.725533, 37.892664], [-87.724751, 37.892547], [-87.723745, 37.892459], [-87.722746, 37.892496], [-87.72222, 37.892515], [-87.721263, 37.892598], [-87.720296, 37.892646], [-87.720235, 37.892649], [-87.720193, 37.892652], [-87.71924, 37.892718], [-87.718599, 37.892776], [-87.717839, 37.892864], [-87.716909, 37.892996], [-87.716121, 37.893152], [-87.71535, 37.893317], [-87.714542, 37.893481], [-87.714242, 37.893526], [-87.713834, 37.893587], [-87.7134, 37.893619], [-87.713227, 37.893631], [-87.712607, 37.893694], [-87.7121, 37.893781], [-87.711697, 37.89385], [-87.710574, 37.894168], [-87.70997, 37.894388], [-87.709351, 37.894612], [-87.70852, 37.894928], [-87.707386, 37.895399], [-87.706014, 37.89593], [-87.705038, 37.896301], [-87.704014, 37.896596], [-87.703238, 37.896827], [-87.702641, 37.897005], [-87.701367, 37.897409], [-87.70043, 37.897721], [-87.700031, 37.897822], [-87.699972, 37.897837], [-87.699147, 37.898058], [-87.698491, 37.89821], [-87.697899, 37.898399], [-87.696885, 37.89881], [-87.695185, 37.89955], [-87.693866, 37.900189], [-87.693158, 37.900477], [-87.692871, 37.900596], [-87.692641, 37.900692], [-87.691945, 37.901057], [-87.691428, 37.90138], [-87.691336, 37.901432], [-87.690827, 37.901721], [-87.690204, 37.902049], [-87.689892, 37.902186], [-87.68956, 37.902332], [-87.688969, 37.902588], [-87.688536, 37.902767], [-87.688029, 37.902972], [-87.687521, 37.903097], [-87.686909, 37.903173], [-87.686669, 37.90321], [-87.686483, 37.903238], [-87.686007, 37.903327], [-87.685584, 37.903437], [-87.684897, 37.903685], [-87.684687, 37.903731], [-87.684685, 37.903731], [-87.684273, 37.90378], [-87.68405, 37.903807], [-87.683287, 37.903807], [-87.682929, 37.903773], [-87.682661, 37.903747], [-87.681801, 37.903644], [-87.680771, 37.903524], [-87.679932, 37.903344], [-87.67928, 37.903194], [-87.679114, 37.903155], [-87.67908, 37.903144], [-87.679032, 37.903128], [-87.679001, 37.90311], [-87.678984, 37.903101], [-87.678983, 37.903096], [-87.678976, 37.903065], [-87.678986, 37.903052], [-87.679003, 37.903029], [-87.679054, 37.903011], [-87.679116, 37.903021], [-87.679131, 37.903024], [-87.6792, 37.903037], [-87.679272, 37.903057], [-87.679279, 37.903059], [-87.67934, 37.903059], [-87.679385, 37.903041], [-87.679397, 37.902977], [-87.679361, 37.902928], [-87.679278, 37.90291], [-87.679182, 37.902906], [-87.679113, 37.902902], [-87.67898, 37.9029], [-87.678941, 37.902899], [-87.678715, 37.9029], [-87.678615, 37.902892], [-87.678365, 37.902871], [-87.6783, 37.902859], [-87.678032, 37.902809], [-87.677678, 37.902726], [-87.677416, 37.90264], [-87.677315, 37.902606], [-87.677294, 37.902599], [-87.676933, 37.902473], [-87.676644, 37.902375], [-87.676527, 37.902336], [-87.676068, 37.902203], [-87.675772, 37.902074], [-87.675539, 37.90199], [-87.675157, 37.901876], [-87.675036, 37.90184], [-87.674846, 37.901756], [-87.674495, 37.9016], [-87.673856, 37.901292], [-87.673443, 37.901069], [-87.673121, 37.900895], [-87.672939, 37.900789], [-87.672252, 37.900387], [-87.671307, 37.899833], [-87.670668, 37.899422], [-87.669834, 37.898841], [-87.669304, 37.898421], [-87.668797, 37.898036], [-87.668671, 37.897883], [-87.668531, 37.897742], [-87.668524, 37.897736], [-87.668508, 37.897715], [-87.668378, 37.897561], [-87.668266, 37.897426], [-87.668133, 37.897301], [-87.668055, 37.897234], [-87.667981, 37.897171], [-87.667896, 37.897119], [-87.667793, 37.897055], [-87.667557, 37.896948], [-87.667321, 37.896823], [-87.667119, 37.896662], [-87.666854, 37.896398], [-87.666561, 37.896057], [-87.666343, 37.895675], [-87.666331, 37.895651], [-87.666181, 37.89536], [-87.666125, 37.895257], [-87.666034, 37.895091], [-87.665951, 37.894927], [-87.665886, 37.894799], [-87.665732, 37.894538], [-87.665631, 37.894414], [-87.66542, 37.894157], [-87.665275, 37.893894], [-87.665045, 37.893429], [-87.664825, 37.892824], [-87.664606, 37.892251], [-87.664487, 37.891861], [-87.66445, 37.891738], [-87.664416, 37.891561], [-87.664317, 37.891038], [-87.664105, 37.890077], [-87.663988, 37.889466], [-87.663972, 37.889386], [-87.663958, 37.889258], [-87.663919, 37.888909], [-87.663818, 37.888416], [-87.663644, 37.887602], [-87.663636, 37.887563], [-87.663625, 37.887519], [-87.663495, 37.886987], [-87.663412, 37.886426], [-87.663404, 37.886322], [-87.663379, 37.886003], [-87.663407, 37.885703], [-87.663423, 37.885534], [-87.663514, 37.88488], [-87.663632, 37.8844], [-87.663739, 37.883962], [-87.663899, 37.88333], [-87.663952, 37.883157], [-87.663953, 37.883151], [-87.663953, 37.883151], [-87.663966, 37.883111], [-87.664153, 37.882499], [-87.664368, 37.881879], [-87.664418, 37.881736], [-87.664808, 37.880826], [-87.664935, 37.880518], [-87.665087, 37.880153], [-87.665311, 37.879581], [-87.665452, 37.879389], [-87.665637, 37.879136], [-87.665796, 37.878879], [-87.665867, 37.878765], [-87.666054, 37.878417], [-87.666103, 37.878326], [-87.666381, 37.877768], [-87.666427, 37.877709], [-87.666887, 37.877101], [-87.667281, 37.876654], [-87.667467, 37.876444], [-87.668124, 37.875638], [-87.668688, 37.875072], [-87.668925, 37.874853], [-87.669222, 37.874577], [-87.669644, 37.874025], [-87.6697, 37.873947], [-87.670066, 37.873432], [-87.670171, 37.873302], [-87.670473, 37.872928], [-87.670895, 37.872337], [-87.671317, 37.871807], [-87.671558, 37.871593], [-87.671914, 37.871277], [-87.672382, 37.870623], [-87.672772, 37.870017], [-87.673257, 37.869388], [-87.673584, 37.868859], [-87.674069, 37.868141], [-87.674365, 37.867725], [-87.674552, 37.867348], [-87.674579, 37.867183], [-87.674597, 37.867073], [-87.674651, 37.866923], [-87.67472, 37.866734], [-87.674777, 37.866654], [-87.674923, 37.866449], [-87.675552, 37.865684], [-87.675848, 37.865324], [-87.675976, 37.865157], [-87.676304, 37.864729], [-87.676406, 37.864584], [-87.676486, 37.864471], [-87.676578, 37.864341], [-87.676592, 37.864321], [-87.676622, 37.864259], [-87.676783, 37.863924], [-87.67689, 37.863626], [-87.676954, 37.863449], [-87.677108, 37.863002], [-87.677265, 37.862582], [-87.677329, 37.862399], [-87.677443, 37.862074], [-87.677574, 37.861768], [-87.677692, 37.861492], [-87.677886, 37.861125], [-87.67794, 37.861022], [-87.678342, 37.860578], [-87.678711, 37.860228], [-87.679274, 37.859682], [-87.679643, 37.859279], [-87.680023, 37.858905], [-87.680381, 37.858511], [-87.680534, 37.85834], [-87.680629, 37.858233], [-87.680634, 37.858228], [-87.680799, 37.857988], [-87.680911, 37.857797], [-87.681094, 37.857484], [-87.681153, 37.857372], [-87.681335, 37.857025], [-87.681575, 37.856583], [-87.681576, 37.856582], [-87.681705, 37.856131], [-87.681711, 37.855856], [-87.68172, 37.855409], [-87.681714, 37.855092], [-87.681709, 37.854839], [-87.681679, 37.854607], [-87.681655, 37.854423], [-87.681651, 37.85439], [-87.681642, 37.854326], [-87.681548, 37.85361], [-87.681525, 37.853378], [-87.681475, 37.852878], [-87.681391, 37.852288], [-87.681386, 37.851741], [-87.681415, 37.851247], [-87.681486, 37.850826], [-87.681542, 37.850489], [-87.681659, 37.849896], [-87.681743, 37.84942], [-87.681774, 37.849281], [-87.681816, 37.849093], [-87.681961, 37.848346], [-87.681962, 37.848337], [-87.681963, 37.848333], [-87.682099, 37.847807], [-87.682144, 37.847598], [-87.682193, 37.847374], [-87.682189, 37.846883], [-87.682128, 37.846468], [-87.682043, 37.846282], [-87.681873, 37.846012], [-87.681729, 37.845784], [-87.681571, 37.845523], [-87.681458, 37.845339], [-87.681299, 37.845115], [-87.68123, 37.845018], [-87.681172, 37.844762], [-87.681121, 37.844527], [-87.680981, 37.843884], [-87.680981, 37.84386], [-87.68098, 37.843821], [-87.680977, 37.843721], [-87.680966, 37.843233], [-87.680969, 37.84298], [-87.680972, 37.842685], [-87.681008, 37.841966], [-87.681022, 37.841376], [-87.681024, 37.841308], [-87.680933, 37.840838], [-87.68081, 37.840343], [-87.680661, 37.840002], [-87.680601, 37.839864], [-87.680326, 37.839345], [-87.680118, 37.838961], [-87.679877, 37.838543], [-87.67981, 37.838422], [-87.679778, 37.838364], [-87.679751, 37.838126], [-87.679708, 37.837758], [-87.679703, 37.837253], [-87.679676, 37.837126], [-87.679635, 37.836936], [-87.679492, 37.836612], [-87.679175, 37.8361], [-87.679041, 37.83591], [-87.678847, 37.835634], [-87.67853, 37.835207], [-87.678347, 37.834932], [-87.678235, 37.834765], [-87.677872, 37.834253], [-87.677605, 37.83387], [-87.677323, 37.83345], [-87.676939, 37.833042], [-87.676924, 37.833026], [-87.676679, 37.832762], [-87.676505, 37.832576], [-87.676092, 37.832168], [-87.67576, 37.831821], [-87.675201, 37.831293], [-87.674984, 37.831088], [-87.674927, 37.83102], [-87.674813, 37.830884], [-87.674594, 37.830557], [-87.67457, 37.830521], [-87.674455, 37.830364], [-87.674247, 37.830081], [-87.674117, 37.829932], [-87.673984, 37.82978], [-87.673873, 37.829614], [-87.673662, 37.829489], [-87.673587, 37.829451], [-87.67278, 37.829035], [-87.671657, 37.828515], [-87.671347, 37.828372], [-87.670625, 37.828058], [-87.6704, 37.827993], [-87.670305, 37.827965], [-87.670012, 37.827928], [-87.669995, 37.827926], [-87.669665, 37.82789], [-87.669345, 37.827835], [-87.668968, 37.827804], [-87.668806, 37.827791], [-87.668723, 37.827781], [-87.668306, 37.827731], [-87.667876, 37.827623], [-87.667446, 37.827522], [-87.667096, 37.827467], [-87.666654, 37.827425], [-87.666654, 37.827425], [-87.666567, 37.827416], [-87.665708, 37.827365], [-87.665333, 37.827346], [-87.665019, 37.82733], [-87.664299, 37.827224], [-87.663389, 37.827152], [-87.663151, 37.827134], [-87.662936, 37.827123], [-87.662322, 37.827091], [-87.661827, 37.82702], [-87.661432, 37.826963], [-87.660983, 37.826893], [-87.660283, 37.826818], [-87.659813, 37.826764], [-87.659634, 37.826743], [-87.659108, 37.82669], [-87.659039, 37.826679], [-87.658724, 37.826629], [-87.658275, 37.826528], [-87.657765, 37.826436], [-87.657355, 37.826391], [-87.656187, 37.826357], [-87.655647, 37.826317], [-87.655597, 37.826313], [-87.655394, 37.826284], [-87.654858, 37.826207], [-87.654238, 37.826115], [-87.65301, 37.826034], [-87.652499, 37.826053], [-87.652192, 37.826064], [-87.651671, 37.826084], [-87.651234, 37.8261], [-87.650605, 37.826136], [-87.649687, 37.826125], [-87.648909, 37.826161], [-87.648522, 37.826141], [-87.64822, 37.826126], [-87.647707, 37.826122], [-87.647551, 37.826121], [-87.647393, 37.826124], [-87.646852, 37.826134], [-87.646647, 37.826151], [-87.646374, 37.826175], [-87.645778, 37.826173], [-87.645615, 37.826172], [-87.645434, 37.826174], [-87.644787, 37.826183], [-87.644155, 37.826181], [-87.643978, 37.826181], [-87.64337, 37.826223], [-87.642916, 37.826256], [-87.642213, 37.826308], [-87.641311, 37.826387], [-87.64112, 37.8264], [-87.640856, 37.826419], [-87.640361, 37.826475], [-87.640268, 37.826485], [-87.640099, 37.826507], [-87.6395, 37.826584], [-87.638742, 37.82666], [-87.638397, 37.826739], [-87.638105, 37.826806], [-87.637169, 37.827025], [-87.637031, 37.827059], [-87.636611, 37.827163], [-87.63614, 37.827215], [-87.635863, 37.827246], [-87.635039, 37.82738], [-87.634806, 37.827418], [-87.63413, 37.827528], [-87.633899, 37.827565], [-87.633042, 37.827752], [-87.633026, 37.827757], [-87.632474, 37.827913], [-87.63206, 37.827968], [-87.631536, 37.828037], [-87.631097, 37.828112], [-87.630541, 37.828207], [-87.629857, 37.82831], [-87.628944, 37.828441], [-87.628749, 37.828471], [-87.628068, 37.828574], [-87.627627, 37.828638], [-87.627201, 37.8287], [-87.626653, 37.828823], [-87.626026, 37.828952], [-87.625482, 37.829111], [-87.625418, 37.829129], [-87.62502, 37.829318], [-87.624805, 37.829409], [-87.624625, 37.829472], [-87.624547, 37.829499], [-87.62418, 37.829566], [-87.623862, 37.829624], [-87.62363, 37.829656], [-87.623489, 37.829676], [-87.62312, 37.829786], [-87.622738, 37.829878], [-87.622738, 37.829891], [-87.62232, 37.829968], [-87.622106, 37.830004], [-87.621928, 37.830033], [-87.621657, 37.830089], [-87.621096, 37.830206], [-87.620709, 37.830281], [-87.620358, 37.8304], [-87.620093, 37.830534], [-87.619718, 37.830671], [-87.619295, 37.830885], [-87.619078, 37.830947], [-87.618884, 37.831002], [-87.618522, 37.831081], [-87.618327, 37.831098], [-87.618073, 37.831121], [-87.617821, 37.831147], [-87.61777, 37.831152], [-87.617707, 37.83116], [-87.617528, 37.831183], [-87.617499, 37.83119], [-87.617298, 37.831243], [-87.61702, 37.831339], [-87.616907, 37.831384], [-87.616731, 37.831455], [-87.616344, 37.831601], [-87.615885, 37.831786], [-87.615498, 37.831894], [-87.615277, 37.83199], [-87.615135, 37.832052], [-87.61508, 37.832096], [-87.615006, 37.832156], [-87.61487, 37.832265], [-87.614605, 37.832449], [-87.614376, 37.832574], [-87.614092, 37.832661], [-87.614086, 37.832663], [-87.61382, 37.83278], [-87.613631, 37.832913], [-87.613519, 37.832993], [-87.613157, 37.833225], [-87.612687, 37.833536], [-87.612504, 37.833664], [-87.612275, 37.833824], [-87.61194, 37.834087], [-87.611733, 37.834286], [-87.611699, 37.834318], [-87.61169, 37.834327], [-87.611326, 37.834685], [-87.611022, 37.834982], [-87.61093, 37.835073], [-87.610677, 37.835333], [-87.610509, 37.835546], [-87.61033, 37.835817], [-87.61015, 37.836095], [-87.610072, 37.836176], [-87.609886, 37.836367], [-87.609585, 37.836619], [-87.609511, 37.836678], [-87.609392, 37.836773], [-87.609091, 37.836977], [-87.608862, 37.837123], [-87.608586, 37.837261], [-87.608535, 37.837286], [-87.608476, 37.837322], [-87.608113, 37.837539], [-87.607774, 37.83781], [-87.607692, 37.837877], [-87.607514, 37.838015], [-87.607318, 37.838167], [-87.606885, 37.838516], [-87.606572, 37.838759], [-87.606494, 37.838837], [-87.606295, 37.839037], [-87.606067, 37.839289], [-87.605767, 37.839655], [-87.605623, 37.839832], [-87.605262, 37.840275], [-87.605211, 37.840332], [-87.604926, 37.840651], [-87.604677, 37.840939], [-87.60465, 37.84097], [-87.604566, 37.841062], [-87.604217, 37.841443], [-87.603968, 37.841792], [-87.602729, 37.843258], [-87.602267, 37.843861], [-87.601997, 37.844213], [-87.601953, 37.84428], [-87.601877, 37.844396], [-87.601827, 37.844437], [-87.601781, 37.844475], [-87.60166, 37.844494], [-87.601539, 37.844515], [-87.601484, 37.844554], [-87.60143, 37.844592], [-87.601342, 37.844683], [-87.60131, 37.844716], [-87.601148, 37.844954], [-87.600968, 37.845176], [-87.600929, 37.845251], [-87.600801, 37.845503], [-87.600705, 37.845639], [-87.600669, 37.845695], [-87.600356, 37.845929], [-87.599765, 37.846297], [-87.599198, 37.846712], [-87.598656, 37.847082], [-87.598321, 37.84736], [-87.598208, 37.847454], [-87.597958, 37.847708], [-87.597712, 37.847959], [-87.597376, 37.8484], [-87.597285, 37.84852], [-87.597141, 37.848798], [-87.59713, 37.848821], [-87.596868, 37.84936], [-87.596826, 37.849443], [-87.596617, 37.84986], [-87.596507, 37.850122], [-87.596415, 37.850343], [-87.596302, 37.850628], [-87.596213, 37.850853], [-87.596086, 37.851138], [-87.596042, 37.851239], [-87.595951, 37.851375], [-87.595699, 37.85175], [-87.595628, 37.851838], [-87.595434, 37.852078], [-87.595329, 37.852314], [-87.595327, 37.852318], [-87.595138, 37.85283], [-87.594946, 37.853196], [-87.594743, 37.853571], [-87.594528, 37.853899], [-87.594376, 37.854096], [-87.594155, 37.854383], [-87.593762, 37.85478], [-87.593734, 37.854809], [-87.593426, 37.855166], [-87.59302, 37.855601], [-87.592664, 37.85593], [-87.592344, 37.85622], [-87.592295, 37.856279], [-87.591907, 37.85674], [-87.591797, 37.856861], [-87.591558, 37.857125], [-87.591331, 37.857416], [-87.591174, 37.857618], [-87.590997, 37.857849], [-87.590886, 37.857994], [-87.590577, 37.858376], [-87.590574, 37.85838], [-87.590572, 37.858383], [-87.590322, 37.858708], [-87.590113, 37.858935], [-87.589781, 37.859297], [-87.58964, 37.859472], [-87.58945, 37.859706], [-87.589253, 37.859992], [-87.589154, 37.860134], [-87.589104, 37.860225], [-87.588998, 37.860416], [-87.588919, 37.860559], [-87.588696, 37.861071], [-87.588594, 37.861374], [-87.588559, 37.861477], [-87.588535, 37.861561], [-87.588459, 37.861827], [-87.588459, 37.861924], [-87.588457, 37.862215], [-87.588463, 37.862326], [-87.588466, 37.862394], [-87.588491, 37.862893], [-87.588494, 37.863188], [-87.588498, 37.86332], [-87.588504, 37.863506], [-87.588546, 37.863771], [-87.588588, 37.863906], [-87.588596, 37.863929], [-87.588608, 37.863949], [-87.588668, 37.864048], [-87.588741, 37.864187], [-87.588775, 37.864365], [-87.588786, 37.864619], [-87.588794, 37.864807], [-87.588803, 37.864964], [-87.588775, 37.865224], [-87.588772, 37.865248], [-87.588628, 37.865718], [-87.588497, 37.866212], [-87.588418, 37.866489], [-87.588323, 37.866827], [-87.588322, 37.866828], [-87.5883, 37.866907], [-87.588169, 37.867324], [-87.58809, 37.86757], [-87.588091, 37.867764], [-87.5881, 37.867946], [-87.588107, 37.868107], [-87.588122, 37.868789], [-87.588129, 37.868841], [-87.588167, 37.869131], [-87.588332, 37.869425], [-87.58839, 37.869529], [-87.588405, 37.869592], [-87.588417, 37.869646], [-87.588625, 37.87056], [-87.588642, 37.870721], [-87.588717, 37.871423], [-87.58877, 37.871662], [-87.588824, 37.871909], [-87.588919, 37.872248], [-87.589062, 37.872955], [-87.589216, 37.873788], [-87.58947, 37.875085], [-87.589484, 37.875201], [-87.589498, 37.875314], [-87.589536, 37.875555], [-87.589545, 37.875631], [-87.589562, 37.875763], [-87.589609, 37.875985], [-87.589622, 37.876042], [-87.589654, 37.876153], [-87.589684, 37.87626], [-87.590056, 37.877482], [-87.59035, 37.8783], [-87.590762, 37.87942], [-87.590845, 37.879645], [-87.590985, 37.879986], [-87.591139, 37.88036], [-87.59137, 37.881105], [-87.591541, 37.881627], [-87.591698, 37.882106], [-87.591787, 37.882384], [-87.59185, 37.882578], [-87.591986, 37.8831], [-87.592071, 37.883528], [-87.592078, 37.883561], [-87.592173, 37.883996], [-87.592217, 37.884257], [-87.592224, 37.884333], [-87.592243, 37.884544], [-87.592213, 37.884888], [-87.592198, 37.885064], [-87.592192, 37.885091], [-87.592151, 37.885272], [-87.592113, 37.885414], [-87.592087, 37.885513], [-87.592031, 37.885748], [-87.591931, 37.885991], [-87.591886, 37.8861], [-87.591702, 37.886603], [-87.591652, 37.886756], [-87.591581, 37.886974], [-87.591559, 37.887249], [-87.591561, 37.88731], [-87.591567, 37.887495], [-87.59157, 37.887559], [-87.591575, 37.887632], [-87.591588, 37.887821], [-87.591647, 37.888055], [-87.591723, 37.888289], [-87.59179, 37.888407], [-87.591823, 37.888464], [-87.591913, 37.888616], [-87.591931, 37.888646], [-87.591932, 37.888647], [-87.592072, 37.888846], [-87.592183, 37.88899], [-87.592222, 37.889041], [-87.592288, 37.889127], [-87.592379, 37.889248], [-87.592443, 37.889317], [-87.592529, 37.889411], [-87.592611, 37.889501], [-87.592719, 37.889618], [-87.592909, 37.889779], [-87.593044, 37.889901], [-87.593067, 37.889922], [-87.593079, 37.889932], [-87.593265, 37.89007], [-87.593345, 37.890129], [-87.593571, 37.890296], [-87.59381, 37.890446], [-87.593826, 37.890457], [-87.594157, 37.890678], [-87.594479, 37.890877], [-87.594617, 37.890971], [-87.594655, 37.890996], [-87.595061, 37.891275], [-87.595441, 37.891587], [-87.595609, 37.891728], [-87.595747, 37.891844], [-87.595987, 37.892005], [-87.596137, 37.892107], [-87.596218, 37.892162], [-87.596466, 37.892316], [-87.596596, 37.892379], [-87.596721, 37.892439], [-87.596922, 37.892544], [-87.596969, 37.892568], [-87.597159, 37.892658], [-87.597265, 37.892709], [-87.597678, 37.892934], [-87.597946, 37.893131], [-87.598187, 37.893281], [-87.598312, 37.893371], [-87.598407, 37.89344], [-87.598599, 37.893572], [-87.598735, 37.893666], [-87.599264, 37.894026], [-87.600049, 37.894589], [-87.60025, 37.894717], [-87.600618, 37.894952], [-87.601162, 37.895268], [-87.601179, 37.895278], [-87.601592, 37.895537], [-87.601783, 37.895712], [-87.601932, 37.895851], [-87.602074, 37.895978], [-87.602097, 37.895999], [-87.602103, 37.896004], [-87.602246, 37.896119], [-87.602411, 37.896236], [-87.602609, 37.896334], [-87.602643, 37.896352], [-87.602737, 37.896401], [-87.60285, 37.896454], [-87.603549, 37.896829], [-87.604293, 37.897326], [-87.605197, 37.897947], [-87.605218, 37.897961], [-87.605713, 37.898269], [-87.606063, 37.898474], [-87.606307, 37.898618], [-87.606491, 37.898721], [-87.606852, 37.898926], [-87.607083, 37.899043], [-87.607108, 37.899055], [-87.607383, 37.899207], [-87.607623, 37.899323], [-87.607884, 37.899452], [-87.608125, 37.899577], [-87.60828, 37.899644], [-87.60828, 37.899644], [-87.608375, 37.899685], [-87.608416, 37.899702], [-87.608646, 37.899822], [-87.609144, 37.900018], [-87.609721, 37.900236], [-87.610282, 37.900539], [-87.610761, 37.90083], [-87.611056, 37.901], [-87.611265, 37.90112], [-87.611529, 37.901266], [-87.611768, 37.901397], [-87.612177, 37.901622], [-87.612247, 37.90166], [-87.612307, 37.901692], [-87.612659, 37.901879], [-87.613034, 37.902093], [-87.613113, 37.902138], [-87.613191, 37.902191], [-87.613518, 37.902415], [-87.613989, 37.902737], [-87.614592, 37.90314], [-87.614607, 37.90315], [-87.615488, 37.90373], [-87.61619, 37.904195], [-87.616859, 37.904629], [-87.617471, 37.905054], [-87.618099, 37.905519], [-87.618467, 37.905781], [-87.618884, 37.906078], [-87.619172, 37.906296], [-87.619328, 37.906414], [-87.619421, 37.906486], [-87.619677, 37.906687], [-87.620224, 37.907162], [-87.620537, 37.907443], [-87.620668, 37.90756], [-87.620825, 37.90772], [-87.620836, 37.907731], [-87.620843, 37.90774], [-87.620994, 37.907933], [-87.621119, 37.908099], [-87.621277, 37.908341], [-87.621369, 37.908539], [-87.621461, 37.908683], [-87.621484, 37.908728], [-87.621561, 37.908876], [-87.621778, 37.909253], [-87.621859, 37.909439], [-87.621878, 37.909483], [-87.621937, 37.909613], [-87.621952, 37.909694], [-87.621954, 37.909703], [-87.621946, 37.909807], [-87.621943, 37.909855], [-87.621939, 37.909906], [-87.621928, 37.909971], [-87.621916, 37.910041], [-87.621901, 37.910103], [-87.621892, 37.910145], [-87.621881, 37.910191], [-87.621868, 37.910249], [-87.621846, 37.910345], [-87.621836, 37.910389], [-87.621791, 37.910702], [-87.62179, 37.910713], [-87.621746, 37.910888], [-87.621726, 37.910966], [-87.621703, 37.911124], [-87.621707, 37.911179], [-87.621712, 37.911255], [-87.621736, 37.911309], [-87.621771, 37.911389], [-87.621846, 37.911524], [-87.621865, 37.911547], [-87.62192, 37.911609], [-87.62202, 37.911699], [-87.622128, 37.911816], [-87.622235, 37.911919], [-87.622393, 37.912071], [-87.622616, 37.912246], [-87.622618, 37.912247], [-87.623167, 37.912666], [-87.623385, 37.912832], [-87.623592, 37.913034], [-87.623714, 37.913176], [-87.623816, 37.913294], [-87.624174, 37.913797], [-87.624311, 37.913989], [-87.624656, 37.91447], [-87.624996, 37.914996], [-87.625273, 37.915497], [-87.625314, 37.915571], [-87.625382, 37.915703], [-87.625598, 37.916128], [-87.625781, 37.9166], [-87.625867, 37.916821], [-87.625987, 37.917186], [-87.626128, 37.917612], [-87.626193, 37.917771], [-87.626404, 37.918291], [-87.626694, 37.918938], [-87.626891, 37.919379], [-87.62707, 37.919861], [-87.627246, 37.920333], [-87.627483, 37.920943], [-87.627506, 37.921003], [-87.627608, 37.921331], [-87.627695, 37.921592], [-87.627784, 37.921862], [-87.627993, 37.922672], [-87.628027, 37.922947], [-87.628065, 37.923258], [-87.62815, 37.923924], [-87.628247, 37.924487], [-87.628396, 37.925324], [-87.628432, 37.926095], [-87.628422, 37.926681], [-87.628365, 37.927384], [-87.628272, 37.927907], [-87.628243, 37.928004], [-87.628167, 37.92825], [-87.628048, 37.928544], [-87.628003, 37.928657], [-87.627908, 37.928923], [-87.627831, 37.929062], [-87.627798, 37.929122], [-87.627658, 37.929253], [-87.627511, 37.929313], [-87.627376, 37.929313], [-87.627242, 37.929274], [-87.627145, 37.929166], [-87.627097, 37.929049], [-87.627061, 37.928873], [-87.627062, 37.928818], [-87.627062, 37.928634], [-87.627062, 37.92861], [-87.627062, 37.928594], [-87.627058, 37.92817], [-87.627051, 37.928005], [-87.627044, 37.927846], [-87.62702, 37.927668], [-87.627001, 37.927522], [-87.626891, 37.927139], [-87.62668, 37.926762], [-87.626529, 37.926515], [-87.626462, 37.926445], [-87.626266, 37.926237], [-87.626156, 37.926155], [-87.626055, 37.92608], [-87.625922, 37.925992], [-87.625913, 37.925986], [-87.62574, 37.925933], [-87.625569, 37.925916], [-87.625337, 37.925913], [-87.625181, 37.925968], [-87.625166, 37.925976], [-87.625032, 37.92605], [-87.624893, 37.92611], [-87.62475, 37.926173], [-87.624599, 37.926243], [-87.624467, 37.926305], [-87.624263, 37.926437], [-87.623983, 37.926578], [-87.623855, 37.926636], [-87.623711, 37.926701], [-87.62339, 37.926824], [-87.623079, 37.926993], [-87.622831, 37.927156], [-87.622624, 37.927351], [-87.622429, 37.927551], [-87.62235, 37.927672], [-87.622262, 37.927808], [-87.622197, 37.927982], [-87.622089, 37.928273], [-87.621986, 37.928446], [-87.621875, 37.928631], [-87.621727, 37.929082], [-87.621621, 37.929588], [-87.62158, 37.929786], [-87.621534, 37.929901], [-87.621422, 37.930188], [-87.621334, 37.930418], [-87.621226, 37.930698], [-87.621143, 37.930919], [-87.621069, 37.931118], [-87.620968, 37.931315], [-87.620832, 37.931583], [-87.620578, 37.93199], [-87.620267, 37.932325], [-87.619844, 37.932742], [-87.619844, 37.932753], [-87.619844, 37.932756], [-87.619484, 37.9331], [-87.619264, 37.93337], [-87.619218, 37.933426], [-87.61897, 37.933729], [-87.618833, 37.933941], [-87.618786, 37.934014], [-87.61869, 37.934161], [-87.618525, 37.934416], [-87.61832, 37.93481], [-87.618082, 37.935361], [-87.617919, 37.935699], [-87.617891, 37.935801], [-87.617868, 37.935885], [-87.617827, 37.936088], [-87.617779, 37.936381], [-87.617771, 37.936452], [-87.617754, 37.93662], [-87.617746, 37.936734], [-87.61774, 37.936827], [-87.617685, 37.937046], [-87.617653, 37.93717], [-87.61759, 37.937445], [-87.617541, 37.937666], [-87.617528, 37.93782], [-87.617523, 37.937883], [-87.617516, 37.93794], [-87.617498, 37.938086], [-87.617503, 37.938216], [-87.617554, 37.938311], [-87.617562, 37.938315], [-87.617617, 37.938342], [-87.617741, 37.938323], [-87.617823, 37.938293], [-87.617865, 37.938277], [-87.617971, 37.938239], [-87.618016, 37.938223], [-87.618248, 37.938122], [-87.618554, 37.937985], [-87.618757, 37.937902], [-87.618922, 37.937835], [-87.618987, 37.937808], [-87.6192, 37.937721], [-87.619225, 37.93771], [-87.619466, 37.937604], [-87.619502, 37.937588], [-87.619875, 37.937424], [-87.6199, 37.937416], [-87.620049, 37.937365], [-87.620161, 37.937307], [-87.620384, 37.937192], [-87.620708, 37.93701], [-87.621012, 37.936828], [-87.621448, 37.936591], [-87.621887, 37.936382], [-87.622091, 37.93629], [-87.622128, 37.936275], [-87.622232, 37.936231], [-87.622334, 37.936212], [-87.622409, 37.936212], [-87.622424, 37.936227], [-87.622439, 37.936243], [-87.62243, 37.93626], [-87.62241, 37.936293], [-87.622356, 37.936335], [-87.62234, 37.936348], [-87.622312, 37.936372], [-87.622258, 37.93642], [-87.622112, 37.936534], [-87.62189, 37.936679], [-87.621722, 37.936807], [-87.621472, 37.936997], [-87.621029, 37.937319], [-87.620816, 37.937486], [-87.620504, 37.937732], [-87.620237, 37.937944], [-87.620098, 37.938054], [-87.619984, 37.93815], [-87.619796, 37.938308], [-87.619521, 37.938508], [-87.619281, 37.938688], [-87.619068, 37.938848], [-87.618949, 37.938943], [-87.618673, 37.939165], [-87.61827, 37.93945], [-87.618102, 37.93957], [-87.617638, 37.939876], [-87.617234, 37.940142], [-87.616444, 37.940673], [-87.616024, 37.940964], [-87.615412, 37.941436], [-87.614084, 37.942344], [-87.612804, 37.943209], [-87.612706, 37.943275], [-87.612473, 37.943449], [-87.61191, 37.94387], [-87.611704, 37.944023], [-87.611317, 37.94431], [-87.611132, 37.944472], [-87.610627, 37.944917], [-87.610098, 37.945324], [-87.609595, 37.945711], [-87.608839, 37.946305], [-87.608679, 37.94645], [-87.608071, 37.947003], [-87.60804, 37.947034], [-87.607283, 37.947801], [-87.606802, 37.948488], [-87.606378, 37.949141], [-87.606165, 37.949469], [-87.606108, 37.949574], [-87.605963, 37.949844], [-87.605615, 37.950495], [-87.605256, 37.951137], [-87.604996, 37.951715], [-87.604856, 37.952247], [-87.604783, 37.952694], [-87.604731, 37.952859], [-87.604686, 37.953001], [-87.604663, 37.953258], [-87.604656, 37.953334], [-87.604659, 37.953781], [-87.604708, 37.954312], [-87.60471, 37.9546], [-87.604645, 37.954799], [-87.604635, 37.954831], [-87.604571, 37.95511], [-87.604501, 37.955315], [-87.604463, 37.955426], [-87.604323, 37.955855], [-87.604231, 37.956184], [-87.604162, 37.956433], [-87.603958, 37.957191], [-87.60385, 37.957558], [-87.603787, 37.957773], [-87.603736, 37.957929], [-87.603668, 37.958139], [-87.603605, 37.95854], [-87.603587, 37.95873], [-87.603564, 37.958969], [-87.603536, 37.959254], [-87.603524, 37.959383], [-87.6035, 37.95961], [-87.603462, 37.95997], [-87.603437, 37.960316], [-87.603412, 37.96065], [-87.6034, 37.961156], [-87.60338, 37.962034], [-87.603481, 37.963665], [-87.603476, 37.96401], [-87.603469, 37.964516], [-87.60345, 37.965215], [-87.603456, 37.966008], [-87.603446, 37.966216], [-87.603428, 37.96659], [-87.603401, 37.966772], [-87.603368, 37.966993], [-87.603357, 37.967063], [-87.603346, 37.96714], [-87.603249, 37.967526], [-87.603248, 37.967532], [-87.603065, 37.968164], [-87.602882, 37.968715], [-87.602621, 37.969278], [-87.60248, 37.969582], [-87.6023, 37.969935], [-87.602176, 37.970179], [-87.601752, 37.971046], [-87.601316, 37.97167], [-87.600841, 37.972175], [-87.600736, 37.972286], [-87.600696, 37.972319], [-87.599953, 37.972925], [-87.598753, 37.973639], [-87.597937, 37.97407], [-87.597764, 37.974162], [-87.597428, 37.974316], [-87.596513, 37.974736], [-87.595451, 37.97517], [-87.595025, 37.97526], [-87.59436, 37.975401], [-87.593702, 37.975493], [-87.593497, 37.975522], [-87.592647, 37.975549], [-87.59237, 37.975519], [-87.592053, 37.975485], [-87.591526, 37.975469], [-87.591195, 37.975494], [-87.590825, 37.975522], [-87.589637, 37.975528], [-87.588774, 37.975533], [-87.587834, 37.975488], [-87.587559, 37.975476], [-87.587418, 37.975463], [-87.586897, 37.975416], [-87.586567, 37.975382], [-87.586273, 37.975351], [-87.585707, 37.975174], [-87.585391, 37.975056], [-87.585207, 37.974987], [-87.584863, 37.974821], [-87.58457, 37.974679], [-87.584378, 37.974582], [-87.584025, 37.974403], [-87.583405, 37.974117], [-87.582703, 37.973694], [-87.582619, 37.973643], [-87.581758, 37.973184], [-87.58072, 37.972499], [-87.579947, 37.972021], [-87.579093, 37.971511], [-87.579065, 37.971491], [-87.578496, 37.971077], [-87.577898, 37.970503], [-87.577476, 37.970068], [-87.576986, 37.969557], [-87.576509, 37.968973], [-87.576142, 37.968556], [-87.576044, 37.968413], [-87.575801, 37.968058], [-87.575643, 37.967738], [-87.575472, 37.967388], [-87.575211, 37.966821], [-87.574876, 37.966048], [-87.574632, 37.965328], [-87.574424, 37.964581], [-87.574324, 37.964093], [-87.574284, 37.963896], [-87.574142, 37.963027], [-87.574003, 37.962361], [-87.573982, 37.961753], [-87.57397, 37.961385], [-87.573961, 37.961109], [-87.573954, 37.960167], [-87.573988, 37.959572], [-87.573995, 37.959432], [-87.574027, 37.959257], [-87.574116, 37.958764], [-87.574137, 37.958679], [-87.574189, 37.958476], [-87.574243, 37.958074], [-87.574313, 37.957732], [-87.574424, 37.957127], [-87.574561, 37.956559], [-87.574562, 37.956556], [-87.57457, 37.956536], [-87.574658, 37.956324], [-87.574838, 37.955886], [-87.57509, 37.955283], [-87.575161, 37.955114], [-87.575255, 37.954917], [-87.575485, 37.954432], [-87.575748, 37.953944], [-87.576026, 37.953496], [-87.576253, 37.953157], [-87.576353, 37.952976], [-87.576435, 37.952832], [-87.576512, 37.95266], [-87.576551, 37.952556], [-87.576569, 37.952507], [-87.576577, 37.95246], [-87.576592, 37.95238], [-87.576578, 37.952308], [-87.576571, 37.952268], [-87.576505, 37.952224], [-87.576441, 37.952183], [-87.57626, 37.952116], [-87.576005, 37.952077], [-87.57497, 37.951942], [-87.573878, 37.951821], [-87.573738, 37.951785], [-87.573691, 37.951773], [-87.573672, 37.95176], [-87.573579, 37.951697], [-87.573557, 37.951667], [-87.573466, 37.951539], [-87.573389, 37.951274], [-87.572904, 37.949528], [-87.572633, 37.948533], [-87.572547, 37.948232], [-87.572347, 37.9477], [-87.572255, 37.947453], [-87.571988, 37.946951], [-87.571751, 37.946505], [-87.571166, 37.945503], [-87.570927, 37.945041], [-87.570612, 37.944433], [-87.569958, 37.943364], [-87.569766, 37.943047], [-87.569217, 37.942137], [-87.568827, 37.941548], [-87.568601, 37.941207], [-87.568209, 37.940745], [-87.567787, 37.940247], [-87.567423, 37.939764], [-87.567173, 37.939434], [-87.566703, 37.938696], [-87.56663, 37.93858], [-87.566471, 37.938359], [-87.566471, 37.938358], [-87.566471, 37.938358], [-87.566298, 37.938117], [-87.566074, 37.937803], [-87.565728, 37.937365], [-87.565485, 37.937058], [-87.564634, 37.936012], [-87.564057, 37.935385], [-87.563588, 37.934874], [-87.563588, 37.934874], [-87.563432, 37.934704], [-87.563377, 37.934644], [-87.563274, 37.934536], [-87.56279, 37.934025], [-87.561819, 37.933065], [-87.561248, 37.932583], [-87.560432, 37.931895], [-87.559758, 37.931349], [-87.559096, 37.930762], [-87.558556, 37.930306], [-87.558459, 37.930224], [-87.558322, 37.930104], [-87.558321, 37.930104], [-87.558321, 37.930104], [-87.558168, 37.929971], [-87.557872, 37.929713], [-87.557306, 37.929242], [-87.557285, 37.929225], [-87.556698, 37.928759], [-87.556473, 37.928586], [-87.556149, 37.928338], [-87.555576, 37.927993], [-87.555386, 37.927898], [-87.554983, 37.927694], [-87.554983, 37.927694], [-87.554966, 37.927685], [-87.554655, 37.927516], [-87.554156, 37.927243], [-87.553358, 37.926819], [-87.553091, 37.92665], [-87.552598, 37.92634], [-87.551625, 37.925714], [-87.550899, 37.925247], [-87.550852, 37.925217], [-87.550837, 37.92521], [-87.55013, 37.924873], [-87.549338, 37.924494], [-87.549246, 37.924449], [-87.549146, 37.924401], [-87.548425, 37.924052], [-87.548208, 37.923944], [-87.54805, 37.923865], [-87.54754, 37.923601], [-87.546817, 37.923258], [-87.54602, 37.922829], [-87.545547, 37.922613], [-87.545186, 37.922449], [-87.544931, 37.922348], [-87.544315, 37.922102], [-87.542498, 37.921335], [-87.541626, 37.920956], [-87.540905, 37.920653], [-87.540744, 37.92058], [-87.53971, 37.920109], [-87.538949, 37.919763], [-87.538472, 37.919547], [-87.537674, 37.919158], [-87.536838, 37.918743], [-87.536279, 37.918466], [-87.535377, 37.918059], [-87.534836, 37.917815], [-87.533516, 37.91723], [-87.532383, 37.916726], [-87.531651, 37.916457], [-87.531002, 37.916219], [-87.529905, 37.915868], [-87.529593, 37.915773], [-87.528416, 37.915415], [-87.52721, 37.915022], [-87.527023, 37.914961], [-87.525569, 37.914553], [-87.524719, 37.914272], [-87.524226, 37.914109], [-87.523244, 37.913779], [-87.522613, 37.913584], [-87.522299, 37.913486], [-87.521775, 37.913304], [-87.521329, 37.913148], [-87.520594, 37.912836], [-87.519947, 37.912514], [-87.519656, 37.912364], [-87.519548, 37.912309], [-87.518851, 37.911884], [-87.518136, 37.911431], [-87.517904, 37.911284], [-87.517823, 37.911229], [-87.517243, 37.910836], [-87.516017, 37.909932], [-87.51536, 37.909448], [-87.514063, 37.908484], [-87.512903, 37.907633], [-87.511983, 37.90694], [-87.511983, 37.90694], [-87.511797, 37.9068], [-87.5115, 37.906578], [-87.511395, 37.9065], [-87.511328, 37.906455], [-87.511145, 37.906334], [-87.510859, 37.906227], [-87.510549, 37.906147], [-87.510126, 37.906099], [-87.509657, 37.906131], [-87.509618, 37.906133], [-87.50959, 37.906137], [-87.509527, 37.906146], [-87.509321, 37.906175], [-87.508739, 37.906322], [-87.508577, 37.906399], [-87.508355, 37.906504], [-87.508353, 37.906505], [-87.50791, 37.906672], [-87.507547, 37.906788], [-87.507378, 37.906841], [-87.506945, 37.906969], [-87.506424, 37.90708], [-87.505916, 37.90719], [-87.505658, 37.907246], [-87.505359, 37.90731], [-87.504765, 37.907479], [-87.504642, 37.90752], [-87.504642, 37.90752], [-87.504139, 37.907689], [-87.504084, 37.907707], [-87.503552, 37.907939], [-87.50286, 37.908253], [-87.50213, 37.908639], [-87.501673, 37.908831], [-87.501324, 37.908952], [-87.501016, 37.909059], [-87.50072, 37.9092], [-87.500689, 37.909223], [-87.500485, 37.909377], [-87.500016, 37.909631], [-87.498494, 37.910358], [-87.497221, 37.911031], [-87.497173, 37.911061], [-87.495689, 37.91197], [-87.494516, 37.91284], [-87.493529, 37.913574], [-87.493448, 37.913641], [-87.492936, 37.914059], [-87.492753, 37.914204], [-87.49219, 37.914653], [-87.491524, 37.915196], [-87.4904, 37.91603], [-87.490274, 37.916118], [-87.489326, 37.916778], [-87.488951, 37.917048], [-87.48854, 37.917345], [-87.48854, 37.917345], [-87.488425, 37.917428], [-87.488227, 37.917571], [-87.48714, 37.918418], [-87.486764, 37.918737], [-87.486461, 37.918994], [-87.485904, 37.919469], [-87.48535, 37.919924], [-87.484475, 37.920642], [-87.483423, 37.921516], [-87.482883, 37.921965], [-87.48216, 37.922549], [-87.481538, 37.923052], [-87.481504, 37.923076], [-87.480562, 37.923754], [-87.479024, 37.924764], [-87.478511, 37.925101], [-87.477647, 37.925704], [-87.476597, 37.926406], [-87.476037, 37.926768], [-87.475558, 37.927078], [-87.475345, 37.9272], [-87.47482, 37.9275], [-87.471558, 37.929212], [-87.470814, 37.929645], [-87.47042, 37.929874], [-87.469383, 37.930667], [-87.468519, 37.931337], [-87.467536, 37.93208], [-87.467257, 37.932293], [-87.466568, 37.932819], [-87.465791, 37.933394], [-87.4652, 37.933798], [-87.464393, 37.934342], [-87.464063, 37.934538], [-87.463592, 37.934818], [-87.463231, 37.935001], [-87.462563, 37.93534], [-87.46187, 37.935667], [-87.461206, 37.936008], [-87.461152, 37.936035], [-87.461119, 37.936056], [-87.460775, 37.936271], [-87.460596, 37.93636], [-87.460356, 37.93648], [-87.460181, 37.936561], [-87.460051, 37.936621], [-87.459878, 37.936709], [-87.459606, 37.936848], [-87.45921, 37.937057], [-87.459138, 37.937094], [-87.458901, 37.937216], [-87.45865, 37.937359], [-87.458592, 37.937393], [-87.45822, 37.937552], [-87.457268, 37.938024], [-87.456843, 37.938243], [-87.456476, 37.938433], [-87.456038, 37.938655], [-87.455598, 37.938878], [-87.454829, 37.939281], [-87.45467, 37.939364], [-87.454466, 37.939454], [-87.453618, 37.939827], [-87.452937, 37.940168], [-87.452133, 37.940514], [-87.451615, 37.940755], [-87.451452, 37.940832], [-87.451162, 37.940966], [-87.450841, 37.941113], [-87.450548, 37.941236], [-87.450227, 37.941386], [-87.45003, 37.94148], [-87.449893, 37.941545], [-87.449576, 37.941704], [-87.449076, 37.941909], [-87.448172, 37.942219], [-87.447589, 37.942361], [-87.446945, 37.942507], [-87.446642, 37.942553], [-87.446357, 37.942595], [-87.44566, 37.942716], [-87.445345, 37.94277], [-87.445057, 37.942823], [-87.444638, 37.942899], [-87.444635, 37.9429], [-87.443932, 37.943041], [-87.443138, 37.943153], [-87.442727, 37.943233], [-87.442531, 37.943272], [-87.441997, 37.943351], [-87.441253, 37.943475], [-87.440609, 37.943622], [-87.44032, 37.943685], [-87.440209, 37.943709], [-87.439859, 37.943796], [-87.439569, 37.943876], [-87.439147, 37.943992], [-87.438106, 37.944194], [-87.437489, 37.944228], [-87.436778, 37.944235], [-87.43615, 37.944292], [-87.435599, 37.944334], [-87.435537, 37.944339], [-87.43488, 37.944414], [-87.43394, 37.944525], [-87.433069, 37.944632], [-87.432368, 37.944743], [-87.432202, 37.944783], [-87.432102, 37.944807], [-87.431445, 37.944866], [-87.43132, 37.944877], [-87.43118, 37.944889], [-87.430601, 37.944939], [-87.430018, 37.945017], [-87.42935, 37.945069], [-87.42903, 37.945075], [-87.428554, 37.945054], [-87.428032, 37.944966], [-87.427472, 37.944842], [-87.427226, 37.944786], [-87.426652, 37.944656], [-87.426109, 37.944572], [-87.426004, 37.944551], [-87.425621, 37.944475], [-87.42536, 37.944446], [-87.425186, 37.944427], [-87.424639, 37.944361], [-87.424134, 37.944322], [-87.423727, 37.944338], [-87.423237, 37.944357], [-87.422729, 37.944395], [-87.422429, 37.944427], [-87.422039, 37.944505], [-87.421199, 37.944648], [-87.420544, 37.944706], [-87.420397, 37.944719], [-87.420206, 37.94473], [-87.419653, 37.944762], [-87.419375, 37.944766], [-87.418809, 37.944774], [-87.417789, 37.944796], [-87.417542, 37.944791], [-87.417409, 37.944788], [-87.416638, 37.944741], [-87.416326, 37.944718], [-87.416289, 37.944715], [-87.416079, 37.944725], [-87.415739, 37.94474], [-87.415575, 37.944737], [-87.415238, 37.944732], [-87.415012, 37.944739], [-87.414713, 37.944748], [-87.414275, 37.944781], [-87.414068, 37.9448], [-87.413818, 37.944783], [-87.413548, 37.944752], [-87.413241, 37.944729], [-87.413208, 37.944726], [-87.412838, 37.944709], [-87.412508, 37.944688], [-87.412322, 37.944671], [-87.412081, 37.944649], [-87.411897, 37.944614], [-87.411733, 37.944583], [-87.411442, 37.944496], [-87.411285, 37.944449], [-87.410751, 37.944311], [-87.410506, 37.944258], [-87.410277, 37.944209], [-87.410063, 37.944162], [-87.409917, 37.944129], [-87.409812, 37.944104], [-87.409657, 37.944067], [-87.409357, 37.943996], [-87.409144, 37.943946], [-87.408887, 37.943885], [-87.408482, 37.943795], [-87.408446, 37.943787], [-87.408351, 37.943766], [-87.408076, 37.943703], [-87.407576, 37.943633], [-87.407389, 37.943606], [-87.407166, 37.943575], [-87.406776, 37.943505], [-87.406346, 37.943434], [-87.405976, 37.943395], [-87.405756, 37.943346], [-87.405555, 37.943302], [-87.404974, 37.943209], [-87.404882, 37.943193], [-87.404295, 37.943094], [-87.404045, 37.943063], [-87.403322, 37.942953], [-87.402638, 37.942775], [-87.402315, 37.942668], [-87.402152, 37.94254], [-87.402053, 37.942462], [-87.401883, 37.942331], [-87.401791, 37.94226], [-87.401468, 37.942112], [-87.401272, 37.942047], [-87.400974, 37.941947], [-87.400735, 37.941865], [-87.400573, 37.941809], [-87.400266, 37.941712], [-87.400193, 37.941689], [-87.400145, 37.941674], [-87.399876, 37.941595], [-87.399669, 37.941515], [-87.399528, 37.941461], [-87.399343, 37.941389], [-87.399229, 37.941345], [-87.398919, 37.941206], [-87.398542, 37.941113], [-87.39821, 37.94106], [-87.398051, 37.941038], [-87.397788, 37.941003], [-87.397386, 37.940904], [-87.397316, 37.940887], [-87.396952, 37.940758], [-87.396875, 37.940708], [-87.396743, 37.940623], [-87.39661, 37.940538], [-87.396457, 37.940439], [-87.39628, 37.94036], [-87.39611, 37.940283], [-87.395887, 37.940207], [-87.395562, 37.940096], [-87.39463, 37.939846], [-87.393796, 37.939583], [-87.393101, 37.939419], [-87.392181, 37.939156], [-87.391624, 37.939004], [-87.391398, 37.938942], [-87.391188, 37.938885], [-87.390615, 37.938729], [-87.389656, 37.938512], [-87.389534, 37.938484], [-87.389429, 37.938459], [-87.388788, 37.938302], [-87.388416, 37.938227], [-87.387894, 37.93812], [-87.387322, 37.938014], [-87.386776, 37.937966], [-87.386242, 37.937878], [-87.385658, 37.937753], [-87.385173, 37.937606], [-87.385053, 37.937568], [-87.384663, 37.937441], [-87.384259, 37.937278], [-87.384153, 37.937236], [-87.384048, 37.937196], [-87.383606, 37.93703], [-87.382935, 37.936757], [-87.382457, 37.936529], [-87.381988, 37.936334], [-87.381737, 37.93623], [-87.38097, 37.93589], [-87.380666, 37.935767], [-87.38046, 37.935684], [-87.379838, 37.935411], [-87.379276, 37.935147], [-87.378916, 37.934986], [-87.37831, 37.934725], [-87.377992, 37.934588], [-87.377897, 37.934557], [-87.377689, 37.93449], [-87.377354, 37.934328], [-87.377192, 37.934244], [-87.377055, 37.934172], [-87.376695, 37.933993], [-87.376379, 37.933792], [-87.376285, 37.933733], [-87.375911, 37.933468], [-87.375421, 37.933153], [-87.375394, 37.933136], [-87.37521, 37.93303], [-87.375013, 37.932916], [-87.374563, 37.932756], [-87.374089, 37.932577], [-87.373822, 37.93249], [-87.373732, 37.932461], [-87.373623, 37.932427], [-87.373472, 37.932381], [-87.373391, 37.93236], [-87.37324, 37.932323], [-87.373026, 37.932269], [-87.372911, 37.932222], [-87.372865, 37.932202], [-87.372828, 37.932166], [-87.372829, 37.932112], [-87.372847, 37.9321], [-87.372891, 37.932071], [-87.372964, 37.932067], [-87.373043, 37.932089], [-87.373142, 37.932116], [-87.373257, 37.932147], [-87.37357, 37.932218], [-87.373766, 37.932217], [-87.373954, 37.932181], [-87.374007, 37.932095], [-87.373992, 37.932033], [-87.373979, 37.931982], [-87.373836, 37.931812], [-87.37372, 37.931696], [-87.373585, 37.93156], [-87.373501, 37.931465], [-87.373329, 37.931268], [-87.373122, 37.931061], [-87.372981, 37.930893], [-87.372862, 37.930751], [-87.372659, 37.930503], [-87.372638, 37.930477], [-87.372618, 37.930454], [-87.37246, 37.930266], [-87.372327, 37.93013], [-87.372209, 37.93001], [-87.371909, 37.929745], [-87.371507, 37.929349], [-87.370951, 37.92877], [-87.370377, 37.928294], [-87.3702, 37.928167], [-87.370006, 37.928029], [-87.369638, 37.927733], [-87.369525, 37.927636], [-87.369262, 37.92741], [-87.369002, 37.927199], [-87.368706, 37.926893], [-87.368311, 37.92648], [-87.368078, 37.926233], [-87.367835, 37.92594], [-87.367611, 37.925711], [-87.36741, 37.925522], [-87.367333, 37.925451], [-87.367307, 37.925429], [-87.367064, 37.925231], [-87.366957, 37.925128], [-87.366858, 37.925033], [-87.366446, 37.924651], [-87.366046, 37.924359], [-87.365895, 37.924248], [-87.365393, 37.923853], [-87.364909, 37.923457], [-87.364587, 37.923193], [-87.364174, 37.922847], [-87.363745, 37.922497], [-87.363707, 37.922465], [-87.363431, 37.922232], [-87.363081, 37.921967], [-87.36267, 37.921671], [-87.362463, 37.921516], [-87.362257, 37.921361], [-87.361995, 37.921189], [-87.361881, 37.921114], [-87.361488, 37.920953], [-87.360925, 37.920797], [-87.36056, 37.920721], [-87.360157, 37.920638], [-87.359694, 37.920603], [-87.359608, 37.920604], [-87.359389, 37.920608], [-87.359158, 37.920619], [-87.359086, 37.920623], [-87.359003, 37.920616], [-87.35855, 37.920579], [-87.357997, 37.920504], [-87.357924, 37.920493], [-87.357702, 37.92046], [-87.357516, 37.920412], [-87.357389, 37.92038], [-87.357005, 37.920255], [-87.356674, 37.920112], [-87.356663, 37.920103], [-87.356414, 37.919901], [-87.356056, 37.9196], [-87.355625, 37.919178], [-87.354998, 37.918639], [-87.354654, 37.91834], [-87.354606, 37.918298], [-87.354425, 37.918131], [-87.354362, 37.91807], [-87.354281, 37.917992], [-87.354131, 37.917841], [-87.35412, 37.91783], [-87.354088, 37.917792], [-87.353895, 37.917556], [-87.353357, 37.916837], [-87.353311, 37.916786], [-87.353114, 37.916567], [-87.352899, 37.916365], [-87.352759, 37.916262], [-87.352666, 37.916194], [-87.352264, 37.915975], [-87.352132, 37.915908], [-87.35175, 37.915715], [-87.351329, 37.915446], [-87.350514, 37.914867], [-87.349502, 37.914162], [-87.348572, 37.913575], [-87.347894, 37.913125], [-87.347828, 37.913081], [-87.347751, 37.913031], [-87.346755, 37.912377], [-87.346066, 37.911963], [-87.345815, 37.911812], [-87.345639, 37.911711], [-87.345162, 37.91144], [-87.344638, 37.911174], [-87.344446, 37.911077], [-87.344247, 37.910983], [-87.343624, 37.910692], [-87.342596, 37.910262], [-87.341999, 37.910003], [-87.341863, 37.909944], [-87.341069, 37.909554], [-87.340923, 37.909487], [-87.340602, 37.909339], [-87.34019, 37.909154], [-87.339439, 37.908816], [-87.3394, 37.908797], [-87.339341, 37.90877], [-87.339112, 37.908665], [-87.338393, 37.908336], [-87.337346, 37.907929], [-87.336858, 37.907773], [-87.336704, 37.907724], [-87.336615, 37.907695], [-87.336304, 37.907594], [-87.336092, 37.907559], [-87.335903, 37.907528], [-87.335699, 37.907512], [-87.33557, 37.907502], [-87.335222, 37.907575], [-87.334937, 37.907702], [-87.334802, 37.907791], [-87.334765, 37.907815], [-87.334726, 37.907841], [-87.334614, 37.907914], [-87.334604, 37.90792], [-87.334586, 37.907929], [-87.333861, 37.908309], [-87.333658, 37.908363], [-87.333554, 37.908391], [-87.333322, 37.908396], [-87.333017, 37.908392], [-87.332689, 37.908339], [-87.332564, 37.908313], [-87.332227, 37.908241], [-87.331977, 37.908202], [-87.331632, 37.908148], [-87.330805, 37.90801], [-87.330169, 37.907905], [-87.329785, 37.907833], [-87.329375, 37.907745], [-87.32914, 37.907683], [-87.328999, 37.907646], [-87.328562, 37.907521], [-87.328115, 37.907378], [-87.327712, 37.907312], [-87.327659, 37.907303], [-87.326687, 37.907132], [-87.326347, 37.907072], [-87.326157, 37.907039], [-87.325677, 37.906953], [-87.325481, 37.906911], [-87.324963, 37.906801], [-87.324578, 37.906709], [-87.323828, 37.90653], [-87.32297, 37.906352], [-87.322604, 37.90629], [-87.322364, 37.90625], [-87.321972, 37.906161], [-87.321542, 37.906063], [-87.321034, 37.905963], [-87.320792, 37.905916], [-87.320298, 37.905787], [-87.320176, 37.905755], [-87.319282, 37.905474], [-87.318465, 37.90519], [-87.31846, 37.905188], [-87.318324, 37.905127], [-87.317852, 37.904919], [-87.317209, 37.904596], [-87.316227, 37.904049], [-87.315069, 37.903462], [-87.314406, 37.903125], [-87.313452, 37.902642], [-87.313269, 37.902564], [-87.313231, 37.902548], [-87.312341, 37.902113], [-87.312111, 37.901966], [-87.311804, 37.901772], [-87.311169, 37.901435], [-87.310884, 37.90128], [-87.310543, 37.901095], [-87.310033, 37.900834], [-87.3093, 37.900494], [-87.308662, 37.900243], [-87.30855, 37.900198], [-87.308484, 37.900166], [-87.307396, 37.899634], [-87.306561, 37.899221], [-87.306217, 37.899073], [-87.305739, 37.898867], [-87.304848, 37.898491], [-87.304593, 37.898396], [-87.303925, 37.898147], [-87.303153, 37.897867], [-87.302601, 37.897668], [-87.302545, 37.89765], [-87.301594, 37.897276], [-87.30119, 37.897117], [-87.3001, 37.896768], [-87.299715, 37.896599], [-87.29947, 37.896491], [-87.29939, 37.896456], [-87.299327, 37.896428], [-87.298976, 37.896266], [-87.298349, 37.895957], [-87.297705, 37.895622], [-87.297625, 37.89558], [-87.29745, 37.895466], [-87.297228, 37.895322], [-87.296783, 37.895035], [-87.296702, 37.894983], [-87.296278, 37.894707], [-87.295664, 37.894342], [-87.295594, 37.894301], [-87.294616, 37.893734], [-87.294056, 37.893444], [-87.293397, 37.893106], [-87.292103, 37.892462], [-87.291476, 37.892126], [-87.291004, 37.891872], [-87.29008, 37.891372], [-87.289212, 37.890942], [-87.288841, 37.89069], [-87.288751, 37.890632], [-87.288528, 37.890486], [-87.288072, 37.890266], [-87.28767, 37.890085], [-87.28757, 37.890016], [-87.287321, 37.889844], [-87.286918, 37.889571], [-87.28686, 37.889532], [-87.286212, 37.889063], [-87.285666, 37.888724], [-87.284964, 37.888255], [-87.284486, 37.887972], [-87.284013, 37.887706], [-87.283959, 37.887676], [-87.283843, 37.887617], [-87.283476, 37.887429], [-87.283108, 37.88725], [-87.282695, 37.887052], [-87.282311, 37.886869], [-87.281913, 37.886651], [-87.281131, 37.886164], [-87.280791, 37.885968], [-87.280733, 37.885935], [-87.280649, 37.885877], [-87.280385, 37.885697], [-87.279004, 37.884709], [-87.277936, 37.883889], [-87.277492, 37.883536], [-87.276905, 37.883071], [-87.275846, 37.882323], [-87.275536, 37.882103], [-87.275249, 37.88184], [-87.275159, 37.881757], [-87.275082, 37.881693], [-87.274698, 37.881373], [-87.274409, 37.881119], [-87.274004, 37.880764], [-87.273749, 37.880561], [-87.273621, 37.880458], [-87.273365, 37.880263], [-87.273141, 37.880092], [-87.272646, 37.879764], [-87.272279, 37.879538], [-87.271958, 37.879396], [-87.271756, 37.879315], [-87.271139, 37.879065], [-87.270449, 37.878774], [-87.270401, 37.878753], [-87.270323, 37.878719], [-87.269966, 37.878563], [-87.269792, 37.878473], [-87.26959, 37.87837], [-87.269501, 37.878319], [-87.26917, 37.878132], [-87.268929, 37.878006], [-87.26866, 37.877858], [-87.26858, 37.877813], [-87.268151, 37.877562], [-87.267865, 37.877328], [-87.267836, 37.877302], [-87.267436, 37.876939], [-87.266484, 37.87607], [-87.265758, 37.875428], [-87.265347, 37.875065], [-87.264913, 37.874732], [-87.264507, 37.874443], [-87.264494, 37.874434], [-87.264483, 37.874425], [-87.263956, 37.874023], [-87.263503, 37.873671], [-87.263455, 37.873634], [-87.262874, 37.873205], [-87.262418, 37.872845], [-87.26185, 37.872409], [-87.261597, 37.872227], [-87.261519, 37.872171], [-87.26142, 37.872097], [-87.260956, 37.871749], [-87.260303, 37.871261], [-87.259822, 37.870894], [-87.259668, 37.870776], [-87.259595, 37.870719], [-87.259186, 37.870403], [-87.258837, 37.870112], [-87.258638, 37.869947], [-87.258512, 37.869859], [-87.258078, 37.869558], [-87.257146, 37.868902], [-87.256762, 37.86866], [-87.256432, 37.868415], [-87.256221, 37.868295], [-87.255957, 37.868146], [-87.255755, 37.868019], [-87.255342, 37.867759], [-87.254797, 37.867456], [-87.254529, 37.867292], [-87.254407, 37.867218], [-87.254401, 37.867214], [-87.254364, 37.867192], [-87.254296, 37.86715], [-87.254265, 37.867131], [-87.254065, 37.867004], [-87.253858, 37.866873], [-87.253737, 37.866817], [-87.253441, 37.866682], [-87.253046, 37.866521], [-87.252796, 37.866429], [-87.252528, 37.86633], [-87.252167, 37.866191], [-87.251983, 37.86612], [-87.251501, 37.865929], [-87.251093, 37.865747], [-87.250693, 37.865584], [-87.250548, 37.865526], [-87.250226, 37.865398], [-87.25001, 37.865308], [-87.249555, 37.865079], [-87.249392, 37.864992], [-87.249121, 37.864846], [-87.248754, 37.864608], [-87.248241, 37.864275], [-87.247836, 37.864118], [-87.247374, 37.863885], [-87.246782, 37.863578], [-87.246328, 37.863334], [-87.246172, 37.86325], [-87.245719, 37.862974], [-87.245146, 37.862659], [-87.244684, 37.862383], [-87.244611, 37.862348], [-87.244038, 37.862071], [-87.243659, 37.861903], [-87.243077, 37.861648], [-87.242541, 37.861408], [-87.241894, 37.861116], [-87.24139, 37.86085], [-87.241026, 37.860658], [-87.240537, 37.860433], [-87.240111, 37.860236], [-87.239852, 37.860114], [-87.239067, 37.85974], [-87.238462, 37.859419], [-87.238106, 37.859231], [-87.237749, 37.859038], [-87.237459, 37.858881], [-87.237047, 37.858645], [-87.236855, 37.858536], [-87.236797, 37.858503], [-87.236273, 37.858117], [-87.23596, 37.857953], [-87.235713, 37.857823], [-87.23515, 37.857537], [-87.235084, 37.857504], [-87.234622, 37.857271], [-87.234072, 37.856966], [-87.234031, 37.856943], [-87.233627, 37.856707], [-87.23343, 37.856593], [-87.232801, 37.856191], [-87.232116, 37.855737], [-87.231615, 37.855413], [-87.231114, 37.855126], [-87.230834, 37.854949], [-87.230537, 37.854762], [-87.230214, 37.85457], [-87.229937, 37.854405], [-87.229763, 37.854305], [-87.229308, 37.854041], [-87.22868, 37.853639], [-87.228401, 37.853477], [-87.228116, 37.853311], [-87.22758, 37.853006], [-87.22724, 37.852803], [-87.227195, 37.852776], [-87.227082, 37.852709], [-87.226564, 37.852438], [-87.226341, 37.852332], [-87.226102, 37.852218], [-87.225598, 37.852002], [-87.225594, 37.852], [-87.225589, 37.851997], [-87.225368, 37.851878], [-87.225083, 37.851724], [-87.224941, 37.851659], [-87.22479, 37.851591], [-87.224647, 37.851508], [-87.224467, 37.851403], [-87.22419, 37.851221], [-87.223885, 37.85103], [-87.223561, 37.850825], [-87.223054, 37.850601], [-87.222573, 37.850397], [-87.222139, 37.850127], [-87.221585, 37.849822], [-87.220984, 37.849472], [-87.220967, 37.84946], [-87.220577, 37.849186], [-87.220134, 37.848982], [-87.219506, 37.848765], [-87.218823, 37.848568], [-87.218241, 37.848395], [-87.216811, 37.847972], [-87.214747, 37.84741], [-87.214411, 37.847318], [-87.213433, 37.847014], [-87.213346, 37.846994], [-87.213158, 37.84695], [-87.21262, 37.846825], [-87.212362, 37.846765], [-87.211491, 37.84651], [-87.210848, 37.846293], [-87.209944, 37.846046], [-87.208625, 37.845704], [-87.208134, 37.845569], [-87.207942, 37.845516], [-87.207683, 37.845443], [-87.207339, 37.845346], [-87.206952, 37.845227], [-87.206755, 37.845166], [-87.206611, 37.845122], [-87.206594, 37.845117], [-87.206569, 37.845111], [-87.205897, 37.844938], [-87.205429, 37.844817], [-87.204821, 37.844695], [-87.204405, 37.844612], [-87.203594, 37.844471], [-87.20326, 37.844403], [-87.202431, 37.844232], [-87.201472, 37.844087], [-87.200337, 37.843943], [-87.199562, 37.843856], [-87.199146, 37.843799], [-87.198824, 37.843754], [-87.197867, 37.84365], [-87.197412, 37.843581], [-87.196979, 37.843516], [-87.196604, 37.843474], [-87.196084, 37.843416], [-87.195738, 37.843385], [-87.195281, 37.843343], [-87.193897, 37.843192], [-87.193024, 37.843108], [-87.192667, 37.843081], [-87.192205, 37.843046], [-87.191743, 37.843011], [-87.191387, 37.842984], [-87.19066, 37.842949], [-87.190393, 37.842925], [-87.190171, 37.842905], [-87.189728, 37.842818], [-87.189359, 37.842747], [-87.188649, 37.842601], [-87.188236, 37.842514], [-87.188088, 37.842491], [-87.187726, 37.842434], [-87.187145, 37.842376], [-87.186923, 37.842351], [-87.186453, 37.842298], [-87.186094, 37.842257], [-87.185752, 37.842218], [-87.18532, 37.842119], [-87.185189, 37.842088], [-87.185077, 37.842068], [-87.18434, 37.841934], [-87.183455, 37.841825], [-87.183417, 37.841821], [-87.182172, 37.841676], [-87.182157, 37.841675], [-87.182105, 37.84167], [-87.181665, 37.841633], [-87.180835, 37.841561], [-87.179128, 37.841402], [-87.178452, 37.841327], [-87.177901, 37.841266], [-87.177342, 37.841198], [-87.1768, 37.841132], [-87.175918, 37.841057], [-87.175885, 37.841058], [-87.175134, 37.841085], [-87.174461, 37.84119], [-87.174166, 37.841259], [-87.173862, 37.841329], [-87.173797, 37.841344], [-87.173787, 37.841347], [-87.173634, 37.841388], [-87.173134, 37.841521], [-87.172437, 37.841698], [-87.172101, 37.84181], [-87.171908, 37.841874], [-87.171902, 37.841876], [-87.171042, 37.842123], [-87.170636, 37.842198], [-87.170511, 37.842201], [-87.170258, 37.842206], [-87.169908, 37.842178], [-87.169725, 37.842164], [-87.169301, 37.842162], [-87.168699, 37.842113], [-87.168017, 37.841988], [-87.167242, 37.841894], [-87.166821, 37.841827], [-87.166614, 37.841794], [-87.16548, 37.841584], [-87.165106, 37.841456], [-87.164815, 37.841357], [-87.164495, 37.841216], [-87.164187, 37.841081], [-87.1639, 37.84092], [-87.163559, 37.840728], [-87.162923, 37.840366], [-87.162444, 37.840136], [-87.162159, 37.84], [-87.161704, 37.839766], [-87.161261, 37.839496], [-87.161066, 37.839345], [-87.160697, 37.83906], [-87.160031, 37.838525], [-87.159469, 37.83814], [-87.158748, 37.837636], [-87.158404, 37.837456], [-87.158037, 37.837263], [-87.157874, 37.837151], [-87.157548, 37.836928], [-87.157256, 37.836732], [-87.157059, 37.8366], [-87.156801, 37.836407], [-87.156541, 37.836213], [-87.156135, 37.835884], [-87.155889, 37.835632], [-87.155603, 37.83534], [-87.155183, 37.834873], [-87.155127, 37.834811], [-87.154817, 37.83444], [-87.154508, 37.833949], [-87.154166, 37.833438], [-87.153904, 37.833022], [-87.153897, 37.833012], [-87.153882, 37.832983], [-87.153675, 37.832602], [-87.15325, 37.831938], [-87.152825, 37.83147], [-87.152166, 37.830615], [-87.151992, 37.83039], [-87.151558, 37.829921], [-87.151494, 37.829813], [-87.151229, 37.829365], [-87.151118, 37.829205], [-87.151078, 37.829147], [-87.150725, 37.828613], [-87.150254, 37.827927], [-87.150173, 37.827826], [-87.149866, 37.827445], [-87.149549, 37.826952], [-87.149496, 37.826869], [-87.149052, 37.826297], [-87.148599, 37.825685], [-87.148489, 37.825555], [-87.148192, 37.825203], [-87.147721, 37.824602], [-87.147333, 37.824136], [-87.147104, 37.823833], [-87.146963, 37.823645], [-87.14666, 37.823231], [-87.146538, 37.823062], [-87.146473, 37.822963], [-87.14613, 37.822441], [-87.145678, 37.821774], [-87.145499, 37.821502], [-87.145391, 37.821337], [-87.145243, 37.821051], [-87.144891, 37.820378], [-87.144678, 37.819919], [-87.144562, 37.819588], [-87.144511, 37.819443], [-87.144363, 37.819196], [-87.144169, 37.818984], [-87.143855, 37.818712], [-87.14319, 37.818084], [-87.143036, 37.817949], [-87.142673, 37.817632], [-87.142424, 37.817384], [-87.142294, 37.817193], [-87.142146, 37.816929], [-87.142091, 37.81677], [-87.141934, 37.816529], [-87.141591, 37.816076], [-87.141296, 37.81568], [-87.141107, 37.815454], [-87.141065, 37.815403], [-87.141055, 37.815384], [-87.140686, 37.814678], [-87.140297, 37.813971], [-87.140161, 37.813723], [-87.139973, 37.813379], [-87.139751, 37.812965], [-87.139566, 37.81262], [-87.139272, 37.812029], [-87.13914, 37.811764], [-87.139012, 37.811536], [-87.138612, 37.810827], [-87.138316, 37.810224], [-87.138204, 37.810013], [-87.137956, 37.809548], [-87.137595, 37.808825], [-87.13729, 37.808028], [-87.136981, 37.807089], [-87.136822, 37.806682], [-87.136688, 37.806339], [-87.136559, 37.805954], [-87.136419, 37.805535], [-87.136136, 37.804566], [-87.135955, 37.803965], [-87.135928, 37.80384], [-87.135815, 37.803304], [-87.135698, 37.802939], [-87.135612, 37.802669], [-87.135526, 37.802194], [-87.135509, 37.802099], [-87.135489, 37.80139], [-87.135479, 37.800833], [-87.135469, 37.800276], [-87.135581, 37.799781], [-87.135626, 37.799474], [-87.135648, 37.798978], [-87.135639, 37.798913], [-87.135635, 37.798887], [-87.135627, 37.798826], [-87.135602, 37.798645], [-87.135498, 37.798339], [-87.135409, 37.798077], [-87.134984, 37.797325], [-87.134965, 37.797292], [-87.134949, 37.797265], [-87.134643, 37.796737], [-87.134467, 37.796433], [-87.13442, 37.796361], [-87.134291, 37.796161], [-87.134087, 37.795708], [-87.133967, 37.795357], [-87.13397, 37.795211], [-87.133975, 37.794961], [-87.133975, 37.794957], [-87.133975, 37.794949], [-87.133988, 37.794799], [-87.133996, 37.794696], [-87.134009, 37.794543], [-87.134021, 37.794401], [-87.134029, 37.794298], [-87.134125, 37.7938], [-87.134176, 37.793536], [-87.134164, 37.793273], [-87.134156, 37.793097], [-87.134046, 37.792788], [-87.134017, 37.792709], [-87.133942, 37.792565], [-87.133823, 37.792338], [-87.133546, 37.791944], [-87.133486, 37.791805], [-87.133393, 37.79159], [-87.133195, 37.791241], [-87.133128, 37.791138], [-87.13289, 37.790773], [-87.132659, 37.790415], [-87.132341, 37.79007], [-87.132317, 37.790043], [-87.131928, 37.789621], [-87.131873, 37.789562], [-87.131841, 37.789521], [-87.131772, 37.789434], [-87.131488, 37.789077], [-87.131455, 37.789037], [-87.131439, 37.789016], [-87.13143, 37.789005], [-87.131296, 37.788813], [-87.131135, 37.788582], [-87.130997, 37.788391], [-87.130904, 37.78826], [-87.130783, 37.788099], [-87.130705, 37.787995], [-87.130646, 37.787915], [-87.13058, 37.787828], [-87.130285, 37.787427], [-87.130212, 37.787342], [-87.130091, 37.7872], [-87.129805, 37.786952], [-87.129516, 37.786799], [-87.129197, 37.786628], [-87.128856, 37.786367], [-87.128731, 37.78616], [-87.128722, 37.786141], [-87.12866, 37.786009], [-87.128562, 37.7859], [-87.128468, 37.785796], [-87.128324, 37.785709], [-87.12807, 37.785557], [-87.127904, 37.785492], [-87.127859, 37.785481], [-87.127563, 37.785411], [-87.127298, 37.785324], [-87.127129, 37.785148], [-87.126935, 37.785018], [-87.126541, 37.784919], [-87.12652, 37.784914], [-87.126128, 37.784829], [-87.125798, 37.784793], [-87.125646, 37.784781], [-87.125405, 37.784762], [-87.125098, 37.784729], [-87.124993, 37.784718], [-87.124992, 37.784718], [-87.124969, 37.784713], [-87.124663, 37.784647], [-87.124659, 37.784646], [-87.124639, 37.784639], [-87.12429, 37.784509], [-87.123884, 37.784363], [-87.123661, 37.784269], [-87.123515, 37.784208], [-87.123242, 37.784107], [-87.1231, 37.784055], [-87.122733, 37.783943], [-87.122621, 37.783909], [-87.122188, 37.783815], [-87.121727, 37.783757], [-87.121284, 37.783633], [-87.120759, 37.783451], [-87.120252, 37.783312], [-87.119909, 37.783232], [-87.119784, 37.783202], [-87.119505, 37.783137], [-87.119487, 37.783132], [-87.118906, 37.782984], [-87.11858, 37.782918], [-87.11827, 37.782854], [-87.117917, 37.78279], [-87.117827, 37.782774], [-87.11732, 37.782686], [-87.116694, 37.782592], [-87.116133, 37.782534], [-87.116067, 37.782528], [-87.116006, 37.782523], [-87.115459, 37.782483], [-87.114823, 37.782453], [-87.114583, 37.782441], [-87.113901, 37.782426], [-87.113413, 37.782406], [-87.112786, 37.782391], [-87.112786, 37.782391], [-87.11252, 37.7824], [-87.112227, 37.782411], [-87.11192, 37.782421], [-87.111694, 37.782434], [-87.110844, 37.782483], [-87.110841, 37.782479], [-87.110834, 37.78247], [-87.109825, 37.7826], [-87.109782, 37.782606], [-87.108852, 37.782769], [-87.108235, 37.782884], [-87.107435, 37.783022], [-87.107431, 37.783022], [-87.107395, 37.783029], [-87.10653, 37.783188], [-87.106143, 37.783243], [-87.1059, 37.783277], [-87.105812, 37.78329], [-87.105247, 37.783373], [-87.105167, 37.783385], [-87.104395, 37.783548], [-87.104159, 37.783605], [-87.103877, 37.783672], [-87.103863, 37.783676], [-87.103352, 37.78381], [-87.102799, 37.783937], [-87.102072, 37.784046], [-87.101464, 37.784157], [-87.10084, 37.784279], [-87.100597, 37.784326], [-87.099603, 37.784532], [-87.098856, 37.784693], [-87.098773, 37.784711], [-87.098717, 37.784724], [-87.098662, 37.784736], [-87.098083, 37.784863], [-87.097119, 37.78511], [-87.09706, 37.785125], [-87.095918, 37.785434], [-87.094757, 37.785802], [-87.094683, 37.785825], [-87.09425, 37.785983], [-87.093918, 37.786087], [-87.093569, 37.786196], [-87.093181, 37.786328], [-87.093071, 37.786365], [-87.092961, 37.786404], [-87.092787, 37.786464], [-87.092502, 37.786553], [-87.091947, 37.786724], [-87.090943, 37.78709], [-87.090308, 37.787377], [-87.089709, 37.787699], [-87.089074, 37.788065], [-87.088794, 37.788219], [-87.08854, 37.788358], [-87.0883, 37.788504], [-87.087987, 37.788694], [-87.087444, 37.789053], [-87.08691, 37.789382], [-87.086364, 37.789735], [-87.086274, 37.789793], [-87.086221, 37.789827], [-87.08574, 37.790138], [-87.085558, 37.790264], [-87.085252, 37.790474], [-87.084884, 37.790709], [-87.084451, 37.790986], [-87.083935, 37.791338], [-87.083826, 37.791415], [-87.083466, 37.791668], [-87.083105, 37.791895], [-87.083014, 37.791952], [-87.082779, 37.792095], [-87.082517, 37.792254], [-87.082011, 37.792574], [-87.08143, 37.792897], [-87.080887, 37.793184], [-87.080247, 37.793504], [-87.080214, 37.79352], [-87.079625, 37.793842], [-87.079191, 37.794039], [-87.079063, 37.794097], [-87.078547, 37.794384], [-87.078385, 37.794477], [-87.078151, 37.794612], [-87.077764, 37.794853], [-87.07735, 37.795205], [-87.077131, 37.795395], [-87.076936, 37.795563], [-87.076586, 37.795834], [-87.076345, 37.796042], [-87.07618, 37.796184], [-87.07584, 37.796493], [-87.075574, 37.79681], [-87.075149, 37.797282], [-87.07479, 37.797582], [-87.074631, 37.797714], [-87.074413, 37.797897], [-87.074126, 37.798116], [-87.073943, 37.798256], [-87.073261, 37.798709], [-87.07294, 37.79891], [-87.072828, 37.79898], [-87.072128, 37.79942], [-87.07164, 37.799756], [-87.071253, 37.800085], [-87.070827, 37.800502], [-87.070662, 37.800643], [-87.07038, 37.800883], [-87.070135, 37.801087], [-87.070001, 37.801199], [-87.069891, 37.801323], [-87.069679, 37.801564], [-87.069366, 37.801974], [-87.069016, 37.802531], [-87.068806, 37.802835], [-87.068546, 37.80321], [-87.068214, 37.803708], [-87.06815, 37.803802], [-87.067764, 37.804395], [-87.067455, 37.804846], [-87.067387, 37.804945], [-87.067289, 37.805113], [-87.067018, 37.805583], [-87.066669, 37.806122], [-87.066346, 37.806634], [-87.066125, 37.807006], [-87.066107, 37.807037], [-87.065942, 37.807366], [-87.065913, 37.807472], [-87.065896, 37.807535], [-87.065896, 37.808141], [-87.065924, 37.80877], [-87.065934, 37.809405], [-87.06592, 37.809653], [-87.065917, 37.809692], [-87.065914, 37.809751], [-87.065889, 37.810181], [-87.06587, 37.810525], [-87.06586, 37.810688], [-87.065852, 37.810832], [-87.065814, 37.811142], [-87.065779, 37.811424], [-87.065758, 37.811685], [-87.065743, 37.811877], [-87.065697, 37.812105], [-87.065559, 37.812391], [-87.06551, 37.812492], [-87.065229, 37.813079], [-87.06492, 37.81375], [-87.064675, 37.814293], [-87.064572, 37.81454], [-87.064379, 37.814999], [-87.064206, 37.815375], [-87.064013, 37.815806], [-87.063792, 37.816209], [-87.063553, 37.816538], [-87.063267, 37.816845], [-87.062797, 37.817271], [-87.062604, 37.817425], [-87.062327, 37.817643], [-87.06221, 37.817733], [-87.062113, 37.817806], [-87.061848, 37.818008], [-87.061779, 37.818065], [-87.061757, 37.818083], [-87.061686, 37.818141], [-87.061359, 37.818408], [-87.061194, 37.818588], [-87.06104, 37.818843], [-87.060927, 37.819129], [-87.06089, 37.819257], [-87.06079, 37.819598], [-87.060651, 37.820064], [-87.060557, 37.820354], [-87.060477, 37.820598], [-87.060302, 37.821024], [-87.060188, 37.821238], [-87.060072, 37.821455], [-87.059704, 37.822025], [-87.059483, 37.822338], [-87.059317, 37.822575], [-87.059075, 37.822947], [-87.058801, 37.823371], [-87.058694, 37.823591], [-87.058552, 37.823884], [-87.058423, 37.824171], [-87.058369, 37.824292], [-87.058175, 37.824754], [-87.058037, 37.825054], [-87.057789, 37.825543], [-87.057718, 37.825656], [-87.057558, 37.825911], [-87.057227, 37.826591], [-87.056914, 37.827146], [-87.056724, 37.827545], [-87.056537, 37.827937], [-87.056371, 37.828354], [-87.056236, 37.828849], [-87.056205, 37.82896], [-87.056036, 37.829517], [-87.055957, 37.829776], [-87.055697, 37.830616], [-87.0554, 37.831556], [-87.055147, 37.832345], [-87.054964, 37.832951], [-87.054843, 37.833309], [-87.054715, 37.833688], [-87.054535, 37.834328], [-87.054403, 37.834892], [-87.054265, 37.835394], [-87.054175, 37.835863], [-87.054163, 37.835926], [-87.054014, 37.836622], [-87.053884, 37.837213], [-87.053821, 37.837515], [-87.053726, 37.837968], [-87.053668, 37.838218], [-87.053605, 37.838493], [-87.053545, 37.838781], [-87.053494, 37.839033], [-87.053396, 37.839373], [-87.053373, 37.839455], [-87.053224, 37.840023], [-87.052964, 37.840875], [-87.052819, 37.84145], [-87.052722, 37.841835], [-87.052629, 37.842182], [-87.052564, 37.842427], [-87.05234, 37.843212], [-87.052101, 37.843944], [-87.052066, 37.843998], [-87.051892, 37.844433], [-87.051819, 37.844616], [-87.051784, 37.844727], [-87.051642, 37.845179], [-87.051491, 37.845842], [-87.051475, 37.845911], [-87.051441, 37.84606], [-87.051298, 37.846687], [-87.051256, 37.846904], [-87.05114, 37.8475], [-87.051027, 37.848088], [-87.051001, 37.848226], [-87.050787, 37.849107], [-87.050676, 37.849817], [-87.050613, 37.85015], [-87.050564, 37.850407], [-87.05035, 37.851043], [-87.050289, 37.851233], [-87.05021, 37.85148], [-87.049978, 37.852235], [-87.049958, 37.852302], [-87.049838, 37.852708], [-87.049629, 37.853327], [-87.049568, 37.853506], [-87.049474, 37.853761], [-87.049317, 37.854186], [-87.049068, 37.854867], [-87.048946, 37.855197], [-87.048777, 37.855658], [-87.048479, 37.856377], [-87.048209, 37.857042], [-87.04819, 37.857088], [-87.04792, 37.857767], [-87.047755, 37.858218], [-87.047654, 37.858495], [-87.047611, 37.858605], [-87.04751, 37.85886], [-87.047426, 37.859103], [-87.047362, 37.859291], [-87.047284, 37.859455], [-87.047166, 37.859703], [-87.046933, 37.860179], [-87.046654, 37.860666], [-87.046439, 37.861051], [-87.046271, 37.861303], [-87.046104, 37.861554], [-87.045824, 37.862034], [-87.045414, 37.862737], [-87.045144, 37.863291], [-87.044936, 37.863723], [-87.044827, 37.863949], [-87.044757, 37.864142], [-87.044604, 37.864556], [-87.044459, 37.864921], [-87.044315, 37.865281], [-87.044158, 37.865707], [-87.043793, 37.866694], [-87.043458, 37.867832], [-87.043398, 37.868069], [-87.043328, 37.868344], [-87.043248, 37.868759], [-87.043198, 37.869015], [-87.043086, 37.869601], [-87.043055, 37.869865], [-87.043031, 37.870074], [-87.042966, 37.870814], [-87.042929, 37.871154], [-87.042933, 37.871502], [-87.042938, 37.871886], [-87.042967, 37.872402], [-87.042993, 37.872857], [-87.043014, 37.873536], [-87.043019, 37.873663], [-87.043036, 37.874135], [-87.043043, 37.874326], [-87.043042, 37.874554], [-87.043041, 37.87485], [-87.04304, 37.875001], [-87.04304, 37.875079], [-87.043033, 37.875658], [-87.043072, 37.876449], [-87.043062, 37.876775], [-87.043035, 37.877645], [-87.043062, 37.877817], [-87.043073, 37.877882], [-87.043125, 37.878042], [-87.043231, 37.878371], [-87.043341, 37.878726], [-87.043411, 37.878953], [-87.043418, 37.878977], [-87.043511, 37.879533], [-87.043555, 37.879795], [-87.043556, 37.879802], [-87.043563, 37.879842], [-87.043564, 37.879848], [-87.043567, 37.879865], [-87.043793, 37.880885], [-87.043864, 37.88112], [-87.043989, 37.881537], [-87.044017, 37.881683], [-87.044038, 37.881948], [-87.044074, 37.882408], [-87.04415, 37.88299], [-87.044249, 37.883328], [-87.044294, 37.883483], [-87.044349, 37.883719], [-87.044404, 37.88395], [-87.04442, 37.88445], [-87.044439, 37.884716], [-87.044476, 37.8849], [-87.044579, 37.88504], [-87.044939, 37.885367], [-87.044971, 37.885396], [-87.045345, 37.885772], [-87.045541, 37.886031], [-87.045601, 37.886163], [-87.045727, 37.886437], [-87.045795, 37.886594], [-87.045902, 37.886844], [-87.046189, 37.888464], [-87.046214, 37.888604], [-87.046286, 37.888985], [-87.046364, 37.889395], [-87.046365, 37.889415], [-87.046392, 37.89003], [-87.046281, 37.891008], [-87.046076, 37.892354], [-87.045977, 37.892583], [-87.045974, 37.89259], [-87.045797, 37.892924], [-87.045648, 37.893151], [-87.045616, 37.893257], [-87.045582, 37.893368], [-87.045522, 37.893679], [-87.04548, 37.893893], [-87.045266, 37.89435], [-87.044762, 37.895232], [-87.044324, 37.895851], [-87.043755, 37.896525], [-87.043653, 37.896746], [-87.043545, 37.896963], [-87.043429, 37.897197], [-87.043252, 37.897413], [-87.043233, 37.897436], [-87.042386, 37.898482], [-87.042262, 37.898639], [-87.041573, 37.899505], [-87.041365, 37.899753], [-87.040781, 37.900452], [-87.040441, 37.900858], [-87.04037, 37.900943], [-87.040274, 37.901035], [-87.03991, 37.901385], [-87.039544, 37.901723], [-87.039428, 37.901831], [-87.038654, 37.902435], [-87.037936, 37.903035], [-87.037003, 37.903864], [-87.036309, 37.904464], [-87.036309, 37.904504], [-87.036069, 37.904711], [-87.035566, 37.905145], [-87.035034, 37.905631], [-87.034269, 37.906209], [-87.033736, 37.906605], [-87.033644, 37.906673], [-87.033075, 37.907029], [-87.032557, 37.907355], [-87.031884, 37.907777], [-87.03063, 37.908494], [-87.029832, 37.908939], [-87.028437, 37.909716], [-87.027474, 37.910228], [-87.02645, 37.910771], [-87.025768, 37.911135], [-87.024947, 37.911574], [-87.023361, 37.912475], [-87.022248, 37.913097], [-87.022119, 37.913169], [-87.021317, 37.913643], [-87.020346, 37.91413], [-87.019573, 37.914559], [-87.019226, 37.914752], [-87.018355, 37.91526], [-87.017989, 37.915473], [-87.017826, 37.915573], [-87.017341, 37.91587], [-87.017084, 37.916024], [-87.016725, 37.916239], [-87.016109, 37.916595], [-87.015841, 37.916755], [-87.015549, 37.916929], [-87.014933, 37.91729], [-87.014345, 37.917611], [-87.014158, 37.917713], [-87.013668, 37.918003], [-87.013426, 37.918146], [-87.013247, 37.918251], [-87.012721, 37.918561], [-87.012329, 37.9188], [-87.011991, 37.918934], [-87.011806, 37.919007], [-87.011353, 37.919231], [-87.011059, 37.919377], [-87.01035, 37.919773], [-87.009547, 37.920152], [-87.00895, 37.920368], [-87.007736, 37.920819], [-87.006336, 37.92136], [-87.005104, 37.921788], [-87.0042, 37.922122], [-87.00375, 37.922288], [-87.00326, 37.922414], [-87.002686, 37.922536], [-87.002324, 37.922655], [-87.00222, 37.922689], [-87.002066, 37.922755], [-87.001478, 37.923005], [-87.001195, 37.923109], [-87.000866, 37.92323], [-86.999999, 37.923519], [-86.999675, 37.923623], [-86.999456, 37.923694], [-86.998694, 37.923929], [-86.998382, 37.924025], [-86.997501, 37.924298], [-86.996683, 37.924532], [-86.99613, 37.924688], [-86.995882, 37.924758], [-86.994678, 37.925132], [-86.993807, 37.925417], [-86.993508, 37.925515], [-86.992872, 37.92571], [-86.992217, 37.925911], [-86.991055, 37.926246], [-86.990328, 37.926456], [-86.988565, 37.927033], [-86.987286, 37.927476], [-86.986446, 37.927767], [-86.985837, 37.927961], [-86.984831, 37.928281], [-86.983814, 37.928628], [-86.983287, 37.928808], [-86.981996, 37.929227], [-86.981472, 37.929394], [-86.981437, 37.929406], [-86.981082, 37.929538], [-86.980303, 37.929812], [-86.978902, 37.930263], [-86.97747, 37.93073], [-86.977426, 37.930745], [-86.97628, 37.931101], [-86.976259, 37.931106], [-86.975727, 37.931236], [-86.975415, 37.931303], [-86.974136, 37.931537], [-86.973266, 37.931704], [-86.972984, 37.931764], [-86.972736, 37.931816], [-86.972229, 37.931942], [-86.971773, 37.932068], [-86.971474, 37.93215], [-86.970955, 37.932312], [-86.970085, 37.932586], [-86.969684, 37.932706], [-86.969348, 37.932807], [-86.969258, 37.932824], [-86.969203, 37.932834], [-86.969058, 37.932831], [-86.968789, 37.932825], [-86.968519, 37.932847], [-86.968368, 37.932892], [-86.968143, 37.932962], [-86.968005, 37.933005], [-86.967682, 37.933172], [-86.967537, 37.933233], [-86.96729, 37.933338], [-86.9672, 37.933367], [-86.966985, 37.933437], [-86.966789, 37.933478], [-86.966668, 37.933478], [-86.966553, 37.933455], [-86.966535, 37.933392], [-86.966546, 37.93337], [-86.966564, 37.933333], [-86.966585, 37.933319], [-86.966657, 37.93327], [-86.967463, 37.932924], [-86.96752, 37.932895], [-86.967544, 37.932883], [-86.967619, 37.932829], [-86.967648, 37.93277], [-86.967636, 37.932712], [-86.967567, 37.932661], [-86.96755, 37.932649], [-86.967522, 37.932637], [-86.967435, 37.932599], [-86.967317, 37.932575], [-86.967239, 37.932559], [-86.967008, 37.93254], [-86.966507, 37.932504], [-86.966414, 37.9325], [-86.965879, 37.932477], [-86.965291, 37.932423], [-86.96517, 37.932422], [-86.964433, 37.932418], [-86.96392, 37.93244], [-86.963142, 37.932526], [-86.962267, 37.932544], [-86.962097, 37.932547], [-86.961805, 37.932552], [-86.961137, 37.932593], [-86.960036, 37.932678], [-86.959327, 37.93275], [-86.958217, 37.932852], [-86.957858, 37.932885], [-86.957115, 37.932974], [-86.956637, 37.933005], [-86.956381, 37.933021], [-86.956334, 37.933024], [-86.95513, 37.933095], [-86.95376, 37.933167], [-86.953335, 37.933177], [-86.953095, 37.933183], [-86.952658, 37.933193], [-86.952087, 37.933206], [-86.951624, 37.933216], [-86.950517, 37.933233], [-86.94989, 37.933247], [-86.949088, 37.933264], [-86.947034, 37.933295], [-86.946314, 37.933353], [-86.945855, 37.933393], [-86.945806, 37.933398], [-86.945798, 37.933399], [-86.9453, 37.933497], [-86.944844, 37.933528], [-86.943869, 37.933618], [-86.943426, 37.933658], [-86.942925, 37.933694], [-86.942383, 37.933742], [-86.942211, 37.933757], [-86.942067, 37.933775], [-86.941577, 37.933837], [-86.938834, 37.934197], [-86.93824, 37.934294], [-86.937716, 37.934381], [-86.937408, 37.934409], [-86.93722, 37.934426], [-86.936016, 37.934497], [-86.935393, 37.934587], [-86.934494, 37.93471], [-86.93425, 37.934744], [-86.933862, 37.934806], [-86.933696, 37.934833], [-86.933183, 37.934915], [-86.932452, 37.935054], [-86.93191, 37.935076], [-86.931695, 37.935078], [-86.931524, 37.93508], [-86.931158, 37.93508], [-86.930965, 37.93508], [-86.930403, 37.935044], [-86.930111, 37.935025], [-86.929979, 37.935016], [-86.929817, 37.935002], [-86.929717, 37.934994], [-86.929614, 37.934971], [-86.929412, 37.934926], [-86.929203, 37.9349], [-86.929078, 37.934885], [-86.928917, 37.934881], [-86.928565, 37.934871], [-86.928289, 37.93489], [-86.927626, 37.934934], [-86.927107, 37.935008], [-86.926934, 37.935032], [-86.92607, 37.935181], [-86.925435, 37.935288], [-86.92499, 37.935392], [-86.924278, 37.935518], [-86.924237, 37.935525], [-86.922632, 37.935809], [-86.921963, 37.935949], [-86.921168, 37.936097], [-86.920787, 37.936205], [-86.920408, 37.936316], [-86.919975, 37.936443], [-86.919318, 37.936681], [-86.918669, 37.936947], [-86.918351, 37.937105], [-86.918099, 37.93723], [-86.917629, 37.937512], [-86.917626, 37.937514], [-86.916921, 37.937942], [-86.91673, 37.938067], [-86.916311, 37.938342], [-86.916122, 37.938481], [-86.916113, 37.938488], [-86.916102, 37.938496], [-86.915687, 37.938802], [-86.915236, 37.939135], [-86.914872, 37.939391], [-86.914866, 37.939396], [-86.914105, 37.939907], [-86.913975, 37.939994], [-86.913562, 37.940265], [-86.913329, 37.940418], [-86.912355, 37.940994], [-86.911664, 37.941351], [-86.911651, 37.941358], [-86.911571, 37.941393], [-86.910925, 37.941678], [-86.910367, 37.941881], [-86.910221, 37.941934], [-86.909901, 37.942036], [-86.909614, 37.942127], [-86.909273, 37.942235], [-86.90896, 37.942319], [-86.908717, 37.942383], [-86.908553, 37.942438], [-86.908301, 37.942523], [-86.907921, 37.942662], [-86.907575, 37.942847], [-86.907201, 37.943072], [-86.907054, 37.943179], [-86.906906, 37.943288], [-86.906742, 37.943427], [-86.906514, 37.943621], [-86.906122, 37.94395], [-86.906053, 37.943989], [-86.90566, 37.944215], [-86.905407, 37.944373], [-86.9054, 37.944376], [-86.905382, 37.944383], [-86.905252, 37.94444], [-86.905158, 37.944481], [-86.90491, 37.944611], [-86.904297, 37.945007], [-86.903953, 37.945295], [-86.903693, 37.945529], [-86.903564, 37.945625], [-86.903486, 37.945682], [-86.903203, 37.945844], [-86.902564, 37.946131], [-86.902471, 37.946173], [-86.902452, 37.946184], [-86.902293, 37.946285], [-86.902044, 37.946443], [-86.901844, 37.946605], [-86.901755, 37.946677], [-86.901597, 37.946831], [-86.901473, 37.946952], [-86.901161, 37.947285], [-86.901141, 37.947309], [-86.901025, 37.947451], [-86.900928, 37.947569], [-86.900803, 37.947722], [-86.900503, 37.948115], [-86.900466, 37.948163], [-86.900439, 37.948195], [-86.900168, 37.948523], [-86.899712, 37.949172], [-86.899597, 37.949345], [-86.899446, 37.949573], [-86.899252, 37.949883], [-86.898857, 37.950347], [-86.89862, 37.950604], [-86.898533, 37.950675], [-86.898338, 37.950834], [-86.897917, 37.951095], [-86.897644, 37.95124], [-86.897501, 37.951315], [-86.897247, 37.951468], [-86.896931, 37.951658], [-86.896918, 37.951666], [-86.896896, 37.95168], [-86.896446, 37.951981], [-86.896157, 37.952215], [-86.895683, 37.952647], [-86.895274, 37.953125], [-86.894755, 37.953674], [-86.894195, 37.954237], [-86.893485, 37.954953], [-86.893279, 37.955154], [-86.893029, 37.955398], [-86.892606, 37.95584], [-86.892469, 37.95597], [-86.892369, 37.956011], [-86.892348, 37.95602], [-86.892256, 37.955997], [-86.892242, 37.955977], [-86.892221, 37.955947], [-86.892209, 37.955915], [-86.892198, 37.955884], [-86.892161, 37.955863], [-86.892158, 37.955862], [-86.892077, 37.95588], [-86.892025, 37.95592], [-86.891967, 37.955974], [-86.891564, 37.956352], [-86.890911, 37.956978], [-86.890811, 37.957079], [-86.890641, 37.957248], [-86.890432, 37.957492], [-86.890192, 37.957766], [-86.890169, 37.957793], [-86.89016, 37.957807], [-86.889823, 37.958293], [-86.889725, 37.958437], [-86.889577, 37.958653], [-86.889313, 37.95902], [-86.889104, 37.959311], [-86.889025, 37.959437], [-86.888984, 37.959505], [-86.888902, 37.959636], [-86.888777, 37.959838], [-86.888661, 37.960019], [-86.888416, 37.960401], [-86.888233, 37.960667], [-86.888049, 37.960932], [-86.887661, 37.961473], [-86.887317, 37.961942], [-86.887294, 37.961973], [-86.887293, 37.961974], [-86.887251, 37.962036], [-86.886923, 37.962463], [-86.886749, 37.962664], [-86.886568, 37.962873], [-86.886248, 37.96322], [-86.886062, 37.963422], [-86.885419, 37.964048], [-86.884641, 37.964629], [-86.884623, 37.964642], [-86.884184, 37.964971], [-86.884104, 37.965042], [-86.883855, 37.965263], [-86.883532, 37.96557], [-86.883126, 37.965957], [-86.882908, 37.966168], [-86.882509, 37.966555], [-86.881673, 37.967307], [-86.880654, 37.96823], [-86.88019, 37.968634], [-86.879782, 37.968991], [-86.879297, 37.969337], [-86.878954, 37.969536], [-86.878916, 37.969558], [-86.878703, 37.969655], [-86.878541, 37.969728], [-86.87841, 37.969773], [-86.877931, 37.969935], [-86.877376, 37.970101], [-86.876995, 37.970234], [-86.876897, 37.970268], [-86.876809, 37.970313], [-86.876499, 37.97047], [-86.87629, 37.970614], [-86.876049, 37.97078], [-86.875786, 37.971008], [-86.875639, 37.971136], [-86.875303, 37.971395], [-86.874997, 37.971631], [-86.874271, 37.972117], [-86.873669, 37.972653], [-86.873132, 37.973173], [-86.872954, 37.973346], [-86.872697, 37.973603], [-86.872437, 37.973863], [-86.871722, 37.974494], [-86.87115, 37.974894], [-86.870894, 37.975074], [-86.870726, 37.975182], [-86.870348, 37.975425], [-86.870074, 37.975647], [-86.869953, 37.975744], [-86.869474, 37.976217], [-86.869263, 37.97649], [-86.868946, 37.976901], [-86.86852, 37.977528], [-86.868485, 37.977579], [-86.868318, 37.977825], [-86.868222, 37.977957], [-86.868094, 37.978135], [-86.867888, 37.978396], [-86.867816, 37.978486], [-86.867374, 37.978991], [-86.866938, 37.979363], [-86.866931, 37.979369], [-86.866207, 37.979963], [-86.866041, 37.980113], [-86.86568, 37.98044], [-86.865031, 37.980926], [-86.864287, 37.98156], [-86.863469, 37.982258], [-86.863033, 37.982632], [-86.862819, 37.982816], [-86.861953, 37.983581], [-86.861077, 37.9842], [-86.860571, 37.984557], [-86.859498, 37.985173], [-86.858172, 37.98597], [-86.85701, 37.986635], [-86.856133, 37.987121], [-86.855468, 37.987489], [-86.853883, 37.988285], [-86.85324, 37.988559], [-86.85323, 37.988563], [-86.853212, 37.98857], [-86.853173, 37.988587], [-86.85292, 37.988695], [-86.852595, 37.988833], [-86.851966, 37.989066], [-86.851598, 37.989202], [-86.850818, 37.989417], [-86.849562, 37.989816], [-86.848589, 37.990122], [-86.847668, 37.990418], [-86.846728, 37.990714], [-86.845571, 37.990996], [-86.845098, 37.99111], [-86.84434, 37.991292], [-86.843251, 37.991525], [-86.843042, 37.99157], [-86.842784, 37.991627], [-86.842116, 37.991774], [-86.842095, 37.991778], [-86.842065, 37.991785], [-86.840852, 37.99209], [-86.839451, 37.992466], [-86.838078, 37.992874], [-86.837778, 37.992968], [-86.835963, 37.993534], [-86.834881, 37.993898], [-86.833659, 37.994288], [-86.83329, 37.994426], [-86.832709, 37.994643], [-86.832023, 37.994931], [-86.831843, 37.995006], [-86.831564, 37.995129], [-86.831131, 37.995321], [-86.831096, 37.995338], [-86.831, 37.995387], [-86.830183, 37.995802], [-86.829308, 37.996282], [-86.827972, 37.997038], [-86.826467, 37.997797], [-86.82435, 37.998709], [-86.823946, 37.998834], [-86.823767, 37.99887], [-86.823272, 37.998891], [-86.823137, 37.998896], [-86.823007, 37.998905], [-86.822461, 37.99894], [-86.821939, 37.999106], [-86.82098, 37.999357], [-86.820734, 37.999375], [-86.819908, 37.999437], [-86.818912, 37.999399], [-86.818071, 37.999279], [-86.817954, 37.999262], [-86.816921, 37.99908], [-86.816235, 37.999021], [-86.81591, 37.999001], [-86.815775, 37.998993], [-86.815004, 37.998848], [-86.814764, 37.998777], [-86.814375, 37.998662], [-86.813846, 37.998437], [-86.813618, 37.998341], [-86.813271, 37.998195], [-86.812822, 37.998006], [-86.812006, 37.997631], [-86.811625, 37.997456], [-86.811273, 37.997296], [-86.810315, 37.99688], [-86.809743, 37.996608], [-86.808814, 37.996066], [-86.808026, 37.995596], [-86.807775, 37.995431], [-86.807266, 37.995095], [-86.806375, 37.994489], [-86.805336, 37.993801], [-86.804574, 37.993297], [-86.803636, 37.992718], [-86.803261, 37.992524], [-86.802632, 37.992248], [-86.801862, 37.991904], [-86.800818, 37.99148], [-86.800071, 37.991176], [-86.79998, 37.991139], [-86.799051, 37.990768], [-86.798253, 37.990473], [-86.797643, 37.990248], [-86.796836, 37.98994], [-86.796568, 37.989831], [-86.796244, 37.9897], [-86.795625, 37.989483], [-86.795165, 37.989261], [-86.794959, 37.989139], [-86.794951, 37.989051], [-86.79495, 37.989035], [-86.794976, 37.989014], [-86.795006, 37.98899], [-86.795033, 37.988992], [-86.795128, 37.989], [-86.795172, 37.988985], [-86.795194, 37.988977], [-86.795204, 37.988896], [-86.795129, 37.988815], [-86.794595, 37.988196], [-86.794249, 37.987754], [-86.794181, 37.987637], [-86.794062, 37.987434], [-86.793959, 37.987213], [-86.793938, 37.987092], [-86.79383, 37.98646], [-86.79368, 37.986203], [-86.793567, 37.986001], [-86.793362, 37.985635], [-86.793064, 37.985002], [-86.792881, 37.984615], [-86.792695, 37.98426], [-86.792162, 37.983244], [-86.791843, 37.982618], [-86.791545, 37.982031], [-86.790962, 37.980899], [-86.790811, 37.980605], [-86.790382, 37.979748], [-86.79013, 37.979018], [-86.78975, 37.977764], [-86.789534, 37.977097], [-86.789416, 37.976615], [-86.789381, 37.97647], [-86.789227, 37.976029], [-86.789031, 37.97565], [-86.788802, 37.975251], [-86.788769, 37.975194], [-86.788681, 37.975007], [-86.788288, 37.974184], [-86.788246, 37.974049], [-86.788168, 37.9738], [-86.788019, 37.973192], [-86.787806, 37.972232], [-86.787756, 37.97202], [-86.78762, 37.971443], [-86.787591, 37.971307], [-86.787526, 37.970998], [-86.787462, 37.970694], [-86.787456, 37.970431], [-86.787454, 37.970334], [-86.787434, 37.97015], [-86.787408, 37.96991], [-86.787381, 37.969486], [-86.787317, 37.969144], [-86.787204, 37.968945], [-86.787111, 37.968765], [-86.786746, 37.968318], [-86.78625, 37.967641], [-86.785876, 37.967172], [-86.785715, 37.96698], [-86.785183, 37.966346], [-86.784856, 37.965863], [-86.784768, 37.965724], [-86.784379, 37.96511], [-86.783613, 37.963931], [-86.783364, 37.963549], [-86.78325, 37.96336], [-86.783065, 37.963057], [-86.782869, 37.962808], [-86.782812, 37.962736], [-86.782737, 37.962672], [-86.782353, 37.962348], [-86.781822, 37.961947], [-86.781772, 37.96191], [-86.781736, 37.961883], [-86.781088, 37.961408], [-86.780725, 37.961034], [-86.780598, 37.960903], [-86.780241, 37.96046], [-86.780053, 37.960155], [-86.780035, 37.960126], [-86.780027, 37.960111], [-86.779559, 37.959247], [-86.779326, 37.958697], [-86.779151, 37.958306], [-86.779004, 37.957975], [-86.778593, 37.957312], [-86.778526, 37.957148], [-86.778378, 37.956784], [-86.778304, 37.956396], [-86.778299, 37.956267], [-86.778296, 37.956176], [-86.778317, 37.956105], [-86.778343, 37.956018], [-86.778353, 37.956007], [-86.778494, 37.955856], [-86.778654, 37.95582], [-86.778746, 37.95585], [-86.778794, 37.955865], [-86.778916, 37.955951], [-86.779159, 37.956312], [-86.779365, 37.956718], [-86.779505, 37.956809], [-86.779592, 37.956802], [-86.779674, 37.956795], [-86.779681, 37.956791], [-86.779685, 37.956789], [-86.77972, 37.956766], [-86.779778, 37.956728], [-86.779846, 37.956636], [-86.779879, 37.956593], [-86.779882, 37.956589], [-86.779904, 37.956476], [-86.779929, 37.95635], [-86.779949, 37.956075], [-86.779955, 37.955866], [-86.779959, 37.955732], [-86.779899, 37.955381], [-86.779883, 37.955346], [-86.779694, 37.954952], [-86.779605, 37.954786], [-86.779358, 37.954325], [-86.779141, 37.953978], [-86.778994, 37.953743], [-86.778255, 37.952449], [-86.777791, 37.95165], [-86.77732, 37.950924], [-86.776987, 37.950582], [-86.776572, 37.950156], [-86.776327, 37.949959], [-86.775919, 37.949629], [-86.775844, 37.949569], [-86.775794, 37.949528], [-86.775477, 37.949297], [-86.775388, 37.949232], [-86.775243, 37.949126], [-86.775007, 37.948954], [-86.774687, 37.948684], [-86.774323, 37.948376], [-86.773962, 37.947917], [-86.773865, 37.947794], [-86.77351, 37.947316], [-86.773431, 37.947168], [-86.77322, 37.946774], [-86.773078, 37.946379], [-86.773062, 37.946332], [-86.773029, 37.946248], [-86.772689, 37.945376], [-86.772481, 37.944991], [-86.772389, 37.944821], [-86.772363, 37.944765], [-86.772345, 37.944727], [-86.772156, 37.944337], [-86.771919, 37.943847], [-86.770958, 37.942263], [-86.77084, 37.941977], [-86.770463, 37.941055], [-86.770416, 37.940918], [-86.770371, 37.940783], [-86.770362, 37.940757], [-86.770361, 37.940753], [-86.770136, 37.940378], [-86.770122, 37.940365], [-86.770024, 37.94027], [-86.769743, 37.939999], [-86.769233, 37.939525], [-86.768943, 37.939186], [-86.768734, 37.938854], [-86.768663, 37.938739], [-86.76852, 37.938485], [-86.76827, 37.93804], [-86.768029, 37.937652], [-86.767579, 37.93693], [-86.766898, 37.935763], [-86.766421, 37.934945], [-86.765747, 37.933851], [-86.765146, 37.932874], [-86.764249, 37.931556], [-86.763296, 37.930239], [-86.763089, 37.929939], [-86.762408, 37.928948], [-86.761567, 37.927752], [-86.761174, 37.927228], [-86.761052, 37.927066], [-86.760735, 37.92661], [-86.7602, 37.925829], [-86.759973, 37.925604], [-86.759253, 37.92466], [-86.758599, 37.923768], [-86.758347, 37.923424], [-86.758029, 37.923051], [-86.757977, 37.92299], [-86.757166, 37.92224], [-86.756751, 37.921857], [-86.75633, 37.921315], [-86.756301, 37.921256], [-86.756163, 37.920972], [-86.756056, 37.920766], [-86.755967, 37.920593], [-86.755639, 37.920182], [-86.755369, 37.919826], [-86.755128, 37.919465], [-86.755116, 37.919447], [-86.75479, 37.918874], [-86.754445, 37.918143], [-86.753973, 37.917385], [-86.75376, 37.917065], [-86.75367, 37.916929], [-86.753541, 37.916708], [-86.753455, 37.916559], [-86.753234, 37.916231], [-86.752781, 37.915557], [-86.752658, 37.915414], [-86.752362, 37.91507], [-86.751848, 37.914406], [-86.751831, 37.914384], [-86.75139, 37.91381], [-86.750876, 37.913111], [-86.750632, 37.912814], [-86.750484, 37.912632], [-86.75024, 37.912303], [-86.750018, 37.91202], [-86.749981, 37.911973], [-86.749519, 37.911422], [-86.749254, 37.911138], [-86.749179, 37.911057], [-86.749134, 37.911009], [-86.748572, 37.910402], [-86.74809, 37.909906], [-86.747878, 37.909688], [-86.747562, 37.909371], [-86.747132, 37.908939], [-86.746876, 37.908698], [-86.746425, 37.908275], [-86.746297, 37.908077], [-86.746232, 37.907977], [-86.746168, 37.90777], [-86.746143, 37.907688], [-86.746015, 37.907526], [-86.745865, 37.907427], [-86.745783, 37.907372], [-86.745753, 37.907361], [-86.745486, 37.907259], [-86.745382, 37.907188], [-86.745306, 37.907137], [-86.744895, 37.906694], [-86.744535, 37.906234], [-86.744237, 37.905815], [-86.744214, 37.905782], [-86.743911, 37.905461], [-86.743365, 37.904884], [-86.742697, 37.90422], [-86.742105, 37.903628], [-86.742008, 37.90353], [-86.741488, 37.903005], [-86.740884, 37.902409], [-86.740516, 37.902071], [-86.740254, 37.90183], [-86.739818, 37.901426], [-86.739579, 37.901203], [-86.739476, 37.901109], [-86.739071, 37.900737], [-86.738744, 37.900434], [-86.738473, 37.900182], [-86.738138, 37.899873], [-86.737934, 37.899685], [-86.737259, 37.89905], [-86.737118, 37.898917], [-86.736741, 37.898559], [-86.736576, 37.898402], [-86.73638, 37.898231], [-86.736016, 37.897914], [-86.735668, 37.897602], [-86.735489, 37.897412], [-86.735402, 37.897313], [-86.735117, 37.896985], [-86.735104, 37.89697], [-86.734776, 37.896622], [-86.734524, 37.896358], [-86.734423, 37.896252], [-86.734166, 37.895999], [-86.734002, 37.895858], [-86.733844, 37.895721], [-86.733523, 37.895466], [-86.733104, 37.895147], [-86.732738, 37.894889], [-86.732171, 37.894577], [-86.731617, 37.894378], [-86.731031, 37.894187], [-86.730258, 37.894019], [-86.730174, 37.894], [-86.729161, 37.893813], [-86.728874, 37.893774], [-86.728594, 37.893735], [-86.727424, 37.8936], [-86.727408, 37.893599], [-86.726689, 37.893553], [-86.725928, 37.893479], [-86.725445, 37.893417], [-86.724909, 37.893292], [-86.724265, 37.893076], [-86.723986, 37.892988], [-86.723595, 37.892865], [-86.723576, 37.892861], [-86.723066, 37.892751], [-86.722286, 37.892689], [-86.722136, 37.892685], [-86.72206, 37.892683], [-86.72204, 37.892683], [-86.721364, 37.892666], [-86.720622, 37.892696], [-86.719712, 37.892836], [-86.719156, 37.892961], [-86.71886, 37.893027], [-86.718514, 37.893126], [-86.71815, 37.893231], [-86.71744, 37.893479], [-86.717243, 37.893565], [-86.716948, 37.893694], [-86.716557, 37.893873], [-86.71626, 37.894008], [-86.715975, 37.894162], [-86.715569, 37.89438], [-86.7153, 37.894557], [-86.715225, 37.894607], [-86.715006, 37.894751], [-86.714572, 37.895092], [-86.714153, 37.895325], [-86.714133, 37.895337], [-86.714085, 37.895362], [-86.713422, 37.895718], [-86.712751, 37.896093], [-86.712229, 37.896398], [-86.712083, 37.896473], [-86.711931, 37.896551], [-86.711358, 37.89681], [-86.711159, 37.8969], [-86.710262, 37.897164], [-86.710054, 37.897247], [-86.70959, 37.897433], [-86.709232, 37.89761], [-86.708976, 37.897737], [-86.708187, 37.898177], [-86.707883, 37.89836], [-86.707431, 37.89863], [-86.707046, 37.898883], [-86.706589, 37.899183], [-86.705913, 37.899661], [-86.705897, 37.899672], [-86.705874, 37.899689], [-86.705412, 37.900022], [-86.704849, 37.900404], [-86.704484, 37.900673], [-86.704319, 37.900795], [-86.703873, 37.901082], [-86.703685, 37.901203], [-86.703058, 37.901607], [-86.702236, 37.902105], [-86.702186, 37.902139], [-86.701602, 37.902527], [-86.701225, 37.902808], [-86.700767, 37.903147], [-86.700272, 37.903557], [-86.700185, 37.903628], [-86.699577, 37.904145], [-86.698917, 37.904634], [-86.698231, 37.905133], [-86.697663, 37.90551], [-86.697083, 37.905851], [-86.69641, 37.906237], [-86.696375, 37.906255], [-86.695699, 37.906604], [-86.695007, 37.906968], [-86.694885, 37.907033], [-86.694179, 37.907407], [-86.693479, 37.907785], [-86.693132, 37.907972], [-86.692769, 37.908148], [-86.692272, 37.908389], [-86.691496, 37.908783], [-86.691141, 37.90896], [-86.690882, 37.909088], [-86.690794, 37.909135], [-86.690294, 37.909398], [-86.689557, 37.909792], [-86.688974, 37.910169], [-86.68892, 37.910211], [-86.688478, 37.910551], [-86.687979, 37.910989], [-86.687874, 37.911081], [-86.687826, 37.911132], [-86.687271, 37.91172], [-86.686855, 37.912192], [-86.686736, 37.912327], [-86.686351, 37.912754], [-86.68625, 37.912866], [-86.685913, 37.913172], [-86.685474, 37.913382], [-86.684711, 37.913655], [-86.684374, 37.91379], [-86.684026, 37.913928], [-86.683216, 37.914307], [-86.683212, 37.914309], [-86.682436, 37.914613], [-86.681557, 37.914859], [-86.681206, 37.914943], [-86.681002, 37.914993], [-86.680382, 37.915099], [-86.679827, 37.91512], [-86.679317, 37.915127], [-86.679249, 37.915127], [-86.679112, 37.915119], [-86.678694, 37.915094], [-86.678059, 37.91506], [-86.677901, 37.915052], [-86.676862, 37.915026], [-86.676512, 37.915048], [-86.675545, 37.915063], [-86.675418, 37.915062], [-86.674501, 37.915051], [-86.674118, 37.915032], [-86.673849, 37.915018], [-86.673535, 37.914969], [-86.673111, 37.914903], [-86.6723, 37.914756], [-86.671722, 37.914652], [-86.671013, 37.914505], [-86.67002, 37.9143], [-86.668866, 37.914062], [-86.668349, 37.913986], [-86.667905, 37.91392], [-86.666914, 37.913846], [-86.66628, 37.913798], [-86.666063, 37.91375], [-86.665745, 37.913679], [-86.665164, 37.91353], [-86.664521, 37.913365], [-86.664134, 37.91331], [-86.664063, 37.913301], [-86.663967, 37.913294], [-86.663314, 37.913253], [-86.66283, 37.913229], [-86.662341, 37.913138], [-86.662145, 37.913118], [-86.66189, 37.913091], [-86.661437, 37.913096], [-86.661147, 37.913098], [-86.660813, 37.913082], [-86.660657, 37.913074], [-86.660512, 37.913048], [-86.660277, 37.913006], [-86.66002, 37.912923], [-86.659684, 37.912815], [-86.659434, 37.91274], [-86.659124, 37.912646], [-86.658511, 37.912545], [-86.658395, 37.912525], [-86.657583, 37.912381], [-86.657449, 37.912355], [-86.656874, 37.912243], [-86.656334, 37.912126], [-86.656158, 37.912088], [-86.655959, 37.912042], [-86.655165, 37.91186], [-86.654568, 37.91172], [-86.654251, 37.911645], [-86.654026, 37.911588], [-86.653445, 37.91144], [-86.652949, 37.911298], [-86.652826, 37.911263], [-86.652581, 37.911214], [-86.652317, 37.911162], [-86.651842, 37.9111], [-86.651711, 37.911083], [-86.651226, 37.910987], [-86.65095, 37.910923], [-86.650576, 37.910837], [-86.6499, 37.910596], [-86.649641, 37.910469], [-86.649366, 37.910333], [-86.648717, 37.909921], [-86.648285, 37.909614], [-86.64806, 37.909455], [-86.647482, 37.90902], [-86.646949, 37.908537], [-86.646711, 37.908276], [-86.646474, 37.908017], [-86.646281, 37.907792], [-86.646198, 37.907696], [-86.646165, 37.907648], [-86.645909, 37.907272], [-86.645699, 37.906865], [-86.645597, 37.906586], [-86.645592, 37.906556], [-86.645534, 37.906198], [-86.645483, 37.905986], [-86.64535, 37.905697], [-86.64513, 37.905066], [-86.644836, 37.904456], [-86.644749, 37.904258], [-86.644587, 37.903888], [-86.644413, 37.903381], [-86.644339, 37.903166], [-86.644292, 37.903043], [-86.64416, 37.902692], [-86.644111, 37.902444], [-86.644085, 37.902314], [-86.644061, 37.901975], [-86.644043, 37.901673], [-86.644025, 37.901367], [-86.644011, 37.900819], [-86.644005, 37.90061], [-86.644006, 37.900367], [-86.644011, 37.8997], [-86.644046, 37.89901], [-86.644057, 37.898885], [-86.644101, 37.898393], [-86.644178, 37.897726], [-86.644213, 37.897195], [-86.644269, 37.896836], [-86.64429, 37.896704], [-86.644377, 37.896312], [-86.644571, 37.895616], [-86.644871, 37.89484], [-86.645152, 37.89416], [-86.645272, 37.893855], [-86.645403, 37.893521], [-86.645609, 37.892965], [-86.645889, 37.892348], [-86.6463, 37.891401], [-86.646443, 37.891185], [-86.6467, 37.890855], [-86.646811, 37.890703], [-86.646823, 37.890688], [-86.646831, 37.89067], [-86.646918, 37.89047], [-86.647029, 37.889959], [-86.647207, 37.889333], [-86.647383, 37.888869], [-86.647662, 37.888426], [-86.647884, 37.888073], [-86.64816, 37.887544], [-86.648424, 37.886741], [-86.648811, 37.885922], [-86.649276, 37.885094], [-86.649479, 37.884733], [-86.649549, 37.884608], [-86.649656, 37.884433], [-86.650047, 37.883796], [-86.650483, 37.883038], [-86.650837, 37.882424], [-86.650987, 37.882173], [-86.651238, 37.881756], [-86.651389, 37.881483], [-86.651451, 37.881371], [-86.651841, 37.880739], [-86.652192, 37.880181], [-86.652541, 37.879635], [-86.652626, 37.879502], [-86.652707, 37.87938], [-86.652986, 37.878965], [-86.653306, 37.878467], [-86.65335, 37.878398], [-86.653364, 37.878372], [-86.653665, 37.87782], [-86.653786, 37.877582], [-86.653922, 37.877314], [-86.654034, 37.877116], [-86.654153, 37.876907], [-86.654254, 37.87673], [-86.654384, 37.876504], [-86.654582, 37.876106], [-86.654827, 37.87564], [-86.654961, 37.875365], [-86.655088, 37.875104], [-86.655364, 37.87456], [-86.655409, 37.874471], [-86.655718, 37.873853], [-86.656128, 37.873075], [-86.656553, 37.872344], [-86.656836, 37.871854], [-86.657175, 37.871289], [-86.657543, 37.870677], [-86.657639, 37.870579], [-86.657867, 37.870345], [-86.658042, 37.870119], [-86.658064, 37.870091], [-86.658126, 37.87002], [-86.658163, 37.869978], [-86.658187, 37.869873], [-86.658206, 37.869789], [-86.658239, 37.869656], [-86.658263, 37.869557], [-86.658356, 37.869179], [-86.658541, 37.868679], [-86.65865, 37.868411], [-86.658726, 37.868222], [-86.658938, 37.867745], [-86.659056, 37.867527], [-86.659179, 37.8673], [-86.659362, 37.866895], [-86.659504, 37.866573], [-86.65977, 37.86606], [-86.660016, 37.865545], [-86.660204, 37.865157], [-86.660262, 37.865038], [-86.660321, 37.864904], [-86.660498, 37.8645], [-86.660639, 37.864185], [-86.660774, 37.863882], [-86.660901, 37.863555], [-86.660958, 37.863407], [-86.661089, 37.863006], [-86.661157, 37.862825], [-86.661187, 37.862747], [-86.661229, 37.862621], [-86.661298, 37.862412], [-86.661381, 37.862112], [-86.661423, 37.861961], [-86.661474, 37.861729], [-86.661527, 37.861489], [-86.661616, 37.86106], [-86.661763, 37.860351], [-86.661829, 37.859862], [-86.661832, 37.85984], [-86.661837, 37.859811], [-86.661951, 37.859043], [-86.662037, 37.858511], [-86.662206, 37.857942], [-86.662233, 37.857852], [-86.662326, 37.857451], [-86.662388, 37.857235], [-86.662429, 37.857032], [-86.662421, 37.856638], [-86.662413, 37.856279], [-86.662403, 37.855797], [-86.662389, 37.855083], [-86.662339, 37.854555], [-86.662339, 37.85455], [-86.662279, 37.853906], [-86.662229, 37.853492], [-86.66221, 37.853334], [-86.662165, 37.852736], [-86.662132, 37.852432], [-86.662096, 37.852099], [-86.662067, 37.851927], [-86.662023, 37.851666], [-86.661933, 37.851212], [-86.661893, 37.851014], [-86.661765, 37.850378], [-86.661629, 37.849961], [-86.661611, 37.849908], [-86.661604, 37.849887], [-86.66147, 37.849406], [-86.661325, 37.848913], [-86.661325, 37.848913], [-86.661325, 37.848912], [-86.661134, 37.848436], [-86.661129, 37.848424], [-86.660956, 37.848042], [-86.660838, 37.847815], [-86.660747, 37.84764], [-86.660405, 37.847132], [-86.660002, 37.846495], [-86.659185, 37.845432], [-86.658716, 37.844842], [-86.65858, 37.844672], [-86.658576, 37.844666], [-86.658564, 37.844653], [-86.658196, 37.844237], [-86.658074, 37.844139], [-86.657916, 37.844012], [-86.657721, 37.843857], [-86.65719, 37.843516], [-86.657105, 37.843461], [-86.656909, 37.843345], [-86.656507, 37.843105], [-86.655859, 37.842815], [-86.655232, 37.842538], [-86.65496, 37.84245], [-86.654705, 37.842368], [-86.654121, 37.842199], [-86.653829, 37.842133], [-86.65351, 37.84206], [-86.653333, 37.84202], [-86.652932, 37.84193], [-86.652345, 37.84171], [-86.652071, 37.841652], [-86.651848, 37.841605], [-86.650905, 37.841552], [-86.650558, 37.841533], [-86.649992, 37.841502], [-86.649051, 37.841461], [-86.648998, 37.841459], [-86.648985, 37.841459], [-86.648232, 37.84147], [-86.647883, 37.841522], [-86.647578, 37.841567], [-86.646968, 37.841694], [-86.646522, 37.841742], [-86.646073, 37.841757], [-86.645639, 37.841771], [-86.644579, 37.841855], [-86.644313, 37.841876], [-86.644005, 37.841899], [-86.643889, 37.841911], [-86.643752, 37.841925], [-86.643453, 37.841974], [-86.643021, 37.842045], [-86.642986, 37.842053], [-86.642941, 37.842063], [-86.642402, 37.842187], [-86.641513, 37.842272], [-86.640457, 37.842415], [-86.63955, 37.842544], [-86.639523, 37.842548], [-86.638711, 37.842651], [-86.638041, 37.842777], [-86.637886, 37.842817], [-86.637391, 37.842944], [-86.637107, 37.843029], [-86.636838, 37.843109], [-86.636502, 37.843195], [-86.636081, 37.843303], [-86.635547, 37.843454], [-86.635468, 37.843476], [-86.63541, 37.843493], [-86.635185, 37.843563], [-86.634699, 37.843716], [-86.633998, 37.843932], [-86.633657, 37.844024], [-86.633175, 37.844155], [-86.632311, 37.844481], [-86.631548, 37.844801], [-86.631301, 37.844906], [-86.630849, 37.845098], [-86.630846, 37.845099], [-86.630817, 37.845112], [-86.630512, 37.845248], [-86.630227, 37.845376], [-86.629394, 37.845734], [-86.628618, 37.846096], [-86.628526, 37.846139], [-86.628445, 37.846175], [-86.628041, 37.846358], [-86.627308, 37.846675], [-86.627228, 37.846709], [-86.627049, 37.846789], [-86.626709, 37.846942], [-86.626148, 37.847193], [-86.625672, 37.847412], [-86.625481, 37.847513], [-86.625288, 37.847616], [-86.624989, 37.847818], [-86.624598, 37.848069], [-86.624271, 37.848269], [-86.624181, 37.848324], [-86.623743, 37.848557], [-86.623599, 37.848621], [-86.623344, 37.848734], [-86.622151, 37.849303], [-86.621186, 37.849806], [-86.620692, 37.850065], [-86.619985, 37.850436], [-86.61935, 37.850745], [-86.618866, 37.85098], [-86.617544, 37.851674], [-86.617272, 37.85181], [-86.616588, 37.852153], [-86.615933, 37.852491], [-86.615603, 37.852661], [-86.61512, 37.852894], [-86.614862, 37.853031], [-86.614367, 37.853295], [-86.613887, 37.853509], [-86.613505, 37.85368], [-86.612967, 37.853859], [-86.612254, 37.854097], [-86.611581, 37.854366], [-86.611214, 37.854513], [-86.610381, 37.854873], [-86.609582, 37.855221], [-86.609556, 37.855233], [-86.60888, 37.855593], [-86.608528, 37.855781], [-86.607692, 37.856285], [-86.607066, 37.856692], [-86.606857, 37.856828], [-86.606284, 37.857186], [-86.606185, 37.857248], [-86.60604, 37.857339], [-86.605953, 37.85739], [-86.605575, 37.857614], [-86.605563, 37.857621], [-86.605539, 37.857636], [-86.604994, 37.857969], [-86.604858, 37.858093], [-86.604626, 37.858308], [-86.604377, 37.858597], [-86.604348, 37.858676], [-86.604311, 37.858773], [-86.60422, 37.858887], [-86.604012, 37.859146], [-86.603703, 37.859579], [-86.603469, 37.859906], [-86.603469, 37.859906], [-86.603354, 37.860101], [-86.603127, 37.860486], [-86.602806, 37.860953], [-86.602749, 37.861037], [-86.602638, 37.861184], [-86.602224, 37.861731], [-86.601806, 37.862265], [-86.601578, 37.862556], [-86.601271, 37.862964], [-86.601017, 37.863302], [-86.600501, 37.863938], [-86.600067, 37.864489], [-86.60005, 37.864511], [-86.599709, 37.864931], [-86.5996, 37.865065], [-86.599423, 37.865284], [-86.598897, 37.866021], [-86.598505, 37.86662], [-86.598408, 37.866768], [-86.598364, 37.866836], [-86.597956, 37.867476], [-86.597776, 37.867791], [-86.597704, 37.867919], [-86.597585, 37.868383], [-86.597573, 37.868424], [-86.597569, 37.868441], [-86.597417, 37.868991], [-86.597356, 37.869316], [-86.597323, 37.869493], [-86.597322, 37.869499], [-86.597322, 37.8695], [-86.597321, 37.869511], [-86.597317, 37.869573], [-86.597279, 37.870108], [-86.597273, 37.870202], [-86.597305, 37.870892], [-86.597403, 37.871422], [-86.597494, 37.871796], [-86.59756, 37.871968], [-86.597579, 37.87202], [-86.597644, 37.872191], [-86.597746, 37.872351], [-86.597789, 37.872417], [-86.598041, 37.872868], [-86.598201, 37.873107], [-86.598249, 37.87318], [-86.598451, 37.873448], [-86.598522, 37.873544], [-86.598785, 37.87393], [-86.59893, 37.874212], [-86.599064, 37.874431], [-86.599112, 37.87451], [-86.599138, 37.874593], [-86.59922, 37.874853], [-86.599226, 37.875078], [-86.599187, 37.87532], [-86.599135, 37.875643], [-86.599086, 37.875985], [-86.599061, 37.876165], [-86.599003, 37.876956], [-86.598955, 37.877285], [-86.598929, 37.877464], [-86.598819, 37.878056], [-86.598765, 37.878296], [-86.598636, 37.878875], [-86.598547, 37.87933], [-86.59849, 37.879623], [-86.598342, 37.880362], [-86.598336, 37.8804], [-86.598282, 37.880747], [-86.598278, 37.880774], [-86.598276, 37.880786], [-86.598251, 37.880949], [-86.59825, 37.881542], [-86.598247, 37.882484], [-86.598157, 37.883392], [-86.598133, 37.883765], [-86.598099, 37.884296], [-86.598059, 37.885044], [-86.598108, 37.885863], [-86.59821, 37.886753], [-86.598313, 37.887629], [-86.598449, 37.888717], [-86.598552, 37.889508], [-86.598587, 37.889686], [-86.598829, 37.890907], [-86.598967, 37.891783], [-86.598969, 37.89179], [-86.598973, 37.891803], [-86.599004, 37.891915], [-86.599177, 37.892546], [-86.599228, 37.893006], [-86.599279, 37.893465], [-86.599346, 37.894171], [-86.599414, 37.894625], [-86.599449, 37.894863], [-86.599495, 37.895449], [-86.599549, 37.896134], [-86.599609, 37.89676], [-86.599648, 37.897173], [-86.599657, 37.897281], [-86.599726, 37.89807], [-86.599813, 37.899134], [-86.599922, 37.899846], [-86.599979, 37.900782], [-86.600002, 37.901861], [-86.600017, 37.902096], [-86.600057, 37.902745], [-86.600091, 37.903233], [-86.600123, 37.903691], [-86.600163, 37.904567], [-86.600107, 37.905146], [-86.600033, 37.90564], [-86.59987, 37.906412], [-86.599721, 37.907234], [-86.59945, 37.907841], [-86.599301, 37.908216], [-86.599197, 37.908475], [-86.598997, 37.909237], [-86.598923, 37.909449], [-86.59878, 37.909858], [-86.598634, 37.910464], [-86.598399, 37.911085], [-86.598223, 37.911431], [-86.598157, 37.911562], [-86.597747, 37.912171], [-86.597577, 37.912424], [-86.597302, 37.912793], [-86.59678, 37.913493], [-86.596686, 37.913628], [-86.596214, 37.914302], [-86.595401, 37.915214], [-86.594539, 37.91606], [-86.593759, 37.916789], [-86.592845, 37.917659], [-86.592665, 37.917831], [-86.591687, 37.918729], [-86.591123, 37.919185], [-86.59003, 37.919991], [-86.589317, 37.920629], [-86.588874, 37.920985], [-86.588588, 37.921215], [-86.587413, 37.921877], [-86.586923, 37.922106], [-86.586553, 37.922279], [-86.585908, 37.922538], [-86.585769, 37.922548], [-86.585385, 37.922576], [-86.585156, 37.922607], [-86.585008, 37.922627], [-86.584608, 37.922673], [-86.584421, 37.92272], [-86.584095, 37.922802], [-86.583439, 37.923], [-86.583436, 37.923001], [-86.582828, 37.923089], [-86.581739, 37.923127], [-86.581005, 37.923142], [-86.580171, 37.923224], [-86.580118, 37.923233], [-86.579708, 37.923301], [-86.579313, 37.923234], [-86.579, 37.923115], [-86.578688, 37.922918], [-86.578375, 37.922831], [-86.57821, 37.922785], [-86.577369, 37.922665], [-86.576606, 37.92256], [-86.576296, 37.922517], [-86.575596, 37.922414], [-86.57553, 37.922404], [-86.575391, 37.922383], [-86.574468, 37.922262], [-86.573785, 37.922163], [-86.573545, 37.922128], [-86.573502, 37.922125], [-86.572391, 37.922033], [-86.571983, 37.922001], [-86.571614, 37.921973], [-86.570906, 37.922027], [-86.570457, 37.922069], [-86.570229, 37.92209], [-86.570132, 37.922112], [-86.569502, 37.922257], [-86.569056, 37.922282], [-86.568825, 37.922294], [-86.568281, 37.922266], [-86.568009, 37.922252], [-86.56772, 37.922238], [-86.567329, 37.922241], [-86.566854, 37.9223], [-86.566392, 37.922272], [-86.566377, 37.922269], [-86.565525, 37.92209], [-86.564909, 37.921977], [-86.564244, 37.921856], [-86.563113, 37.921593], [-86.562461, 37.921447], [-86.561927, 37.921328], [-86.560543, 37.920983], [-86.55939, 37.920704], [-86.558204, 37.920412], [-86.556804, 37.92008], [-86.555766, 37.919854], [-86.554648, 37.91972], [-86.554292, 37.919689], [-86.553837, 37.919651], [-86.553169, 37.919504], [-86.552312, 37.91919], [-86.552231, 37.919161], [-86.551804, 37.91902], [-86.551112, 37.918791], [-86.550831, 37.918689], [-86.549966, 37.918377], [-86.549801, 37.918329], [-86.549432, 37.918222], [-86.548792, 37.918051], [-86.548162, 37.917883], [-86.546977, 37.917756], [-86.544966, 37.917499], [-86.543186, 37.91727], [-86.543134, 37.917263], [-86.54299, 37.917244], [-86.541917, 37.917098], [-86.541505, 37.917042], [-86.539723, 37.916996], [-86.538643, 37.916977], [-86.537744, 37.916962], [-86.53688, 37.916995], [-86.536523, 37.917009], [-86.536296, 37.91703], [-86.536028, 37.917054], [-86.535847, 37.91707], [-86.535417, 37.917109], [-86.534437, 37.917146], [-86.534398, 37.917148], [-86.534163, 37.917157], [-86.533849, 37.917183], [-86.533641, 37.9172], [-86.533367, 37.917279], [-86.532374, 37.917565], [-86.531155, 37.917866], [-86.530958, 37.917915], [-86.529883, 37.918263], [-86.52899, 37.918529], [-86.528593, 37.918662], [-86.52838, 37.918733], [-86.52811, 37.918823], [-86.527547, 37.919019], [-86.527368, 37.919081], [-86.526439, 37.919438], [-86.525615, 37.919723], [-86.524769, 37.920013], [-86.524201, 37.920251], [-86.523611, 37.920499], [-86.52304, 37.920779], [-86.522872, 37.920861], [-86.522392, 37.921095], [-86.521383, 37.921483], [-86.520499, 37.921784], [-86.520358, 37.921832], [-86.52031, 37.921852], [-86.519001, 37.922388], [-86.517909, 37.922881], [-86.516718, 37.923451], [-86.516397, 37.923612], [-86.516026, 37.923799], [-86.515791, 37.923917], [-86.515224, 37.924198], [-86.515191, 37.924214], [-86.514715, 37.924449], [-86.513839, 37.924921], [-86.513151, 37.925187], [-86.512929, 37.925287], [-86.51229, 37.925576], [-86.511816, 37.925814], [-86.511463, 37.925991], [-86.510452, 37.926601], [-86.509623, 37.927193], [-86.509251, 37.927529], [-86.508851, 37.927887], [-86.508749, 37.927978], [-86.508552, 37.928183], [-86.507928, 37.928832], [-86.507761, 37.929005], [-86.507747, 37.92902], [-86.507395, 37.929464], [-86.507242, 37.929657], [-86.507148, 37.929776], [-86.50702, 37.930039], [-86.506863, 37.930363], [-86.506764, 37.93064], [-86.506662, 37.930924], [-86.506687, 37.931291], [-86.506692, 37.931355], [-86.50682, 37.931931], [-86.506867, 37.932051], [-86.506918, 37.932183], [-86.507011, 37.93242], [-86.507015, 37.932428], [-86.507015, 37.932428], [-86.507015, 37.932431], [-86.50711, 37.93299], [-86.50709, 37.933461], [-86.507047, 37.934128], [-86.507034, 37.934338], [-86.507031, 37.93483], [-86.507029, 37.935159], [-86.507037, 37.935489], [-86.507042, 37.935735], [-86.507076, 37.936416], [-86.507272, 37.937186], [-86.507275, 37.937196], [-86.50757, 37.938049], [-86.507839, 37.938749], [-86.507871, 37.938842], [-86.508187, 37.939738], [-86.508391, 37.940185], [-86.508528, 37.940485], [-86.508652, 37.940784], [-86.508772, 37.941074], [-86.508973, 37.941531], [-86.509122, 37.941873], [-86.509422, 37.94265], [-86.509477, 37.94275], [-86.509863, 37.94345], [-86.510206, 37.944054], [-86.510699, 37.944646], [-86.510782, 37.944757], [-86.511108, 37.945197], [-86.511136, 37.945235], [-86.511146, 37.945248], [-86.511535, 37.945775], [-86.512146, 37.9465], [-86.512568, 37.947076], [-86.51288, 37.947444], [-86.513144, 37.947651], [-86.513355, 37.947816], [-86.513863, 37.948258], [-86.514073, 37.948441], [-86.514762, 37.948925], [-86.515, 37.949091], [-86.515206, 37.949224], [-86.515864, 37.94965], [-86.51627, 37.949914], [-86.516492, 37.950058], [-86.51732, 37.950648], [-86.517356, 37.950673], [-86.518016, 37.951376], [-86.518076, 37.951441], [-86.518869, 37.952158], [-86.519435, 37.952829], [-86.520013, 37.953641], [-86.520448, 37.954359], [-86.520802, 37.955049], [-86.520941, 37.955322], [-86.520961, 37.955359], [-86.52127, 37.955944], [-86.521705, 37.956868], [-86.521823, 37.95722], [-86.521944, 37.957576], [-86.522244, 37.958214], [-86.522366, 37.958473], [-86.522564, 37.959123], [-86.522741, 37.959773], [-86.522762, 37.959849], [-86.522856, 37.960072], [-86.523043, 37.96051], [-86.523275, 37.961133], [-86.523323, 37.961264], [-86.523392, 37.961392], [-86.523758, 37.962076], [-86.523892, 37.962484], [-86.52412, 37.963179], [-86.52441, 37.964254], [-86.524618, 37.965197], [-86.524702, 37.965556], [-86.524919, 37.966497], [-86.524961, 37.966807], [-86.525056, 37.967496], [-86.525086, 37.967798], [-86.525123, 37.968165], [-86.525154, 37.968862], [-86.525077, 37.969709], [-86.525084, 37.970192], [-86.525085, 37.970275], [-86.525167, 37.970915], [-86.525169, 37.970967], [-86.525181, 37.971298], [-86.525054, 37.972041], [-86.525049, 37.972087], [-86.524969, 37.972811], [-86.524916, 37.973523], [-86.524927, 37.974011], [-86.524934, 37.974305], [-86.524972, 37.974757], [-86.524978, 37.97483], [-86.524983, 37.975592], [-86.524982, 37.975853], [-86.52498, 37.976597], [-86.524992, 37.977041], [-86.525005, 37.977521], [-86.525014, 37.977981], [-86.525017, 37.978174], [-86.525023, 37.978481], [-86.525035, 37.979143], [-86.525027, 37.979549], [-86.525016, 37.980059], [-86.524997, 37.980621], [-86.524987, 37.980925], [-86.524994, 37.981219], [-86.525005, 37.981745], [-86.52501, 37.981999], [-86.525014, 37.982253], [-86.525141, 37.9828], [-86.52521, 37.983299], [-86.525205, 37.984006], [-86.525202, 37.984434], [-86.525202, 37.984457], [-86.525089, 37.985119], [-86.525039, 37.985497], [-86.524956, 37.985862], [-86.524834, 37.986342], [-86.524773, 37.986586], [-86.524771, 37.986863], [-86.524915, 37.987503], [-86.525081, 37.988142], [-86.525182, 37.988466], [-86.5253, 37.98884], [-86.525445, 37.989387], [-86.52559, 37.989993], [-86.525669, 37.990893], [-86.525705, 37.991391], [-86.525727, 37.991691], [-86.525764, 37.99232], [-86.525785, 37.992667], [-86.525809, 37.993489], [-86.525809, 37.993504], [-86.525812, 37.993857], [-86.525819, 37.994648], [-86.525814, 37.995524], [-86.525838, 37.996777], [-86.525851, 37.998038], [-86.525854, 37.998353], [-86.525857, 37.99871], [-86.525836, 37.999417], [-86.525818, 38.000029], [-86.525816, 38.000087], [-86.525797, 38.000624], [-86.525831, 38.001282], [-86.52592, 38.002283], [-86.52598, 38.003635], [-86.52596, 38.004842], [-86.525877, 38.005915], [-86.525825, 38.006462], [-86.525783, 38.006901], [-86.525609, 38.008369], [-86.525411, 38.009639], [-86.525252, 38.010761], [-86.525115, 38.011527], [-86.525029, 38.012008], [-86.525006, 38.012111], [-86.524841, 38.012841], [-86.524658, 38.013701], [-86.524526, 38.014579], [-86.524514, 38.014672], [-86.524466, 38.015043], [-86.524366, 38.015917], [-86.52431, 38.0168], [-86.524303, 38.017769], [-86.524309, 38.017851], [-86.524372, 38.018869], [-86.524492, 38.019838], [-86.524593, 38.020529], [-86.524638, 38.020839], [-86.524786, 38.021538], [-86.524974, 38.022576], [-86.52507, 38.023283], [-86.52509, 38.024086], [-86.525085, 38.024942], [-86.525075, 38.025265], [-86.52506, 38.025726], [-86.525036, 38.026374], [-86.525022, 38.026744], [-86.525048, 38.027135], [-86.525057, 38.027272], [-86.525067, 38.027339], [-86.525117, 38.027704], [-86.525151, 38.028228], [-86.525152, 38.028254], [-86.525137, 38.028673], [-86.525082, 38.028871], [-86.525046, 38.029002], [-86.52493, 38.029403], [-86.52484, 38.029682], [-86.524779, 38.029964], [-86.52469, 38.030384], [-86.524508, 38.031005], [-86.524379, 38.031572], [-86.524337, 38.031701], [-86.524172, 38.032212], [-86.523864, 38.032913], [-86.523595, 38.033426], [-86.523449, 38.033748], [-86.523348, 38.03397], [-86.523177, 38.034479], [-86.523099, 38.034797], [-86.522998, 38.035204], [-86.522776, 38.035973], [-86.522589, 38.036539], [-86.52248, 38.036869], [-86.522248, 38.037481], [-86.522119, 38.037976], [-86.522085, 38.038235], [-86.522079, 38.038278], [-86.522078, 38.038292], [-86.52205, 38.03876], [-86.521947, 38.039138], [-86.521931, 38.039168], [-86.521781, 38.039466], [-86.521563, 38.039785], [-86.521245, 38.040072], [-86.520752, 38.040444], [-86.520653, 38.040525], [-86.52036, 38.040767], [-86.519704, 38.041215], [-86.519427, 38.041381], [-86.518909, 38.04169], [-86.518392, 38.041965], [-86.518212, 38.042061], [-86.51725, 38.042534], [-86.516743, 38.042757], [-86.516282, 38.042959], [-86.515232, 38.043387], [-86.515056, 38.043442], [-86.514591, 38.043587], [-86.514321, 38.043687], [-86.514276, 38.043703], [-86.513439, 38.044006], [-86.512743, 38.044224], [-86.512297, 38.044345], [-86.511926, 38.044446], [-86.511419, 38.044552], [-86.510761, 38.044698], [-86.509875, 38.044865], [-86.509166, 38.045011], [-86.508331, 38.045129], [-86.507632, 38.045216], [-86.507559, 38.045225], [-86.50661, 38.045334], [-86.505459, 38.045455], [-86.504814, 38.04551], [-86.504005, 38.04558], [-86.503589, 38.045606], [-86.503271, 38.045626], [-86.503029, 38.045642], [-86.502702, 38.045664], [-86.501959, 38.045717], [-86.501867, 38.045724], [-86.501652, 38.04574], [-86.500994, 38.045788], [-86.499964, 38.045869], [-86.499047, 38.045942], [-86.498777, 38.045944], [-86.498212, 38.045947], [-86.497727, 38.045963], [-86.497467, 38.045971], [-86.497205, 38.045967], [-86.496662, 38.045959], [-86.495939, 38.045956], [-86.495526, 38.045948], [-86.49503, 38.045938], [-86.49464, 38.045915], [-86.494284, 38.045894], [-86.493387, 38.045868], [-86.493223, 38.045866], [-86.492434, 38.045855], [-86.491533, 38.045833], [-86.490855, 38.045848], [-86.490574, 38.045854], [-86.490349, 38.045859], [-86.48989, 38.045863], [-86.489663, 38.045865], [-86.488984, 38.04588], [-86.488789, 38.045888], [-86.488375, 38.045905], [-86.487731, 38.045902], [-86.486951, 38.045881], [-86.486576, 38.045857], [-86.486118, 38.045827], [-86.485809, 38.045808], [-86.485174, 38.045706], [-86.484858, 38.045655], [-86.484275, 38.045612], [-86.483443, 38.045554], [-86.483126, 38.045546], [-86.482404, 38.045527], [-86.482196, 38.045535], [-86.481735, 38.045551], [-86.481293, 38.045588], [-86.481014, 38.045611], [-86.480816, 38.045613], [-86.480731, 38.045614], [-86.479692, 38.045632], [-86.478889, 38.045701], [-86.478482, 38.045749], [-86.478377, 38.045778], [-86.478232, 38.04582], [-86.478192, 38.045822], [-86.478052, 38.045832], [-86.477305, 38.045879], [-86.476157, 38.045964], [-86.474972, 38.046017], [-86.474202, 38.046076], [-86.473801, 38.046106], [-86.472334, 38.046194], [-86.471097, 38.046333], [-86.469723, 38.046449], [-86.468328, 38.04655], [-86.466554, 38.046795], [-86.465429, 38.046952], [-86.464983, 38.047025], [-86.464504, 38.047104], [-86.464404, 38.047121], [-86.464312, 38.047136], [-86.463301, 38.047331], [-86.463014, 38.047387], [-86.46285, 38.047424], [-86.46181, 38.047661], [-86.460696, 38.047999], [-86.460435, 38.048078], [-86.459841, 38.048202], [-86.459696, 38.048237], [-86.4593, 38.048334], [-86.458809, 38.048544], [-86.458636, 38.048587], [-86.458276, 38.048677], [-86.457287, 38.048929], [-86.456693, 38.049156], [-86.456056, 38.049441], [-86.4556, 38.049629], [-86.455282, 38.049716], [-86.454412, 38.049956], [-86.454396, 38.04996], [-86.454345, 38.049974], [-86.453613, 38.050264], [-86.453018, 38.050527], [-86.452303, 38.050866], [-86.451597, 38.051196], [-86.451477, 38.051258], [-86.450732, 38.051643], [-86.450008, 38.05204], [-86.449738, 38.052207], [-86.449421, 38.052403], [-86.448697, 38.052796], [-86.448172, 38.053091], [-86.447611, 38.05344], [-86.447321, 38.053665], [-86.446981, 38.053928], [-86.446032, 38.054635], [-86.445135, 38.055262], [-86.444574, 38.055692], [-86.443968, 38.056248], [-86.443776, 38.056406], [-86.443347, 38.056759], [-86.442681, 38.057292], [-86.442087, 38.057758], [-86.441575, 38.058164], [-86.441404, 38.0583], [-86.441228, 38.058429], [-86.440683, 38.058833], [-86.440306, 38.059123], [-86.439992, 38.059366], [-86.43964, 38.059645], [-86.439353, 38.059872], [-86.43874, 38.060394], [-86.438679, 38.060445], [-86.438134, 38.060974], [-86.437982, 38.061126], [-86.437391, 38.061714], [-86.436681, 38.062414], [-86.436576, 38.062526], [-86.436032, 38.0631], [-86.435821, 38.063337], [-86.435487, 38.063711], [-86.434993, 38.064344], [-86.43483, 38.064567], [-86.434212, 38.065412], [-86.434086, 38.06561], [-86.433708, 38.066203], [-86.433429, 38.066698], [-86.433411, 38.066734], [-86.433124, 38.067313], [-86.43297, 38.067623], [-86.432811, 38.067943], [-86.432558, 38.068419], [-86.432311, 38.06927], [-86.432109, 38.069912], [-86.432047, 38.070107], [-86.431862, 38.070795], [-86.431647, 38.071677], [-86.431545, 38.072072], [-86.431471, 38.072357], [-86.431381, 38.072714], [-86.431292, 38.073064], [-86.431074, 38.073829], [-86.431041, 38.073957], [-86.430905, 38.074486], [-86.43075, 38.075039], [-86.430658, 38.075363], [-86.430579, 38.075893], [-86.430486, 38.076512], [-86.43045, 38.076907], [-86.430393, 38.077516], [-86.430321, 38.078414], [-86.430279, 38.07894], [-86.430355, 38.080197], [-86.430503, 38.081032], [-86.430646, 38.081449], [-86.431107, 38.082792], [-86.431346, 38.083276], [-86.431513, 38.083614], [-86.431808, 38.084072], [-86.431903, 38.08422], [-86.432027, 38.084381], [-86.432346, 38.084794], [-86.432762, 38.085258], [-86.432796, 38.085297], [-86.432799, 38.085299], [-86.433012, 38.085535], [-86.433206, 38.085749], [-86.433691, 38.086171], [-86.43422, 38.086574], [-86.43481, 38.08701], [-86.434943, 38.087087], [-86.435024, 38.087134], [-86.435313, 38.087302], [-86.435366, 38.087332], [-86.435449, 38.087381], [-86.435947, 38.087669], [-86.436511, 38.08796], [-86.436843, 38.088145], [-86.436975, 38.088219], [-86.437666, 38.088538], [-86.438333, 38.088811], [-86.438851, 38.089009], [-86.438942, 38.089044], [-86.439154, 38.089114], [-86.43967, 38.089286], [-86.440131, 38.089435], [-86.440432, 38.089533], [-86.441058, 38.089748], [-86.441657, 38.08994], [-86.442256, 38.090141], [-86.442865, 38.09036], [-86.443395, 38.090552], [-86.444046, 38.090794], [-86.444615, 38.091027], [-86.444624, 38.091031], [-86.445228, 38.091214], [-86.445313, 38.091228], [-86.44559, 38.091221], [-86.445614, 38.091221], [-86.445749, 38.091244], [-86.446306, 38.091445], [-86.446454, 38.091493], [-86.446931, 38.09165], [-86.44761, 38.091861], [-86.447965, 38.09194], [-86.448356, 38.092027], [-86.448429, 38.092026], [-86.448751, 38.092024], [-86.449077, 38.091961], [-86.449277, 38.091923], [-86.449593, 38.091947], [-86.449867, 38.092013], [-86.449936, 38.092029], [-86.450227, 38.092139], [-86.45031, 38.092167], [-86.450578, 38.092258], [-86.45116, 38.092495], [-86.451819, 38.092746], [-86.452641, 38.09297], [-86.453343, 38.09319], [-86.453548, 38.093263], [-86.453931, 38.0934], [-86.45456, 38.09375], [-86.455094, 38.094086], [-86.45523, 38.094158], [-86.455291, 38.09419], [-86.455614, 38.094315], [-86.455976, 38.094455], [-86.456262, 38.094574], [-86.456524, 38.094683], [-86.457134, 38.094974], [-86.457711, 38.095265], [-86.457901, 38.095356], [-86.458498, 38.095782], [-86.459453, 38.096508], [-86.459549, 38.096568], [-86.459785, 38.096717], [-86.460135, 38.096948], [-86.460574, 38.097275], [-86.460864, 38.097504], [-86.461134, 38.097719], [-86.461671, 38.098271], [-86.46189, 38.098497], [-86.462098, 38.09871], [-86.462259, 38.098869], [-86.462549, 38.099154], [-86.462694, 38.099331], [-86.462839, 38.099507], [-86.462944, 38.099687], [-86.463073, 38.099909], [-86.463187, 38.10027], [-86.463271, 38.100718], [-86.463318, 38.100969], [-86.463383, 38.101097], [-86.463461, 38.101253], [-86.463587, 38.101444], [-86.463623, 38.101497], [-86.463687, 38.101554], [-86.463862, 38.101706], [-86.464348, 38.102118], [-86.464403, 38.10219], [-86.46451, 38.102331], [-86.464574, 38.102433], [-86.464654, 38.102561], [-86.464786, 38.102837], [-86.46479, 38.102846], [-86.464813, 38.102889], [-86.464935, 38.103117], [-86.465112, 38.103424], [-86.465289, 38.103855], [-86.465315, 38.103916], [-86.465351, 38.104005], [-86.465458, 38.104264], [-86.465482, 38.10434], [-86.465584, 38.104665], [-86.465648, 38.104864], [-86.465693, 38.105004], [-86.465801, 38.105486], [-86.465855, 38.105907], [-86.465874, 38.106055], [-86.46592, 38.10634], [-86.465973, 38.106672], [-86.466064, 38.107164], [-86.466138, 38.107624], [-86.466199, 38.107872], [-86.466263, 38.108129], [-86.466371, 38.108684], [-86.466461, 38.109322], [-86.466463, 38.109338], [-86.466522, 38.109883], [-86.466565, 38.110205], [-86.466574, 38.110267], [-86.466577, 38.11056], [-86.466584, 38.11115], [-86.466572, 38.111386], [-86.466564, 38.111524], [-86.466542, 38.112195], [-86.466516, 38.112685], [-86.466503, 38.112912], [-86.466473, 38.113043], [-86.466405, 38.113335], [-86.466328, 38.113633], [-86.466273, 38.113843], [-86.466118, 38.11423], [-86.466098, 38.11428], [-86.466047, 38.114418], [-86.46594, 38.114707], [-86.465755, 38.115159], [-86.465677, 38.11535], [-86.465669, 38.11537], [-86.465485, 38.115786], [-86.465268, 38.116218], [-86.465226, 38.116306], [-86.465137, 38.116497], [-86.465075, 38.116636], [-86.464971, 38.11687], [-86.464805, 38.117221], [-86.464588, 38.117526], [-86.464292, 38.117857], [-86.46425, 38.117903], [-86.464155, 38.118011], [-86.463996, 38.118191], [-86.46379, 38.118393], [-86.4637, 38.118482], [-86.463341, 38.118769], [-86.463269, 38.118827], [-86.463251, 38.118844], [-86.462871, 38.119226], [-86.462654, 38.119455], [-86.462482, 38.119645], [-86.46248, 38.119648], [-86.462461, 38.11967], [-86.462117, 38.120057], [-86.461969, 38.120248], [-86.461814, 38.120447], [-86.461407, 38.120873], [-86.461061, 38.121169], [-86.46071, 38.121388], [-86.460123, 38.121769], [-86.459972, 38.121861], [-86.459625, 38.122073], [-86.459407, 38.122235], [-86.459179, 38.122404], [-86.458895, 38.122634], [-86.458687, 38.122803], [-86.458301, 38.123198], [-86.458271, 38.123229], [-86.458104, 38.12337], [-86.457778, 38.123646], [-86.457177, 38.124076], [-86.457034, 38.124192], [-86.456838, 38.124349], [-86.456334, 38.124698], [-86.456185, 38.124815], [-86.456042, 38.124927], [-86.455811, 38.125044], [-86.45567, 38.125114], [-86.455053, 38.125382], [-86.45437, 38.125721], [-86.453599, 38.12602], [-86.452697, 38.12638], [-86.451825, 38.126683], [-86.451235, 38.126843], [-86.451156, 38.126864], [-86.45027, 38.127081], [-86.449936, 38.127152], [-86.449341, 38.12728], [-86.44791, 38.127476], [-86.446774, 38.127579], [-86.446539, 38.1276], [-86.445567, 38.127685], [-86.445534, 38.127687], [-86.4449, 38.127727], [-86.444354, 38.127743], [-86.444022, 38.12775], [-86.443833, 38.127754], [-86.443195, 38.127728], [-86.443082, 38.127723], [-86.442272, 38.127683], [-86.441807, 38.127642], [-86.441315, 38.127598], [-86.440275, 38.127485], [-86.439924, 38.127445], [-86.439319, 38.127376], [-86.438693, 38.127243], [-86.43843, 38.127187], [-86.437423, 38.12702], [-86.436517, 38.126926], [-86.43606, 38.126879], [-86.435695, 38.126841], [-86.434923, 38.126783], [-86.434569, 38.126753], [-86.434134, 38.126716], [-86.433446, 38.126605], [-86.433009, 38.126513], [-86.432608, 38.126429], [-86.432189, 38.126306], [-86.431418, 38.126023], [-86.430982, 38.125848], [-86.430815, 38.125781], [-86.430592, 38.12569], [-86.430196, 38.12553], [-86.429742, 38.125369], [-86.429706, 38.125356], [-86.429611, 38.125313], [-86.429183, 38.125115], [-86.428792, 38.124915], [-86.428611, 38.124818], [-86.428561, 38.124792], [-86.428452, 38.124729], [-86.428167, 38.124565], [-86.427877, 38.124406], [-86.427819, 38.124373], [-86.427509, 38.124197], [-86.427201, 38.12401], [-86.426826, 38.123779], [-86.426483, 38.123561], [-86.42609, 38.123311], [-86.425665, 38.123021], [-86.425457, 38.12288], [-86.424603, 38.122218], [-86.424348, 38.122019], [-86.424126, 38.121846], [-86.423647, 38.121447], [-86.423067, 38.120957], [-86.422692, 38.120613], [-86.422237, 38.120241], [-86.422171, 38.120187], [-86.422107, 38.120131], [-86.421591, 38.119688], [-86.421113, 38.119276], [-86.421086, 38.119252], [-86.42045, 38.1187], [-86.420157, 38.118469], [-86.420048, 38.118383], [-86.419748, 38.118125], [-86.419262, 38.117726], [-86.418868, 38.117453], [-86.418509, 38.117244], [-86.418158, 38.117071], [-86.41788, 38.116981], [-86.41779, 38.116952], [-86.417499, 38.116879], [-86.417267, 38.116828], [-86.417194, 38.116823], [-86.417044, 38.116813], [-86.416993, 38.116782], [-86.416988, 38.116727], [-86.417012, 38.116699], [-86.41703, 38.116678], [-86.417047, 38.116655], [-86.417057, 38.116642], [-86.41708, 38.116557], [-86.417035, 38.116475], [-86.416937, 38.116385], [-86.416932, 38.116381], [-86.416798, 38.116285], [-86.416508, 38.116099], [-86.416366, 38.115975], [-86.416227, 38.115854], [-86.415685, 38.115396], [-86.415621, 38.115342], [-86.415509, 38.115249], [-86.415262, 38.115043], [-86.414866, 38.11473], [-86.414163, 38.114228], [-86.414136, 38.114208], [-86.413589, 38.113799], [-86.413307, 38.113564], [-86.41292, 38.113242], [-86.412545, 38.112925], [-86.412292, 38.112711], [-86.411652, 38.112167], [-86.411307, 38.111873], [-86.4112, 38.111782], [-86.410808, 38.111429], [-86.410429, 38.11109], [-86.410297, 38.110971], [-86.409759, 38.110509], [-86.409144, 38.109879], [-86.408789, 38.109535], [-86.408488, 38.109245], [-86.40811, 38.108847], [-86.407726, 38.108436], [-86.407403, 38.10809], [-86.407213, 38.107888], [-86.406986, 38.107647], [-86.406767, 38.107405], [-86.406629, 38.107253], [-86.406271, 38.106882], [-86.406118, 38.106717], [-86.405896, 38.106479], [-86.405677, 38.106262], [-86.405497, 38.106085], [-86.405262, 38.105857], [-86.404763, 38.105373], [-86.404242, 38.104988], [-86.404039, 38.104861], [-86.403952, 38.104806], [-86.403601, 38.104678], [-86.403155, 38.104559], [-86.402797, 38.104493], [-86.4027, 38.104475], [-86.402611, 38.104467], [-86.402151, 38.104427], [-86.401739, 38.104425], [-86.401215, 38.104495], [-86.400983, 38.104564], [-86.400638, 38.104667], [-86.400325, 38.104769], [-86.400078, 38.104849], [-86.399639, 38.104991], [-86.399225, 38.105156], [-86.398897, 38.105332], [-86.398718, 38.105428], [-86.398086, 38.105767], [-86.398012, 38.105814], [-86.397733, 38.105991], [-86.397286, 38.106333], [-86.397283, 38.106336], [-86.397265, 38.106351], [-86.396842, 38.106712], [-86.396392, 38.107088], [-86.396085, 38.107461], [-86.396019, 38.10754], [-86.395759, 38.107855], [-86.395609, 38.108062], [-86.395424, 38.108318], [-86.395145, 38.108663], [-86.394908, 38.108955], [-86.394764, 38.109162], [-86.39463, 38.109355], [-86.394546, 38.109518], [-86.394469, 38.109669], [-86.394425, 38.109755], [-86.394368, 38.109867], [-86.394167, 38.110263], [-86.393997, 38.110535], [-86.393924, 38.110653], [-86.393714, 38.111004], [-86.393575, 38.111296], [-86.393464, 38.111629], [-86.393425, 38.111746], [-86.393318, 38.112155], [-86.393229, 38.112592], [-86.393124, 38.113011], [-86.393074, 38.113213], [-86.392971, 38.113636], [-86.392921, 38.113819], [-86.392883, 38.11396], [-86.392733, 38.114392], [-86.392549, 38.114792], [-86.392413, 38.115274], [-86.392293, 38.115724], [-86.392244, 38.11587], [-86.392152, 38.116146], [-86.392012, 38.1167], [-86.391965, 38.11688], [-86.391883, 38.117195], [-86.391771, 38.117546], [-86.391584, 38.11814], [-86.391536, 38.118299], [-86.39148, 38.118486], [-86.3914, 38.11877], [-86.391216, 38.119206], [-86.391041, 38.119574], [-86.390883, 38.119886], [-86.39084, 38.11997], [-86.390821, 38.120001], [-86.390564, 38.120424], [-86.390474, 38.120561], [-86.390378, 38.120707], [-86.390124, 38.121124], [-86.389932, 38.121406], [-86.389904, 38.121448], [-86.389674, 38.121843], [-86.389669, 38.121852], [-86.389667, 38.121855], [-86.389412, 38.122274], [-86.389273, 38.122418], [-86.389086, 38.122574], [-86.388936, 38.1227], [-86.388834, 38.122823], [-86.388606, 38.123099], [-86.388505, 38.12322], [-86.388372, 38.123377], [-86.388203, 38.123697], [-86.387983, 38.124128], [-86.387832, 38.124348], [-86.387554, 38.124612], [-86.3873, 38.1248], [-86.386794, 38.125113], [-86.386542, 38.125312], [-86.386284, 38.125516], [-86.386135, 38.125633], [-86.385813, 38.125883], [-86.385456, 38.126179], [-86.384973, 38.12651], [-86.38395, 38.127207], [-86.383192, 38.127667], [-86.382504, 38.128069], [-86.381893, 38.128445], [-86.381273, 38.12882], [-86.380584, 38.129159], [-86.379873, 38.129389], [-86.3791, 38.129602], [-86.378792, 38.129694], [-86.378366, 38.129823], [-86.378168, 38.129885], [-86.377713, 38.130027], [-86.376842, 38.130311], [-86.376585, 38.130398], [-86.376188, 38.130532], [-86.375753, 38.130633], [-86.375615, 38.130665], [-86.375351, 38.130682], [-86.374982, 38.130706], [-86.374601, 38.130634], [-86.374344, 38.130586], [-86.374049, 38.130538], [-86.373712, 38.130483], [-86.373004, 38.130389], [-86.37243, 38.130347], [-86.372412, 38.130346], [-86.371657, 38.130346], [-86.371277, 38.130394], [-86.37104, 38.130424], [-86.370728, 38.130454], [-86.370417, 38.130484], [-86.370163, 38.130484], [-86.369693, 38.130484], [-86.369057, 38.13043], [-86.368727, 38.130402], [-86.368265, 38.130353], [-86.367931, 38.130317], [-86.367269, 38.130267], [-86.367227, 38.130264], [-86.367197, 38.130263], [-86.36617, 38.130231], [-86.365143, 38.130194], [-86.364235, 38.130069], [-86.363808, 38.130011], [-86.363623, 38.12998], [-86.362524, 38.129797], [-86.361558, 38.129629], [-86.360922, 38.12954], [-86.360376, 38.129452], [-86.359946, 38.129427], [-86.359506, 38.129442], [-86.3592, 38.129461], [-86.358842, 38.129484], [-86.358452, 38.1295], [-86.358297, 38.129494], [-86.358154, 38.129489], [-86.357603, 38.129414], [-86.356895, 38.129302], [-86.35658, 38.129249], [-86.355958, 38.129143], [-86.355298, 38.129009], [-86.35491, 38.128885], [-86.354442, 38.128767], [-86.354288, 38.128729], [-86.353717, 38.128622], [-86.353319, 38.128579], [-86.352865, 38.128523], [-86.352345, 38.128425], [-86.351772, 38.128282], [-86.351591, 38.128236], [-86.351549, 38.128225], [-86.351508, 38.128215], [-86.350948, 38.12807], [-86.350931, 38.128066], [-86.350885, 38.128057], [-86.350365, 38.127955], [-86.350244, 38.127938], [-86.349713, 38.127865], [-86.349564, 38.127838], [-86.349237, 38.127777], [-86.348771, 38.127743], [-86.348069, 38.12769], [-86.347522, 38.127686], [-86.347498, 38.127688], [-86.347143, 38.127707], [-86.346913, 38.127695], [-86.34649, 38.127672], [-86.346001, 38.127632], [-86.345726, 38.127609], [-86.345099, 38.127569], [-86.344878, 38.12757], [-86.344481, 38.12757], [-86.343819, 38.127571], [-86.343059, 38.127621], [-86.342532, 38.127672], [-86.341732, 38.12774], [-86.341397, 38.12775], [-86.341008, 38.127763], [-86.340665, 38.127766], [-86.34037, 38.127768], [-86.339793, 38.127801], [-86.339098, 38.127865], [-86.338611, 38.127936], [-86.338567, 38.127943], [-86.338411, 38.127973], [-86.337264, 38.128197], [-86.33626, 38.128371], [-86.335802, 38.128495], [-86.335427, 38.128597], [-86.33508, 38.128716], [-86.334589, 38.128885], [-86.333937, 38.12912], [-86.333205, 38.129436], [-86.332569, 38.129726], [-86.332357, 38.129823], [-86.331283, 38.130443], [-86.330653, 38.130866], [-86.330203, 38.131167], [-86.329371, 38.131888], [-86.329026, 38.132181], [-86.328729, 38.132434], [-86.328212, 38.132892], [-86.327912, 38.133159], [-86.32778, 38.133294], [-86.327253, 38.133836], [-86.326545, 38.134637], [-86.326358, 38.134849], [-86.326115, 38.135157], [-86.325651, 38.135746], [-86.325104, 38.13637], [-86.325099, 38.136377], [-86.324821, 38.13681], [-86.324502, 38.137403], [-86.324143, 38.137957], [-86.323927, 38.138292], [-86.323805, 38.1386], [-86.323746, 38.13875], [-86.323569, 38.139276], [-86.323323, 38.139865], [-86.32297, 38.140541], [-86.3228, 38.140867], [-86.32246, 38.14173], [-86.322153, 38.142621], [-86.322146, 38.142647], [-86.32198, 38.143309], [-86.321876, 38.144386], [-86.321687, 38.145115], [-86.32163, 38.145426], [-86.321583, 38.145677], [-86.321464, 38.145992], [-86.321302, 38.14627], [-86.321257, 38.146362], [-86.321244, 38.146389], [-86.321165, 38.146549], [-86.321107, 38.146837], [-86.32112, 38.147067], [-86.321202, 38.147455], [-86.321335, 38.147879], [-86.321483, 38.148223], [-86.321585, 38.148494], [-86.321638, 38.148619], [-86.321665, 38.148684], [-86.32173, 38.148839], [-86.321828, 38.149072], [-86.322085, 38.149718], [-86.322284, 38.150143], [-86.322385, 38.150327], [-86.322508, 38.150549], [-86.322938, 38.151175], [-86.323157, 38.151495], [-86.323513, 38.15188], [-86.323645, 38.152018], [-86.323839, 38.15222], [-86.32418, 38.152551], [-86.324215, 38.152576], [-86.324663, 38.152896], [-86.324845, 38.15302], [-86.324862, 38.153032], [-86.324923, 38.153095], [-86.325123, 38.153304], [-86.325312, 38.153558], [-86.325515, 38.153762], [-86.325618, 38.153866], [-86.326062, 38.154116], [-86.326197, 38.154174], [-86.326814, 38.154436], [-86.327409, 38.154633], [-86.328071, 38.154831], [-86.328323, 38.154877], [-86.328632, 38.154888], [-86.328642, 38.154888], [-86.3289, 38.154939], [-86.329126, 38.155032], [-86.329364, 38.155131], [-86.329727, 38.155273], [-86.331327, 38.155868], [-86.331999, 38.156064], [-86.332287, 38.156148], [-86.3327, 38.156255], [-86.333322, 38.156415], [-86.333798, 38.156553], [-86.333943, 38.156595], [-86.334058, 38.156626], [-86.334984, 38.15688], [-86.335928, 38.157129], [-86.337717, 38.15754], [-86.338702, 38.15778], [-86.339171, 38.15788], [-86.339693, 38.157992], [-86.340077, 38.158067], [-86.340461, 38.158105], [-86.340729, 38.158165], [-86.340916, 38.158234], [-86.341047, 38.15833], [-86.341102, 38.15837], [-86.341304, 38.158457], [-86.341481, 38.158494], [-86.341483, 38.158494], [-86.341718, 38.158504], [-86.341902, 38.158519], [-86.342007, 38.158528], [-86.34226, 38.158566], [-86.343026, 38.15865], [-86.34316, 38.158665], [-86.34395, 38.158764], [-86.344627, 38.158872], [-86.3447, 38.158887], [-86.34497, 38.158941], [-86.34539, 38.159016], [-86.345781, 38.159054], [-86.345825, 38.159059], [-86.346124, 38.159101], [-86.346404, 38.159116], [-86.34667, 38.159131], [-86.347521, 38.15914], [-86.34757, 38.159142], [-86.348331, 38.159176], [-86.348392, 38.159181], [-86.348528, 38.159191], [-86.348931, 38.159252], [-86.348963, 38.159256], [-86.3495, 38.159291], [-86.34996, 38.15933], [-86.350006, 38.159334], [-86.350749, 38.159361], [-86.351235, 38.159385], [-86.351774, 38.159412], [-86.35259, 38.159475], [-86.35303, 38.159495], [-86.353343, 38.159533], [-86.353543, 38.159575], [-86.353788, 38.159626], [-86.353892, 38.159638], [-86.354101, 38.159663], [-86.354173, 38.159674], [-86.354552, 38.159729], [-86.354756, 38.159745], [-86.354865, 38.159753], [-86.355321, 38.15976], [-86.356019, 38.159791], [-86.356338, 38.159829], [-86.356768, 38.159863], [-86.357325, 38.15992], [-86.357654, 38.159968], [-86.357679, 38.159971], [-86.358275, 38.16006], [-86.358786, 38.160153], [-86.358966, 38.160187], [-86.35913, 38.160218], [-86.359661, 38.160316], [-86.36005, 38.160403], [-86.360116, 38.160417], [-86.360278, 38.160436], [-86.360288, 38.160437], [-86.36048, 38.16046], [-86.361173, 38.1605], [-86.361249, 38.160504], [-86.361346, 38.16051], [-86.362093, 38.160676], [-86.362357, 38.160739], [-86.362669, 38.160814], [-86.363258, 38.160944], [-86.363655, 38.161031], [-86.36487, 38.161286], [-86.365227, 38.16137], [-86.365379, 38.161406], [-86.365894, 38.161539], [-86.366767, 38.161864], [-86.367307, 38.162042], [-86.367393, 38.162075], [-86.367873, 38.162257], [-86.368281, 38.162428], [-86.368781, 38.162636], [-86.3697, 38.163069], [-86.369769, 38.163101], [-86.369837, 38.163136], [-86.370635, 38.163547], [-86.371085, 38.163775], [-86.371685, 38.164134], [-86.372031, 38.164382], [-86.372223, 38.16452], [-86.372763, 38.165032], [-86.372811, 38.165078], [-86.373832, 38.166115], [-86.373885, 38.166169], [-86.373887, 38.166172], [-86.374444, 38.16683], [-86.374608, 38.167052], [-86.374986, 38.167568], [-86.375203, 38.16783], [-86.375598, 38.168229], [-86.375736, 38.168429], [-86.375879, 38.168636], [-86.376118, 38.168908], [-86.376286, 38.169098], [-86.37665, 38.169658], [-86.376828, 38.169991], [-86.376883, 38.170092], [-86.376949, 38.170275], [-86.377085, 38.170652], [-86.377272, 38.171212], [-86.377561, 38.172006], [-86.377673, 38.172396], [-86.377751, 38.172665], [-86.377899, 38.173121], [-86.377993, 38.17341], [-86.378162, 38.174308], [-86.378245, 38.175034], [-86.378261, 38.175299], [-86.378284, 38.175687], [-86.378264, 38.176224], [-86.378275, 38.176452], [-86.378291, 38.176818], [-86.378425, 38.177437], [-86.37832, 38.178441], [-86.378314, 38.179045], [-86.378426, 38.179793], [-86.378541, 38.180132], [-86.378616, 38.180644], [-86.378625, 38.180705], [-86.378624, 38.180731], [-86.378588, 38.181615], [-86.378536, 38.182538], [-86.378484, 38.18334], [-86.37844, 38.183648], [-86.378374, 38.18411], [-86.378205, 38.184997], [-86.378004, 38.185884], [-86.3778, 38.186649], [-86.377642, 38.187183], [-86.377581, 38.187391], [-86.377413, 38.187903], [-86.377365, 38.188048], [-86.377351, 38.188082], [-86.377154, 38.18856], [-86.376958, 38.188978], [-86.376902, 38.189084], [-86.376688, 38.189491], [-86.376647, 38.189568], [-86.376418, 38.190003], [-86.376202, 38.190365], [-86.376117, 38.190506], [-86.375942, 38.190835], [-86.375832, 38.191041], [-86.375757, 38.191154], [-86.375525, 38.191503], [-86.375088, 38.192036], [-86.374983, 38.192163], [-86.374448, 38.192741], [-86.374164, 38.19304], [-86.373873, 38.193346], [-86.373744, 38.193472], [-86.373511, 38.193696], [-86.373324, 38.193915], [-86.373228, 38.194028], [-86.372989, 38.194306], [-86.372638, 38.194563], [-86.37261, 38.194583], [-86.372196, 38.194897], [-86.371828, 38.195121], [-86.371756, 38.195165], [-86.370917, 38.19562], [-86.370332, 38.195919], [-86.37021, 38.195981], [-86.36998, 38.196105], [-86.369479, 38.196374], [-86.36918, 38.196515], [-86.368588, 38.196792], [-86.36741, 38.197327], [-86.367074, 38.197455], [-86.366514, 38.197669], [-86.366114, 38.197801], [-86.365776, 38.197913], [-86.364731, 38.198209], [-86.363765, 38.19847], [-86.362757, 38.198599], [-86.361643, 38.198747], [-86.361611, 38.19875], [-86.360574, 38.198853], [-86.360071, 38.198871], [-86.359452, 38.198892], [-86.358864, 38.198894], [-86.358436, 38.198896], [-86.357718, 38.198838], [-86.357495, 38.198808], [-86.357442, 38.198801], [-86.35741, 38.19931], [-86.3573, 38.201072], [-86.357143, 38.203603], [-86.356934, 38.207518], [-86.358034, 38.220961], [-86.359791, 38.242411], [-86.310669, 38.314547], [-86.282635, 38.355641], [-86.281843, 38.356771], [-86.273505, 38.368657], [-86.269359, 38.374566], [-86.26771, 38.391706], [-86.266306, 38.399447], [-86.269985, 38.4102], [-86.269981, 38.410204], [-86.269547, 38.41062], [-86.267526, 38.412562], [-86.26402, 38.41593], [-86.260203, 38.419595], [-86.259656, 38.42012], [-86.260997, 38.437821], [-86.261015, 38.438057], [-86.261031, 38.438274], [-86.261933, 38.450187], [-86.261962, 38.450563], [-86.261982, 38.450825], [-86.262009, 38.451185], [-86.265889, 38.512984], [-86.266141, 38.516986], [-86.267801, 38.543392], [-86.268342, 38.55238], [-86.268348, 38.552478], [-86.268449, 38.554151], [-86.268526, 38.555419], [-86.268526, 38.555419], [-86.268526, 38.555419], [-86.274855, 38.578249], [-86.284069, 38.611458], [-86.307549, 38.637041], [-86.308163, 38.662724], [-86.30862, 38.681816], [-86.309824, 38.732109], [-86.310022, 38.732762], [-86.310027, 38.732779], [-86.310031, 38.732791], [-86.310123, 38.733097], [-86.323342, 38.753432], [-86.323918, 38.754317], [-86.326444, 38.758202], [-86.328327, 38.761098], [-86.328367, 38.76116], [-86.329217, 38.762496], [-86.330194, 38.764032], [-86.338411, 38.776944], [-86.339321, 38.824118], [-86.33937, 38.826659], [-86.339374, 38.826879], [-86.340291, 38.874369], [-86.340419, 38.874592], [-86.341098, 38.875786], [-86.341252, 38.876057], [-86.341288, 38.87612], [-86.341881, 38.877162], [-86.343026, 38.879174], [-86.358557, 38.912656], [-86.35857, 38.912696], [-86.358581, 38.91273], [-86.358582, 38.912734], [-86.364683, 38.931337], [-86.364683, 38.931337], [-86.364683, 38.931338], [-86.364683, 38.931338], [-86.4239, 38.990756], [-86.450883, 38.991771], [-86.535167, 38.994903], [-86.535178, 38.994903], [-86.535179, 38.994903], [-86.581454, 38.99416], [-86.592832, 38.993974], [-86.609138, 38.993707], [-86.638648, 38.993216], [-86.658241, 39.031702], [-86.683718, 39.038738], [-86.683733, 39.038728], [-86.683818, 39.038672], [-86.684016, 39.038543], [-86.684311, 39.038276], [-86.68433, 39.03826], [-86.684346, 39.038245], [-86.684519, 39.038089], [-86.68797, 39.034858], [-86.688092, 39.034739], [-86.688355, 39.034481], [-86.688755, 39.03409], [-86.688826, 39.034021], [-86.689062, 39.034108], [-86.689124, 39.03413], [-86.689135, 39.034134], [-86.689244, 39.034175], [-86.688619, 39.034876], [-86.686715, 39.036588], [-86.686391, 39.036871], [-86.685895, 39.037306], [-86.685076, 39.038023], [-86.684883, 39.038192], [-86.684067, 39.038817], [-86.684008, 39.038898], [-86.684125, 39.038988], [-86.684361, 39.039168], [-86.684409, 39.039205], [-86.684441, 39.039229], [-86.684616, 39.039363], [-86.684765, 39.039477], [-86.709632, 39.039959], [-86.710011, 39.040065], [-86.710074, 39.040083], [-86.710293, 39.040144], [-86.711395, 39.040452], [-86.715751, 39.040689], [-86.715814, 39.040585], [-86.715856, 39.040515], [-86.715859, 39.04051], [-86.715869, 39.040493], [-86.715934, 39.040387], [-86.715959, 39.040346], [-86.716007, 39.040351], [-86.716033, 39.040354], [-86.716081, 39.040359], [-86.716128, 39.040365], [-86.716069, 39.040589], [-86.716066, 39.040598], [-86.716044, 39.040682], [-86.71603, 39.040733], [-86.71823, 39.043533], [-86.718286, 39.043633], [-86.718295, 39.04365], [-86.718516, 39.044049], [-86.719185, 39.045258], [-86.724636, 39.059528], [-86.716, 39.071059], [-86.694387, 39.099897], [-86.683211, 39.114796], [-86.682858, 39.115565], [-86.682772, 39.115752], [-86.682659, 39.115997], [-86.681928, 39.145726], [-86.681924, 39.145858], [-86.681524, 39.162119], [-86.681307, 39.170928], [-86.71191, 39.171687], [-86.71191, 39.171687], [-86.71191, 39.171687], [-86.711913, 39.171688], [-86.711916, 39.171688], [-86.757655, 39.181709], [-86.809707, 39.193087], [-86.842532, 39.200272], [-86.869024, 39.206062], [-86.869024, 39.206062], [-86.869024, 39.206062], [-86.869024, 39.206062], [-86.869025, 39.206062], [-86.869074, 39.20606], [-86.869145, 39.206058], [-86.869141, 39.206041], [-86.869136, 39.206022], [-86.869136, 39.206021], [-86.869134, 39.206015], [-86.8691, 39.205879], [-86.869065, 39.205763], [-86.869055, 39.205732], [-86.869054, 39.205727], [-86.869045, 39.2057], [-86.869035, 39.205678], [-86.869033, 39.205673], [-86.868972, 39.205539], [-86.868931, 39.205446], [-86.868867, 39.205303], [-86.86885, 39.205254], [-86.868838, 39.205219], [-86.868837, 39.205216], [-86.868835, 39.205208], [-86.868829, 39.205192], [-86.868794, 39.205088], [-86.868647, 39.204805], [-86.868423, 39.204465], [-86.868368, 39.204385], [-86.868364, 39.204378], [-86.868235, 39.204186], [-86.868115, 39.204007], [-86.86807, 39.203916], [-86.868038, 39.20385], [-86.867991, 39.203754], [-86.867948, 39.203664], [-86.867923, 39.203613], [-86.867905, 39.203574], [-86.867904, 39.203574], [-86.867897, 39.203557], [-86.867891, 39.203544], [-86.867887, 39.203535], [-86.867855, 39.203467], [-86.867841, 39.203435], [-86.867815, 39.203389], [-86.867767, 39.203302], [-86.867734, 39.203214], [-86.867703, 39.203131], [-86.867685, 39.203057], [-86.867684, 39.203053], [-86.867675, 39.203015], [-86.867662, 39.202966], [-86.86766, 39.20295], [-86.867654, 39.202916], [-86.867653, 39.202914], [-86.86765, 39.202894], [-86.86763, 39.202784], [-86.867622, 39.202712], [-86.867612, 39.202633], [-86.867613, 39.20244], [-86.867618, 39.202269], [-86.867635, 39.20212], [-86.867646, 39.202022], [-86.867669, 39.201825], [-86.867748, 39.201607], [-86.867858, 39.201364], [-86.868006, 39.2011], [-86.868167, 39.200871], [-86.868219, 39.200808], [-86.868227, 39.200798], [-86.868384, 39.200607], [-86.868462, 39.200532], [-86.868678, 39.200328], [-86.868895, 39.200149], [-86.869029, 39.20006], [-86.869078, 39.200028], [-86.869162, 39.199972], [-86.869185, 39.199957], [-86.869619, 39.199681], [-86.869788, 39.199574], [-86.86983, 39.199547], [-86.870004, 39.199437], [-86.870947, 39.198839], [-86.871225, 39.198661], [-86.871472, 39.198504], [-86.871778, 39.198313], [-86.871795, 39.198303], [-86.871818, 39.198288], [-86.872005, 39.198172], [-86.872479, 39.197854], [-86.872769, 39.197665], [-86.872972, 39.197515], [-86.873052, 39.197454], [-86.873097, 39.19742], [-86.873104, 39.197414], [-86.873142, 39.197385], [-86.873153, 39.197376], [-86.873157, 39.197374], [-86.873157, 39.197374], [-86.873172, 39.197362], [-86.873203, 39.197338], [-86.87323, 39.197318], [-86.873483, 39.197097], [-86.873523, 39.197058], [-86.873658, 39.196929], [-86.873814, 39.196761], [-86.873992, 39.196559], [-86.87404, 39.196504], [-86.874059, 39.196481], [-86.874256, 39.196254], [-86.874293, 39.196206], [-86.874344, 39.196139], [-86.874454, 39.195965], [-86.874459, 39.195958], [-86.874479, 39.195926], [-86.874496, 39.1959], [-86.874525, 39.19585], [-86.874561, 39.195788], [-86.874569, 39.195774], [-86.874643, 39.195648], [-86.874713, 39.195528], [-86.87486, 39.195278], [-86.874897, 39.195215], [-86.874904, 39.195203], [-86.874907, 39.195198], [-86.874971, 39.195089], [-86.875865, 39.193555], [-86.876598, 39.192165], [-86.876728, 39.191901], [-86.877101, 39.191143], [-86.877903, 39.189413], [-86.878119, 39.188946], [-86.878127, 39.188929], [-86.878128, 39.188926], [-86.87813, 39.188923], [-86.878171, 39.188833], [-86.878199, 39.188757], [-86.878211, 39.188723], [-86.878213, 39.188719], [-86.878213, 39.188718], [-86.878215, 39.188714], [-86.878222, 39.188694], [-86.878337, 39.188387], [-86.878448, 39.188097], [-86.878474, 39.188022], [-86.878481, 39.188003], [-86.878517, 39.1879], [-86.878614, 39.187618], [-86.878734, 39.187318], [-86.878788, 39.187124], [-86.878799, 39.187085], [-86.878887, 39.186749], [-86.878943, 39.186535], [-86.879197, 39.185459], [-86.87922, 39.185358], [-86.879255, 39.185201], [-86.879257, 39.185191], [-86.879271, 39.185126], [-86.879345, 39.18484], [-86.879381, 39.184695], [-86.879387, 39.184671], [-86.879388, 39.184667], [-86.879405, 39.184597], [-86.879448, 39.184467], [-86.879468, 39.184407], [-86.879469, 39.184404], [-86.879472, 39.184393], [-86.879488, 39.184344], [-86.879493, 39.184329], [-86.879576, 39.184093], [-86.87971, 39.183807], [-86.879807, 39.18361], [-86.879825, 39.183571], [-86.879894, 39.183432], [-86.879913, 39.183392], [-86.879961, 39.183314], [-86.879978, 39.183285], [-86.880093, 39.183096], [-86.880202, 39.182921], [-86.8803, 39.182763], [-86.880326, 39.182734], [-86.880391, 39.182661], [-86.880411, 39.182639], [-86.880445, 39.182601], [-86.880498, 39.182542], [-86.880756, 39.182227], [-86.880882, 39.182104], [-86.880954, 39.182034], [-86.881114, 39.18188], [-86.881137, 39.181858], [-86.881145, 39.181851], [-86.881147, 39.181849], [-86.881151, 39.181845], [-86.881168, 39.181831], [-86.881199, 39.181805], [-86.881359, 39.18167], [-86.881773, 39.181348], [-86.882049, 39.181158], [-86.882094, 39.181128], [-86.882133, 39.181101], [-86.882167, 39.181077], [-86.882171, 39.181075], [-86.882178, 39.18107], [-86.882596, 39.180816], [-86.883531, 39.18033], [-86.88375, 39.180216], [-86.884059, 39.180056], [-86.884853, 39.179647], [-86.886363, 39.178871], [-86.886781, 39.178671], [-86.88686, 39.178632], [-86.88709, 39.178516], [-86.887305, 39.178407], [-86.887509, 39.178307], [-86.887595, 39.178264], [-86.887626, 39.17825], [-86.887671, 39.178229], [-86.887687, 39.178222], [-86.887696, 39.178218], [-86.887922, 39.178114], [-86.887931, 39.178111], [-86.888115, 39.17804], [-86.888221, 39.178], [-86.888322, 39.177961], [-86.888605, 39.177859], [-86.888708, 39.177822], [-86.888962, 39.177741], [-86.889223, 39.177658], [-86.889256, 39.177648], [-86.889407, 39.177604], [-86.889451, 39.177591], [-86.889454, 39.17759], [-86.88954, 39.177565], [-86.890041, 39.177444], [-86.890505, 39.177355], [-86.891365, 39.177191], [-86.891494, 39.177172], [-86.891648, 39.177149], [-86.891723, 39.177138], [-86.891822, 39.177123], [-86.891825, 39.177123], [-86.892104, 39.177081], [-86.892559, 39.177017], [-86.893534, 39.176915], [-86.893821, 39.176892], [-86.894035, 39.176876], [-86.894367, 39.176853], [-86.894825, 39.176823], [-86.895768, 39.176794], [-86.896425, 39.176775], [-86.896666, 39.176768], [-86.896681, 39.176767], [-86.896683, 39.176767], [-86.896752, 39.176767], [-86.897481, 39.176764], [-86.898139, 39.176761], [-86.899117, 39.176757], [-86.89942, 39.176755], [-86.90322, 39.17673], [-86.903826, 39.17673], [-86.904002, 39.176725], [-86.904185, 39.17672], [-86.904447, 39.176702], [-86.904773, 39.17666], [-86.905047, 39.176605], [-86.905114, 39.176592], [-86.90526, 39.176563], [-86.9056, 39.176464], [-86.90561, 39.17646], [-86.905972, 39.176342], [-86.90635, 39.176177], [-86.906351, 39.176177], [-86.906676, 39.176035], [-86.907706, 39.175587], [-86.907794, 39.175549], [-86.909292, 39.174897], [-86.909751, 39.174722], [-86.910505, 39.174379], [-86.91085, 39.174212], [-86.910874, 39.1742], [-86.910879, 39.174198], [-86.91097, 39.174154], [-86.911259, 39.173999], [-86.911339, 39.173956], [-86.911484, 39.173879], [-86.91159, 39.173822], [-86.91274, 39.173168], [-86.912854, 39.173098], [-86.912936, 39.173047], [-86.912947, 39.17304], [-86.913038, 39.172984], [-86.913515, 39.17269], [-86.913949, 39.172422], [-86.914162, 39.172295], [-86.914229, 39.172254], [-86.914266, 39.172232], [-86.914347, 39.172183], [-86.91463, 39.172014], [-86.915692, 39.171357], [-86.915918, 39.171222], [-86.915996, 39.171175], [-86.916029, 39.171155], [-86.91612, 39.171101], [-86.916391, 39.170939], [-86.916409, 39.170925], [-86.916424, 39.170912], [-86.916469, 39.170876], [-86.916758, 39.170643], [-86.916984, 39.170475], [-86.917104, 39.170363], [-86.917126, 39.170343], [-86.917197, 39.170277], [-86.917329, 39.170157], [-86.917485, 39.169964], [-86.917596, 39.169848], [-86.917599, 39.169845], [-86.917602, 39.169841], [-86.917632, 39.16981], [-86.917773, 39.16962], [-86.917789, 39.169599], [-86.917838, 39.169529], [-86.91785, 39.169512], [-86.917873, 39.16948], [-86.917918, 39.169417], [-86.917919, 39.169415], [-86.917932, 39.169396], [-86.917944, 39.16938], [-86.918073, 39.169196], [-86.918079, 39.169188], [-86.918208, 39.168952], [-86.918338, 39.168684], [-86.918378, 39.168602], [-86.918459, 39.168416], [-86.918604, 39.168083], [-86.918633, 39.168019], [-86.918705, 39.167853], [-86.918759, 39.167746], [-86.918789, 39.167688], [-86.918866, 39.167537], [-86.918867, 39.167535], [-86.918869, 39.167531], [-86.918872, 39.167525], [-86.918873, 39.167524], [-86.918874, 39.167522], [-86.918879, 39.167512], [-86.918883, 39.167504], [-86.918936, 39.167399], [-86.91897, 39.167337], [-86.919031, 39.167226], [-86.919064, 39.167165], [-86.919078, 39.167138], [-86.919101, 39.167095], [-86.919123, 39.167056], [-86.919125, 39.167052], [-86.919163, 39.166996], [-86.919208, 39.166931], [-86.919251, 39.166867], [-86.919291, 39.166809], [-86.919439, 39.166626], [-86.919452, 39.16661], [-86.91946, 39.166599], [-86.919461, 39.166598], [-86.919468, 39.166591], [-86.919476, 39.166583], [-86.919636, 39.166423], [-86.919753, 39.166312], [-86.919784, 39.166283], [-86.91987, 39.166202], [-86.920105, 39.166005], [-86.920348, 39.165823], [-86.920537, 39.165712], [-86.920785, 39.165584], [-86.920865, 39.165547], [-86.920967, 39.165501], [-86.921148, 39.165419], [-86.9213, 39.165357], [-86.921307, 39.165354], [-86.921311, 39.165353], [-86.921419, 39.165309], [-86.921587, 39.16525], [-86.921755, 39.165191], [-86.921885, 39.165156], [-86.922029, 39.165118], [-86.922303, 39.165044], [-86.922577, 39.164971], [-86.922852, 39.164898], [-86.922888, 39.164888], [-86.923126, 39.164825], [-86.9234, 39.164752], [-86.923707, 39.164669], [-86.923712, 39.164667], [-86.924013, 39.164586], [-86.924173, 39.164542], [-86.924267, 39.164517], [-86.92432, 39.164503], [-86.924537, 39.164444], [-86.924623, 39.164421], [-86.924626, 39.16442], [-86.924772, 39.16438], [-86.924843, 39.164361], [-86.924891, 39.164348], [-86.924912, 39.164342], [-86.924933, 39.164337], [-86.92507, 39.164299], [-86.925239, 39.164253], [-86.925446, 39.164197], [-86.925493, 39.164185], [-86.925515, 39.164179], [-86.925524, 39.164176], [-86.925546, 39.16417], [-86.925576, 39.164162], [-86.925618, 39.16415], [-86.92587, 39.164079], [-86.926071, 39.164022], [-86.926194, 39.163987], [-86.926435, 39.163919], [-86.926454, 39.163914], [-86.926475, 39.163908], [-86.926519, 39.163896], [-86.926546, 39.163888], [-86.926564, 39.163883], [-86.92657, 39.163881], [-86.926605, 39.163871], [-86.926843, 39.163804], [-86.927051, 39.163745], [-86.927167, 39.163712], [-86.927393, 39.163649], [-86.927404, 39.163646], [-86.927433, 39.163637], [-86.927491, 39.163621], [-86.927515, 39.163614], [-86.927552, 39.163604], [-86.927575, 39.163597], [-86.927593, 39.163592], [-86.927669, 39.163571], [-86.927815, 39.163529], [-86.92814, 39.163438], [-86.928351, 39.163378], [-86.928391, 39.163367], [-86.928442, 39.163352], [-86.928464, 39.163346], [-86.928719, 39.163273], [-86.928771, 39.163258], [-86.928792, 39.163252], [-86.928846, 39.163236], [-86.928974, 39.1632], [-86.929116, 39.163152], [-86.929126, 39.163148], [-86.929132, 39.163146], [-86.929142, 39.163143], [-86.929149, 39.16314], [-86.929161, 39.163136], [-86.929191, 39.163126], [-86.929309, 39.163086], [-86.929391, 39.163054], [-86.929456, 39.163028], [-86.929492, 39.163015], [-86.929613, 39.162968], [-86.929785, 39.162896], [-86.929884, 39.162855], [-86.929909, 39.162845], [-86.929941, 39.162832], [-86.929957, 39.162825], [-86.930123, 39.162737], [-86.930288, 39.16265], [-86.93056, 39.162496], [-86.930581, 39.162483], [-86.930618, 39.162461], [-86.930653, 39.162439], [-86.930734, 39.162389], [-86.930915, 39.162275], [-86.930918, 39.162273], [-86.930932, 39.162264], [-86.931164, 39.162109], [-86.931396, 39.161953], [-86.93141, 39.161943], [-86.931439, 39.161922], [-86.931452, 39.161912], [-86.931596, 39.161808], [-86.931682, 39.161745], [-86.931691, 39.161738], [-86.931699, 39.161732], [-86.931768, 39.161682], [-86.931796, 39.161662], [-86.931829, 39.161638], [-86.931996, 39.161516], [-86.932132, 39.161417], [-86.932196, 39.161371], [-86.932306, 39.161288], [-86.93234, 39.161262], [-86.93258, 39.161082], [-86.932621, 39.16105], [-86.932819, 39.160901], [-86.933, 39.160765], [-86.933008, 39.160759], [-86.933018, 39.160752], [-86.933053, 39.160725], [-86.933059, 39.16072], [-86.933077, 39.160707], [-86.933111, 39.160681], [-86.93312, 39.160675], [-86.933133, 39.160665], [-86.933203, 39.160612], [-86.933299, 39.16054], [-86.933538, 39.160359], [-86.933783, 39.160179], [-86.934027, 39.159998], [-86.93422, 39.159856], [-86.934232, 39.159848], [-86.934242, 39.15984], [-86.934252, 39.159832], [-86.934272, 39.159818], [-86.934517, 39.159637], [-86.934617, 39.159563], [-86.934761, 39.159457], [-86.934977, 39.159297], [-86.935006, 39.159277], [-86.935152, 39.159169], [-86.935196, 39.159136], [-86.935228, 39.159112], [-86.935237, 39.159106], [-86.93525, 39.159096], [-86.935495, 39.158916], [-86.935739, 39.158735], [-86.935984, 39.158555], [-86.93602, 39.158527], [-86.936032, 39.158518], [-86.936098, 39.158466], [-86.936132, 39.15844], [-86.936182, 39.158401], [-86.936309, 39.158303], [-86.936381, 39.158248], [-86.936579, 39.158094], [-86.936778, 39.157941], [-86.936981, 39.157783], [-86.937005, 39.157765], [-86.937185, 39.157626], [-86.937318, 39.157523], [-86.937388, 39.157469], [-86.937415, 39.157448], [-86.937592, 39.157311], [-86.937622, 39.157287], [-86.937795, 39.157154], [-86.938032, 39.156976], [-86.938032, 39.156975], [-86.938034, 39.156974], [-86.93827, 39.156797], [-86.938309, 39.156768], [-86.93838, 39.156714], [-86.938395, 39.156703], [-86.938402, 39.156697], [-86.938447, 39.156664], [-86.938507, 39.156619], [-86.938569, 39.156572], [-86.938622, 39.156532], [-86.938744, 39.15644], [-86.938942, 39.156292], [-86.938966, 39.156274], [-86.938982, 39.156262], [-86.939041, 39.156218], [-86.939219, 39.156084], [-86.939341, 39.155992], [-86.939456, 39.155905], [-86.939694, 39.155727], [-86.939821, 39.155631], [-86.939931, 39.155548], [-86.940139, 39.155392], [-86.940168, 39.15537], [-86.940206, 39.155342], [-86.940406, 39.155192], [-86.940473, 39.155142], [-86.94058, 39.155063], [-86.940755, 39.154934], [-86.940939, 39.1548], [-86.941123, 39.154666], [-86.941158, 39.154638], [-86.941274, 39.154543], [-86.94133, 39.154498], [-86.941338, 39.154492], [-86.941363, 39.154471], [-86.941426, 39.15442], [-86.941656, 39.154234], [-86.941785, 39.15413], [-86.941796, 39.154121], [-86.941936, 39.154009], [-86.941961, 39.153987], [-86.942016, 39.15394], [-86.942028, 39.153929], [-86.942031, 39.153927], [-86.942055, 39.153907], [-86.942109, 39.15386], [-86.942123, 39.153848], [-86.942148, 39.153826], [-86.942156, 39.15382], [-86.942281, 39.153712], [-86.942303, 39.153692], [-86.942359, 39.153639], [-86.942361, 39.153638], [-86.942364, 39.153635], [-86.942373, 39.153626], [-86.942392, 39.153608], [-86.94247, 39.153536], [-86.942475, 39.153531], [-86.942489, 39.153518], [-86.942504, 39.153504], [-86.942632, 39.153385], [-86.94266, 39.153359], [-86.942661, 39.153358], [-86.942662, 39.153357], [-86.942678, 39.153342], [-86.942818, 39.153212], [-86.942975, 39.153065], [-86.943029, 39.153006], [-86.943067, 39.152964], [-86.943085, 39.152945], [-86.943152, 39.15287], [-86.94316, 39.152861], [-86.943179, 39.15284], [-86.943191, 39.152827], [-86.943329, 39.152675], [-86.943476, 39.15252], [-86.943522, 39.152471], [-86.943623, 39.152365], [-86.943724, 39.152248], [-86.943726, 39.152245], [-86.94373, 39.152241], [-86.943747, 39.152221], [-86.943758, 39.152208], [-86.943893, 39.152052], [-86.94391, 39.152033], [-86.943946, 39.151991], [-86.944004, 39.151924], [-86.944028, 39.151896], [-86.944043, 39.151877], [-86.944111, 39.151792], [-86.944141, 39.151756], [-86.944192, 39.151692], [-86.944275, 39.151589], [-86.944284, 39.151578], [-86.944322, 39.15153], [-86.944357, 39.151487], [-86.944521, 39.151282], [-86.944543, 39.151255], [-86.944566, 39.151226], [-86.944572, 39.151219], [-86.944685, 39.151078], [-86.944711, 39.151044], [-86.944717, 39.151036], [-86.944856, 39.150852], [-86.944955, 39.150721], [-86.945019, 39.150637], [-86.945025, 39.150629], [-86.945026, 39.150627], [-86.94503, 39.150623], [-86.945084, 39.150551], [-86.945197, 39.150402], [-86.945216, 39.150377], [-86.945367, 39.150177], [-86.945489, 39.150016], [-86.945538, 39.149952], [-86.945552, 39.149933], [-86.945564, 39.149917], [-86.945567, 39.149913], [-86.945568, 39.149911], [-86.945708, 39.149727], [-86.945853, 39.149536], [-86.945879, 39.149501], [-86.945895, 39.14948], [-86.946049, 39.149276], [-86.94622, 39.149051], [-86.946349, 39.148881], [-86.946405, 39.148806], [-86.946478, 39.14871], [-86.946546, 39.14862], [-86.946593, 39.148558], [-86.946607, 39.14854], [-86.946607, 39.148539], [-86.946619, 39.148524], [-86.946627, 39.148513], [-86.946782, 39.14831], [-86.946943, 39.148097], [-86.946951, 39.148087], [-86.946956, 39.148081], [-86.946957, 39.14808], [-86.946957, 39.14808], [-86.946961, 39.148074], [-86.947131, 39.147851], [-86.947131, 39.147851], [-86.947132, 39.147849], [-86.947221, 39.147733], [-86.947306, 39.147621], [-86.947367, 39.147541], [-86.947385, 39.147517], [-86.947387, 39.147515], [-86.947391, 39.14751], [-86.947481, 39.147392], [-86.947607, 39.147227], [-86.94761, 39.147224], [-86.947616, 39.147217], [-86.947633, 39.147194], [-86.947637, 39.147189], [-86.947677, 39.147137], [-86.947793, 39.146986], [-86.947879, 39.146874], [-86.94795, 39.146783], [-86.948106, 39.14658], [-86.948229, 39.14642], [-86.948252, 39.14639], [-86.948258, 39.146383], [-86.948262, 39.146377], [-86.948266, 39.146373], [-86.948288, 39.146343], [-86.948297, 39.146332], [-86.948418, 39.146174], [-86.9485, 39.146068], [-86.948575, 39.145971], [-86.948702, 39.145806], [-86.948714, 39.14579], [-86.948728, 39.145772], [-86.948731, 39.145769], [-86.94875, 39.145745], [-86.948874, 39.145591], [-86.948929, 39.145522], [-86.948937, 39.145512], [-86.948944, 39.145503], [-86.948962, 39.145481], [-86.949016, 39.145413], [-86.949077, 39.145337], [-86.949079, 39.145335], [-86.949083, 39.14533], [-86.949159, 39.145236], [-86.949316, 39.145033], [-86.949473, 39.14483], [-86.949515, 39.144776], [-86.949519, 39.144771], [-86.949529, 39.144758], [-86.949629, 39.144628], [-86.949644, 39.144609], [-86.949673, 39.144571], [-86.949678, 39.144565], [-86.949679, 39.144563], [-86.9497, 39.144536], [-86.949786, 39.144425], [-86.949943, 39.144222], [-86.9501, 39.144019], [-86.950208, 39.14388], [-86.95021, 39.143877], [-86.950222, 39.143862], [-86.950257, 39.143817], [-86.950421, 39.143603], [-86.950584, 39.143389], [-86.950748, 39.143175], [-86.950911, 39.142962], [-86.950936, 39.142929], [-86.951074, 39.142748], [-86.951238, 39.142534], [-86.951401, 39.142321], [-86.951565, 39.142107], [-86.951711, 39.141916], [-86.951728, 39.141893], [-86.951749, 39.141865], [-86.951831, 39.141752], [-86.951891, 39.141671], [-86.9519, 39.141659], [-86.951914, 39.141639], [-86.952054, 39.141448], [-86.952204, 39.141243], [-86.952216, 39.141226], [-86.952362, 39.141027], [-86.952367, 39.14102], [-86.952379, 39.141004], [-86.952399, 39.140976], [-86.952409, 39.140963], [-86.952456, 39.140898], [-86.952542, 39.140781], [-86.952619, 39.140676], [-86.952705, 39.140559], [-86.952834, 39.140382], [-86.952867, 39.140336], [-86.952876, 39.140324], [-86.952889, 39.140306], [-86.952895, 39.140299], [-86.952938, 39.14024], [-86.95303, 39.140114], [-86.953127, 39.139982], [-86.953193, 39.139892], [-86.953259, 39.139801], [-86.953324, 39.139713], [-86.953335, 39.139697], [-86.953355, 39.139669], [-86.953356, 39.139668], [-86.953361, 39.139662], [-86.953365, 39.139658], [-86.953365, 39.139657], [-86.953437, 39.139567], [-86.95359, 39.139374], [-86.953742, 39.139182], [-86.953895, 39.138989], [-86.954048, 39.138797], [-86.954201, 39.138604], [-86.954277, 39.138507], [-86.954352, 39.138411], [-86.954503, 39.138218], [-86.95455, 39.138157], [-86.954653, 39.138025], [-86.954727, 39.137931], [-86.954745, 39.137907], [-86.954747, 39.137905], [-86.954749, 39.137902], [-86.954792, 39.137847], [-86.954804, 39.137832], [-86.954823, 39.137807], [-86.954935, 39.137664], [-86.954944, 39.137653], [-86.954944, 39.137652], [-86.954955, 39.137639], [-86.954974, 39.137613], [-86.954986, 39.137598], [-86.95499, 39.137592], [-86.955121, 39.137422], [-86.955153, 39.13738], [-86.955214, 39.1373], [-86.955287, 39.137205], [-86.955333, 39.137146], [-86.955429, 39.137021], [-86.955454, 39.136988], [-86.95562, 39.136771], [-86.955786, 39.136555], [-86.95591, 39.136394], [-86.955917, 39.136384], [-86.95592, 39.13638], [-86.955953, 39.136338], [-86.955981, 39.136301], [-86.956004, 39.136271], [-86.956019, 39.136252], [-86.95602, 39.13625], [-86.956024, 39.136245], [-86.956119, 39.136121], [-86.956285, 39.135904], [-86.956451, 39.135688], [-86.956534, 39.13558], [-86.956616, 39.135474], [-86.956618, 39.135471], [-86.956621, 39.135466], [-86.956784, 39.135254], [-86.956944, 39.135048], [-86.956945, 39.135047], [-86.956954, 39.135035], [-86.9571, 39.134847], [-86.957106, 39.13484], [-86.957112, 39.134832], [-86.957115, 39.134828], [-86.957128, 39.134812], [-86.957267, 39.134634], [-86.957305, 39.134585], [-86.957351, 39.134525], [-86.957357, 39.134518], [-86.957361, 39.134512], [-86.957398, 39.134464], [-86.957427, 39.134427], [-86.957588, 39.13422], [-86.95765, 39.134141], [-86.957704, 39.134072], [-86.95772, 39.134051], [-86.957749, 39.134013], [-86.957787, 39.133962], [-86.957807, 39.133936], [-86.957922, 39.133784], [-86.958088, 39.133563], [-86.958094, 39.133555], [-86.958096, 39.133553], [-86.958148, 39.133484], [-86.958233, 39.133371], [-86.958267, 39.133326], [-86.958281, 39.133307], [-86.958289, 39.133296], [-86.958439, 39.133096], [-86.958501, 39.133015], [-86.958612, 39.132867], [-86.95864, 39.132829], [-86.958649, 39.132818], [-86.958785, 39.132638], [-86.958862, 39.132536], [-86.958872, 39.132522], [-86.958876, 39.132517], [-86.958889, 39.132499], [-86.958908, 39.132475], [-86.958957, 39.132409], [-86.95913, 39.13218], [-86.959256, 39.132012], [-86.959302, 39.13195], [-86.959454, 39.131753], [-86.959606, 39.131556], [-86.959757, 39.131359], [-86.959817, 39.131281], [-86.959818, 39.131279], [-86.959824, 39.131272], [-86.959852, 39.131235], [-86.959909, 39.131161], [-86.960044, 39.130985], [-86.960061, 39.130964], [-86.960082, 39.130936], [-86.960212, 39.130767], [-86.960291, 39.130667], [-86.960341, 39.130605], [-86.96047, 39.130442], [-86.960509, 39.130393], [-86.960547, 39.130345], [-86.960556, 39.130334], [-86.960598, 39.13028], [-86.960636, 39.130233], [-86.960636, 39.130233], [-86.960644, 39.130223], [-86.960761, 39.130075], [-86.960924, 39.129869], [-86.961018, 39.129752], [-86.961076, 39.12968], [-86.96112, 39.129626], [-86.961179, 39.129551], [-86.961201, 39.129524], [-86.961228, 39.12949], [-86.96123, 39.129488], [-86.961239, 39.129476], [-86.961248, 39.129465], [-86.961343, 39.129346], [-86.961457, 39.129201], [-86.961641, 39.128997], [-86.961751, 39.128872], [-86.961826, 39.128787], [-86.961862, 39.128747], [-86.961895, 39.128716], [-86.961986, 39.128632], [-86.962128, 39.128504], [-86.96221, 39.12843], [-86.962271, 39.128375], [-86.962399, 39.128261], [-86.962478, 39.128191], [-86.96249, 39.12818], [-86.962528, 39.128146], [-86.96263, 39.128062], [-86.962738, 39.127973], [-86.962753, 39.12796], [-86.962765, 39.127951], [-86.962895, 39.127846], [-86.963038, 39.127732], [-86.963194, 39.127615], [-86.963235, 39.127585], [-86.963262, 39.127565], [-86.963279, 39.127552], [-86.96335, 39.127499], [-86.963448, 39.127424], [-86.963458, 39.127416], [-86.963484, 39.127396], [-86.963559, 39.127338], [-86.963659, 39.127261], [-86.963768, 39.127177], [-86.96381, 39.127146], [-86.963831, 39.12713], [-86.963837, 39.127126], [-86.963919, 39.127065], [-86.963943, 39.127047], [-86.964117, 39.126916], [-86.964328, 39.126782], [-86.964356, 39.126765], [-86.96454, 39.126648], [-86.964762, 39.126525], [-86.964927, 39.126434], [-86.964985, 39.126402], [-86.965226, 39.126284], [-86.965466, 39.126166], [-86.965616, 39.126092], [-86.965706, 39.126048], [-86.965808, 39.126002], [-86.965883, 39.125969], [-86.965887, 39.125967], [-86.965896, 39.125963], [-86.965924, 39.12595], [-86.965945, 39.125941], [-86.966022, 39.125906], [-86.966086, 39.125877], [-86.966125, 39.12586], [-86.966184, 39.125833], [-86.966403, 39.125735], [-86.966423, 39.125726], [-86.966423, 39.125726], [-86.966654, 39.125627], [-86.966885, 39.125528], [-86.966912, 39.125517], [-86.966939, 39.125505], [-86.967116, 39.12543], [-86.967268, 39.12538], [-86.96733, 39.12536], [-86.967396, 39.125339], [-86.967462, 39.125317], [-86.967483, 39.12531], [-86.967504, 39.125303], [-86.967586, 39.125277], [-86.967675, 39.125248], [-86.967936, 39.125163], [-86.96795, 39.125158], [-86.967954, 39.125157], [-86.967957, 39.125156], [-86.96801, 39.125139], [-86.968234, 39.125066], [-86.968308, 39.125042], [-86.968315, 39.12504], [-86.968372, 39.125021], [-86.968513, 39.124975], [-86.968564, 39.124959], [-86.968606, 39.124945], [-86.968648, 39.124932], [-86.968793, 39.124884], [-86.96888, 39.124856], [-86.96888, 39.124856], [-86.968906, 39.124848], [-86.969072, 39.124794], [-86.969356, 39.124702], [-86.969615, 39.124618], [-86.969639, 39.12461], [-86.969652, 39.124606], [-86.969777, 39.124566], [-86.969923, 39.124519], [-86.970207, 39.124427], [-86.97049, 39.124336], [-86.970574, 39.124308], [-86.970593, 39.124302], [-86.970774, 39.124244], [-86.97093, 39.124194], [-86.971057, 39.124153], [-86.971341, 39.124061], [-86.97158, 39.123982], [-86.971818, 39.123904], [-86.971884, 39.123882], [-86.97197, 39.123854], [-86.972014, 39.123839], [-86.972031, 39.123834], [-86.972057, 39.123825], [-86.972305, 39.123736], [-86.972378, 39.123704], [-86.972484, 39.123659], [-86.972502, 39.123651], [-86.972569, 39.123622], [-86.972574, 39.12362], [-86.972577, 39.123619], [-86.972663, 39.123582], [-86.972783, 39.12352], [-86.972948, 39.123436], [-86.973029, 39.12339], [-86.973035, 39.123386], [-86.973047, 39.123379], [-86.973141, 39.123326], [-86.973205, 39.12329], [-86.973246, 39.123267], [-86.973251, 39.123264], [-86.973267, 39.123255], [-86.973334, 39.123217], [-86.973337, 39.123216], [-86.973459, 39.123147], [-86.973498, 39.123125], [-86.973555, 39.123093], [-86.973598, 39.123069], [-86.97376, 39.122978], [-86.973809, 39.12295], [-86.973823, 39.122943], [-86.973862, 39.122921], [-86.974126, 39.122772], [-86.97439, 39.122624], [-86.974541, 39.122542], [-86.974651, 39.122471], [-86.974708, 39.122434], [-86.97473, 39.12242], [-86.974817, 39.122347], [-86.974845, 39.122324], [-86.974941, 39.122181], [-86.974998, 39.122078], [-86.975001, 39.122073], [-86.975001, 39.122071], [-86.975004, 39.122059], [-86.975004, 39.122057], [-86.975012, 39.122019], [-86.975028, 39.121941], [-86.975037, 39.121866], [-86.975051, 39.121752], [-86.975049, 39.121584], [-86.975048, 39.12145], [-86.975048, 39.12145], [-86.975048, 39.12145], [-86.975047, 39.121378], [-86.975046, 39.121314], [-86.975046, 39.121313], [-86.975045, 39.121265], [-86.975044, 39.121171], [-86.975043, 39.121063], [-86.975041, 39.120965], [-86.97504, 39.12084], [-86.975039, 39.120759], [-86.975038, 39.120699], [-86.975036, 39.120556], [-86.975034, 39.120353], [-86.975038, 39.120239], [-86.975043, 39.120194], [-86.975047, 39.120149], [-86.975067, 39.120117], [-86.975068, 39.120115], [-86.975069, 39.120114], [-86.97509, 39.120079], [-86.975125, 39.120021], [-86.975126, 39.12002], [-86.97514, 39.120003], [-86.975248, 39.119869], [-86.975284, 39.119824], [-86.975347, 39.119745], [-86.975367, 39.119721], [-86.975372, 39.119715], [-86.975386, 39.119697], [-86.975421, 39.119654], [-86.975442, 39.119627], [-86.975601, 39.119431], [-86.97563, 39.119395], [-86.975633, 39.119391], [-86.975637, 39.119386], [-86.97569, 39.119321], [-86.975759, 39.119234], [-86.975958, 39.119021], [-86.976032, 39.11894], [-86.976108, 39.118859], [-86.976235, 39.118723], [-86.976245, 39.118711], [-86.976257, 39.118699], [-86.976258, 39.118698], [-86.976276, 39.118708], [-86.976324, 39.118737], [-86.976399, 39.118782], [-86.976526, 39.118806], [-86.976566, 39.118813], [-86.976581, 39.118813], [-86.976609, 39.118813], [-86.976623, 39.118813], [-86.976717, 39.118813], [-86.979156, 39.118792], [-86.979216, 39.118791], [-86.979218, 39.118791], [-86.979218, 39.118959], [-86.979218, 39.119015], [-86.979218, 39.119016], [-86.979217, 39.119532], [-86.979216, 39.120039], [-86.979218, 39.120393], [-86.97922, 39.120724], [-86.97922, 39.120995], [-86.97922, 39.121553], [-86.979241, 39.122039], [-86.979241, 39.12204], [-86.979241, 39.122041], [-86.979241, 39.122073], [-86.979241, 39.122074], [-86.979241, 39.122074], [-86.979244, 39.122307], [-86.979246, 39.122522], [-86.979243, 39.12261], [-86.979237, 39.122759], [-86.979237, 39.12276], [-86.979237, 39.122762], [-86.979229, 39.122986], [-86.979221, 39.12318], [-86.979226, 39.123948], [-86.979226, 39.123948], [-86.979226, 39.123948], [-86.979233, 39.125149], [-86.97926, 39.128604], [-86.97926, 39.128607], [-86.979265, 39.129351], [-86.979274, 39.130555], [-86.979292, 39.130678], [-86.979293, 39.130681], [-86.979293, 39.130682], [-86.979304, 39.130703], [-86.979304, 39.130705], [-86.979306, 39.130709], [-86.979342, 39.130781], [-86.979378, 39.130808], [-86.979403, 39.130826], [-86.979415, 39.130835], [-86.979434, 39.130848], [-86.979623, 39.13088], [-86.979813, 39.13088], [-86.981276, 39.130831], [-86.981343, 39.130834], [-86.981364, 39.130835], [-86.981365, 39.130835], [-86.981448, 39.13084], [-86.981555, 39.130886], [-86.981583, 39.130898], [-86.981656, 39.130975], [-86.981694, 39.131028], [-86.981723, 39.131069], [-86.981748, 39.131128], [-86.981785, 39.131214], [-86.981994, 39.131651], [-86.982224, 39.132131], [-86.982238, 39.13216], [-86.98224, 39.132166], [-86.982268, 39.132223], [-86.982268, 39.132224], [-86.982271, 39.132226], [-86.982353, 39.132322], [-86.982368, 39.132334], [-86.982431, 39.132383], [-86.982435, 39.132387], [-86.982439, 39.13239], [-86.982455, 39.132397], [-86.982474, 39.132404], [-86.982503, 39.132417], [-86.982586, 39.132453], [-86.982733, 39.132475], [-86.983341, 39.13249], [-86.983577, 39.132496], [-86.983656, 39.132498], [-86.98367, 39.132498], [-86.983684, 39.132501], [-86.983703, 39.132504], [-86.983756, 39.132513], [-86.98379, 39.13252], [-86.983872, 39.132534], [-86.984025, 39.132579], [-86.984147, 39.132642], [-86.984195, 39.132671], [-86.984253, 39.132705], [-86.984268, 39.132714], [-86.984276, 39.132719], [-86.984296, 39.132735], [-86.984315, 39.132749], [-86.984342, 39.132769], [-86.984417, 39.132827], [-86.984497, 39.132894], [-86.9846, 39.13298], [-86.984647, 39.133029], [-86.984707, 39.133091], [-86.984722, 39.133107], [-86.984725, 39.13311], [-86.984735, 39.13312], [-86.98482, 39.133182], [-86.984913, 39.133251], [-86.985151, 39.133426], [-86.98521, 39.133462], [-86.985322, 39.13353], [-86.985449, 39.133608], [-86.985469, 39.13362], [-86.985643, 39.133706], [-86.985794, 39.133781], [-86.985889, 39.133829], [-86.985904, 39.133836], [-86.985978, 39.133868], [-86.986063, 39.133904], [-86.986253, 39.13394], [-86.986421, 39.133959], [-86.986426, 39.133959], [-86.986437, 39.133961], [-86.986449, 39.133962], [-86.986455, 39.133963], [-86.986482, 39.133964], [-86.986504, 39.133965], [-86.986737, 39.133976], [-86.987906, 39.134048], [-86.989035, 39.134108], [-86.990221, 39.13417], [-86.991999, 39.13427], [-86.992053, 39.134273], [-86.992359, 39.13429], [-86.992958, 39.134324], [-86.993239, 39.134378], [-86.993282, 39.134403], [-86.993309, 39.134419], [-86.993331, 39.134432], [-86.993337, 39.134436], [-86.993348, 39.134448], [-86.993404, 39.134504], [-86.993421, 39.134555], [-86.993435, 39.134599], [-86.993472, 39.135493], [-86.993502, 39.136216], [-86.99352, 39.138545], [-86.993546, 39.139462], [-86.993549, 39.139576], [-86.993549, 39.139578], [-86.993549, 39.139591], [-86.993551, 39.139645], [-86.993551, 39.139803], [-86.993551, 39.139803], [-86.993551, 39.139804], [-86.993557, 39.141051], [-86.993575, 39.142704], [-86.993581, 39.143932], [-86.993581, 39.143932], [-86.993582, 39.144295], [-86.993583, 39.144439], [-86.993591, 39.144694], [-86.993607, 39.145214], [-86.993608, 39.145222], [-86.993654, 39.146705], [-86.99367, 39.146746], [-86.993691, 39.146804], [-86.993713, 39.146833], [-86.993746, 39.146876], [-86.993798, 39.146907], [-86.993833, 39.146928], [-86.993837, 39.14693], [-86.993838, 39.14693], [-86.993979, 39.146948], [-86.994329, 39.14695], [-86.995045, 39.146953], [-86.996067, 39.146957], [-86.998663, 39.146967], [-86.998776, 39.146961], [-87.00061, 39.14695], [-87.002393, 39.146945], [-87.002784, 39.146944], [-87.00327, 39.146943], [-87.003972, 39.146941], [-87.004711, 39.146939], [-87.004955, 39.146939], [-87.005106, 39.146938], [-87.005197, 39.146938], [-87.007625, 39.146905], [-87.008688, 39.146901], [-87.00957, 39.146898], [-87.009745, 39.146898], [-87.009896, 39.146897], [-87.010542, 39.146895], [-87.011397, 39.146892], [-87.012263, 39.14689], [-87.012378, 39.14689], [-87.012545, 39.146889], [-87.01403, 39.146885], [-87.014169, 39.146886], [-87.014271, 39.146887], [-87.014385, 39.146887], [-87.014567, 39.146894], [-87.014578, 39.146895], [-87.014591, 39.146895], [-87.014695, 39.146899], [-87.014985, 39.146923], [-87.015298, 39.146954], [-87.015583, 39.146992], [-87.015849, 39.147035], [-87.015996, 39.147058], [-87.01609, 39.147073], [-87.0161, 39.147075], [-87.016128, 39.147079], [-87.016937, 39.147208], [-87.017052, 39.147226], [-87.01715, 39.147242], [-87.018104, 39.14739], [-87.018381, 39.147433], [-87.018506, 39.147451], [-87.018567, 39.14746], [-87.018572, 39.147461], [-87.018605, 39.147466], [-87.018813, 39.147476], [-87.01891, 39.147481], [-87.019013, 39.147487], [-87.019026, 39.147487], [-87.019027, 39.147487], [-87.019059, 39.147489], [-87.019294, 39.147498], [-87.019465, 39.147504], [-87.020286, 39.147518], [-87.022101, 39.147511], [-87.025861, 39.147503], [-87.029643, 39.147516], [-87.030355, 39.14752], [-87.030668, 39.147522], [-87.030943, 39.147523], [-87.031033, 39.147524], [-87.031061, 39.147524], [-87.031074, 39.147524], [-87.03111, 39.147524], [-87.031284, 39.147525], [-87.032282, 39.147507], [-87.032422, 39.147505], [-87.03261, 39.147501], [-87.032626, 39.147501], [-87.032766, 39.147499], [-87.033244, 39.147494], [-87.035537, 39.147457], [-87.035803, 39.147453], [-87.035822, 39.147452], [-87.035871, 39.147452], [-87.036097, 39.147452], [-87.036933, 39.14745], [-87.038369, 39.147445], [-87.040635, 39.147441], [-87.04126, 39.147436], [-87.042763, 39.147422], [-87.044039, 39.147419], [-87.044465, 39.147419], [-87.045067, 39.147414], [-87.045578, 39.14741], [-87.046058, 39.147406], [-87.046799, 39.147402], [-87.047225, 39.147399], [-87.048173, 39.147393], [-87.0519, 39.147358], [-87.054555, 39.147337], [-87.055614, 39.147328], [-87.059181, 39.147307], [-87.062959, 39.147291], [-87.066722, 39.147253], [-87.066884, 39.147252], [-87.068526, 39.14724], [-87.070449, 39.147227], [-87.07049, 39.147227], [-87.07084, 39.147225], [-87.072589, 39.147217], [-87.073199, 39.147215], [-87.073444, 39.147214], [-87.073847, 39.147212], [-87.074165, 39.14721], [-87.07419, 39.14721], [-87.074368, 39.14721], [-87.075774, 39.147207], [-87.077898, 39.147203], [-87.081643, 39.147196], [-87.085348, 39.147184], [-87.088205, 39.147159], [-87.088479, 39.147157], [-87.088635, 39.147156], [-87.089028, 39.147152], [-87.089714, 39.14714], [-87.090127, 39.147144], [-87.09047, 39.147146], [-87.090587, 39.147152], [-87.090616, 39.147153], [-87.090662, 39.147156], [-87.090712, 39.147158], [-87.090754, 39.14716], [-87.090844, 39.147163], [-87.090883, 39.147164], [-87.090988, 39.147167], [-87.091026, 39.147172], [-87.091056, 39.147175], [-87.091089, 39.147179], [-87.091233, 39.147196], [-87.091369, 39.147219], [-87.091397, 39.147224], [-87.091401, 39.147224], [-87.091429, 39.147229], [-87.09145, 39.147234], [-87.09146, 39.147236], [-87.091466, 39.147237], [-87.091518, 39.147249], [-87.091612, 39.147269], [-87.091736, 39.147299], [-87.091741, 39.1473], [-87.091749, 39.147302], [-87.091764, 39.147306], [-87.091772, 39.147307], [-87.091974, 39.147376], [-87.092055, 39.147408], [-87.092085, 39.147419], [-87.092094, 39.147422], [-87.092228, 39.147474], [-87.092507, 39.147598], [-87.092553, 39.147622], [-87.092607, 39.14765], [-87.092623, 39.147658], [-87.092665, 39.14768], [-87.092723, 39.14771], [-87.092749, 39.147724], [-87.092786, 39.147743], [-87.092803, 39.147752], [-87.092812, 39.147757], [-87.092911, 39.147808], [-87.093037, 39.147874], [-87.093152, 39.147932], [-87.093196, 39.147955], [-87.093337, 39.148018], [-87.09336, 39.148028], [-87.093362, 39.148029], [-87.093372, 39.148032], [-87.093437, 39.148056], [-87.093518, 39.148086], [-87.09368, 39.148133], [-87.093864, 39.148183], [-87.093941, 39.148204], [-87.093955, 39.148208], [-87.094042, 39.148231], [-87.094069, 39.148237], [-87.094256, 39.148276], [-87.095435, 39.148519], [-87.095938, 39.148623], [-87.096085, 39.148652], [-87.096469, 39.148728], [-87.096608, 39.148756], [-87.097084, 39.148843], [-87.097726, 39.148962], [-87.097756, 39.148968], [-87.097811, 39.148978], [-87.098248, 39.149058], [-87.098599, 39.149123], [-87.099604, 39.149316], [-87.100579, 39.149497], [-87.100685, 39.149517], [-87.100877, 39.149553], [-87.100994, 39.149574], [-87.101756, 39.149727], [-87.103163, 39.150009], [-87.103438, 39.150064], [-87.103718, 39.150121], [-87.104019, 39.150182], [-87.104321, 39.150243], [-87.106017, 39.150586], [-87.106147, 39.150614], [-87.106249, 39.150636], [-87.106281, 39.150643], [-87.106288, 39.150644], [-87.106303, 39.150646], [-87.106311, 39.150647], [-87.106341, 39.150652], [-87.106454, 39.150669], [-87.106498, 39.150676], [-87.106765, 39.150714], [-87.106983, 39.150743], [-87.107021, 39.150749], [-87.107036, 39.15075], [-87.107043, 39.150752], [-87.107261, 39.15077], [-87.107494, 39.150794], [-87.107515, 39.150796], [-87.107518, 39.150796], [-87.107546, 39.150798], [-87.107579, 39.1508], [-87.107616, 39.150803], [-87.107781, 39.150813], [-87.1081, 39.15082], [-87.108586, 39.150824], [-87.110265, 39.150837], [-87.110468, 39.150838], [-87.110471, 39.150838], [-87.110471, 39.150838], [-87.110727, 39.150839], [-87.11126, 39.150841], [-87.113639, 39.150853], [-87.113906, 39.150852], [-87.114114, 39.150866], [-87.114141, 39.150868], [-87.114218, 39.150871], [-87.114249, 39.150872], [-87.11428, 39.150873], [-87.114326, 39.150875], [-87.114337, 39.150876], [-87.114555, 39.150902], [-87.114809, 39.150947], [-87.115063, 39.151004], [-87.11527, 39.151069], [-87.115305, 39.15108], [-87.115471, 39.151139], [-87.11555, 39.151168], [-87.115619, 39.151197], [-87.115762, 39.151258], [-87.115973, 39.151365], [-87.116182, 39.151487], [-87.116344, 39.151591], [-87.11639, 39.15162], [-87.116721, 39.151849], [-87.117087, 39.152098], [-87.1171, 39.152107], [-87.117411, 39.15232], [-87.11784, 39.152617], [-87.118336, 39.152961], [-87.118929, 39.153372], [-87.119105, 39.153496], [-87.119247, 39.153596], [-87.119539, 39.153791], [-87.119589, 39.153826], [-87.119666, 39.153879], [-87.119701, 39.153904], [-87.119772, 39.153953], [-87.119876, 39.154019], [-87.119937, 39.154058], [-87.119955, 39.154068], [-87.120009, 39.154099], [-87.120026, 39.154109], [-87.12004, 39.154117], [-87.120106, 39.154155], [-87.120133, 39.154169], [-87.120143, 39.154174], [-87.120153, 39.154179], [-87.120203, 39.154204], [-87.120299, 39.154253], [-87.120473, 39.154329], [-87.120521, 39.154347], [-87.120597, 39.154376], [-87.120615, 39.154383], [-87.120625, 39.154387], [-87.120679, 39.154407], [-87.12077, 39.154435], [-87.120902, 39.154474], [-87.121175, 39.154543], [-87.121251, 39.154558], [-87.121417, 39.154593], [-87.121575, 39.154613], [-87.121641, 39.154621], [-87.12175, 39.154628], [-87.121944, 39.15464], [-87.122253, 39.154656], [-87.124167, 39.154686], [-87.125135, 39.154701], [-87.126898, 39.154757], [-87.128853, 39.154818], [-87.128997, 39.154822], [-87.12904, 39.154823], [-87.129382, 39.154832], [-87.130732, 39.154855], [-87.132533, 39.154886], [-87.136202, 39.154967], [-87.137922, 39.155011], [-87.139954, 39.155063], [-87.143677, 39.155137], [-87.147453, 39.155202], [-87.147597, 39.155204], [-87.150396, 39.155244], [-87.151247, 39.155256], [-87.151488, 39.155259], [-87.151694, 39.155262], [-87.152078, 39.155267], [-87.15506, 39.155306], [-87.156313, 39.155322], [-87.158043, 39.155343], [-87.158558, 39.15534], [-87.158848, 39.155339], [-87.16018, 39.155322], [-87.161675, 39.155302], [-87.162037, 39.155294], [-87.162041, 39.155294], [-87.162042, 39.155294], [-87.162308, 39.155294], [-87.162325, 39.155295], [-87.162501, 39.15531], [-87.162577, 39.155319], [-87.162719, 39.155336], [-87.162899, 39.155358], [-87.162903, 39.155358], [-87.162903, 39.155359], [-87.162922, 39.155361], [-87.162933, 39.155362], [-87.162943, 39.155363], [-87.162951, 39.155364], [-87.162982, 39.155368], [-87.163154, 39.15539], [-87.163328, 39.155421], [-87.163432, 39.155452], [-87.163567, 39.155492], [-87.163595, 39.155502], [-87.163644, 39.155517], [-87.163724, 39.155544], [-87.163843, 39.155583], [-87.163957, 39.155629], [-87.163981, 39.155639], [-87.163999, 39.155646], [-87.164113, 39.155692], [-87.164173, 39.155718], [-87.164178, 39.15572], [-87.164198, 39.155728], [-87.164286, 39.155766], [-87.164367, 39.155801], [-87.164471, 39.155859], [-87.1646, 39.15593], [-87.164753, 39.156024], [-87.164767, 39.156032], [-87.164807, 39.156057], [-87.164821, 39.156065], [-87.164824, 39.156068], [-87.165024, 39.156218], [-87.165152, 39.156322], [-87.16517, 39.156337], [-87.165174, 39.156341], [-87.16518, 39.156346], [-87.165318, 39.156467], [-87.165411, 39.156559], [-87.16549, 39.156637], [-87.165578, 39.156743], [-87.165625, 39.156801], [-87.165757, 39.156975], [-87.165871, 39.157163], [-87.16588, 39.157177], [-87.165895, 39.157203], [-87.165914, 39.157234], [-87.166022, 39.157458], [-87.166102, 39.157666], [-87.166154, 39.157852], [-87.166185, 39.15803], [-87.166187, 39.158043], [-87.166187, 39.158045], [-87.166195, 39.158111], [-87.16621, 39.158247], [-87.166217, 39.158424], [-87.166213, 39.159456], [-87.166228, 39.159586], [-87.166228, 39.159587], [-87.166228, 39.159588], [-87.166229, 39.159592], [-87.166226, 39.159749], [-87.166266, 39.159928], [-87.166289, 39.160022], [-87.16629, 39.160026], [-87.166297, 39.160057], [-87.166313, 39.160121], [-87.166329, 39.16017], [-87.166344, 39.160216], [-87.166355, 39.160252], [-87.166356, 39.160253], [-87.166365, 39.160283], [-87.166408, 39.160388], [-87.166452, 39.160493], [-87.166481, 39.160552], [-87.166485, 39.16056], [-87.166565, 39.160719], [-87.166623, 39.16082], [-87.166623, 39.160821], [-87.166626, 39.160825], [-87.166679, 39.160919], [-87.166682, 39.160923], [-87.166817, 39.161095], [-87.166921, 39.16122], [-87.166949, 39.161255], [-87.166958, 39.161265], [-87.166962, 39.161269], [-87.167121, 39.161441], [-87.167194, 39.161509], [-87.167202, 39.161516], [-87.167206, 39.16152], [-87.167339, 39.161645], [-87.167563, 39.161807], [-87.167611, 39.161841], [-87.167666, 39.161878], [-87.167707, 39.161907], [-87.167721, 39.161916], [-87.167744, 39.161932], [-87.16776, 39.161943], [-87.167936, 39.162044], [-87.167978, 39.162068], [-87.167983, 39.162071], [-87.167993, 39.162076], [-87.168002, 39.16208], [-87.168235, 39.162193], [-87.168327, 39.162229], [-87.168465, 39.162283], [-87.168774, 39.162399], [-87.168781, 39.162402], [-87.168805, 39.162409], [-87.16889, 39.162436], [-87.168992, 39.162468], [-87.169038, 39.162478], [-87.169046, 39.162479], [-87.169068, 39.162484], [-87.169123, 39.162496], [-87.16924, 39.16252], [-87.169335, 39.162537], [-87.169345, 39.162538], [-87.169352, 39.16254], [-87.16943, 39.162553], [-87.169654, 39.162584], [-87.169743, 39.162593], [-87.16975, 39.162593], [-87.169771, 39.162595], [-87.169844, 39.162603], [-87.169888, 39.162606], [-87.169923, 39.162609], [-87.169955, 39.162611], [-87.170116, 39.162624], [-87.170438, 39.162638], [-87.171679, 39.162667], [-87.171819, 39.16267], [-87.171858, 39.162671], [-87.172539, 39.162687], [-87.173281, 39.162687], [-87.173346, 39.162687], [-87.173464, 39.162687], [-87.173917, 39.162687], [-87.176251, 39.162691], [-87.177606, 39.162686], [-87.177991, 39.162685], [-87.17843, 39.162683], [-87.178581, 39.162683], [-87.179901, 39.162714], [-87.182232, 39.162765], [-87.18288, 39.162786], [-87.183042, 39.162791], [-87.183286, 39.162798], [-87.183528, 39.162806], [-87.183986, 39.162815], [-87.184194, 39.162819], [-87.184408, 39.162824], [-87.184744, 39.16283], [-87.184753, 39.16283], [-87.184775, 39.162815], [-87.184778, 39.162813], [-87.184782, 39.16281], [-87.184788, 39.162806], [-87.232432, 39.185667], [-87.2351, 39.188421], [-87.236089, 39.189441], [-87.240972, 39.194481], [-87.240972, 39.194481], [-87.240675, 39.240679], [-87.240041, 39.258888], [-87.249026, 39.258934], [-87.26197, 39.258998], [-87.281037, 39.25909], [-87.356229, 39.259167], [-87.373479, 39.259178], [-87.37546, 39.259179], [-87.37916, 39.263291], [-87.385153, 39.269948], [-87.387652, 39.272724], [-87.388586, 39.273761], [-87.393951, 39.268529], [-87.394262, 39.268225], [-87.395913, 39.266615], [-87.403633, 39.259084], [-87.418943, 39.259123], [-87.44181, 39.259177], [-87.492408, 39.25928]]], "crs": null}}]}