{"type": "FeatureCollection", "features": [{"type": "Feature", "properties": {"SPR_ID": 176, "Unit_Site": "Interchange parcel 176", "Site_typ": "Interchange", "layer": "Seymour", "Shape_Area": 21313.7573239, "Site_Score": 70.99, "Final_Rank": 7, "SITE_EVAL": "Good", "RATIONALE": "Strong slope and low flood risk; limited by distance from transmission infrastructure.", "dataset": "row_parcels", "layer_title": "Right-of-Way Parcels", "layer_type": "row", "center_latitude": 39.451574, "center_longitude": -85.6284, "source_geometry_valid": true, "sol_s": 0.695016699605781, "slp_s": 1.0, "trn_s": 0.45640053104039, "fld_s": 1.0, "lc_s": 0.582608695652, "row_source": "Manual"}, "geometry": {"type": "MultiPolygon", "coordinates": [[[[-85.626992399439, 39.45159291885869], [-85.62705144135631, 39.45156353286827], [-85.62705567704981, 39.451588468019224], [-85.62705849446583, 39.45160265533272], [-85.6270637145698, 39.45162214645834], [-85.62710940329474, 39.45177011180127], [-85.62707189654287, 39.45175384264753], [-85.62706822238776, 39.45175226664128], [-85.62682534558567, 39.451649343793456], [-85.62691196756995, 39.45162417414012], [-85.62694425219689, 39.451613597203135], [-85.62697530170615, 39.451600992805446], [-85.626992399439, 39.45159291885869]]], [[[-85.62801214353011, 39.4507795696834], [-85.62809991610058, 39.45064981742311], [-85.62868868604258, 39.4509194747362], [-85.6288682780165, 39.45100670508378], [-85.62886930005236, 39.451151410311944], [-85.62886934117537, 39.45115452740941], [-85.6288834819551, 39.45188810899105], [-85.62889978492218, 39.45252332961611], [-85.62865461183024, 39.45236533056278], [-85.6286412894955, 39.45235708954232], [-85.62838575996558, 39.45220542446467], [-85.6282053383862, 39.45204268210968], [-85.62805098428798, 39.451862145628894], [-85.62795018286236, 39.451662852775804], [-85.62789539431607, 39.451485425297804], [-85.62787797206794, 39.45138287609019], [-85.62787569410531, 39.451219133813815], [-85.62787742970721, 39.45119785879421], [-85.62793178016895, 39.45096446944814], [-85.62801214353011, 39.4507795696834]]], [[[-85.63148336876218, 39.4546854713655], [-85.63148033610166, 39.45466275712293], [-85.6315096628827, 39.454675301107166], [-85.63148336876218, 39.4546854713655]]], [[[-85.62984073562272, 39.45552006297438], [-85.62981562416712, 39.453972389103434], [-85.63033039340542, 39.454244469285435], [-85.6303501258863, 39.454258947658076], [-85.63042219577972, 39.45432115744973], [-85.63048235647844, 39.454385726353415], [-85.63053394049719, 39.45445524530929], [-85.6305756750527, 39.454528118057894], [-85.63060717974459, 39.454604004952216], [-85.63062847591544, 39.45468223049029], [-85.63063906654386, 39.45476158506835], [-85.63063884496167, 39.454841579082725], [-85.63062798822342, 39.45492094508798], [-85.63060633969614, 39.45499883698522], [-85.63057428428688, 39.45507482771506], [-85.63054481991907, 39.45512594579519], [-85.63047122196295, 39.45519794319375], [-85.63031982757236, 39.45533843480204], [-85.63013651513243, 39.45544686871225], [-85.62998495383333, 39.45549585713709], [-85.62989249198344, 39.45551499821939], [-85.62984073562272, 39.45552006297438]]]]}}, {"type": "Feature", "properties": {"SPR_ID": 177, "Unit_Site": "Interchange parcel 177", "Site_typ": "Interchange", "layer": "La Porte", "Shape_Area": 169824.968947, "Site_Score": 18.05, "Final_Rank": 24, "SITE_EVAL": "Poor", "RATIONALE": "Strong low flood risk and slope; limited by land cover suitability.", "dataset": "row_parcels", "layer_title": "Right-of-Way Parcels", "layer_type": "row", "center_latitude": 41.015011, "center_longitude": -87.269164, "source_geometry_valid": true, "sol_s": 0.603723173837164, "slp_s": 0.694359915995848, "trn_s": 0.315773413809838, "fld_s": 1.0, "lc_s": 0.2172043010754, "row_source": "Manual"}, "geometry": {"type": "MultiPolygon", "coordinates": [[[[-87.27006075063036, 41.00980271837159], [-87.27012710903902, 41.00971456528549], [-87.2701451517459, 41.009950984000014], [-87.27015627184919, 41.01024352385399], [-87.27017367870391, 41.01183281555709], [-87.27017315064438, 41.012631047427604], [-87.26880021775463, 41.01261673268112], [-87.26879571983622, 41.01261670263311], [-87.26803272289635, 41.01261473014955], [-87.26756368015567, 41.01261046358711], [-87.26756673627241, 41.012545722626946], [-87.26757390903995, 41.012467320174146], [-87.26758477643578, 41.012389116331846], [-87.26759910129356, 41.012311283706346], [-87.26761709681534, 41.01223390557771], [-87.26763852412097, 41.012157318504954], [-87.2676637552515, 41.01208088924625], [-87.26769215684826, 41.01200533542241], [-87.26772425807336, 41.01193064589303], [-87.267759642704, 41.01185653335932], [-87.26779817901225, 41.011784243959326], [-87.26784042328711, 41.01171253596728], [-87.26788620658417, 41.01164139445776], [-87.2679346299728, 41.01157203041755], [-87.26798656331655, 41.011503987807366], [-87.2680413559556, 41.011437233003576], [-87.26809901784253, 41.01137246231341], [-87.26816014935508, 41.011308750093825], [-87.2682238436639, 41.011246822709396], [-87.26829064725221, 41.011186541058386], [-87.26836022792037, 41.01112780681857], [-87.2684319119692, 41.01107135392117], [-87.26850608169082, 41.011017023828146], [-87.26858326832901, 41.01096443875385], [-87.26866281614555, 41.010913775880695], [-87.26874465205445, 41.01086519391869], [-87.26882839549025, 41.01081898201325], [-87.2689141116562, 41.010775088661354], [-87.26900812721156, 41.01073057773199], [-87.26902692511077, 41.01072115811758], [-87.2691156501343, 41.01067413985187], [-87.26914589326832, 41.01065656899321], [-87.26915079310966, 41.01065340828257], [-87.26927987502897, 41.010568864742005], [-87.2693119760961, 41.01054556388179], [-87.26942305942421, 41.01045624103657], [-87.26943255417606, 41.01044835377659], [-87.26953966409954, 41.0103564331296], [-87.2695467609074, 41.01035018825888], [-87.26955008903514, 41.01034714561071], [-87.26965269473294, 41.010252230251595], [-87.26966116941215, 41.010244133665935], [-87.2697598025174, 41.01014681690673], [-87.26976917365035, 41.01013721564578], [-87.26986303898317, 41.01003730478068], [-87.26987118415727, 41.01002832434459], [-87.26996054497445, 41.0099262151315], [-87.26996849682139, 41.00991678473066], [-87.27003944318795, 41.00982885786709], [-87.27005319838217, 41.00981214784277], [-87.27005955283948, 41.00980440391144], [-87.27006075063036, 41.00980271837159]]], [[[-87.27135549581095, 41.0102377667045], [-87.27135458152033, 41.01022535644586], [-87.27136991378788, 41.01023860205421], [-87.2713795963226, 41.01024669205169], [-87.27146839275011, 41.01031846215343], [-87.27147885695685, 41.01032663227623], [-87.2715708201252, 41.010395993251215], [-87.27158073470208, 41.01040323771489], [-87.2716756002397, 41.01047039106163], [-87.27168723733256, 41.01047833499731], [-87.271785269982, 41.010542880118095], [-87.27179101852452, 41.01054659866449], [-87.27179638383403, 41.01054995418262], [-87.27189705318195, 41.010611887816346], [-87.27190891614904, 41.01061893217745], [-87.27201248740886, 41.01067825909519], [-87.2720248084526, 41.01068506274495], [-87.27213101796079, 41.01074157907409], [-87.27213515353402, 41.010743752900176], [-87.27222637093311, 41.01079110625333], [-87.27230909396242, 41.01083705990757], [-87.27238974417025, 41.01088529837768], [-87.27246812097498, 41.01093534020295], [-87.2725437504904, 41.010987335143845], [-87.27261784554125, 41.01104181272237], [-87.27268911955325, 41.01109766166982], [-87.27275737414178, 41.01115522387188], [-87.27282306969121, 41.011214536078676], [-87.27288646712799, 41.011276003946925], [-87.27294697538515, 41.01133875958801], [-87.27300447551707, 41.01140308704666], [-87.2730593337504, 41.01146897284831], [-87.27311079218792, 41.01153575758999], [-87.27315925494185, 41.011604251057214], [-87.27320481026375, 41.01167393867595], [-87.2732471216972, 41.01174484647009], [-87.2732864191944, 41.01181679193232], [-87.2733219215749, 41.01188895176628], [-87.27335438165139, 41.01196305917067], [-87.27338386890597, 41.01203779968599], [-87.27340960573824, 41.01211264187315], [-87.27343197752924, 41.01218846672382], [-87.2734508949915, 41.0122646790094], [-87.27346635882486, 41.01234145078657], [-87.27347836355295, 41.01241861091386], [-87.27348691533369, 41.01249621342693], [-87.27349199695138, 41.01257383678342], [-87.27349354299393, 41.01264860752163], [-87.27187681710912, 41.012643566295345], [-87.27137710715914, 41.01263833091807], [-87.27137760370778, 41.012493572395535], [-87.27137548958231, 41.011469704665586], [-87.27137546716952, 41.01146685091841], [-87.2713607283356, 41.010375725012295], [-87.27136057799336, 41.010369806072326], [-87.27135599673831, 41.01024681697349], [-87.27135549581095, 41.0102377667045]]], [[[-87.27137264427377, 41.01400523819582], [-87.27137476772404, 41.01329706048454], [-87.27186694476231, 41.01330223346175], [-87.27187116205423, 41.0133022622501], [-87.2734888994791, 41.01330730654759], [-87.2734903211061, 41.01334882468825], [-87.27348895716133, 41.01345555441907], [-87.27348281857746, 41.01356207567618], [-87.27347166445426, 41.01366823318847], [-87.2734556930018, 41.013774511125604], [-87.27343496151246, 41.0138801022147], [-87.27340944139542, 41.01398500021533], [-87.2733791755432, 41.014089229344776], [-87.27334417361534, 41.014192254489245], [-87.27330430351456, 41.01429463536703], [-87.27325990340792, 41.01439590004254], [-87.27321073426006, 41.014496056283676], [-87.27315731678955, 41.01459448578864], [-87.27309897011986, 41.01469191172176], [-87.27303663071095, 41.014787590482406], [-87.27296997232649, 41.014881148095554], [-87.27289869357311, 41.01497333114651], [-87.27282340957342, 41.01506362740583], [-87.27274412479998, 41.015151681932025], [-87.27266075002059, 41.01523777688476], [-87.2725734516853, 41.015321612789364], [-87.27248257072067, 41.015403092443314], [-87.2723880256901, 41.0154820800069], [-87.27230112531865, 41.015549792785464], [-87.27220644267528, 41.01560903274671], [-87.27220387091178, 41.0156106548912], [-87.27219417556378, 41.01561700424579], [-87.2720846294623, 41.01569090131545], [-87.27207441987032, 41.01569801216585], [-87.2719680537351, 41.01577450949175], [-87.27195737065743, 41.015782461013146], [-87.27185471490654, 41.015861554650634], [-87.27184441347313, 41.015869771003246], [-87.27174520372061, 41.01595166337016], [-87.27173560860756, 41.01595985282478], [-87.27164010724677, 41.01604414515025], [-87.27163699311559, 41.01604692431218], [-87.27163049671718, 41.01605293097517], [-87.27153896895031, 41.016139618140066], [-87.27152976261094, 41.01614865613469], [-87.27144220964479, 41.01623774084893], [-87.27143369638827, 41.01624671324536], [-87.27137049564466, 41.01631573874941], [-87.27136707264395, 41.01594967969924], [-87.271367259929, 41.01490126161801], [-87.27136778937339, 41.01425327247215], [-87.27137259716035, 41.01400940730306], [-87.27137264427377, 41.01400523819582]]], [[[-87.26757853326001, 41.01348119191614], [-87.26757431984791, 41.01326931431797], [-87.26802417640545, 41.0132734074487], [-87.26802791200959, 41.013273429390345], [-87.26879060495094, 41.01327539990617], [-87.27017568851191, 41.01328982139867], [-87.27016755457403, 41.01443261122561], [-87.27014565577157, 41.016507108863095], [-87.27014330385786, 41.01670900072645], [-87.27004825546533, 41.01659947475982], [-87.27003893297392, 41.01658916419628], [-87.2699182320409, 41.01646095305299], [-87.26991231862854, 41.01645482240762], [-87.26979137191343, 41.016332421091484], [-87.26978347883197, 41.016324674497895], [-87.26965194334686, 41.016199487257], [-87.2696448041846, 41.016192871220674], [-87.26963533913047, 41.01618461122344], [-87.26954414285063, 41.01610763505641], [-87.26953133680118, 41.01609728305184], [-87.26939165343119, 41.01598913465377], [-87.26936237009805, 41.01596845810535], [-87.26924477676874, 41.01589278381109], [-87.26912657562198, 41.01580621269404], [-87.26911648840888, 41.01579905670991], [-87.26898823267494, 41.01571092167889], [-87.26897555970207, 41.01570254479956], [-87.26896525697869, 41.01569619824135], [-87.2688727662244, 41.0156409721541], [-87.26878304562304, 41.015575524232794], [-87.26868109242643, 41.01549322969247], [-87.26867466137107, 41.015488148743636], [-87.26855686670586, 41.01539705036743], [-87.26847843881488, 41.0153300246822], [-87.26837892190542, 41.015240066323926], [-87.26830373589046, 41.015161179977966], [-87.26820525073317, 41.01505365937771], [-87.26812788452347, 41.01496758133471], [-87.26806756653157, 41.014889260190344], [-87.26806605535869, 41.01488731342906], [-87.26798445547779, 41.01478300802777], [-87.26793030422421, 41.01469144572819], [-87.26787361999367, 41.01458639770337], [-87.26782186849061, 41.01448030584753], [-87.26777489429911, 41.014372682283685], [-87.26773272286243, 41.01426394133586], [-87.26769567817885, 41.01415450834483], [-87.26766359649156, 41.01404389184789], [-87.2676363556457, 41.013932475882214], [-87.26761438920997, 41.01382043150127], [-87.26759722629384, 41.013707781420976], [-87.2675853845756, 41.013595203660266], [-87.26757853326001, 41.01348119191614]]]]}}, {"type": "Feature", "properties": {"SPR_ID": 178, "Unit_Site": "Interchange parcel 178", "Site_typ": "Interchange", "layer": "La Porte", "Shape_Area": 51053.611032, "Site_Score": 78.4, "Final_Rank": 6, "SITE_EVAL": "Good", "RATIONALE": "Strong low flood risk and land cover suitability; limited by distance from transmission infrastructure.", "dataset": "row_parcels", "layer_title": "Right-of-Way Parcels", "layer_type": "row", "center_latitude": 41.635052, "center_longitude": -87.056446, "source_geometry_valid": true, "sol_s": 0.598905652616823, "slp_s": 0.660683375117687, "trn_s": 0.497983420531743, "fld_s": 1.0, "lc_s": 0.98620689655206, "row_source": "Manual"}, "geometry": {"type": "MultiPolygon", "coordinates": [[[[-87.05870223687916, 41.63493903572052], [-87.05736353529772, 41.63408178612885], [-87.05792280709275, 41.63412561955807], [-87.05897199226803, 41.63422030437551], [-87.05898763505417, 41.63422150332017], [-87.06035602755752, 41.634307810167755], [-87.05949992741951, 41.634639809457], [-87.05870223687916, 41.63493903572052]]], [[[-87.05609094141597, 41.63428748922743], [-87.05630268459467, 41.6342684056523], [-87.05785312409168, 41.63526124628626], [-87.05646957513326, 41.635788937108885], [-87.05611167813998, 41.635732246954035], [-87.05589139783594, 41.63568547608443], [-87.05576630355618, 41.635628456153654], [-87.0555916563945, 41.635505730622306], [-87.05548361191069, 41.635415156468284], [-87.05540066192502, 41.635275022187436], [-87.05536348837767, 41.6351243030138], [-87.05536863988596, 41.634979301058586], [-87.05539168869859, 41.634849137113534], [-87.05551165165684, 41.6346384511974], [-87.05572497949706, 41.634401576405644], [-87.05596801767797, 41.63430644723716], [-87.05609094141597, 41.63428748922743]]], [[[-87.05990041880372, 41.635225926955926], [-87.06116263897688, 41.63473643480613], [-87.06117549533242, 41.63473643607154], [-87.06121380909697, 41.634752124305365], [-87.06122547244783, 41.63476525605687], [-87.06091515349708, 41.63613331724234], [-87.06086560196543, 41.63614817481046], [-87.0608014585731, 41.63615637832163], [-87.0606118572594, 41.63604152805631], [-87.0606014646751, 41.6360354239248], [-87.05946599461942, 41.63538891965601], [-87.05989516785807, 41.63522792929951], [-87.05990041880372, 41.635225926955926]]], [[[-87.05711689106195, 41.63628091790462], [-87.05859217441738, 41.635718238033284], [-87.05985666529408, 41.63643820898076], [-87.05938379548849, 41.636407099133166], [-87.05937812204431, 41.63640675348373], [-87.05839612677018, 41.6363517530214], [-87.05838868354098, 41.63635138390259], [-87.05775465387023, 41.636324095209275], [-87.05774093812981, 41.63632342475509], [-87.05771571685696, 41.63632185034536], [-87.05711689106195, 41.63628091790462]]]]}}, {"type": "Feature", "properties": {"SPR_ID": 180, "Unit_Site": "Interchange parcel 180", "Site_typ": "Interchange", "layer": "Greenfield", "Shape_Area": 17937.3503352, "Site_Score": 15.54, "Final_Rank": 26, "SITE_EVAL": "Poor", "RATIONALE": "Strong transmission access and low flood risk; limited by land cover suitability.", "dataset": "row_parcels", "layer_title": "Right-of-Way Parcels", "layer_type": "row", "center_latitude": 40.405612, "center_longitude": -86.110567, "source_geometry_valid": true, "sol_s": 0.621595370005735, "slp_s": 0.531121153463849, "trn_s": 1.0, "fld_s": 0.69866592, "lc_s": 0.2, "row_source": "Manual"}, "geometry": {"type": "MultiPolygon", "coordinates": [[[[-86.10878911670484, 40.404913248213624], [-86.10919819553325, 40.404910209720875], [-86.10836332894304, 40.405232367585675], [-86.10836025733258, 40.4052335646167], [-86.10802654518191, 40.40536490299367], [-86.1080260194796, 40.405340628709986], [-86.10802157517078, 40.40513541369532], [-86.10801713087758, 40.40493019867355], [-86.10801691349778, 40.40492015196822], [-86.10824307404702, 40.40491893706668], [-86.10824563869454, 40.404918916306805], [-86.10878911670484, 40.404913248213624]]], [[[-86.10846345599536, 40.406418679006535], [-86.10845531972691, 40.406390624429065], [-86.10844401532152, 40.40636321929365], [-86.10842963078443, 40.40633667148481], [-86.10841227424801, 40.40631118183493], [-86.10839207629274, 40.40628694684475], [-86.10836919241089, 40.4062641505945], [-86.10834379830473, 40.40624296380665], [-86.10833674650294, 40.40623802474751], [-86.10865968830966, 40.40610411329008], [-86.10924996288679, 40.40587206188073], [-86.11030301484898, 40.4054737111669], [-86.11129533662601, 40.40509802542105], [-86.1118756818054, 40.404878477864706], [-86.1119678142124, 40.40487802787588], [-86.11197330074971, 40.40487797361929], [-86.11244674584877, 40.404871050417626], [-86.11244674614899, 40.404877217978445], [-86.11240183075049, 40.404877217323104], [-86.11240183045565, 40.404884057851326], [-86.11235691504106, 40.4048840580793], [-86.1123569147417, 40.40489089860748], [-86.11232098170433, 40.4048908984115], [-86.11232098257966, 40.40489773894868], [-86.1122760659782, 40.404897739136075], [-86.1122760668608, 40.404904578772395], [-86.11227211541205, 40.404904579064016], [-86.11223115025511, 40.40490457894231], [-86.1122311511213, 40.404911419479376], [-86.11218623451138, 40.404911419631794], [-86.11218623537303, 40.40491826016879], [-86.11214131875887, 40.40491826030371], [-86.11214131961597, 40.40492510084068], [-86.11210538656162, 40.4049251005775], [-86.1121053866701, 40.40493020417432], [-86.1121053862367, 40.40493194110535], [-86.11206047079239, 40.404931941217804], [-86.11206047046291, 40.40493878174561], [-86.11201555501435, 40.40493878184056], [-86.1120155546803, 40.40494562236832], [-86.11197063922754, 40.40494562244578], [-86.11197063890077, 40.40495246207266], [-86.11193470582101, 40.40495246265708], [-86.11193470666896, 40.404959302292966], [-86.11191674071061, 40.4049593030359], [-86.11191673918815, 40.40496614355446], [-86.11188979086086, 40.404966142866506], [-86.11188979050219, 40.40497298429491], [-86.11187182337379, 40.40497298412094], [-86.11187182421533, 40.40497982375675], [-86.11185385825169, 40.40497982448984], [-86.11185385790121, 40.40498666501737], [-86.11182690837578, 40.40498666520642], [-86.1118269092009, 40.404993505742965], [-86.11180894324559, 40.40499350556825], [-86.11180894172401, 40.40500034518583], [-86.11179097575508, 40.40500034590911], [-86.11179097657656, 40.40500718644561], [-86.11177301061772, 40.40500718626526], [-86.11177300908062, 40.405014026783604], [-86.11174606072298, 40.405014026962746], [-86.11174606037336, 40.40502086658932], [-86.1117331265202, 40.405020867224046], [-86.1117280932208, 40.40502086729371], [-86.11172809403585, 40.40502770783009], [-86.1117101280599, 40.405027708540736], [-86.11171012770662, 40.40503454816722], [-86.11168317816269, 40.405034548322575], [-86.11168317779482, 40.40504138884987], [-86.11166521064882, 40.40504138864361], [-86.11166521145748, 40.405048229179904], [-86.11164724547622, 40.405048229880705], [-86.11164724511654, 40.405055069507135], [-86.1116202955647, 40.40505506964774], [-86.11162029635695, 40.405061911084765], [-86.11160233039588, 40.40506190997694], [-86.1116023288414, 40.405068750495055], [-86.11158436285488, 40.405068751186036], [-86.1115843636553, 40.40507559172221], [-86.11155741292902, 40.40507559093819], [-86.11155741371486, 40.40508243237517], [-86.11153944774851, 40.4050824312575], [-86.111539447366, 40.40508927178456], [-86.11152148019583, 40.40508927245664], [-86.11152148098985, 40.40509611299274], [-86.11149453261238, 40.4050961122121], [-86.11149453103509, 40.40510295363085], [-86.11147656505162, 40.40510295340417], [-86.11147656585291, 40.40510979303938], [-86.1114636319833, 40.40510979364379], [-86.11145859985584, 40.40510979371069], [-86.11145859828672, 40.4051166342286], [-86.11143164990132, 40.40511663343322], [-86.111431649496, 40.40512347486092], [-86.11141368232887, 40.405123474615344], [-86.11141368311192, 40.40513031515129], [-86.11139571712141, 40.40513031491197], [-86.11139571599762, 40.40513541849899], [-86.11139571790262, 40.405137155447875], [-86.11136876714073, 40.40513715552044], [-86.1113687679192, 40.405143996056324], [-86.11135080074682, 40.40514399580092], [-86.11135080034508, 40.405150836327714], [-86.11133283433746, 40.40515083697935], [-86.1113328351241, 40.40515767661437], [-86.11130588553267, 40.40515767668126], [-86.1113058851145, 40.40516451810879], [-86.11128791912707, 40.40516451695179], [-86.11128791989731, 40.40517135748754], [-86.11126995270601, 40.4051713581203], [-86.11126995229606, 40.405178198646986], [-86.11124300270855, 40.405178197798314], [-86.11124300346236, 40.4051850392348], [-86.11122503745777, 40.405185038968796], [-86.11122503705509, 40.4051918785946], [-86.11120706985852, 40.40519187921754], [-86.11120707062052, 40.405198719753166], [-86.11119413673443, 40.405198720327235], [-86.11118910460054, 40.405198720382344], [-86.11118910487801, 40.40523292213234], [-86.11119413583607, 40.40523292206819], [-86.1111980872915, 40.40523292271442], [-86.11119808553592, 40.40575105969731], [-86.11119808692875, 40.40578015965941], [-86.11119413544131, 40.405780159012835], [-86.11078486158122, 40.40578015891413], [-86.11078486112102, 40.40578699943958], [-86.11065514527715, 40.40578699903698], [-86.11038565158816, 40.40578699875372], [-86.11015603938785, 40.40578699758192], [-86.11015604031282, 40.40588276409026], [-86.11016502282311, 40.405882763852716], [-86.1101650234671, 40.40595627093685], [-86.1101650231175, 40.40616148408541], [-86.11016502265761, 40.40622451550071], [-86.11016502113823, 40.40642999529712], [-86.11017400607804, 40.406429995077794], [-86.11017400477176, 40.40647787876383], [-86.11011615537483, 40.406477877674114], [-86.11006913173313, 40.40647787790075], [-86.10984666010758, 40.406477877915755], [-86.10973383095664, 40.40647787765617], [-86.10973383038872, 40.406484718179634], [-86.10930767134128, 40.40648471795638], [-86.10924874006734, 40.40648471710715], [-86.10924874062869, 40.40649155763918], [-86.10903817660927, 40.40649155774574], [-86.10877263284898, 40.40649155710471], [-86.1087726321837, 40.40649839762714], [-86.10846871616685, 40.4064983977938], [-86.10847000329161, 40.40647587623025], [-86.10846836331916, 40.40644716814382], [-86.10846345599536, 40.406418679006535]]]]}}, {"type": "Feature", "properties": {"SPR_ID": 181, "Unit_Site": "Interchange parcel 181", "Site_typ": "Interchange", "layer": "Greenfield", "Shape_Area": 49960.725034, "Site_Score": 100.0, "Final_Rank": 1, "SITE_EVAL": "Good", "RATIONALE": "Strong transmission access and low flood risk; limited by land cover suitability.", "dataset": "row_parcels", "layer_title": "Right-of-Way Parcels", "layer_type": "row", "center_latitude": 40.141266, "center_longitude": -85.405797, "source_geometry_valid": true, "sol_s": 0.764975186465012, "slp_s": 0.957274964243703, "trn_s": 1.0, "fld_s": 1.0, "lc_s": 0.6067796610168, "row_source": "Manual"}, "geometry": {"type": "MultiPolygon", "coordinates": [[[[-85.40517980510147, 40.14180790472645], [-85.40517672251701, 40.14072697492978], [-85.40518524230532, 40.14072697517561], [-85.40518524282615, 40.1407819137859], [-85.40519422631112, 40.14078191321148], [-85.40519422575956, 40.140802515855604], [-85.40521219271393, 40.140802515605344], [-85.40521219177059, 40.140809382242026], [-85.40525710797746, 40.14080938203842], [-85.40525710816996, 40.14081625049256], [-85.40529304093428, 40.14081624905309], [-85.40529304113039, 40.14082311750729], [-85.40532897385656, 40.14082311785797], [-85.40532897409838, 40.14082998451102], [-85.40537388914686, 40.140829984246196], [-85.40537388937211, 40.140836851799925], [-85.40540982210636, 40.14083685212564], [-85.40540982118281, 40.140843718762675], [-85.40544575509452, 40.14084371909345], [-85.40544575534803, 40.14085058574671], [-85.40547953524589, 40.14085058612939], [-85.4054906703905, 40.14085058633742], [-85.40549067062746, 40.14085745389136], [-85.40552660339482, 40.14085745328043], [-85.40552660363537, 40.140864320834446], [-85.40556253638566, 40.140864321113014], [-85.40556253662982, 40.1408711886671], [-85.4056074528819, 40.14087118832831], [-85.40560745195708, 40.140878055866295], [-85.40564338473648, 40.14087805521932], [-85.40564338498874, 40.14088492277354], [-85.4056793165776, 40.14088492299991], [-85.4056793168545, 40.14089178965357], [-85.40572423310059, 40.14089179017036], [-85.40572423336093, 40.14089865772471], [-85.40576016613133, 40.140898657942294], [-85.40576016524287, 40.14090552457995], [-85.40576914872453, 40.14090552486181], [-85.40576914901041, 40.140912391515634], [-85.40578711480217, 40.14091239206114], [-85.40578711506876, 40.14091925961559], [-85.40579609857338, 40.14091925899478], [-85.40579609884088, 40.14092612654926], [-85.40581406463637, 40.14092612709065], [-85.40581406492672, 40.14093299374454], [-85.40582304723867, 40.14093299400613], [-85.40582304752988, 40.14093986066002], [-85.40584101450261, 40.14093986121346], [-85.40584101477457, 40.140946728768], [-85.40584999710946, 40.14094672812692], [-85.40584999738229, 40.140953595681445], [-85.40586796318532, 40.14095359621462], [-85.40586796348097, 40.140960462868584], [-85.40587694697017, 40.14096046314222], [-85.40587694726672, 40.14096732979618], [-85.4058949130735, 40.14096733032525], [-85.40589491335078, 40.14097419787985], [-85.40591287918052, 40.14097419750555], [-85.40591287948064, 40.140981064159554], [-85.4059218629516, 40.14098106533039], [-85.40592186325262, 40.140987931984405], [-85.40592689439006, 40.140987931888425], [-85.4059398290861, 40.140987931606], [-85.40593982936784, 40.14099479916066], [-85.40594881168826, 40.14099479941267], [-85.40594881197089, 40.14100166696733], [-85.40596677780813, 40.1410016665848], [-85.40596677811361, 40.1410085332389], [-85.40597576158832, 40.141008534405586], [-85.40597576189467, 40.14101540105971], [-85.40599372773566, 40.14101540067307], [-85.40599372802275, 40.1410222682278], [-85.4060027115204, 40.14102226849183], [-85.4060027106349, 40.141029136030426], [-85.40602067765312, 40.14102913565583], [-85.40602067796392, 40.14103600231001], [-85.40602966026891, 40.14103600345643], [-85.40602966058061, 40.14104287011061], [-85.40604762642913, 40.14104286971575], [-85.40604762672156, 40.14104973727055], [-85.40605661022296, 40.14104973753048], [-85.40605661051626, 40.14105660508531], [-85.40607457636854, 40.14105660468633], [-85.40607457668467, 40.141063471340566], [-85.4060925425178, 40.141063471839445], [-85.40609254281466, 40.141070339394325], [-85.40610152516649, 40.14107033873405], [-85.40610152546424, 40.14107720628895], [-85.40611949130113, 40.1410772067837], [-85.40611949162172, 40.141084073438], [-85.40612847512783, 40.14108407369244], [-85.40612847544931, 40.141090940346764], [-85.4061374589353, 40.14109094150112], [-85.40613745808419, 40.1410978081393], [-85.40615542512121, 40.14109780774412], [-85.4061554254243, 40.14110467529911], [-85.40616440775976, 40.141104675534635], [-85.40616440806374, 40.1411115430896], [-85.40617339159465, 40.14111154244002], [-85.40617339189951, 40.141118409995], [-85.40618237425785, 40.14111840932856], [-85.40618237454255, 40.141125277784184], [-85.40620034041356, 40.14112527736603], [-85.40620034074215, 40.14113214402043], [-85.4062093242548, 40.14113214426871], [-85.40620932456322, 40.14113901182373], [-85.40621830690333, 40.14113901205519], [-85.40621830723366, 40.141145878709615], [-85.40622729074818, 40.14114587895655], [-85.4062272910794, 40.14115274561099], [-85.40623627340031, 40.14115274674167], [-85.40623627373242, 40.141159613396105], [-85.40625423961276, 40.14115961296978], [-85.4062542399256, 40.14116648052487], [-85.40626322342187, 40.14116648166965], [-85.40626322375665, 40.141173348324145], [-85.40627220610142, 40.14117334855149], [-85.40627220643708, 40.14118021520599], [-85.40628118995626, 40.141180215448806], [-85.40628118911933, 40.141187082087164], [-85.40629915615955, 40.14118708257077], [-85.40629915647683, 40.14119395012591], [-85.40630813884546, 40.141193949449914], [-85.40630813799014, 40.14120081698889], [-85.40631712268559, 40.14120081724515], [-85.40631712183115, 40.141207684784156], [-85.40632610537511, 40.14120768412296], [-85.40632610452157, 40.14121455166198], [-85.40634407156928, 40.14121455213874], [-85.40634407073856, 40.14122141877718], [-85.40635305543682, 40.14122141903067], [-85.40635305343349, 40.141228285652986], [-85.40636203695922, 40.141228285889646], [-85.4063620372827, 40.14123515344486], [-85.40637102080935, 40.141235153680874], [-85.40637101998126, 40.14124202031932], [-85.4063889870575, 40.14124201988866], [-85.40638898618911, 40.141248888328356], [-85.40639796973868, 40.141248887661696], [-85.4063979700657, 40.14125575521695], [-85.40640695244272, 40.14125575453345], [-85.40640695277062, 40.14126262208871], [-85.40641593630102, 40.14126262232129], [-85.40641593662981, 40.14126948987657], [-85.40642491900869, 40.14126948919172], [-85.40642491933836, 40.14127635674701], [-85.40644288522937, 40.1412763571926], [-85.40644288558187, 40.14128322384732], [-85.40645186911507, 40.14128322407715], [-85.40645186946846, 40.141290090731886], [-85.4064608518291, 40.14129009094488], [-85.40646085216231, 40.14129695850022], [-85.40646588449682, 40.141296958397405], [-85.40646983569737, 40.14129695872872], [-85.40646983605251, 40.14130382538345], [-85.40648780197205, 40.1413038249216], [-85.4064878022869, 40.141310693377584], [-85.40649678467136, 40.141310692687256], [-85.40649678500814, 40.14131756024263], [-85.406505768546, 40.14131756046838], [-85.40650576890471, 40.14132442712316], [-85.40651475124896, 40.1413244282327], [-85.40651475160854, 40.14133129488748], [-85.40653271753554, 40.141331294418805], [-85.40653271787586, 40.14133816197423], [-85.40654170141651, 40.14133816219726], [-85.40654170058424, 40.14134502973654], [-85.40655068414688, 40.14134502905826], [-85.40655068448896, 40.14135189661371], [-85.40655966687905, 40.1413518959186], [-85.40655966722203, 40.14135876347407], [-85.40656865076546, 40.141358763695045], [-85.40656865110932, 40.14136563125051], [-85.40658661704563, 40.14136563077364], [-85.40658661741232, 40.14137249742852], [-85.40659559976311, 40.14137249853191], [-85.40659560013069, 40.14137936518681], [-85.40660458367694, 40.14137936540503], [-85.4066045828719, 40.141386232043786], [-85.40661356641908, 40.14138623226135], [-85.40661356559387, 40.141393099800716], [-85.40663153271116, 40.14139309933317], [-85.40663153188775, 40.14139996687257], [-85.4066405154368, 40.14139996708809], [-85.40664051461428, 40.141406834627496], [-85.40664949935879, 40.14140683395785], [-85.40664949853715, 40.14141370149728], [-85.40665848093562, 40.14141370079466], [-85.40665848128833, 40.141420568350235], [-85.40667644839203, 40.14142056877647], [-85.40667644759411, 40.1414274354153], [-85.40668543114688, 40.14142743562741], [-85.40668543150228, 40.14143430318302], [-85.40669441388252, 40.14143430337829], [-85.40669441423879, 40.14144117093391], [-85.40670339781448, 40.14144117024402], [-85.40670339699814, 40.141448037783505], [-85.40671238057476, 40.14144803709296], [-85.40671238091176, 40.14145490554921], [-85.40673034687234, 40.141454905050495], [-85.4067303472532, 40.14146177170554], [-85.40673932963718, 40.1414617718974], [-85.40673932999788, 40.14146863945307], [-85.40674831355625, 40.14146863966038], [-85.40674831393889, 40.14147550631547], [-85.4067572963247, 40.14147550650596], [-85.40675729670822, 40.141482373161054], [-85.40677526265523, 40.14148237355611], [-85.4067752630195, 40.141489241111834], [-85.40678424542824, 40.141489240399665], [-85.40678424579338, 40.1414961079554], [-85.40679322935549, 40.14149610815931], [-85.4067932297215, 40.14150297571505], [-85.4068022121321, 40.1415029750015], [-85.406802212499, 40.141509842557255], [-85.40682017845349, 40.141509842945474], [-85.40682017884322, 40.141516709600666], [-85.40682916240814, 40.14151670980182], [-85.40682916162527, 40.141523576440854], [-85.4068381451911, 40.14152357664135], [-85.40683814556157, 40.141530444197144], [-85.40684712795485, 40.14153044438079], [-85.4068471283262, 40.14153731193662], [-85.40685611191495, 40.141537311235126], [-85.40685611228716, 40.141544178790944], [-85.40687407825096, 40.14154417917099], [-85.40687407864601, 40.14155104582623], [-85.40688306104211, 40.14155104600715], [-85.40688306143804, 40.141557912662414], [-85.40689204381401, 40.14155791374326], [-85.40689204421084, 40.14156478039852], [-85.40690102778228, 40.141564780594216], [-85.40690102700647, 40.14157164723334], [-85.40691899415124, 40.1415716476227], [-85.40691899452968, 40.141578515178615], [-85.40692797695054, 40.14157851445549], [-85.40692797615638, 40.14158538199526], [-85.40693696092515, 40.141585381303784], [-85.40693695895838, 40.14159224882742], [-85.40694594370703, 40.14159224903584], [-85.40694594291465, 40.14159911657565], [-85.4069639100879, 40.141599116057556], [-85.40696390931832, 40.141605982696774], [-85.40697289287434, 40.1416059837876], [-85.40697289208461, 40.14161285132743], [-85.40698187568363, 40.141612850616376], [-85.40698187489478, 40.14161971815621], [-85.40699085849474, 40.14161971744448], [-85.40699085885922, 40.14162658590109], [-85.40699984128659, 40.14162658517251], [-85.406999841673, 40.14163345272851], [-85.4070178076821, 40.14163345218609], [-85.4070178080703, 40.14164031974214], [-85.407026791652, 40.141640319928264], [-85.40702679088862, 40.14164718656755], [-85.40703577447127, 40.14164718675301], [-85.40703577441971, 40.14164909845932], [-85.40703577488226, 40.14165405340846], [-85.4070447572713, 40.141654054477684], [-85.40704475768317, 40.14166092113315], [-85.40706272369974, 40.141660920583874], [-85.40706272409236, 40.14166778813998], [-85.40707170650433, 40.14166778830655], [-85.40707170689784, 40.14167465586264], [-85.40708069050524, 40.14167465514408], [-85.40708069089963, 40.14168152270018], [-85.40708967331344, 40.14168152286541], [-85.40708967370871, 40.14168839042152], [-85.40710763973276, 40.14168838986544], [-85.4071076401298, 40.14169525742158], [-85.40711662256655, 40.141695256684116], [-85.40711662294343, 40.141702125140895], [-85.40713458897123, 40.141702124580696], [-85.40713458939199, 40.141708991236264], [-85.40715255540064, 40.14170899157392], [-85.40715255580216, 40.14171585913012], [-85.40717052183375, 40.14171585856441], [-85.40717052225808, 40.14172272522004], [-85.40717950465653, 40.141722726279006], [-85.40717950508174, 40.14172959293464], [-85.40719747109607, 40.14172959326544], [-85.40719747152308, 40.1417364599211], [-85.40721543753928, 40.14173646024912], [-85.40721543794703, 40.14174332780543], [-85.40723340396515, 40.141743328130715], [-85.40723340439574, 40.141750194786425], [-85.4072513704368, 40.14175019420834], [-85.40725136967463, 40.14175706174856], [-85.40726933687003, 40.141757062084466], [-85.40726933610966, 40.141763929624716], [-85.40727831972934, 40.14176392889103], [-85.40727832014335, 40.14177079644742], [-85.40729628734252, 40.141770796779234], [-85.40729628543235, 40.141777663402756], [-85.40731425265447, 40.14177766283119], [-85.40731425187751, 40.14178453127212], [-85.40733221910152, 40.14178453069779], [-85.40733221836842, 40.14179139733752], [-85.40735018555226, 40.14179139856167], [-85.40735018599445, 40.14179826521756], [-85.40736815204876, 40.1417982646216], [-85.4073681524717, 40.14180513217813], [-85.40737713490255, 40.141805132321345], [-85.40737713559427, 40.14181133501833], [-85.40645289479693, 40.141809262110584], [-85.40517980510147, 40.14180790472645]]], [[[-85.40424201193768, 40.140039266247605], [-85.40431636141614, 40.14003952434459], [-85.40432137495716, 40.1418060889104], [-85.40237440246065, 40.14180002599471], [-85.40151112480287, 40.14179805216453], [-85.40151112587607, 40.14179139634305], [-85.40153807435495, 40.14179139544845], [-85.40153807449812, 40.14178452880393], [-85.40156502412687, 40.141784528819805], [-85.40156502428843, 40.14177766127461], [-85.4015829903077, 40.14177766157649], [-85.40158299046742, 40.14177079403126], [-85.40160994006996, 40.14177079493718], [-85.40160994022696, 40.14176392739187], [-85.40163688869573, 40.14176392647406], [-85.40163689000235, 40.14175705984551], [-85.40165485601655, 40.14175706013612], [-85.40165485616896, 40.14175019259073], [-85.40167282218147, 40.14175019287851], [-85.40167282233205, 40.14174332533307], [-85.40169977194554, 40.14174332531726], [-85.40169977174094, 40.14174158117536], [-85.40169977209338, 40.141736457771756], [-85.40171773925486, 40.141736458969305], [-85.40171773822739, 40.14172959140756], [-85.4017446878569, 40.14172959048058], [-85.40174468680557, 40.14172272381938], [-85.40176265398478, 40.141722724109286], [-85.40176265410511, 40.14171585746423], [-85.40178062013022, 40.141715856834495], [-85.40178062024872, 40.14170899018941], [-85.40180756984947, 40.14170899014824], [-85.40180757000745, 40.141702121701876], [-85.40182553598694, 40.14170212286632], [-85.40182553612199, 40.14169525532052], [-85.40184350331546, 40.14169525469713], [-85.4018435022541, 40.1416883880357], [-85.40186146825124, 40.141688388293886], [-85.40186146838263, 40.14168152074799], [-85.40187943555156, 40.14168152101956], [-85.40187943566, 40.14167465437423], [-85.40188446686345, 40.14167465355434], [-85.40190638409555, 40.14167465339298], [-85.40190638422236, 40.141667785847], [-85.40192435136682, 40.14166778701213], [-85.40192435149179, 40.1416609194661], [-85.40194231748212, 40.14166091971159], [-85.40194231643179, 40.14165405214933], [-85.401960283615, 40.1416540515076], [-85.4019602837152, 40.141647184862066], [-85.40197824970213, 40.14164718510192], [-85.4019782498005, 40.14164031845636], [-85.40199621698028, 40.14164031780898], [-85.4019962170979, 40.14163345026278], [-85.40201418308139, 40.141633450497], [-85.4020141820237, 40.141626582934535], [-85.40202316678536, 40.141626582624575], [-85.40202316687913, 40.141619715978905], [-85.40204113285914, 40.141619716208865], [-85.4020411317776, 40.141612849546945], [-85.40205909777698, 40.14161284887346], [-85.40205909904057, 40.1416059822439], [-85.40207706503823, 40.14160598156759], [-85.40207706514762, 40.1415991140212], [-85.40209503110137, 40.14159911514328], [-85.40209503238239, 40.14159224761304], [-85.40211299837664, 40.14159224693109], [-85.40211299728776, 40.14158538026899], [-85.40212198087075, 40.14158537993505], [-85.40212198095443, 40.141578513289154], [-85.40213994811866, 40.14157851261915], [-85.40213994704814, 40.14157164505638], [-85.40215791299497, 40.141571646168565], [-85.40215791309609, 40.14156477862196], [-85.40217588023579, 40.14156477884691], [-85.40217588033508, 40.141557911300275], [-85.40218486274112, 40.14155791094519], [-85.40218486281839, 40.14155104429912], [-85.40220282997569, 40.1415510436192], [-85.40220283005112, 40.14154417697312], [-85.40222079601214, 40.14154417717478], [-85.40222079610683, 40.14153730962802], [-85.40222977848919, 40.14153731017001], [-85.40222977827085, 40.14153556602779], [-85.40222977975644, 40.141530442639414], [-85.40224774573507, 40.14153044193624], [-85.40224774580591, 40.14152357529001], [-85.4022567282076, 40.14152357492927], [-85.40225672827752, 40.14151670828302], [-85.40227469540505, 40.14151670849238], [-85.40227469551535, 40.14150984004488], [-85.40229266144657, 40.14150984113583], [-85.40229266036043, 40.141502973572706], [-85.4023016451065, 40.14150297324081], [-85.40230164517182, 40.14149610659444], [-85.40231961114178, 40.141496105879924], [-85.40231961003178, 40.14148923921734], [-85.40232859360262, 40.14148923886712], [-85.40232859483866, 40.14148237223689], [-85.40234656078404, 40.14148237241872], [-85.40234656086587, 40.14147550487166], [-85.40235554324039, 40.14147550540372], [-85.40235554332129, 40.14146863785661], [-85.40237351045775, 40.141468637149785], [-85.40237351051572, 40.14146177050325], [-85.4023824929096, 40.14146177013259], [-85.40238249296664, 40.14145490348601], [-85.40239147535964, 40.141454903114635], [-85.40239147661033, 40.141448035583636], [-85.40240046017594, 40.141448035227725], [-85.40240045905765, 40.141441168564924], [-85.4024184249925, 40.141441168735405], [-85.40241842504587, 40.14143430208875], [-85.40242740978321, 40.141434301746905], [-85.40242740985673, 40.14142743419961], [-85.40243639222513, 40.14142743472527], [-85.40243639229773, 40.14142056717795], [-85.40244537468634, 40.14142056680232], [-85.4024453747369, 40.14141370015557], [-85.40246334185936, 40.14141369943452], [-85.4024633419081, 40.141406832787744], [-85.40247232429498, 40.14140683240998], [-85.40247232436388, 40.14139996486255], [-85.40248130790224, 40.141399965400865], [-85.40248130797023, 40.14139309785344], [-85.40249029150772, 40.141393098391006], [-85.40249029157478, 40.141386230843565], [-85.40250825749564, 40.141386230999814], [-85.40250825753975, 40.141379364352915], [-85.40251724109662, 40.14137936398777], [-85.4025172411609, 40.14137249644024], [-85.40252622354339, 40.141372496058175], [-85.40252622358565, 40.14136562941124], [-85.40253520714076, 40.141365629044664], [-85.4025352060086, 40.141358762381515], [-85.40255317429052, 40.14135876166241], [-85.40255317315653, 40.14135189499921], [-85.40256215668879, 40.14135189553113], [-85.40256215676956, 40.141345027082856], [-85.40257113912745, 40.14134502759786], [-85.40257114033857, 40.14133816096699], [-85.40258012271669, 40.141338160580666], [-85.40258012275339, 40.14133129393357], [-85.40259808868134, 40.141331293175], [-85.40259808991082, 40.141324425643454], [-85.40260707343957, 40.14132442617179], [-85.40260707232113, 40.14131755860783], [-85.4026160558701, 40.14131755823485], [-85.40261605590312, 40.141310691587684], [-85.40262503827772, 40.1413106911978], [-85.40262503948331, 40.14130382456679], [-85.40263402303052, 40.14130382419238], [-85.40263402190931, 40.141296956628345], [-85.4026519877863, 40.14129695766243], [-85.40265198783673, 40.14129009011456], [-85.40266097255568, 40.141290089754214], [-85.40266097141061, 40.14128322309072], [-85.40266995495519, 40.14128322271347], [-85.40266995500377, 40.14127635516553], [-85.40267893735289, 40.141276355672005], [-85.40267893740054, 40.14126948812401], [-85.40269690446509, 40.14126948826657], [-85.40269690451092, 40.141262620718585], [-85.40270588805288, 40.14126262033849], [-85.40270588690319, 40.141255753674876], [-85.40271487044427, 40.141255753294075], [-85.40271487166171, 40.141248885762224], [-85.40272385398625, 40.141248887165716], [-85.40272385405038, 40.14124201871703], [-85.40274181991335, 40.1412420197369], [-85.40274181995454, 40.14123515218878], [-85.40275080349299, 40.141235151805134], [-85.40275080351218, 40.141228285157595], [-85.40275978704976, 40.14122828477322], [-85.40275978591563, 40.14122141720886], [-85.40276876943122, 40.1412214177244], [-85.40276876946965, 40.141214550176194], [-85.40278673654127, 40.14121454940392], [-85.40278673655678, 40.14120768275629], [-85.40279571889714, 40.141207683253526], [-85.4027957189328, 40.14120081570523], [-85.40280470244576, 40.14120081621793], [-85.4028047025016, 40.14119394776905], [-85.4028136859926, 40.14119394918162], [-85.4028136860264, 40.14118708163329], [-85.40283165191757, 40.141187080837724], [-85.40283165192844, 40.14118021418998], [-85.40284063545988, 40.14118021379921], [-85.40284063546984, 40.14117334715143], [-85.40284961900039, 40.141173346759956], [-85.40284961785704, 40.14116647919536], [-85.40285860136561, 40.141166479703784], [-85.40285860139481, 40.14115961215533], [-85.40287656843132, 40.14115961226944], [-85.40287656845868, 40.14115274472097], [-85.40288555079205, 40.14115274521107], [-85.4028855507974, 40.14114587856316], [-85.40289453315097, 40.14114587815196], [-85.40289453434995, 40.14113901061961], [-85.40290351785504, 40.141139011124466], [-85.40290351787961, 40.141132143575916], [-85.40291250023142, 40.14113214316326], [-85.40291250023398, 40.14112527651529], [-85.4029304672828, 40.14112527572025], [-85.40293046728354, 40.14111840907224], [-85.40293944963362, 40.141118408657455], [-85.40293944965451, 40.1411115411088], [-85.40294843317717, 40.1411115407095], [-85.40294843434953, 40.14110467407762], [-85.40295741667674, 40.14110467456203], [-85.40295741669577, 40.14109780701333], [-85.40297538254303, 40.1410978070956], [-85.40297538253914, 40.141090940447455], [-85.4029843660592, 40.141090940045316], [-85.40298436607547, 40.14108407249655], [-85.40299334959462, 40.14108407209368], [-85.40299334958887, 40.1410772054455], [-85.40301131545199, 40.14107720462147], [-85.40301131661789, 40.14107033798943], [-85.40302029896182, 40.141070337568266], [-85.40302029895332, 40.14106347092], [-85.40302928244877, 40.141063471414924], [-85.40302928130805, 40.14105660294923], [-85.40304724829721, 40.14105660393692], [-85.40304724830703, 40.141049736387984], [-85.40305623182182, 40.141049735980154], [-85.40305623180963, 40.1410428693318], [-85.40307419766401, 40.14104286849785], [-85.40307419882348, 40.14103600186564], [-85.40308318116305, 40.141036001439495], [-85.40308318114809, 40.14102913479109], [-85.40310114697792, 40.141029134853476], [-85.40310114698221, 40.14102226730441], [-85.40311911398378, 40.14102226738015], [-85.40311911398625, 40.14101539983106], [-85.40313707981262, 40.14101539988779], [-85.40313707981326, 40.141008532338624], [-85.4031460621283, 40.14100853280816], [-85.40314606330149, 40.141001665275155], [-85.40316402912438, 40.14100166532764], [-85.40316402910116, 40.140994798679], [-85.40318199494344, 40.14099479782808], [-85.40318199609187, 40.14098793119561], [-85.40320894539728, 40.14098793172323], [-85.40320894541168, 40.14098106327329], [-85.40322691238185, 40.140981064232705], [-85.40322691237333, 40.14097419668333], [-85.40324487821049, 40.14097419582254], [-85.40324487817905, 40.14096732917373], [-85.4032718274768, 40.14096732968654], [-85.4032718274637, 40.14096046213707], [-85.40329877678005, 40.14096046174295], [-85.40329877676422, 40.14095359419341], [-85.4033167437276, 40.14095359513875], [-85.40331674370994, 40.14094672758917], [-85.40335267652318, 40.1409467267534], [-85.4033526764808, 40.14093986010435], [-85.40337962576851, 40.14093986059186], [-85.40337962574448, 40.14093299304214], [-85.4034245420304, 40.1409329926506], [-85.40342454080724, 40.14092612598521], [-85.4034604747631, 40.14092612603257], [-85.40346047473088, 40.14091925848264], [-85.4035014398124, 40.14091925852811], [-85.40350539098769, 40.14091925896018], [-85.40350538977744, 40.14091239139402], [-85.40354132255342, 40.14091239139992], [-85.40354132368647, 40.14090552386604], [-85.40357725528574, 40.14090552384455], [-85.40357725524167, 40.14089865629441], [-85.4036221715075, 40.14089865582576], [-85.4036221714378, 40.14089178917612], [-85.40365810420413, 40.14089178914557], [-85.40365810415186, 40.14088492159526], [-85.40370302038859, 40.14088492199565], [-85.4037030203318, 40.14087805444523], [-85.4037389530917, 40.14087805438946], [-85.40373895301019, 40.140871187739556], [-85.40377093457298, 40.140871188150335], [-85.4037838680865, 40.140871187191614], [-85.4037838691739, 40.14086432055782], [-85.40381980075395, 40.1408643204606], [-85.40381980068533, 40.14085745290994], [-85.40386471690601, 40.14085745324725], [-85.40386471683283, 40.14085058569648], [-85.40390064957992, 40.1408505855902], [-85.40390064948204, 40.14084371893999], [-85.4039455657158, 40.140843718345124], [-85.40394556561336, 40.14083685169479], [-85.40398149835404, 40.1408368515633], [-85.40398149826903, 40.140829984012285], [-85.40402641330024, 40.1408299842703], [-85.40402641438415, 40.14082311673536], [-85.40406234711843, 40.14082311657863], [-85.40406234585174, 40.14081624901127], [-85.4041072620484, 40.14081624925392], [-85.40410726195066, 40.140809381702624], [-85.40414319583093, 40.14080938243744], [-85.40414319572955, 40.14080251488606], [-85.40418811191819, 40.14080251509718], [-85.4041881113672, 40.140768178240414], [-85.40419709482674, 40.14076817864392], [-85.40419709365896, 40.14071149588937], [-85.40419709513964, 40.14064456725082], [-85.40420607860398, 40.1406445667527], [-85.40420607887211, 40.14052095625734], [-85.40421506114672, 40.140520955742055], [-85.4042150614333, 40.14039734344262], [-85.40422404484407, 40.140397343843105], [-85.40422404391242, 40.140273732425236], [-85.40423302732799, 40.140273731924076], [-85.40423302799722, 40.14024872208513], [-85.40423302770088, 40.140156986270604], [-85.40424201105893, 40.14015698756967], [-85.40424201209133, 40.14009343638801], [-85.40424201193768, 40.140039266247605]]], [[[-85.40520828593824, 40.14268548747795], [-85.40731425107795, 40.14268986590864], [-85.40731425057933, 40.142690992925885], [-85.40729628546352, 40.142690993525065], [-85.4072962858973, 40.14269786017981], [-85.40727831843277, 40.14269786074388], [-85.40727831886473, 40.14270472739859], [-85.4072693351421, 40.142704727229265], [-85.40726933555207, 40.142711594784565], [-85.40725136810511, 40.14271159444377], [-85.40725136853429, 40.142718461098404], [-85.40723340223808, 40.142718461671535], [-85.40723340266541, 40.14272532832614], [-85.40722442009267, 40.14272532907002], [-85.4072244193456, 40.14273219570846], [-85.40720645306692, 40.14273219537672], [-85.40720645347048, 40.14273906293186], [-85.4071884871901, 40.1427390625973], [-85.40718848641832, 40.14274593013626], [-85.40717950269051, 40.14274592995985], [-85.40717950311232, 40.142752796614324], [-85.40716153798093, 40.14275279719226], [-85.40716153720639, 40.142759664731145], [-85.40714357094184, 40.1427596634889], [-85.40714357014441, 40.14276653192835], [-85.40713458760854, 40.142766530863945], [-85.40713458766197, 40.14277165427463], [-85.40713458802578, 40.142773397518305], [-85.4071166217157, 40.14277339807302], [-85.40711662093655, 40.14278026561179], [-85.40709865464576, 40.142780265263085], [-85.4070986550383, 40.14278713281796], [-85.40708967247879, 40.14278713265063], [-85.4070896728704, 40.14279400020547], [-85.40707170542366, 40.142793998935765], [-85.40707170581344, 40.14280086649057], [-85.40705373949642, 40.142800867035376], [-85.40705373990541, 40.142807733689544], [-85.40704475499629, 40.14280773348638], [-85.4070447553833, 40.14281460104112], [-85.4070267902363, 40.142814601597834], [-85.40702678946901, 40.14282146823577], [-85.40700882316784, 40.1428214678729], [-85.40700882357223, 40.14282833452697], [-85.40699983981297, 40.14282833523699], [-85.40699984021643, 40.142835201891025], [-85.40698187389073, 40.14283520242451], [-85.40698187311885, 40.14284206906233], [-85.40696390681246, 40.142842068692396], [-85.40696390719123, 40.14284893624696], [-85.40695492462392, 40.14284893606899], [-85.40695492500174, 40.1428558036235], [-85.40693695751838, 40.14285580323316], [-85.40693695791542, 40.14286266988703], [-85.4069189915828, 40.14286267041063], [-85.406918991978, 40.142869537064456], [-85.40691000821356, 40.14286953776741], [-85.40691000743432, 40.14287640440505], [-85.40689204229275, 40.142876404039924], [-85.4068920426852, 40.14288327069371], [-85.40687407517387, 40.14288327119407], [-85.40687407554346, 40.14289013874839], [-85.40686509179744, 40.142890138547195], [-85.40686509218712, 40.14289700520088], [-85.40684712701932, 40.14289700572932], [-85.40684712503912, 40.14290387325127], [-85.40682915989065, 40.14290387287624], [-85.40682916027667, 40.14291073952984], [-85.40682017652806, 40.14291073932512], [-85.40682017689211, 40.14291760687931], [-85.40680220937209, 40.14291760736833], [-85.40680220975536, 40.14292447402188], [-85.40678424458065, 40.14292447454038], [-85.40678424378858, 40.142931341177714], [-85.40677526121087, 40.1429313409856], [-85.40677526039681, 40.14293820852354], [-85.40675729406615, 40.14293820812103], [-85.40675729444482, 40.14294507477447], [-85.4067393280914, 40.14294507526975], [-85.40673932729473, 40.142951941906965], [-85.40673034469339, 40.14295194261193], [-85.40673034506929, 40.14295880926528], [-85.40671237873343, 40.142958808855695], [-85.40671237791295, 40.142965676393466], [-85.40669441157537, 40.142965675981074], [-85.40669441192658, 40.14297254353494], [-85.40668542934368, 40.14297254333576], [-85.40668542971498, 40.142979409989], [-85.40666746217939, 40.1429794104568], [-85.40666746252782, 40.14298627801061], [-85.4066494962061, 40.14298627669052], [-85.40664949653166, 40.14299314514489], [-85.40663152901365, 40.14299314470643], [-85.40663152937947, 40.14300001135955], [-85.40662254677207, 40.14300001205603], [-85.40662254713695, 40.14300687870911], [-85.40660458076793, 40.14300687918316], [-85.40660457995749, 40.14301374582006], [-85.40658661360779, 40.143013745390675], [-85.40658661396901, 40.14302061204367], [-85.40657763135901, 40.143020612736606], [-85.40657763171932, 40.14302747938958], [-85.40655966417158, 40.143027479840406], [-85.40655966453005, 40.143034346493344], [-85.40654169815411, 40.14303434695749], [-85.40654169848969, 40.143041214511], [-85.40652373095958, 40.14304121405557], [-85.4065237313144, 40.14304808070841], [-85.40651474872196, 40.14304808049579], [-85.4065147490548, 40.143054948049205], [-85.40649678150014, 40.143054948490146], [-85.40649678185217, 40.143061815142914], [-85.40647881546933, 40.143061815597186], [-85.40647881581955, 40.14306868224991], [-85.40646085062953, 40.14306868181688], [-85.40646084863089, 40.14307554843727], [-85.40645186601395, 40.143075549120304], [-85.40645186636141, 40.14308241577297], [-85.40643389997336, 40.143082416220146], [-85.40643389914545, 40.143089282856614], [-85.40641593395026, 40.14308928241651], [-85.40641593307842, 40.143096150854156], [-85.4063979678815, 40.14309615041123], [-85.40639796822344, 40.14310301706375], [-85.40638898325604, 40.14310301770954], [-85.40638898359707, 40.143109884362055], [-85.40637101837561, 40.14310988481547], [-85.4063710187148, 40.14311675146795], [-85.40635305116565, 40.143116750985634], [-85.40635305148196, 40.143123618538674], [-85.4063350851046, 40.14312361806968], [-85.40633508541907, 40.143130485622684], [-85.40632610281627, 40.1431304853952], [-85.40632610197737, 40.14313735203142], [-85.40630813557549, 40.14313735245877], [-85.4063081358872, 40.14314422001171], [-85.40629016950464, 40.14314421953565], [-85.40629016864102, 40.14315108707238], [-85.40627220225673, 40.1431510865935], [-85.40627220258584, 40.143157953245726], [-85.40626321995853, 40.1431579539139], [-85.4062632202867, 40.14316482056611], [-85.4062452527044, 40.143164820967435], [-85.40624525303073, 40.14317168761959], [-85.40622728664127, 40.14317168713363], [-85.40622728692368, 40.14317855558697], [-85.40620932053247, 40.14317855509818], [-85.40620932085515, 40.143185421750246], [-85.40620033707194, 40.143185421496725], [-85.40620033737264, 40.14319228904939], [-85.40618237095691, 40.14319228945694], [-85.40618237127683, 40.14319915610897], [-85.40616440488044, 40.1431991556131], [-85.40616440519852, 40.143206022265055], [-85.40614643877936, 40.14320602266699], [-85.40614643790106, 40.14321289020337], [-85.40613745528789, 40.14321288996103], [-85.40613745560321, 40.14321975661293], [-85.40611948918057, 40.14321975701059], [-85.4061194882995, 40.14322662454689], [-85.40610152189618, 40.14322662404114], [-85.40610152220785, 40.14323349069297], [-85.4060835569553, 40.14323349110114], [-85.40608355726512, 40.143240357752916], [-85.40607457228042, 40.14324035837391], [-85.4060745725893, 40.14324722502565], [-85.40605660733326, 40.1432472254296], [-85.40605660644576, 40.14325409296574], [-85.40603864003553, 40.14325409245007], [-85.40603864034077, 40.14326095910173], [-85.40602067390779, 40.14326095948385], [-85.40602067421119, 40.14326782613546], [-85.40601169157004, 40.14326782678384], [-85.406011690699, 40.14327469341927], [-85.40599372428359, 40.14327469289655], [-85.40599372456317, 40.143281560448685], [-85.40597575814603, 40.14328155992312], [-85.40597575725027, 40.14328842745907], [-85.40595779198388, 40.143288427847445], [-85.40595779228086, 40.14329529449891], [-85.4059488084838, 40.143295294225574], [-85.4059488087588, 40.14330216177762], [-85.40593084233646, 40.14330216124497], [-85.4059308426096, 40.14330902879697], [-85.40591287618557, 40.1433090282615], [-85.40591287647796, 40.14331589491285], [-85.40590740260593, 40.14331589521744], [-85.4058949088576, 40.14331589525902], [-85.40589490912711, 40.14332276281094], [-85.40587694387312, 40.143322762285976], [-85.40587694296727, 40.14332962982169], [-85.40584999388919, 40.14332962991343], [-85.40584999300167, 40.14333649654848], [-85.40582304509459, 40.14333649665003], [-85.40582304418326, 40.14334336418561], [-85.40579609512125, 40.143343363364096], [-85.40579609538068, 40.14335023091578], [-85.40576914514263, 40.14335023007177], [-85.40576914539935, 40.1433570976234], [-85.40574219631124, 40.14335709768981], [-85.40574219656521, 40.1433639652414], [-85.40571524632213, 40.14336396438471], [-85.40571524659443, 40.14337083103561], [-85.40568829630674, 40.14337083197384], [-85.4056882965763, 40.14337769862467], [-85.40566134748066, 40.14337769867212], [-85.40566134774748, 40.143384565322904], [-85.40563439747584, 40.143384565347844], [-85.40563439743603, 40.14338968785521], [-85.40563439771886, 40.14339143289919], [-85.40560744861821, 40.14339143293396], [-85.40560744770603, 40.14339829956846], [-85.40558049860289, 40.14339829959693], [-85.4055804988615, 40.14340516624752], [-85.40555354856126, 40.14340516715411], [-85.40555354881712, 40.14341203380465], [-85.40552659970896, 40.14341203382045], [-85.4055265999621, 40.14341890047092], [-85.40549964965683, 40.143418901364846], [-85.40549964990724, 40.14342576801526], [-85.40547269962055, 40.14342576800227], [-85.40547269986821, 40.14343263465261], [-85.40544575073146, 40.14343263555004], [-85.40544575097638, 40.14343950220034], [-85.40541880068466, 40.143439502174665], [-85.40541880092685, 40.1434463688249], [-85.40539185180614, 40.14344636880908], [-85.405391850851, 40.14345323634368], [-85.4053649017278, 40.14345323632154], [-85.4053649019645, 40.14346010297166], [-85.40533795283878, 40.14346010294318], [-85.40533795307276, 40.14346696959323], [-85.40531100392346, 40.143466970459016], [-85.4053110041547, 40.143473837109006], [-85.40528405385045, 40.1434738370517], [-85.40528405377708, 40.14350817208636], [-85.4052750711272, 40.14350817177634], [-85.40527507016232, 40.143595698535556], [-85.40527507087467, 40.14372104862917], [-85.40526608700219, 40.143721049202355], [-85.40526608698573, 40.14380170842427], [-85.40526608649554, 40.14392705849713], [-85.40525710379052, 40.14392705818463], [-85.40525710323621, 40.14413306747179], [-85.40524812050406, 40.14413306715809], [-85.40524811927673, 40.144213726357904], [-85.40524811881868, 40.144227648832114], [-85.40524811877066, 40.14433907462028], [-85.40523913599033, 40.144339075205956], [-85.40523913711245, 40.14441973353451], [-85.40523913644297, 40.14443677671654], [-85.40523201687063, 40.14443676783242], [-85.40520828593824, 40.14268548747795]]], [[[-85.40424200446097, 40.14443497372899], [-85.4042420046756, 40.14435967576932], [-85.40423302074267, 40.14435967536011], [-85.40423302161597, 40.14427040538006], [-85.40422403884729, 40.144270405887134], [-85.40422403874254, 40.14422546818745], [-85.40422403886346, 40.1442137258832], [-85.40422403867434, 40.14418800253688], [-85.40421505593761, 40.144188002142876], [-85.4042150556535, 40.14409873214456], [-85.40420607290747, 40.144098732650676], [-85.40420607265234, 40.14400946175067], [-85.40419708876566, 40.14400946133956], [-85.4041970897884, 40.14392705800251], [-85.40418810708613, 40.14392705760707], [-85.40418810567357, 40.1438377866888], [-85.404179122962, 40.14383778719351], [-85.40417912333106, 40.143801708029045], [-85.4041791239044, 40.143748516306474], [-85.40417014120463, 40.1437485168107], [-85.40417013992356, 40.143666112537765], [-85.40416115725574, 40.1436661121409], [-85.40416115821425, 40.1435768412518], [-85.40415217436362, 40.14357684173888], [-85.40415217427093, 40.143494437480186], [-85.4041431916047, 40.14349443798299], [-85.40414319174717, 40.1434257670189], [-85.40410725764028, 40.143425767174065], [-85.40410725872474, 40.14341889964194], [-85.40406234313929, 40.14341890029892], [-85.40406234303364, 40.143412033651316], [-85.40400844366691, 40.14341203296609], [-85.40400844356667, 40.14340516631857], [-85.40396352801262, 40.14340516603675], [-85.40396352791687, 40.143398299389325], [-85.40390962854146, 40.143398299558925], [-85.40390962847219, 40.14339143201096], [-85.40385573027653, 40.14339143217175], [-85.40385573001817, 40.143389688029266], [-85.4038557301916, 40.14338456552449], [-85.40381081347957, 40.14338456516751], [-85.40381081342021, 40.14337769761975], [-85.40377093037104, 40.14337769727895], [-85.40375691406342, 40.143377697718535], [-85.4037569151619, 40.14337083108765], [-85.4037119996337, 40.14337083070868], [-85.40371199956319, 40.1433639640617], [-85.40368505048818, 40.14336396364912], [-85.40368504924683, 40.143357096985994], [-85.40365810134826, 40.14335709658338], [-85.4036581001096, 40.143350229920294], [-85.40363114986691, 40.1433502294791], [-85.40363115097797, 40.143343362848434], [-85.40360420073822, 40.14334336240099], [-85.40360420067847, 40.143336495754205], [-85.40357725161513, 40.143336495316724], [-85.40357725155808, 40.14332962866997], [-85.40355030247659, 40.143329629126875], [-85.4035503024433, 40.14332276157957], [-85.40352335219121, 40.14332276201409], [-85.40352335331305, 40.143315895383594], [-85.40349640308497, 40.14331589491127], [-85.40349640305708, 40.14330902736404], [-85.40346945398436, 40.1433090278023], [-85.40346945395915, 40.143302160255125], [-85.40344250488934, 40.14330216068714], [-85.4034425036933, 40.14329529312382], [-85.40341555462643, 40.143295293549635], [-85.4034155546066, 40.14328842600252], [-85.40338860436913, 40.14328842640593], [-85.4033886055255, 40.14328155887507], [-85.40336165526988, 40.143281560172866], [-85.40336165527651, 40.14327469172523], [-85.4033347062184, 40.143274692132394], [-85.40333470618556, 40.14326782548604], [-85.40330775715145, 40.14326782498634], [-85.40330775712131, 40.14326095834003], [-85.40328080809013, 40.14326095783414], [-85.40328080806268, 40.14325409118786], [-85.4032628416456, 40.143254091141955], [-85.40326284164102, 40.143247223595125], [-85.40324487403126, 40.14324722443087], [-85.4032448751809, 40.14324035780084], [-85.4032269076152, 40.14324035683264], [-85.40322690876663, 40.14323349020263], [-85.40321792496364, 40.1432334906181], [-85.40321792496351, 40.14322662307133], [-85.403199958554, 40.14322662301578], [-85.4031999597081, 40.14321975638583], [-85.40318199212697, 40.143219756311346], [-85.40318199330395, 40.143212888780816], [-85.40317300833026, 40.14321288917666], [-85.40317300950811, 40.14320602164614], [-85.40315504308317, 40.14320602248434], [-85.40315504308928, 40.14319915493765], [-85.40313707668736, 40.14319915487251], [-85.40313707667417, 40.14319228822645], [-85.40312809287684, 40.14319228863506], [-85.40312809408023, 40.14318542020398], [-85.40311012648745, 40.14318542101912], [-85.403110126498, 40.1431785534725], [-85.40310114387609, 40.14317855389525], [-85.40310114506104, 40.14317168636484], [-85.4030831774931, 40.14317168627526], [-85.40308317748527, 40.143164819629284], [-85.40306521109272, 40.14316481955314], [-85.40306521110776, 40.14315795200658], [-85.40305622731513, 40.14315795240971], [-85.40305622730996, 40.14315108576376], [-85.4030382621158, 40.14315108479909], [-85.4030382609389, 40.143144218136996], [-85.40302029570445, 40.1431442189708], [-85.40302029572395, 40.14313735142429], [-85.40301131195524, 40.14313735092337], [-85.40301131195451, 40.1431304842775], [-85.4029933455714, 40.143130484190365], [-85.40299334557248, 40.14312361754453], [-85.40297537919126, 40.14312361745466], [-85.4029753792152, 40.14311674990823], [-85.40296639660177, 40.14311675032066], [-85.4029663966055, 40.143109883674846], [-85.40296244647736, 40.14310988323812], [-85.40294843024914, 40.14310988268028], [-85.40294843025465, 40.14310301603449], [-85.4029304638791, 40.143103015937754], [-85.40293046390751, 40.14309614839139], [-85.40292148012337, 40.14309614878421], [-85.40292148013157, 40.14308928213847], [-85.40290351493329, 40.143089282053815], [-85.40290351379085, 40.143082414491275], [-85.4028945311821, 40.14308241489824], [-85.40289453119296, 40.143075548252526], [-85.40287656484603, 40.143075547246966], [-85.40287656485867, 40.14306868060128], [-85.40285859847145, 40.143068681394176], [-85.40285859850697, 40.143061813847915], [-85.40284961592215, 40.14306181335081], [-85.40284961476395, 40.14305494668898], [-85.40283164957509, 40.143054946593345], [-85.40283164841867, 40.14304807993154], [-85.40281368323171, 40.14304807983316], [-85.4028136832717, 40.143041212286946], [-85.4028046994951, 40.14304121267084], [-85.40280469951487, 40.14303434602526], [-85.40278673317925, 40.14303434500597], [-85.40278673320081, 40.1430274783604], [-85.4027687668249, 40.14302747913957], [-85.40276876689045, 40.14302061069283], [-85.40275978429018, 40.14302061108948], [-85.4027597843144, 40.14301374444396], [-85.40274181796336, 40.143013744318424], [-85.40274181801045, 40.14300687677231], [-85.40272385164022, 40.14300687754462], [-85.4027238516891, 40.14300000999853], [-85.40271486791816, 40.143000010375566], [-85.40271486796796, 40.14299314282952], [-85.40269690160146, 40.14299314359769], [-85.40269690165302, 40.14298627605167], [-85.40268791905747, 40.14298627644282], [-85.40268791910992, 40.14297940889679], [-85.40266995276828, 40.14297940876026], [-85.40266995253991, 40.142977664618265], [-85.40266995280142, 40.142972542114876], [-85.40265198646169, 40.14297254197559], [-85.4026519865177, 40.142965674429625], [-85.40264300275147, 40.14296567480116], [-85.40264300278727, 40.142958808155804], [-85.4026250364724, 40.142958807111796], [-85.40262503651, 40.142951940466475], [-85.40260707015482, 40.142951941220915], [-85.40260707023639, 40.14294507277441], [-85.4025980876465, 40.14294507315873], [-85.40259808651325, 40.142938206497234], [-85.40258012133535, 40.14293820726378], [-85.40258012141959, 40.142931338817284], [-85.40256215389657, 40.14293133954869], [-85.4025621551139, 40.14292447291964], [-85.40255317137444, 40.14292447238372], [-85.40255317144025, 40.14291760483789], [-85.402535203921, 40.142917605565174], [-85.40253520516211, 40.14291073803556], [-85.40252622257691, 40.14291073841436], [-85.40252622147189, 40.14290387085237], [-85.40250825515099, 40.14290387069113], [-85.40250825520016, 40.14289700404597], [-85.40249028888117, 40.14289700388197], [-85.40249028895323, 40.14289013633624], [-85.40248130519737, 40.14289013669542], [-85.40248130642271, 40.142883270066484], [-85.40246333893397, 40.142883269882184], [-85.4024633401822, 40.142876402352684], [-85.40244537267425, 40.14287640306623], [-85.40244537390318, 40.14286953643736], [-85.40243638901885, 40.1428695349757], [-85.40243639024864, 40.14286266834684], [-85.40242345636224, 40.14286266914766], [-85.40241842274445, 40.14286266905628], [-85.40241842399713, 40.142855801526814], [-85.40240045651595, 40.14285580133289], [-85.40240045657582, 40.1428489346879], [-85.40239147399913, 40.142848935056406], [-85.40239147525448, 40.14284206752701], [-85.40237350777706, 40.14284206732898], [-85.4023735078396, 40.14283520068401], [-85.40235554155868, 40.1428351995988], [-85.40235554044949, 40.14282833293768], [-85.40234655787562, 40.142828333302745], [-85.40234655796193, 40.1428214657572], [-85.40232859166368, 40.14282146556851], [-85.40232859173067, 40.14281459892359], [-85.40231960798518, 40.14281459927041], [-85.40231960807415, 40.14280773172492], [-85.40230164177964, 40.142807731532095], [-85.4023016418493, 40.142800864887235], [-85.40228367555672, 40.142800864691665], [-85.40228367562815, 40.14279399804683], [-85.4022746930801, 40.14279399750582], [-85.40227469200003, 40.142787129944175], [-85.40225672686358, 40.142787130661304], [-85.4022567257642, 40.1427802640003], [-85.40223876065077, 40.14278026381407], [-85.40223875957427, 40.14277339625247], [-85.40222977700793, 40.14277339660864], [-85.40222977679063, 40.142771652466784], [-85.40222977708473, 40.14276652996388], [-85.40221181082265, 40.14276652885672], [-85.40221181090122, 40.142759662211986], [-85.40219384459883, 40.14275966290328], [-85.4021938447214, 40.142752794457344], [-85.4021848609844, 40.14275279479388], [-85.40218486106563, 40.14274592814919], [-85.40216689476699, 40.14274592883637], [-85.40216689489223, 40.142739060390504], [-85.40214892859551, 40.142739061074934], [-85.40214892868033, 40.14273219443029], [-85.40213994614076, 40.14273219387895], [-85.40213994507407, 40.142725326317525], [-85.4021219787811, 40.14272532699786], [-85.40212197886858, 40.142718460353244], [-85.40211299633087, 40.14271845979988], [-85.40211299644035, 40.14271159225466], [-85.40209503015114, 40.14271159293089], [-85.40209502908888, 40.142704725369505], [-85.40207706399619, 40.14270472515855], [-85.40207706291463, 40.1426978584978], [-85.40206808035866, 40.142697858841615], [-85.40206808047259, 40.142690991296476], [-85.40205011421014, 40.142690991065216], [-85.40205011430476, 40.14268412442072], [-85.40203214804421, 40.142684124186694], [-85.4020321481406, 40.142677257542225], [-85.40201418188195, 40.142677257305444], [-85.40201418205199, 40.1426705879587], [-85.40434976390459, 40.14268246063799], [-85.4043734950775, 40.14443529599813], [-85.40424200446097, 40.14443497372899]]]]}}, {"type": "Feature", "properties": {"SPR_ID": 182, "Unit_Site": "Interchange parcel 182", "Site_typ": "Interchange", "layer": "Greenfield", "Shape_Area": 123237.736166, "Site_Score": 57.08, "Final_Rank": 12, "SITE_EVAL": "Fair", "RATIONALE": "Strong low flood risk and slope; limited by distance from transmission infrastructure.", "dataset": "row_parcels", "layer_title": "Right-of-Way Parcels", "layer_type": "row", "center_latitude": 40.541916, "center_longitude": -86.159834, "source_geometry_valid": true, "sol_s": 0.689833016465786, "slp_s": 0.711625491731744, "trn_s": 0.363192859402208, "fld_s": 1.0, "lc_s": 0.68695652173886, "row_source": "Manual"}, "geometry": {"type": "MultiPolygon", "coordinates": [[[[-86.1557435299995, 40.541293429718934], [-86.16105877196784, 40.54123870926629], [-86.16119445315016, 40.54143935927438], [-86.16138909153771, 40.54174189333654], [-86.1613932755491, 40.54174822446434], [-86.16162132277422, 40.54208420166489], [-86.16192408393978, 40.542539152834784], [-86.16215832476583, 40.542886279024266], [-86.15574423818649, 40.541329572809275], [-86.1557435299995, 40.541293429718934]]], [[[-86.16269298937137, 40.54223934736601], [-86.16258822838894, 40.54208192767812], [-86.16500568853549, 40.54345698644075], [-86.16545182588749, 40.543722374219094], [-86.16576445246719, 40.54394110185657], [-86.16602024001924, 40.54414381782317], [-86.1658483056428, 40.54405258224969], [-86.16583748651576, 40.5440470249813], [-86.1656138281166, 40.543935833160816], [-86.16560264305771, 40.54393045700725], [-86.16537611730855, 40.543825233070635], [-86.16536744612895, 40.54382131015703], [-86.16536457435906, 40.54382005610579], [-86.16513533856791, 40.54372087144044], [-86.1651234410678, 40.543715909902524], [-86.1648916584654, 40.54362283413804], [-86.16487941563604, 40.54361810610955], [-86.16464524830226, 40.543531206165696], [-86.16463267292939, 40.543526727953164], [-86.16439628421108, 40.54344606355303], [-86.16438338553765, 40.54344185143743], [-86.16414494117369, 40.54336747961997], [-86.16413173667426, 40.54336355264457], [-86.1638914060213, 40.5432955241701], [-86.16388887942553, 40.54329481581103], [-86.16387791204527, 40.54329189686572], [-86.16363586327633, 40.543230262487285], [-86.16362209852308, 40.543226950302795], [-86.16337850111265, 40.543171750874606], [-86.16336448663162, 40.543168770176834], [-86.1633029768247, 40.54315653582059], [-86.16325837893083, 40.54309247464839], [-86.1630021361387, 40.542697552735376], [-86.16299906223364, 40.5426929071479], [-86.16269298937137, 40.54223934736601]]], [[[-86.16390413420648, 40.54405475118188], [-86.16386163098765, 40.54399080900916], [-86.1640500808737, 40.54404958669832], [-86.16427372180334, 40.54412590203144], [-86.16449549621841, 40.544208203296385], [-86.16471521238017, 40.54429643416383], [-86.16493271157641, 40.54439054124722], [-86.16514787740039, 40.54449048768255], [-86.16536054527522, 40.54459621643917], [-86.16557054494046, 40.544707652428784], [-86.16577775423315, 40.54482474613616], [-86.16598195601078, 40.54494739330817], [-86.16618305756842, 40.54507554914833], [-86.1663808900138, 40.54520912236592], [-86.16655009146085, 40.54533001331658], [-86.16664902666186, 40.54543333543409], [-86.16676301888558, 40.54556145918395], [-86.16687246530093, 40.5456939337218], [-86.16697717580122, 40.54583056580207], [-86.16707701271038, 40.54597121931274], [-86.1671717793862, 40.54611565591718], [-86.16726133169524, 40.546263688106485], [-86.16734552689303, 40.54641511126479], [-86.16742420849589, 40.546569685542586], [-86.16749727006798, 40.54672723000792], [-86.16756459037674, 40.54688751857759], [-86.16762606919633, 40.54705034513861], [-86.1676815915711, 40.54721545302196], [-86.16773106164806, 40.54738256857884], [-86.16777442337433, 40.547551541866895], [-86.16781158608379, 40.54772206143609], [-86.16784250141795, 40.54789392784944], [-86.1678671114144, 40.548066858718855], [-86.16788538441115, 40.54824064121244], [-86.16789728473512, 40.54841500481219], [-86.16790272724907, 40.54858747328929], [-86.16789723946007, 40.54882798305323], [-86.16789717520177, 40.54883431937795], [-86.16789837126277, 40.549082319438064], [-86.16789850028675, 40.54908926074398], [-86.16790652696966, 40.549336525324016], [-86.16790684847116, 40.54934346891679], [-86.167921702997, 40.54959041960719], [-86.16792221696709, 40.5495973663876], [-86.16794388880912, 40.54984381032187], [-86.16794459643084, 40.54985076029833], [-86.1679730666949, 40.55009651265644], [-86.16797397028772, 40.55010346944907], [-86.167984496403, 40.55017659036441], [-86.16789566618905, 40.55004372311587], [-86.16761821319551, 40.54962441362679], [-86.16761598790586, 40.549621095870386], [-86.1673122250918, 40.54917464354833], [-86.16703032642968, 40.54874631428796], [-86.1670286766198, 40.54874383218097], [-86.16666489585792, 40.548202532276925], [-86.16635143354651, 40.547729005321884], [-86.16604035115678, 40.54725533341176], [-86.16603633541087, 40.54724937032881], [-86.16572636520081, 40.54680043833129], [-86.16541659518333, 40.54633266502073], [-86.16526134010665, 40.54609575517037], [-86.16509848942219, 40.54584740399257], [-86.16509613948836, 40.54584387267772], [-86.16473504178099, 40.54530933980015], [-86.16438441087467, 40.54478009305575], [-86.16390413420648, 40.54405475118188]]]]}}, {"type": "Feature", "properties": {"SPR_ID": 183, "Unit_Site": "Interchange parcel 183", "Site_typ": "Interchange", "layer": "Greenfield", "Shape_Area": 157285.344121, "Site_Score": 87.43, "Final_Rank": 5, "SITE_EVAL": "Good", "RATIONALE": "Strong low flood risk and land cover suitability; limited by distance from transmission infrastructure.", "dataset": "row_parcels", "layer_title": "Right-of-Way Parcels", "layer_type": "row", "center_latitude": 39.634315, "center_longitude": -86.076409, "source_geometry_valid": true, "sol_s": 0.730606513476127, "slp_s": 0.706105317733027, "trn_s": 0.502032978115969, "fld_s": 1.0, "lc_s": 0.89508196721362, "row_source": "Manual"}, "geometry": {"type": "MultiPolygon", "coordinates": [[[[-86.07304979829576, 39.63473017393172], [-86.07303901252567, 39.63473006893745], [-86.07302404738873, 39.63473027117284], [-86.07293344749333, 39.63473273320123], [-86.07288366649753, 39.634736356207796], [-86.07277833223435, 39.6347488783749], [-86.0727690919765, 39.63475005792574], [-86.07273209143786, 39.634756425564674], [-86.07262404101532, 39.634778966819106], [-86.07258936385954, 39.63478744331661], [-86.07250440662386, 39.63481134105696], [-86.07247925317611, 39.634819488110054], [-86.07293364607703, 39.63429668678061], [-86.07332807702419, 39.63383999838265], [-86.07357990526737, 39.633550784620404], [-86.07358252346462, 39.63354774114936], [-86.0736204365098, 39.633503137825016], [-86.0736214992549, 39.63383587497696], [-86.07362343965134, 39.634377374387505], [-86.0736251168784, 39.634832899504936], [-86.07361852858982, 39.63483042953839], [-86.07353296404439, 39.63480239319092], [-86.07351244020296, 39.63479614763928], [-86.07349242914174, 39.63479094684642], [-86.07340363417413, 39.63476974586574], [-86.07336179424604, 39.63476152551113], [-86.07327067947034, 39.63474738069224], [-86.07326079366062, 39.63474593948536], [-86.0732481292345, 39.63474436438271], [-86.07316229045391, 39.634734711686086], [-86.07311175503618, 39.634731386450454], [-86.07304979829576, 39.63473017393172]]], [[[-86.0731751027324, 39.63149351711113], [-86.07317510301965, 39.63148581162923], [-86.07347866941679, 39.63158937325731], [-86.07347387645743, 39.63169132817384], [-86.0734272168772, 39.63220974894437], [-86.07340787600538, 39.632275685041705], [-86.07340667049726, 39.63227992461378], [-86.07337699671606, 39.632387645758634], [-86.07335631135382, 39.63244421317457], [-86.07332187029668, 39.63253263706892], [-86.07328938058679, 39.63261157080798], [-86.07324908118011, 39.632687012964126], [-86.07319999119169, 39.63277038057661], [-86.07315172442851, 39.632841125204614], [-86.07305077400281, 39.632973726675125], [-86.0728717455954, 39.63318434189172], [-86.0726203571671, 39.63347305037003], [-86.07222549769021, 39.633930226716444], [-86.07172665073271, 39.634505499256164], [-86.07172042952523, 39.63451288651603], [-86.07159476199129, 39.63466653866736], [-86.07158588325912, 39.63467789437283], [-86.07157469474099, 39.63469388175364], [-86.07150049555173, 39.63480726884909], [-86.07149134332896, 39.63482216875531], [-86.07142457696948, 39.634938284019746], [-86.07141640020613, 39.634953522390084], [-86.07135723487889, 39.63507207705589], [-86.07135436480559, 39.635077997204064], [-86.07135005390562, 39.63508761531102], [-86.07134192953261, 39.635106688813536], [-86.07134192910091, 39.63510123136328], [-86.0713331307126, 39.63487243209642], [-86.07133192983535, 39.6348100001858], [-86.07133193053944, 39.63379730354493], [-86.07133355378599, 39.63379730300744], [-86.07133355423946, 39.633790385017726], [-86.07134253624433, 39.63379038474654], [-86.0713425366969, 39.63378346675683], [-86.0713515210312, 39.63378346650358], [-86.0713515203177, 39.633776548504514], [-86.07136050348598, 39.633776548241244], [-86.07136050322231, 39.63376271225241], [-86.0713694863888, 39.63376271198842], [-86.07136948683862, 39.63375579399863], [-86.07137847000422, 39.63375579373394], [-86.07137847045315, 39.633748875744146], [-86.07138745245273, 39.633748875469415], [-86.07138745290074, 39.63374195747959], [-86.07139643606457, 39.63374195721349], [-86.07139643695876, 39.63372812123379], [-86.07140541895569, 39.633728120957656], [-86.07140541940186, 39.63372120296779], [-86.07141440256305, 39.633721202700265], [-86.07141440184317, 39.63371428470106], [-86.07142338500348, 39.63371428443283], [-86.07142338449592, 39.63371153362985], [-86.07142338428268, 39.633707366433605], [-86.07143236860728, 39.63370736617398], [-86.071432368329, 39.63369353018482], [-86.07144135148665, 39.63369352991516], [-86.07144135192918, 39.6336866119252], [-86.0714503339208, 39.63368661164554], [-86.07145033436242, 39.63367969365557], [-86.07145931868347, 39.63367969339383], [-86.07145931795903, 39.63367277539451], [-86.07146830110199, 39.63367277602367], [-86.07146830082847, 39.63365893913342], [-86.07147728396966, 39.63365893976184], [-86.07147728442058, 39.63365202087089], [-86.0714862675609, 39.63365202149862], [-86.07148626799886, 39.63364510350857], [-86.07149524998519, 39.63364510322535], [-86.07149525042226, 39.633638185235284], [-86.07150423357284, 39.63363818496069], [-86.07150423444513, 39.6336243489805], [-86.0715132164288, 39.63362434869587], [-86.07151321686403, 39.63361743070576], [-86.07152220001197, 39.633617430429716], [-86.07152219928113, 39.63361051243028], [-86.07153118242819, 39.63361051215356], [-86.0715311828616, 39.633603594163404], [-86.07154016600776, 39.63360359388597], [-86.07154016570762, 39.63358975789631], [-86.07154914885201, 39.63358975761817], [-86.07154914855002, 39.633575921628434], [-86.07155813169263, 39.633575921349575], [-86.07155813328845, 39.63356900336867], [-86.07156711526504, 39.63356900307978], [-86.07156711495938, 39.633555167089966], [-86.07157609809934, 39.633555166809685], [-86.071576098957, 39.633541330829125], [-86.07158508209518, 39.63354133054813], [-86.07158508252309, 39.63353441255785], [-86.07159314159675, 39.63353441209851], [-86.07159406449524, 39.63353441226681], [-86.07159406418408, 39.63352057627687], [-86.07160304731961, 39.633520575994446], [-86.07160304818379, 39.63350673911283], [-86.0716120313055, 39.63350673973061], [-86.07161203174272, 39.63349982083932], [-86.07162101369838, 39.63349982144709], [-86.07162101455891, 39.63348598456538], [-86.07162999767796, 39.633485985181736], [-86.0716299973715, 39.63347214829068], [-86.07163898050081, 39.633472148005396], [-86.07163898092323, 39.63346523001494], [-86.07164796287447, 39.63346523062059], [-86.07164796489464, 39.63345139374805], [-86.07165694685614, 39.63345139345203], [-86.07165694769728, 39.63343755747105], [-86.071665929657, 39.63343755717433], [-86.07166593007666, 39.633430639183814], [-86.07167491436581, 39.633430638905004], [-86.07167491403814, 39.63341680291464], [-86.07168389716037, 39.63341680262579], [-86.07168389683085, 39.633402966635366], [-86.07169287878615, 39.633402966336504], [-86.0716928803682, 39.63339604835521], [-86.07170186348777, 39.633396048064974], [-86.07170186315459, 39.633382212074444], [-86.07171084627238, 39.63338221178346], [-86.07171084710251, 39.6333683758022], [-86.07171983021851, 39.63336837551051], [-86.07171982946753, 39.633361457510546], [-86.07172881258265, 39.63336145721815], [-86.07172881224398, 39.63334762122747], [-86.07173779535732, 39.63334762093436], [-86.07173779618195, 39.63333378495296], [-86.07174677929352, 39.63333378465912], [-86.07174677853979, 39.63332686665909], [-86.07175576165048, 39.63332686636456], [-86.07175576131834, 39.633313029472816], [-86.07176474558037, 39.63331303008782], [-86.07176474524638, 39.63329919319603], [-86.07177372834148, 39.63329919380098], [-86.07177372876218, 39.633292274909266], [-86.07178271069124, 39.63329227550421], [-86.07178271151875, 39.63327843862163], [-86.07179169462323, 39.63327843832427], [-86.0717916942717, 39.633264602333234], [-86.0718006773744, 39.63326460203514], [-86.07180067755185, 39.63326284505706], [-86.07180067818618, 39.63325076605338], [-86.07180966128712, 39.63325076575457], [-86.07180966169209, 39.63324384776367], [-86.07181864362698, 39.63324384745484], [-86.0718186444351, 39.63323001147299], [-86.07182762636822, 39.633230011163455], [-86.07182762833966, 39.63321617519087], [-86.071836610271, 39.633216174880594], [-86.07183661067322, 39.63320925688963], [-86.07184559376883, 39.63320925658798], [-86.07184559457144, 39.63319542060598], [-86.07185062622494, 39.63319542026549], [-86.07185457766529, 39.633195420303615], [-86.07185457730091, 39.63318158431227], [-86.07186356039297, 39.633181584009165], [-86.07186355962729, 39.633174666008806], [-86.07187254271847, 39.63317466570504], [-86.07187254351558, 39.633160829722875], [-86.07188152660498, 39.63316082941839], [-86.0718815262351, 39.633146993426884], [-86.07189050932274, 39.633146993121656], [-86.07189050971944, 39.63314007513055], [-86.0718994928062, 39.63314007482462], [-86.07189949360983, 39.63312623794141], [-86.0719084755176, 39.63312623852639], [-86.0719084751663, 39.63311240073289], [-86.07191745939058, 39.63311240223669], [-86.07191745979657, 39.633105483344586], [-86.07192644286684, 39.63310548393744], [-86.07192644251187, 39.63309164614386], [-86.07193542558039, 39.63309164673601], [-86.07193542637667, 39.6330778098526], [-86.07194440944339, 39.63307781044403], [-86.07194440868149, 39.63307089154254], [-86.07195339174733, 39.63307089213326], [-86.07195339137482, 39.63305705524045], [-86.07196237445092, 39.63305705492954], [-86.07196237522967, 39.63304321894691], [-86.071971358304, 39.63304321863528], [-86.07197135869245, 39.63303630064395], [-86.07198034060075, 39.633036300322296], [-86.07198034254098, 39.63302246434889], [-86.07198932444753, 39.633022464026546], [-86.07198932522076, 39.633008628043754], [-86.07199830712551, 39.6330086277207], [-86.07199830751121, 39.63300170972929], [-86.07200729058023, 39.63300170941479], [-86.07200729134982, 39.632987873431944], [-86.07201627441705, 39.63298787311677], [-86.07201627401965, 39.632974037124534], [-86.07202525708509, 39.63297403680863], [-86.07202525630291, 39.63296711880785], [-86.07203424053263, 39.632967118500545], [-86.07203424002947, 39.63296419109821], [-86.07203424013156, 39.63295328250823], [-86.07204322319437, 39.63295328219091], [-86.07204322280349, 39.63293944529762], [-86.07205220585249, 39.632939445880496], [-86.07205220739783, 39.63293252789826], [-86.07206119045797, 39.63293252757951], [-86.07206119006344, 39.63291869068614], [-86.07207017310978, 39.63291869126759], [-86.07207017387853, 39.632904854383455], [-86.07207915693512, 39.632904854063305], [-86.07207915614744, 39.63289793606235], [-86.07208813919111, 39.632897936642394], [-86.07208813879107, 39.63288409974888], [-86.072097121845, 39.632884099427265], [-86.07209712260826, 39.63287026254301], [-86.07210610564837, 39.63287026312162], [-86.07210610602309, 39.63286334512991], [-86.07211508907436, 39.6328633448069], [-86.07211508866882, 39.63284950791322], [-86.07212407287142, 39.63284950849972], [-86.07212407187534, 39.63284775151212], [-86.07212407246404, 39.63283567160601], [-86.07213305551174, 39.63283567128155], [-86.07213305471856, 39.63282875328047], [-86.0721420377654, 39.632828752955334], [-86.07214203850745, 39.63281491697174], [-86.07215102155253, 39.63281491664586], [-86.0721510211276, 39.63280108065293], [-86.07216000417088, 39.63280108032634], [-86.07216000490925, 39.632787244342644], [-86.07216898795077, 39.63278724401535], [-86.07216898831905, 39.632780326023465], [-86.07217797135968, 39.63278032569548], [-86.07217797092925, 39.632766489702384], [-86.0721869539681, 39.63276648937367], [-86.072186954713, 39.63275265248891], [-86.07219593773806, 39.63275265306039], [-86.07219593695046, 39.63274573415821], [-86.07220491997462, 39.632745734729], [-86.07220492188101, 39.632731897853446], [-86.07221390373826, 39.63273189841421], [-86.07221390447765, 39.63271806152932], [-86.07222288634516, 39.63271806118842], [-86.07222288670792, 39.63271114319641], [-86.07223186973968, 39.63271114286414], [-86.07223187047543, 39.63269730597915], [-86.07224085349338, 39.632697306547065], [-86.07224085306214, 39.63268346965272], [-86.07224983609035, 39.63268346931899], [-86.07224983645035, 39.632676551326924], [-86.07225881947768, 39.632676550992514], [-86.07225882019588, 39.63266271500829], [-86.07226780322144, 39.63266271467315], [-86.07226780277264, 39.63264887867958], [-86.07227678696157, 39.63264887835303], [-86.0722767861537, 39.63264196035157], [-86.0722857691766, 39.63264196001503], [-86.07228576872414, 39.632628124021345], [-86.07229475174526, 39.63262812368409], [-86.07229475245612, 39.63261428769967], [-86.07230373547544, 39.63261428736169], [-86.07230373582996, 39.63260736936946], [-86.07231271884842, 39.63260736903078], [-86.07231271839046, 39.63259353303696], [-86.07232170140716, 39.632593532697555], [-86.07232170212454, 39.63257969581206], [-86.07233068512741, 39.63257969637287], [-86.0723306854912, 39.63257277747965], [-86.07233966732805, 39.63257277803045], [-86.07233966921895, 39.63255894025326], [-86.07234865220714, 39.632558941713555], [-86.0723486517659, 39.6325451039177], [-86.07235763476433, 39.632545104476364], [-86.07235763396025, 39.63253818557378], [-86.07236661695781, 39.632538186131725], [-86.07236661766602, 39.63252434924602], [-86.07237560067384, 39.63252434890235], [-86.07237560136817, 39.63251051291749], [-86.07238458320907, 39.6325105125638], [-86.07238458355532, 39.632503594571354], [-86.0723896163243, 39.63250359421622], [-86.07239356772563, 39.632503594235544], [-86.07239356725117, 39.6324897582413], [-86.07240255025454, 39.632489757895485], [-86.07240254977823, 39.6324759219012], [-86.07241153394499, 39.63247592156397], [-86.07241153428849, 39.63246900357144], [-86.0724205172892, 39.63246900322421], [-86.07242051682127, 39.6324551663289], [-86.0724294998082, 39.63245516688186], [-86.07242950050356, 39.632441329995814], [-86.07243848350073, 39.63244132964716], [-86.07243848384147, 39.63243441165456], [-86.07244746567262, 39.63243441129589], [-86.0724474658333, 39.63243265431738], [-86.0724474663523, 39.63242057531067], [-86.07245644934683, 39.63242057496057], [-86.07245645002465, 39.63240673897529], [-86.07246543301738, 39.63240673862449], [-86.07246543255609, 39.632406424166476], [-86.07246543219024, 39.63239982062252], [-86.07247441518209, 39.63239982027101], [-86.07247441585626, 39.63238598428565], [-86.07248339884636, 39.6323859839334], [-86.0724833995307, 39.63237214704707], [-86.07249238250697, 39.63237214759504], [-86.07249238203637, 39.63235830979843], [-86.07250136616398, 39.63235831125591], [-86.07250136535721, 39.632351391452005], [-86.0725103483188, 39.63235139289949], [-86.07251034784454, 39.63233755510279], [-86.07251933082843, 39.6323375547477], [-86.07251933265852, 39.63232371877138], [-86.07252831564061, 39.63232371841558], [-86.07252831480704, 39.63231680041343], [-86.07253729778827, 39.632316800056955], [-86.07253729728444, 39.63230296406193], [-86.07254628026388, 39.63230296370472], [-86.07254628208848, 39.63228912772826], [-86.07255526390101, 39.63228912736101], [-86.07255526422982, 39.632282209368114], [-86.0725642472066, 39.63228220900948], [-86.07256424787444, 39.632268372122695], [-86.0725732308374, 39.63226837266427], [-86.07257323033828, 39.63225453576815], [-86.07258221331149, 39.63225453540807], [-86.07258221363756, 39.632247617415096], [-86.0725911966099, 39.63224761705433], [-86.07259119726021, 39.632233781068315], [-86.0726001802308, 39.632233780706834], [-86.07260018071172, 39.63222510573518], [-86.07260017971412, 39.63221994471149], [-86.07260906946027, 39.63221994450601], [-86.07260916268291, 39.63221994434927], [-86.07260916300622, 39.632213026356226], [-86.07261814713927, 39.632213026002624], [-86.07261814661892, 39.632199190007164], [-86.07262712958506, 39.63219918964354], [-86.07262712908694, 39.632185351846196], [-86.07263611319237, 39.63218535329301], [-86.07263611353699, 39.632178433498055], [-86.07264509647642, 39.63217843493485], [-86.07264509597462, 39.632164597137404], [-86.0726540789243, 39.63216459767257], [-86.07265407957378, 39.632150760785294], [-86.07265911115228, 39.632150760408905], [-86.07266306253369, 39.632150760418824], [-86.07266306285152, 39.63214384242564], [-86.07267204579853, 39.632143842959366], [-86.0726720452792, 39.63213000606271], [-86.07268102823649, 39.632130005694826], [-86.07268102886843, 39.63211616970832], [-86.07269001182392, 39.63211616933972], [-86.07269001213898, 39.63210925134645], [-86.07269899509359, 39.63210925097712], [-86.0726989957339, 39.632095414089626], [-86.0727079786747, 39.632095414620515], [-86.07270797814803, 39.63208157772365], [-86.07271696109909, 39.63208157735291], [-86.0727169614114, 39.63207465935957], [-86.07272594436158, 39.63207465898812], [-86.07272594498436, 39.632060823001396], [-86.07273492793276, 39.632060822629214], [-86.07273492738857, 39.63204698663314], [-86.07274391033518, 39.63204698626027], [-86.07274391064473, 39.632040068266846], [-86.07275289475561, 39.63204006790256], [-86.07275289421979, 39.632026231005476], [-86.07276187715173, 39.63202623153208], [-86.072761877636, 39.63201755475806], [-86.07276187661405, 39.63201239463494], [-86.07277086072138, 39.63201239426923], [-86.07277086102818, 39.63200547627573], [-86.07277984396949, 39.63200547590001], [-86.07277984342815, 39.63199163900277], [-86.07278882635566, 39.63199163952725], [-86.07278882697761, 39.63197780263927], [-86.07279780990334, 39.63197780316302], [-86.07279781021941, 39.63197088426855], [-86.07280679314427, 39.63197088479161], [-86.07280679260946, 39.6319570469933], [-86.07281577553252, 39.631957047515655], [-86.07281577614899, 39.63194321062753], [-86.0728247590823, 39.63194321024821], [-86.0728247593836, 39.63193629225459], [-86.07283374231604, 39.6319362918746], [-86.0728337429168, 39.631922455887285], [-86.07284272584745, 39.631922455506576], [-86.07284272644638, 39.631908619519216], [-86.07285170821014, 39.63190861912849], [-86.07285170881923, 39.63189478224017], [-86.07286069289947, 39.631894782768235], [-86.07286069204397, 39.63188786386429], [-86.07286967495818, 39.63188786438235], [-86.07286967556361, 39.63187402749393], [-86.07287865848808, 39.631874027110364], [-86.07287865907965, 39.63186019112282], [-86.07288764200233, 39.63186019073853], [-86.07288764229719, 39.63185327274473], [-86.07289662405387, 39.63185327235045], [-86.07289662464179, 39.631839436362796], [-86.07290560872693, 39.6318394359864], [-86.07290560815989, 39.63182559908846], [-86.0729145910661, 39.63182559960297], [-86.07291459137025, 39.63181868070818], [-86.07292357427559, 39.631818681221986], [-86.07292357488205, 39.63180484343235], [-86.0729286064357, 39.63180484304399], [-86.07293255778559, 39.631804843945424], [-86.07293255721306, 39.631791007047354], [-86.07294154011485, 39.631791007559734], [-86.07294154041624, 39.63178408866487], [-86.07295052331715, 39.63178408917653], [-86.07295052390607, 39.63177025228768], [-86.07295950681723, 39.631770251897706], [-86.0729595074043, 39.63175641500879], [-86.07296606309409, 39.631756415069425], [-86.07296848914855, 39.63175641460881], [-86.0729684906003, 39.63174949662409], [-86.07297747350879, 39.63174949623267], [-86.07297747291507, 39.63173566023531], [-86.07298645582178, 39.631735659843194], [-86.07298645639133, 39.63172182385506], [-86.07299544046141, 39.63172182347153], [-86.07299543958014, 39.63171490546816], [-86.07300442248419, 39.6317149050746], [-86.07300442306212, 39.63170106818547], [-86.07301340595238, 39.631701068692124], [-86.07301340652846, 39.631687231802935], [-86.07302238942897, 39.63168723140797], [-86.07302238971006, 39.6316803134138], [-86.0730313726097, 39.631680313018144], [-86.07303137200496, 39.631666477020474], [-86.07304035490282, 39.63166647662408], [-86.07304035547338, 39.63165263973476], [-86.07304933835744, 39.631652640238585], [-86.07304933864782, 39.63164572134341], [-86.073058321531, 39.63164572184653], [-86.07305832209789, 39.63163188495708], [-86.07306730499131, 39.63163188455858], [-86.07306730555638, 39.631618047669086], [-86.073076288436, 39.631618048170765], [-86.07307628755851, 39.63161112926625], [-86.07308527043723, 39.63161112976722], [-86.07308527216377, 39.631597292886944], [-86.07309425504073, 39.6315972933872], [-86.07309425444718, 39.63158345558735], [-86.07310323733438, 39.63158345518598], [-86.07310323760726, 39.63157653719161], [-86.07311222164667, 39.63157653769975], [-86.0731122210758, 39.63156977016821], [-86.07311222103745, 39.631562700800714], [-86.07312120392199, 39.631562700397936], [-86.07312120329891, 39.63154886439977], [-86.0731301873468, 39.63154886400557], [-86.0731301876169, 39.63154194601111], [-86.07313917049879, 39.631541945606905], [-86.07313916988407, 39.63152810870773], [-86.07314815275217, 39.63152810920372], [-86.07314815446583, 39.6315142723231], [-86.07315713734418, 39.63151427191746], [-86.0731571364464, 39.63150735391364], [-86.07316611932387, 39.63150735350728], [-86.07316611985674, 39.631493517518194], [-86.0731751027324, 39.63149351711113]]], [[[-86.076007962372, 39.63497818041065], [-86.07542200795294, 39.63349028470472], [-86.0750961451589, 39.632141154574626], [-86.07598675833275, 39.63244496231857], [-86.07598675785954, 39.63244823840697], [-86.07599574202808, 39.63244823779247], [-86.07599574087814, 39.63246207467755], [-86.07600472388336, 39.632462074053095], [-86.07600472389781, 39.63246899204981], [-86.07601370687996, 39.63246899322652], [-86.07601370691064, 39.63248282921992], [-86.07602268991856, 39.63248282859413], [-86.0760226899228, 39.632489747491746], [-86.07603167293163, 39.63248974686526], [-86.07603167295382, 39.63250358375958], [-86.07604065595247, 39.63250358403334], [-86.07604065597043, 39.63251050203002], [-86.07604963896998, 39.63251050230311], [-86.07604963899567, 39.63252433919743], [-86.07605862200901, 39.632524338568906], [-86.07605862201676, 39.63253125746652], [-86.076067605031, 39.63253125683732], [-86.07606760505159, 39.63253817483402], [-86.07607658688963, 39.632538175095775], [-86.07607658692059, 39.6325520119901], [-86.07608556993756, 39.632552011359536], [-86.07608556878276, 39.63255893024788], [-86.07609455296578, 39.63255892962591], [-86.0760945518351, 39.632572766510926], [-86.07610353484279, 39.63257276677994], [-86.07610353486689, 39.63257968477662], [-86.07611251787549, 39.632579685044945], [-86.07611251792541, 39.632593521038324], [-86.07612150093581, 39.63259352130596], [-86.07612150096166, 39.632600439302664], [-86.07613048397297, 39.6326004395696], [-86.07613048402641, 39.63261427556298], [-86.07613946703952, 39.63261427582926], [-86.07613946705513, 39.632621194726866], [-86.07614845008115, 39.63262119409155], [-86.0761484501261, 39.632635030985824], [-86.07615743198878, 39.63263503034056], [-86.07615743318324, 39.6326419483465], [-86.07616641502285, 39.63264194950239], [-86.07616641391814, 39.632655785486484], [-86.07617539810182, 39.63265578575931], [-86.07617539696777, 39.63266270374674], [-86.07618438116435, 39.63266270311796], [-86.07618438003918, 39.63267654090389], [-86.0761933630724, 39.63267654026519], [-86.07619336310525, 39.632683458261845], [-86.0762023461274, 39.632683458523374], [-86.07620234619483, 39.63269729451671], [-86.07621132921881, 39.632697294777564], [-86.0762113292414, 39.63270421367515], [-86.07622031227827, 39.632704213034394], [-86.0762203123492, 39.632718049027716], [-86.07622929421072, 39.632718049277955], [-86.07622929540022, 39.632724968184796], [-86.07623827727467, 39.63272496753343], [-86.0762382773371, 39.63273880442768], [-86.07624726037847, 39.632738803784875], [-86.07624726041657, 39.63274572178155], [-86.07625624343487, 39.63274572293992], [-86.0762562435128, 39.632759558933245], [-86.07626522654489, 39.63275955919001], [-86.07626522541959, 39.632766477177405], [-86.07627420962973, 39.63276647654184], [-86.07627420852204, 39.63278031432772], [-86.07628319156883, 39.63278031368222], [-86.07628319161043, 39.63278723167887], [-86.07629217348101, 39.63278723192435], [-86.07629217468862, 39.63279414993027], [-86.0763011565601, 39.63279415017506], [-86.07630115663481, 39.6328079870693], [-86.07631013968522, 39.63280798642173], [-86.07631013972944, 39.632814904418396], [-86.0763191227688, 39.632814904671065], [-86.076319122847, 39.6328287415653], [-86.07632344832857, 39.63282874082157], [-86.07632810590012, 39.6328287409164], [-86.0763281059341, 39.63283565981397], [-86.07633708898813, 39.632835659164385], [-86.07633708914427, 39.63284773817814], [-86.07633708906982, 39.63284949605859], [-86.0763460721137, 39.63284949630926], [-86.07634607216141, 39.6328564143059], [-86.07635505405301, 39.63285641364568], [-86.07635505297307, 39.632870250530644], [-86.07636403718479, 39.63287025078919], [-86.07636403606911, 39.632877168776574], [-86.07637302028172, 39.63287716903445], [-86.07637301963065, 39.63288466547739], [-86.07637301921727, 39.63289100501847], [-86.07638200226654, 39.63289100526641], [-86.07638200231776, 39.63289792326305], [-86.07639098536794, 39.63289792351032], [-86.07639098542005, 39.63290484150694], [-86.07639996847114, 39.63290484175353], [-86.07639996857709, 39.632918677746794], [-86.07640895046485, 39.63291867798344], [-86.0764089505067, 39.63292559688099], [-86.0764179335725, 39.63292559622529], [-86.07641793368195, 39.63293943221857], [-86.07642691673755, 39.63293943246309], [-86.07642691679315, 39.63294635045974], [-86.0764358998377, 39.632946351604495], [-86.07643589995064, 39.63296018759777], [-86.07644488302094, 39.63296018694004], [-86.07644488307828, 39.63296710493666], [-86.07645386497238, 39.6329671051699], [-86.0764538650186, 39.63297402406746], [-86.07646284807876, 39.63297402430927], [-86.07646284703182, 39.63298786029326], [-86.07647183127088, 39.632987859642746], [-86.07647183016573, 39.6329947776301], [-86.07648081438174, 39.63299477878074], [-86.0764808133383, 39.63300861476474], [-86.07648979640295, 39.633008615004506], [-86.07648979646468, 39.63301553300115], [-86.07649877837709, 39.63301553233005], [-86.0764987784903, 39.633029369224225], [-86.07650776155766, 39.63302936946266], [-86.07650776162114, 39.63303628745926], [-86.07651674468941, 39.63303628769702], [-86.07651674475377, 39.63304320569363], [-86.07652572782297, 39.63304320593069], [-86.07652572801122, 39.6330552849444], [-86.07652572795344, 39.63305704192393], [-86.07653471102442, 39.63305704216031], [-86.07653471109053, 39.633063960156925], [-86.07654369299728, 39.63306396038336], [-86.07654369311926, 39.63307779727753], [-86.07655267620494, 39.633077796611616], [-86.0765526762728, 39.63308471460823], [-86.0765616593474, 39.633084714842575], [-86.07656165831972, 39.633098550826546], [-86.07657064254931, 39.63309855197039], [-86.07657064145376, 39.63310546995775], [-86.0765796257082, 39.63310546929907], [-86.07657962461354, 39.63311238728642], [-86.07658860769179, 39.633112387518715], [-86.07658860665738, 39.6331262244036], [-86.07659758973742, 39.63312622463521], [-86.07659758980965, 39.63313314263181], [-86.07660657290256, 39.63313314196184], [-86.07660657304879, 39.63314697795506], [-86.07661555611955, 39.633146979086234], [-86.07661555619354, 39.63315389708284], [-86.07662453811206, 39.63315389730317], [-86.07662453826177, 39.63316773329638], [-86.0766335213592, 39.633167732624365], [-86.07663352142296, 39.63317465152189], [-86.07664250450934, 39.63317465175012], [-86.07664250458595, 39.63318156974672], [-86.07665148767322, 39.633181569974255], [-86.07665148782822, 39.633195405967456], [-86.07666046975214, 39.63319540618506], [-86.0766604698305, 39.63320232418166], [-86.07666945292048, 39.63320232440783], [-86.07666945191382, 39.63321616039177], [-86.07667843617075, 39.633216160626546], [-86.07667843507376, 39.6332230795148], [-86.07668741934359, 39.63322307884796], [-86.07668741834041, 39.63323691483191], [-86.07669640026977, 39.63323691504678], [-86.07669640035162, 39.63324383304339], [-86.07670143433103, 39.633243833412244], [-86.07670538343505, 39.633243834167764], [-86.07670538360054, 39.63325767016094], [-86.07671436670974, 39.633257669482816], [-86.07671436656214, 39.63325978416469], [-86.07671436684647, 39.63326283049988], [-86.07671436679334, 39.63326458747941], [-86.07672334989148, 39.63326458770152], [-86.076723349964, 39.633271506599016], [-86.07673233190984, 39.63327150591025], [-86.07673233206862, 39.63328534280435], [-86.07674131518142, 39.633285342124196], [-86.07674131526767, 39.633292260120776], [-86.07675029835742, 39.633292261241756], [-86.07675029853168, 39.63330609723494], [-86.0767592816472, 39.6333060965534], [-86.07675928172323, 39.63331301545091], [-86.07676826367451, 39.63331301475942], [-86.07676826267512, 39.63332685164425], [-86.07677724694653, 39.63332685187155], [-86.07677724587111, 39.63333376985887], [-86.0767862301554, 39.63333376918456], [-86.07678622917152, 39.63334760516845], [-86.07679521226851, 39.633347606286044], [-86.07679521235998, 39.63335452428262], [-86.07680419430471, 39.63335452448935], [-86.0768041943971, 39.63336144248593], [-86.07680806895006, 39.633361441744455], [-86.07681317751985, 39.63336144180032], [-86.07681317769439, 39.6333752786944], [-86.07682216080698, 39.63337527890902], [-86.0768221609011, 39.633382196905615], [-86.07683114284946, 39.63338219711027], [-86.07683114303946, 39.63339603310344], [-86.07684012615475, 39.6333960333167], [-86.07684012625062, 39.63340295131328], [-86.07684910936685, 39.633402951525866], [-86.07684910956034, 39.63341678751901], [-86.07685809267835, 39.633416787730916], [-86.076858092764, 39.633423706628406], [-86.07686707472975, 39.63342370592946], [-86.07686707376159, 39.633437541913324], [-86.07687605804747, 39.63343754213314], [-86.0768760569817, 39.63344446012045], [-86.07688504010333, 39.63344446033031], [-86.07688504020359, 39.63345137832688], [-86.07689402216097, 39.6334513785268], [-86.07689402236323, 39.63346521451995], [-86.07690300548758, 39.633465214728446], [-86.07690300557762, 39.63347213362594], [-86.07691198871485, 39.63347213293286], [-86.0769119889206, 39.63348596892597], [-86.07692097204767, 39.63348596913313], [-86.07692097215143, 39.633492887129684], [-86.07692995410225, 39.63349288822783], [-86.07692995431152, 39.63350672422092], [-86.07693301084969, 39.633506723281904], [-86.07693893745326, 39.633506723525805], [-86.07693893755878, 39.633513641522356], [-86.07694792068945, 39.633513641727475], [-86.07694792078387, 39.63352056062495], [-86.07695690276226, 39.6335205599192], [-86.07695690296482, 39.63353439681324], [-86.07696588611017, 39.633534396116055], [-86.07696588621832, 39.63354131411264], [-86.07697486934063, 39.633541315216625], [-86.0769748683935, 39.63355515120047], [-86.07698385037642, 39.63355515049269], [-86.0769838504863, 39.63356206848923], [-86.07699283362334, 39.63356206869094], [-86.07699283383288, 39.633575905584955], [-86.07700181697169, 39.63357590578599], [-86.07700181708333, 39.63358282378254], [-86.07701079906987, 39.63358282307272], [-86.07701079918237, 39.633589741069265], [-86.07701978232302, 39.63358974126892], [-86.07701978253783, 39.63360357816296], [-86.07702876569223, 39.63360357746102], [-86.07702876579454, 39.6336104963585], [-86.07703774778469, 39.63361049564662], [-86.07703774800301, 39.63362433254064], [-86.07704673114814, 39.63362433273828], [-86.07704673126416, 39.63363125073481], [-86.07705571442219, 39.63363125003085], [-86.07705571465598, 39.63364508602392], [-86.07706469662669, 39.633645087111866], [-86.07706469674447, 39.63365200510841], [-86.07706965617169, 39.63365200577007], [-86.07707649349886, 39.6358854513938], [-86.07704594917934, 39.63587310085837], [-86.07693152463307, 39.6358203850441], [-86.07682103693634, 39.635762830420504], [-86.0767148738181, 39.635700637402934], [-86.07661331860298, 39.63563397043816], [-86.07651671433901, 39.63556305932125], [-86.0764253541943, 39.63548811633197], [-86.07633951362722, 39.63540937072874], [-86.07625944711864, 39.63532705160318], [-86.0761854121256, 39.63524142681413], [-86.07611764277326, 39.63515276583654], [-86.07605633723024, 39.63506132524479], [-86.076007962372, 39.63497818041065]]], [[[-86.07298840036366, 39.63539051170857], [-86.07304109731423, 39.63538907977121], [-86.07306479585603, 39.6353895436997], [-86.07311416004501, 39.63539509412802], [-86.07317286209229, 39.63540420777359], [-86.07322036258967, 39.6354155494259], [-86.07326614669059, 39.63543055170342], [-86.07330972247775, 39.63544905210508], [-86.07335065076637, 39.63547086602566], [-86.07338853351213, 39.6354957821582], [-86.07342294908945, 39.63552352233282], [-86.07345355737381, 39.63555381353499], [-86.07348004675629, 39.63558634153101], [-86.07350917977128, 39.635631745386085], [-86.07351662336742, 39.63564418019696], [-86.07352300808998, 39.6356587689972], [-86.0735379819328, 39.63569609854089], [-86.07354855645718, 39.635733710151094], [-86.07355313394409, 39.63575737126965], [-86.07356841534589, 39.63596538520085], [-86.07358052110253, 39.63619236988947], [-86.07306494900415, 39.63620278736537], [-86.0730125328988, 39.63620190324147], [-86.0729597897699, 39.63619819360478], [-86.07294028709443, 39.63619599805419], [-86.0729104092537, 39.636191205860705], [-86.07287227079266, 39.636182983336276], [-86.07283178619561, 39.63617147048772], [-86.07280100052212, 39.63616127213939], [-86.07275864555541, 39.63614295609032], [-86.07270194729566, 39.636110630071336], [-86.07267251237747, 39.636092745103554], [-86.07262948268404, 39.63605977582414], [-86.07260922339646, 39.63604015666146], [-86.07257046333602, 39.635993588194886], [-86.07254963422412, 39.635958352589434], [-86.07252852045822, 39.6359155515894], [-86.07251107293918, 39.635860089967984], [-86.0725038993979, 39.6358180255774], [-86.07250331547412, 39.63578828202123], [-86.07250868767278, 39.635745175320096], [-86.07252350847267, 39.6356878296417], [-86.07254033529034, 39.635649289740684], [-86.07257396052302, 39.635594836888515], [-86.07259091667015, 39.635572349590895], [-86.07262145761645, 39.63554160302675], [-86.07267549799299, 39.63549944169533], [-86.07269966874424, 39.63548165040278], [-86.072739635935, 39.63545909720203], [-86.0727819357308, 39.63543909896423], [-86.07282156881861, 39.63542323670723], [-86.0728635833966, 39.635411418278586], [-86.07293121758269, 39.63539730940366], [-86.07298840036366, 39.63539051170857]]], [[[-86.07477804894958, 39.63441089621996], [-86.07477736585842, 39.634115198341654], [-86.07520069198823, 39.63519016923576], [-86.07520790992606, 39.63520688016265], [-86.07521972159415, 39.635229359919606], [-86.07528407571361, 39.63533997088386], [-86.07529437342455, 39.6353564324145], [-86.07536656624251, 39.635464111661626], [-86.0753758436335, 39.63547721328717], [-86.07537802967492, 39.635480107629235], [-86.07545783956664, 39.63558452360726], [-86.07547043445298, 39.635600002378624], [-86.07555761403394, 39.63570083233962], [-86.07557129676019, 39.635715744009076], [-86.07566557862766, 39.63581268036227], [-86.07568001428646, 39.635826709609724], [-86.07578141044401, 39.63591972720285], [-86.07579714705001, 39.635933375746475], [-86.0759047410691, 39.63602163653162], [-86.0759214366858, 39.63603459169831], [-86.07603519940308, 39.63611809812698], [-86.07605279288666, 39.636130313475526], [-86.07617331769181, 39.636209573012835], [-86.07594423634546, 39.63621278659092], [-86.07594115340684, 39.63621283594827], [-86.07560295032432, 39.63621925959256], [-86.07559550600735, 39.63621945173152], [-86.07516974645763, 39.6362332963212], [-86.0750830227722, 39.63623611524671], [-86.074910589792, 39.636239522861416], [-86.07490943349285, 39.636239545187884], [-86.0747857611554, 39.63624172903349], [-86.07478298479468, 39.635512343490454], [-86.07477630703285, 39.63485659287011], [-86.07477804894958, 39.63441089621996]]], [[[-86.07488394955719, 39.637363745542935], [-86.07485691377101, 39.63694660729357], [-86.07541260382234, 39.63695110937868], [-86.07543652601015, 39.636952409845925], [-86.07546467055953, 39.636955084626194], [-86.07548019288922, 39.63695709399911], [-86.07549567806153, 39.63695953105622], [-86.07552312352882, 39.63696482311208], [-86.07555020343443, 39.636971226807276], [-86.07556330416583, 39.63697481439528], [-86.07559124573697, 39.636983545952596], [-86.07560560754105, 39.63698860862193], [-86.07562137637011, 39.63699468711825], [-86.07563683785882, 39.63700118033647], [-86.07565204650855, 39.63700810853269], [-86.07566691310177, 39.63701543315446], [-86.0756814515372, 39.63702316061959], [-86.07569411900384, 39.63703040827104], [-86.07571756708309, 39.63704509218475], [-86.07572938783827, 39.63705317914761], [-86.0757421552605, 39.63706254857785], [-86.07575447320913, 39.63707224239957], [-86.07576642352706, 39.63708232793927], [-86.0757778564151, 39.637092677862995], [-86.07578766629865, 39.637102216572764], [-86.07580539397503, 39.63712108792005], [-86.07581408625914, 39.63713124303949], [-86.07582232776933, 39.63714164505382], [-86.07583694932423, 39.637162043229914], [-86.07584398032611, 39.6371729500909], [-86.07585129775828, 39.637185363924914], [-86.07585803952017, 39.63719795248029], [-86.07586420576737, 39.63721070404515], [-86.07586980201397, 39.637223642089836], [-86.07587480574665, 39.637236706968345], [-86.07587921918766, 39.63724990680757], [-86.07588303224536, 39.63726321179381], [-86.07588624045043, 39.6372766074753], [-86.075888575875, 39.637288685236534], [-86.07589172266773, 39.63731186184491], [-86.07589256826154, 39.63732257803311], [-86.0758930920082, 39.637345919381765], [-86.0758926792745, 39.637358105926], [-86.07589160351766, 39.63737168917415], [-86.07589009146302, 39.637383818317495], [-86.0758858907386, 39.63740690943909], [-86.07588301227159, 39.637418910579285], [-86.07587960154717, 39.637430801165046], [-86.07587179228034, 39.637453326571716], [-86.07586704955358, 39.637464955176455], [-86.07586117213322, 39.637477783013914], [-86.07585469257651, 39.63749049703754], [-86.07584842145772, 39.63750164675568], [-86.07583518834913, 39.63752261890548], [-86.0758276406953, 39.637533366524444], [-86.07581871910854, 39.637545076307056], [-86.07580925281368, 39.63755656010533], [-86.0757992512523, 39.63756780898414], [-86.0757887712183, 39.637578758522125], [-86.07577897682731, 39.63758827549531], [-86.07575915858767, 39.63760589932742], [-86.07574833517192, 39.63761471703173], [-86.07573573623355, 39.63762428737031], [-86.07572274598428, 39.63763348878175], [-86.075709325588, 39.63764234978935], [-86.07569698961147, 39.637649936379866], [-86.07567260421521, 39.63766362966815], [-86.07565944871102, 39.637670361878236], [-86.07564600202244, 39.63767673226473], [-86.07561962659207, 39.63768803192745], [-86.07560551991506, 39.637693469011815], [-86.07558947589125, 39.637699121335885], [-86.07557315084465, 39.63770434884532], [-86.07555843061564, 39.63770860341476], [-86.07552975807002, 39.63771580317849], [-86.0755145593412, 39.63771906011484], [-86.07549919236621, 39.63772191205553], [-86.07546960440611, 39.637726356423755], [-86.0754540335296, 39.637728155251416], [-86.07543833420544, 39.63772953588484], [-86.07540826054068, 39.63773116070059], [-86.07539247630281, 39.63773147925665], [-86.07537488228142, 39.63773135992726], [-86.07535728180108, 39.63773076300604], [-86.07533969695342, 39.6377296922729], [-86.07532218135125, 39.63772814725366], [-86.07530472797953, 39.63772612969453], [-86.07528924209493, 39.63772390884947], [-86.07525983684745, 39.6377186578995], [-86.07524467700877, 39.63771540618055], [-86.0752278504056, 39.637711303245936], [-86.07521299744432, 39.63770723494378], [-86.07518502429198, 39.63769849403403], [-86.07517066351495, 39.63769343312306], [-86.07515489342782, 39.637687352753744], [-86.07513944226093, 39.63768086405899], [-86.07512420456695, 39.63767392204957], [-86.07510937606912, 39.6376666183855], [-86.07509637312606, 39.63765970588005], [-86.0750722592806, 39.637645655360046], [-86.07506155554974, 39.63763883233926], [-86.07503913827662, 39.637623221249676], [-86.07502790383754, 39.63761468477493], [-86.0750157771956, 39.63760480228641], [-86.07500407584739, 39.63759457449077], [-86.0749940544161, 39.63758517278732], [-86.07497591211437, 39.637566553904186], [-86.0749680370375, 39.637557693682005], [-86.07495204758682, 39.63753790440272], [-86.0749443061367, 39.63752732430516], [-86.07493617451472, 39.637515240910375], [-86.0749293724855, 39.637504212380016], [-86.07491758673797, 39.637482740141834], [-86.07491206599741, 39.637471319061376], [-86.0749064788728, 39.63745840807476], [-86.07490147648518, 39.63744534226532], [-86.07489706434829, 39.63743214510343], [-86.07489324476825, 39.63741881840958], [-86.07489003444284, 39.637405420882736], [-86.07488743558213, 39.63739196155071], [-86.07488543929611, 39.6373784079062], [-86.07488394955719, 39.637363745542935]]], [[[-86.07317043881595, 39.63693293836036], [-86.07317296513934, 39.63693294770635], [-86.07358539928258, 39.63693629374799], [-86.073667444356, 39.6382160427698], [-86.07366795093301, 39.63823109375127], [-86.07367030162393, 39.63905419095273], [-86.07366897975285, 39.63905089711448], [-86.07361123005853, 39.638892344564724], [-86.07360998246908, 39.63888898644513], [-86.07354706573614, 39.6387230151442], [-86.0735457691524, 39.63871966113813], [-86.07348367985983, 39.638562093853245], [-86.07348233541106, 39.638558746672715], [-86.07341486823982, 39.638393845441556], [-86.07341344881455, 39.638390440898135], [-86.07334367034939, 39.63822611675493], [-86.07333974770097, 39.638217301470775], [-86.07324399318995, 39.6380116387174], [-86.07324015714089, 39.638003758472614], [-86.07321299497045, 39.63795007104603], [-86.07320857042271, 39.63794166712022], [-86.07317950663985, 39.6378885763013], [-86.07317477451468, 39.63788025461525], [-86.07314382717804, 39.6378278046962], [-86.07313917778207, 39.63782018285606], [-86.07311117299346, 39.63777576552613], [-86.07310628206466, 39.63776825438405], [-86.07307190896273, 39.63771709439128], [-86.07306634642396, 39.63770908773601], [-86.07303016285005, 39.63765868184806], [-86.07302661382442, 39.637653833998336], [-86.07302433157211, 39.63765081630738], [-86.07298636621505, 39.63760119808879], [-86.07298023643183, 39.63759343378019], [-86.07294051551737, 39.637544646687], [-86.0729341468466, 39.63753705706814], [-86.07289270611436, 39.63748913021603], [-86.07288652476662, 39.637482174601885], [-86.07284965726731, 39.63744181401497], [-86.07284326311051, 39.63743499996118], [-86.07279870580652, 39.63738877364118], [-86.07279155477919, 39.637381566106534], [-86.07274536711903, 39.63733630795634], [-86.07273851024077, 39.63732976321025], [-86.07269703218763, 39.637291194827874], [-86.07269057150171, 39.63728535062715], [-86.07264145123526, 39.63724198007502], [-86.07263361216238, 39.637235248179124], [-86.07258296870523, 39.63719293674749], [-86.07257544435834, 39.63718681013928], [-86.07253084526363, 39.6371514153793], [-86.07252316003782, 39.63714546858704], [-86.07246978445176, 39.63710521663389], [-86.0724612642413, 39.63709896673611], [-86.07240647261497, 39.637059865755], [-86.07239773437203, 39.6370537997204], [-86.07234156938475, 39.637015882486395], [-86.07233423296846, 39.637011044012255], [-86.07228406259023, 39.636978879850346], [-86.07227560638863, 39.63697359813983], [-86.07224265862192, 39.63695355320717], [-86.07317043881595, 39.63693293836036]]], [[[-86.07477780536098, 39.63956003472377], [-86.07477362454773, 39.63827659289289], [-86.07479703635825, 39.63828561923126], [-86.07480299759806, 39.63828759848942], [-86.07481044316454, 39.638290565368976], [-86.07484001743437, 39.63830098870152], [-86.07485710055924, 39.638306664203796], [-86.07490229960855, 39.63832078899544], [-86.07491622651203, 39.6383249229441], [-86.07491967952389, 39.63832588119285], [-86.07495031572886, 39.63833427305806], [-86.07496444594813, 39.638337929280446], [-86.0749954440499, 39.638345486973385], [-86.07500967628131, 39.63834874665527], [-86.07504099322473, 39.638355465327614], [-86.07505902543136, 39.638359007547514], [-86.07510652672362, 39.63836748951858], [-86.07512469885283, 39.638370413845514], [-86.07515665491347, 39.63837499676522], [-86.07516037481219, 39.638375516535746], [-86.07517135970869, 39.63837690055909], [-86.07520350561215, 39.638380617300506], [-86.07521823910231, 39.63838211676138], [-86.07525053409962, 39.63838496429681], [-86.07526531833939, 39.638386065907355], [-86.07529772168151, 39.63838804120916], [-86.07531255435163, 39.63838874404983], [-86.07534502412426, 39.638389844081196], [-86.07535994603118, 39.63839014667471], [-86.0753924496659, 39.638390366671196], [-86.07539617980528, 39.63839038014556], [-86.07540728485809, 39.63839026761691], [-86.07543977800208, 39.63838961263156], [-86.07545837934852, 39.638388922749485], [-86.07550701219596, 39.63838629504449], [-86.07552545629405, 39.63838498670516], [-86.07555775127706, 39.638382146951386], [-86.07557256441977, 39.6383806403158], [-86.07560470438051, 39.63837692713313], [-86.07561572735749, 39.6383755389958], [-86.07562299909652, 39.63837449672736], [-86.0756708582452, 39.63836730816794], [-86.07568904235362, 39.63836425697355], [-86.07572064690495, 39.6383583923805], [-86.0757350038967, 39.63835552156243], [-86.07576632721455, 39.63834880956741], [-86.07578414010699, 39.638344666978746], [-86.07583050625334, 39.63833302357104], [-86.07584461863473, 39.6383292677989], [-86.07584806369674, 39.63832828517152], [-86.07587850927767, 39.63831948662101], [-86.07589239019266, 39.63831525957287], [-86.07592241895988, 39.63830564317752], [-86.07593601658844, 39.63830107328691], [-86.07596559454497, 39.638290654093964], [-86.07597903063457, 39.63828569998203], [-86.075982575184, 39.63828433430987], [-86.07597938599999, 39.63828771927962], [-86.07525825631822, 39.6390351437526], [-86.07525194259418, 39.639041861906676], [-86.07477780536098, 39.63956003472377]]], [[[-86.07708026981949, 39.638072502941434], [-86.07708283241315, 39.63806671806551], [-86.07708957961869, 39.640167400461074], [-86.07708532840114, 39.64017782385448], [-86.07683695802778, 39.640178700916906], [-86.07661258649836, 39.640179493427006], [-86.07625285549418, 39.64018076333339], [-86.07553339467668, 39.64018329981242], [-86.07526282608049, 39.640184252716395], [-86.07527980713536, 39.64016140393602], [-86.07529733257056, 39.64013906855995], [-86.07532172585265, 39.640109191404406], [-86.07534047868565, 39.6400870982544], [-86.07537852932334, 39.6400443416877], [-86.07594451771686, 39.63942577997498], [-86.07666389893373, 39.63868016013064], [-86.07666676846796, 39.63867715012639], [-86.07670439900053, 39.638637208143244], [-86.07671029483812, 39.63863079113028], [-86.07674061444301, 39.63859693774235], [-86.07674631363237, 39.63859041014167], [-86.07678143076726, 39.63854912456434], [-86.07678740967586, 39.6385418927894], [-86.07682112592549, 39.63849991129394], [-86.07682638134004, 39.638493190048], [-86.07685339082697, 39.638457699306954], [-86.07685516194611, 39.63845535002187], [-86.07685845789435, 39.638450856727644], [-86.07688954106537, 39.63840768116372], [-86.07689481098109, 39.63840013109635], [-86.07692443038884, 39.638356343813925], [-86.0769294393761, 39.63834869706476], [-86.07695757478271, 39.638304330340816], [-86.07696233472186, 39.63829656988523], [-86.07698896480824, 39.63825164968103], [-86.07699309013118, 39.63824446443454], [-86.07701412083462, 39.63820663035865], [-86.07701733578331, 39.63820068938648], [-86.07703339098828, 39.6381701743568], [-86.07703611866368, 39.63816485842038], [-86.07705148675217, 39.63813413339777], [-86.07705475924882, 39.63812736935437], [-86.07708026981949, 39.638072502941434]]], [[[-86.07195327208427, 39.640195856202155], [-86.07195327252252, 39.64018937160732], [-86.07194428970094, 39.64018937101515], [-86.07194429010606, 39.64018245303226], [-86.07193600767037, 39.64018245353042], [-86.07193530727335, 39.6401824533403], [-86.07193530689598, 39.64016861916707], [-86.07192632407711, 39.64016861857352], [-86.07192632448398, 39.64016170059064], [-86.07191734165397, 39.64016170089733], [-86.07191734129215, 39.64014786582316], [-86.07190835846394, 39.64014786612919], [-86.07190835886053, 39.64014094904721], [-86.07189937604528, 39.64014094845162], [-86.07189937568695, 39.640127113377446], [-86.07189039286148, 39.64012711368211], [-86.07189039209453, 39.64012019659083], [-86.07188140926996, 39.6401201968948], [-86.07188141009243, 39.64010636092901], [-86.07187242726965, 39.64010636123233], [-86.0718724265165, 39.64009944324012], [-86.07186344369464, 39.64009944354273], [-86.07186344449656, 39.64008560937878], [-86.07185446168853, 39.6400856087798], [-86.0718544621024, 39.64007869079689], [-86.07184547928324, 39.64007869109817], [-86.07184547852069, 39.64007177400687], [-86.07183649570243, 39.64007177430744], [-86.07183649653368, 39.64005793834164], [-86.07182751371724, 39.64005793864154], [-86.07182751295642, 39.64005102155026], [-86.07181853015294, 39.640051020948555], [-86.07181852979834, 39.640037186775274], [-86.07180954699665, 39.6400371861729], [-86.07180954741489, 39.640030268189996], [-86.07180056460207, 39.64003026848786], [-86.07180056425096, 39.64001643431458], [-86.07179158145199, 39.64001643371085], [-86.07179158187199, 39.64000951572793], [-86.07178259906189, 39.640009516024435], [-86.07178259872632, 39.639995680950214], [-86.07177361591802, 39.63999568124604], [-86.0717736163277, 39.63998876416406], [-86.07177117949873, 39.63998876451255], [-86.07176463236709, 39.63998876354897], [-86.07176463436556, 39.639974928493366], [-86.07175565155998, 39.63997492878784], [-86.07175565080617, 39.639968011696546], [-86.07174666801353, 39.639968011089394], [-86.07174666768495, 39.639954176015166], [-86.07173768488207, 39.639954176308294], [-86.07173768530733, 39.63994725832535], [-86.07172870250535, 39.639947258617795], [-86.07172870216823, 39.63993342444446], [-86.07171971939216, 39.6399334229344], [-86.0717197198071, 39.63992650585239], [-86.07171073584259, 39.63992650613415], [-86.0717107366863, 39.63991267106922], [-86.07170175388883, 39.639912671359625], [-86.07170175315231, 39.639905753367366], [-86.07169277035577, 39.6399057536571], [-86.0716927700377, 39.63989191858284], [-86.07168378724296, 39.63989191887188], [-86.07168378882666, 39.639885001799165], [-86.07167480489167, 39.63988500027638], [-86.07167480573031, 39.63987116611236], [-86.07166582293829, 39.63987116640004], [-86.07166582337052, 39.6398642484171], [-86.07165684057941, 39.6398642487041], [-86.07165684028037, 39.63985041272892], [-86.07164785749106, 39.63985041301526], [-86.07164785674775, 39.63984349592391], [-86.07163887395933, 39.63984349620956], [-86.07163887366382, 39.63982966023436], [-86.0716298908772, 39.63982966051932], [-86.0716298913009, 39.6398227434373], [-86.0716209085152, 39.63982274372159], [-86.07162090821113, 39.639808908647304], [-86.07161227154545, 39.63980890899433], [-86.07161192543929, 39.639808908029984], [-86.07161192587678, 39.63980199004705], [-86.07160294192853, 39.63980199032066], [-86.07160294235486, 39.63979507323864], [-86.07159395957278, 39.639795073520865], [-86.07159396045127, 39.63978123755499], [-86.07158497650575, 39.63978123782724], [-86.07158497809908, 39.639774320754526], [-86.07158102628452, 39.639774320702855], [-86.07157599415447, 39.6397743210261], [-86.07157599502442, 39.63976048596111], [-86.07157381459655, 39.639760485651905], [-86.07156701225891, 39.639760485340396], [-86.07156701153552, 39.639753567348144], [-86.07155802875887, 39.63975356762766], [-86.071558028455, 39.639739733454284], [-86.07154904568016, 39.639739733733144], [-86.07154904613583, 39.63973281484926], [-86.0715400633619, 39.639732815127424], [-86.07154006307357, 39.639718980053125], [-86.07153108030144, 39.639718980330606], [-86.0715310795695, 39.63971206323926], [-86.07152209681033, 39.63971206261515], [-86.07152209769076, 39.639698227550156], [-86.07151311492134, 39.63969822782628], [-86.07151311419116, 39.63969131073492], [-86.0715041314347, 39.63969131010946], [-86.07150413231864, 39.63967747504446], [-86.07149514838667, 39.63967747530991], [-86.0714951500008, 39.63967055733627], [-86.07148616606973, 39.63967055760103], [-86.07148616695717, 39.639656722536046], [-86.07147718420524, 39.63965672190853], [-86.07147718347855, 39.639649804817175], [-86.07146820071546, 39.639649805089896], [-86.07146820038871, 39.63964128960265], [-86.07146820044115, 39.63963597001558], [-86.07145921767986, 39.63963597028762], [-86.07145921813223, 39.639629052304656], [-86.07145023537186, 39.63962905257602], [-86.07145023510104, 39.6396152175017], [-86.07144125234247, 39.63961521777239], [-86.07144125163133, 39.63960829978009], [-86.07143226888572, 39.639608299149195], [-86.0714322686184, 39.63959446407486], [-86.07142328586252, 39.63959446434419], [-86.07142328630636, 39.63958754726213], [-86.07141430355139, 39.639587547530795], [-86.07141430446488, 39.63957371156484], [-86.07140532054648, 39.63957371182351], [-86.07140532099206, 39.63956679474145], [-86.07139633707455, 39.639566794999425], [-86.07139633799154, 39.63955295903347], [-86.0713873552411, 39.63955295930009], [-86.07138735570047, 39.63954604131712], [-86.07137837295093, 39.63954604158305], [-86.07137837269413, 39.63953220650869], [-86.07136938995845, 39.63953220587304], [-86.07136939040751, 39.63952528879098], [-86.07136040649544, 39.63952528904623], [-86.07136040740737, 39.639511453981186], [-86.07135845074038, 39.63951145365488], [-86.07135394663247, 39.63823172872627], [-86.071348292553, 39.63728961528055], [-86.07138526690814, 39.637304486594985], [-86.07144058622539, 39.63732814978604], [-86.07149475432915, 39.63735285072714], [-86.07154833181345, 39.63737884618495], [-86.07159244270204, 39.63740148355739], [-86.07164425705157, 39.63742957415337], [-86.07169465790409, 39.637458534621764], [-86.07174440389949, 39.63748880081107], [-86.07178519452293, 39.63751494986003], [-86.07183281893076, 39.63754710199991], [-86.07187897386738, 39.637580039776395], [-86.0719242596006, 39.63761419056314], [-86.07196126538994, 39.63764356016944], [-86.07200421253468, 39.63767944110935], [-86.07204589233967, 39.63771624265651], [-86.07207976297035, 39.63774774060271], [-86.07211891644428, 39.63778610682585], [-86.07215673797407, 39.63782534448923], [-86.07218732153373, 39.637858827210785], [-86.07222245811705, 39.63789946430557], [-86.07225592321406, 39.63794056827983], [-86.07228792095911, 39.637982385841305], [-86.07231839987809, 39.638024844498936], [-86.0723475632877, 39.638068252222595], [-86.07237078845063, 39.63810509007145], [-86.07239703921455, 39.63814958096699], [-86.07242152253974, 39.63819430552098], [-86.07244442311091, 39.63823957065324], [-86.07253590118705, 39.63843605911322], [-86.07260310195237, 39.63859431554044], [-86.07266915328688, 39.63875576405294], [-86.07272992664426, 39.63890999381085], [-86.07279157294032, 39.63907261534129], [-86.07284810905226, 39.63922784106596], [-86.07290256606242, 39.63938352680177], [-86.0729549316332, 39.639539635511554], [-86.07300769871608, 39.639704094394475], [-86.07305574714692, 39.63986097770851], [-86.07310397868669, 39.64002624639729], [-86.07314773447388, 39.640183985612964], [-86.07314975871356, 39.64019167119797], [-86.07195327208427, 39.640195856202155]]]]}}, {"type": "Feature", "properties": {"SPR_ID": 184, "Unit_Site": "Interchange parcel 184", "Site_typ": "Interchange", "layer": "Fort Wayne", "Shape_Area": 3011.97724547, "Site_Score": 70.19, "Final_Rank": 8, "SITE_EVAL": "Good", "RATIONALE": "Strong low flood risk and land cover suitability; limited by distance from transmission infrastructure.", "dataset": "row_parcels", "layer_title": "Right-of-Way Parcels", "layer_type": "row", "center_latitude": 41.405303, "center_longitude": -85.060792, "source_geometry_valid": true, "sol_s": 0.93657226013112, "slp_s": 0.643641219008412, "trn_s": 0.295383268678703, "fld_s": 0.99999615, "lc_s": 1.0, "row_source": "Manual"}, "geometry": {"type": "MultiPolygon", "coordinates": [[[[-85.06080251666525, 41.40508651081576], [-85.06140659929011, 41.40439671798079], [-85.0606357928858, 41.405878982603326], [-85.06063477210351, 41.40588096403314], [-85.06052176907589, 41.406102459700165], [-85.06047820813399, 41.40618623733294], [-85.06047743193349, 41.40618297273651], [-85.06046853548493, 41.406115351683084], [-85.0604621406341, 41.40606674954786], [-85.06045931754655, 41.40593604627519], [-85.06047461322792, 41.40577492403495], [-85.06050534821537, 41.4056254730342], [-85.06054692723589, 41.405498435821265], [-85.0606036233037, 41.40537632449031], [-85.0606933346691, 41.405230290711984], [-85.06080251666525, 41.40508651081576]]], [[[-85.05963041025029, 41.40636488666552], [-85.05963041087622, 41.4063585547934], [-85.05963308148459, 41.406369796380616], [-85.0596504015092, 41.406442688151785], [-85.05965491690621, 41.406459234426265], [-85.05966011170617, 41.406476065973095], [-85.05958549528165, 41.406525345154364], [-85.05958549424473, 41.40649290212003], [-85.05959447747173, 41.40649290325481], [-85.05959447807955, 41.40646595178261], [-85.05960346132966, 41.40646595201636], [-85.05960346087234, 41.40645507432075], [-85.05960346146622, 41.40643226334094], [-85.05961244354278, 41.40643226265349], [-85.05961244484294, 41.40639857489819], [-85.05962142808383, 41.40639857513033], [-85.05962142701402, 41.406364886434154], [-85.05963041025029, 41.40636488666552]]], [[[-85.05957651203501, 41.40652659057973], [-85.05958360868513, 41.406526590511426], [-85.05957651130402, 41.406531277781696], [-85.05957651203501, 41.40652659057973]]]]}}, {"type": "Feature", "properties": {"SPR_ID": 185, "Unit_Site": "Interchange parcel 185", "Site_typ": "Interchange", "layer": "Fort Wayne", "Shape_Area": 17265.2959034, "Site_Score": 46.09, "Final_Rank": 15, "SITE_EVAL": "Fair", "RATIONALE": "Strong low flood risk and solar resource; limited by slope.", "dataset": "row_parcels", "layer_title": "Right-of-Way Parcels", "layer_type": "row", "center_latitude": 41.270172, "center_longitude": -85.903257, "source_geometry_valid": true, "sol_s": 0.671551848910489, "slp_s": 0.361901541127423, "trn_s": 0.528626143356551, "fld_s": 1.0, "lc_s": 0.65, "row_source": "Manual"}, "geometry": {"type": "MultiPolygon", "coordinates": [[[[-85.90355146543908, 41.26901714653486], [-85.90442275270975, 41.26880062479678], [-85.90545468849385, 41.26883492015795], [-85.90655552943694, 41.26906815050264], [-85.90696632426886, 41.26909834037841], [-85.90289140669529, 41.26917058240917], [-85.90355146543908, 41.26901714653486]]], [[[-85.90509092399735, 41.26999270080613], [-85.90592390858932, 41.26997767905793], [-85.90512286980433, 41.27014128052656], [-85.90398785715286, 41.27037518566111], [-85.90252018570874, 41.27033234789477], [-85.90195828797687, 41.27020274242817], [-85.9003185991662, 41.27008206655055], [-85.90031545037836, 41.270079534160715], [-85.90509092399735, 41.26999270080613]]]]}}, {"type": "Feature", "properties": {"SPR_ID": 186, "Unit_Site": "Interchange parcel 186", "Site_typ": "Interchange", "layer": "Crawfordsville", "Shape_Area": 19750.9756299, "Site_Score": 43.51, "Final_Rank": 16, "SITE_EVAL": "Fair", "RATIONALE": "Strong low flood risk and land cover suitability; limited by slope.", "dataset": "row_parcels", "layer_title": "Right-of-Way Parcels", "layer_type": "row", "center_latitude": 40.120284, "center_longitude": -87.147704, "source_geometry_valid": true, "sol_s": 0.762844335075583, "slp_s": 0.16787156586433, "trn_s": 0.544388740673845, "fld_s": 1.0, "lc_s": 0.93333333333366, "row_source": "Manual"}, "geometry": {"type": "MultiPolygon", "coordinates": [[[[-87.14807578192924, 40.11861953763912], [-87.14821050069733, 40.118571632392566], [-87.14821114754298, 40.119086846250106], [-87.1482115824416, 40.11916229218398], [-87.14817168593065, 40.11915997280339], [-87.14701215961976, 40.119085785009304], [-87.14704438219897, 40.11907721650579], [-87.14705068986432, 40.11907549667104], [-87.14707420296652, 40.11906831678668], [-87.1475633703983, 40.11890596032353], [-87.14760763850589, 40.11888887574615], [-87.14761080519743, 40.11888745720108], [-87.14787218521414, 40.11876930417439], [-87.14790208559451, 40.1187544713103], [-87.14793028148001, 40.11873778733822], [-87.14794462475771, 40.11872812332604], [-87.14795714381691, 40.11871930133841], [-87.14797345918245, 40.118707177881944], [-87.14801466049228, 40.11867489785015], [-87.14803688773773, 40.1186560843995], [-87.14804064842835, 40.11865259557537], [-87.14807578192924, 40.11861953763912]]], [[[-87.1490692800112, 40.11908505119092], [-87.14906856661727, 40.118521369314145], [-87.14962125681883, 40.11888240429082], [-87.1497903289185, 40.118944407032565], [-87.14994527597536, 40.11903023481334], [-87.14998020516758, 40.119047667332914], [-87.1504378763685, 40.11925253345382], [-87.14925323976635, 40.11922324335295], [-87.14907001947027, 40.119212469575636], [-87.1490692800112, 40.11908505119092]]], [[[-87.14907485142093, 40.120804892191735], [-87.14907392982177, 40.12007606549554], [-87.14969136761496, 40.1201028367248], [-87.14970199156565, 40.12010319509003], [-87.15089711481508, 40.120132217359455], [-87.15029320410358, 40.1202861650821], [-87.1490757037458, 40.12086091644862], [-87.14907485142093, 40.120804892191735]]], [[[-87.14702249136977, 40.12015800212548], [-87.14593594172412, 40.119891598084855], [-87.14804485714406, 40.12003153648033], [-87.14805783836313, 40.12003224515994], [-87.1482157322584, 40.120039025653746], [-87.1482166951357, 40.12080729728419], [-87.14821672392313, 40.12081082631131], [-87.14821754541317, 40.12086486489643], [-87.1481520250461, 40.120756026155064], [-87.14736058882785, 40.12041004964812], [-87.14702249136977, 40.12015800212548]]]]}}, {"type": "Feature", "properties": {"SPR_ID": 187, "Unit_Site": "Interchange parcel 187", "Site_typ": "Interchange", "layer": "Vincennes", "Shape_Area": 235489.087993, "Site_Score": 24.08, "Final_Rank": 21, "SITE_EVAL": "Poor", "RATIONALE": "Strong low flood risk and transmission access; limited by land cover suitability.", "dataset": "row_parcels", "layer_title": "Right-of-Way Parcels", "layer_type": "row", "center_latitude": 38.843755, "center_longitude": -87.069474, "source_geometry_valid": true, "sol_s": 0.276684958403513, "slp_s": 0.719282395693251, "trn_s": 0.856844137283639, "fld_s": 1.0, "lc_s": 0.2, "row_source": "Manual"}, "geometry": {"type": "MultiPolygon", "coordinates": [[[[-87.07014165714112, 38.841966369743766], [-87.07015200056146, 38.841948109634636], [-87.07015210260869, 38.84196637068049], [-87.07015662637943, 38.84277711906855], [-87.07015813509653, 38.843047367904866], [-87.07015964382839, 38.84331761853093], [-87.07016102689494, 38.84356549792804], [-87.0701641677918, 38.844128364928146], [-87.07017020069455, 38.84520936175037], [-87.07017103159424, 38.845358414839694], [-87.06942874244979, 38.84532157922675], [-87.06817757460296, 38.84525969821318], [-87.06818117924252, 38.84520911943094], [-87.06819192034747, 38.8450583951256], [-87.06821531270523, 38.844938875090456], [-87.06826820582879, 38.844668633282694], [-87.06829689581367, 38.844522053709696], [-87.06836835769387, 38.84439839622982], [-87.06852178511578, 38.84413290218356], [-87.06852452079131, 38.84412816678681], [-87.06861296993506, 38.843975113264975], [-87.068705440219, 38.84385794148882], [-87.06886745267168, 38.843652647499404], [-87.06891869329553, 38.84358771935523], [-87.0689832486161, 38.843505920823304], [-87.0690651535888, 38.843402134512125], [-87.06913786992318, 38.8433174969191], [-87.0693700359583, 38.84304727716051], [-87.06953265484172, 38.84285800087953], [-87.0695341660036, 38.8428561435906], [-87.06955875154863, 38.84282426934569], [-87.06959516545409, 38.84277705481287], [-87.06980357691609, 38.84250683029564], [-87.06990439918718, 38.84237610541296], [-87.06992229116517, 38.84235290605581], [-87.06992534250455, 38.84234826956351], [-87.07014165714112, 38.841966369743766]]], [[[-87.07063907675412, 38.84223667484078], [-87.07063650710504, 38.84207579500133], [-87.07069120519326, 38.84223668025361], [-87.07074009519144, 38.84238048119777], [-87.07076400144577, 38.842506937310056], [-87.07081509355537, 38.84277719214835], [-87.07086618490165, 38.843047447853266], [-87.07091727663331, 38.843317700819455], [-87.07094089507758, 38.84344263138614], [-87.07094136423139, 38.84344511740114], [-87.07096145949393, 38.84358795434323], [-87.07096391396287, 38.84360540110796], [-87.07099948010624, 38.84385820887982], [-87.07103749985365, 38.8441284615896], [-87.07107551989115, 38.844398715175366], [-87.07111354021609, 38.844668966933625], [-87.07111641371878, 38.84468939537393], [-87.07113895660919, 38.84493921913421], [-87.07116334185457, 38.84520947194486], [-87.07118130930162, 38.845408585710935], [-87.07115352264222, 38.845407163488424], [-87.0706738003464, 38.845383362220794], [-87.07067452938928, 38.84520941816579], [-87.07067566211333, 38.84493916964125], [-87.07067702724095, 38.84461381415124], [-87.0706735924944, 38.84439867157283], [-87.0706649639307, 38.84385817291639], [-87.07066068530757, 38.84359013814774], [-87.07065633550293, 38.84331767330792], [-87.07065202018804, 38.84304742348528], [-87.07064770606057, 38.84277717455037], [-87.07064339196549, 38.84250692380043], [-87.07063907675412, 38.84223667484078]]], [[[-87.07082871646818, 38.84168041089109], [-87.07117358708817, 38.84161786082059], [-87.07134900870624, 38.84218064450547], [-87.07182980578494, 38.84299893650075], [-87.07244201936706, 38.843592283082856], [-87.07330467700353, 38.84473583202084], [-87.07361340091786, 38.8451795256447], [-87.07369321555187, 38.84532950846577], [-87.07369098188619, 38.845530166553154], [-87.07293268234191, 38.84549821154614], [-87.0714180560165, 38.84542070237957], [-87.0711982131764, 38.84471157715212], [-87.07118760514138, 38.844111717678146], [-87.07106880553079, 38.84334833016679], [-87.07096858258579, 38.842784732723715], [-87.07092997573221, 38.84230281853483], [-87.07080383547132, 38.841974785403025], [-87.07082871646818, 38.84168041089109]]], [[[-87.0706699961201, 38.84629041394222], [-87.07067103211631, 38.84604350375284], [-87.07109908369992, 38.84606474115067], [-87.07122845673226, 38.846071362453095], [-87.07123944281736, 38.846290474460524], [-87.07125176580719, 38.846536259058254], [-87.07124701713774, 38.846560724825906], [-87.07119457064073, 38.84683096761932], [-87.07114212259603, 38.84710121037771], [-87.07113260905368, 38.84715022481566], [-87.07109354267276, 38.847371455251725], [-87.07104581859807, 38.84764169867143], [-87.07100350526193, 38.8478813128776], [-87.07099809646856, 38.84791194205803], [-87.07095037397949, 38.848182185412945], [-87.07094004905156, 38.84824065257653], [-87.07086642415796, 38.84865757524017], [-87.0708508380759, 38.84872267270618], [-87.07078613504991, 38.848992915441364], [-87.07065895515771, 38.849524102164395], [-87.07065753018065, 38.84926254526273], [-87.07065866130318, 38.84899290160497], [-87.07065979412445, 38.84872265235486], [-87.07066206089836, 38.8481821538163], [-87.07066319485277, 38.84791190633018], [-87.07066339426365, 38.84786419524085], [-87.0706654615855, 38.847371408617526], [-87.07066772944256, 38.84683091085402], [-87.070668863361, 38.846560662404045], [-87.0706699961201, 38.84629041394222]]], [[[-87.06817581379241, 38.8459913767601], [-87.06817166489665, 38.84591967753003], [-87.06937547006167, 38.84597921488373], [-87.07017471680686, 38.84601887690478], [-87.07017472377963, 38.84602010968666], [-87.07017774038569, 38.8465606070458], [-87.07017924928525, 38.846830856607326], [-87.07018488263382, 38.847840110086686], [-87.07018528270663, 38.84791185292683], [-87.07018829949514, 38.848452351011154], [-87.07019131518312, 38.848992849045906], [-87.07019282419851, 38.84926309759317], [-87.07019433207448, 38.84953334612855], [-87.07019481007572, 38.849618695498584], [-87.07014758120647, 38.849533341772165], [-87.07010170315867, 38.84945042665178], [-87.06999928375122, 38.84926532965834], [-87.06999789289672, 38.84926307579224], [-87.06999724421158, 38.84926202002272], [-87.06990311106765, 38.84912398910898], [-87.06984971752816, 38.84904569591948], [-87.06981364758555, 38.84899280593553], [-87.06970219058576, 38.84882937072057], [-87.06962933452616, 38.848722535815575], [-87.06955761656924, 38.848617370033054], [-87.06955466684244, 38.84861304532511], [-87.06955402406685, 38.84861212832798], [-87.0694388310697, 38.84845226366505], [-87.06940317529066, 38.84840277878261], [-87.06925232624432, 38.84819342633128], [-87.06924408597193, 38.84818199100187], [-87.06921212190473, 38.8481376278608], [-87.0691014780846, 38.84798407547913], [-87.06904934119659, 38.84791171800078], [-87.06895372678868, 38.847779019323106], [-87.06895069081258, 38.847774806393915], [-87.0688666298701, 38.847656990674174], [-87.0688555393891, 38.84764144590848], [-87.06880324883986, 38.84756815931135], [-87.06866270012652, 38.847371172014654], [-87.06865575002429, 38.84736143096415], [-87.06852114481909, 38.84717277571938], [-87.06850824975747, 38.84715470152277], [-87.068469862326, 38.84710089959093], [-87.06836399168691, 38.84695251363512], [-87.0683193327224, 38.84683063093533], [-87.06828526524511, 38.8467376557213], [-87.06822030666677, 38.846560368952055], [-87.0682065727805, 38.84652288604011], [-87.06819406269469, 38.84630673134682], [-87.06819310074987, 38.846290116331765], [-87.06818124918121, 38.84608529062014], [-87.06817746233915, 38.84601986595318], [-87.06817581379241, 38.8459913767601]]], [[[-87.06966059766187, 38.85076182431459], [-87.0696605981582, 38.850738701483564], [-87.06966958132563, 38.8507387015328], [-87.06966958128154, 38.85056380375095], [-87.06967856442697, 38.850563803799496], [-87.06967856445046, 38.850381909415894], [-87.06968754757301, 38.85038190946377], [-87.06968754757432, 38.8502000150745], [-87.0696965318264, 38.850200015121025], [-87.0696965329562, 38.85001811892309], [-87.06970551488057, 38.850018118970326], [-87.06970551598907, 38.84983622366791], [-87.06971449904296, 38.84983622371376], [-87.06971449825694, 38.849803539584634], [-87.06971449892258, 38.849752270855745], [-87.06970551587924, 38.849752270809866], [-87.06970551605374, 38.849738279417586], [-87.06969653301216, 38.84973827937103], [-87.0696965330994, 38.849731282773725], [-87.06968755005872, 38.84973128272645], [-87.06968755014773, 38.8497242870303], [-87.0696785671079, 38.84972428698236], [-87.0696785671978, 38.84971729128618], [-87.06966958415885, 38.849717291237525], [-87.06966958318712, 38.8497032989447], [-87.06966060014993, 38.84970329889536], [-87.06966060024159, 38.84969630319917], [-87.06965161720528, 38.84969630314913], [-87.06965161729694, 38.849689306551774], [-87.06964263426238, 38.84968930740221], [-87.06964263444836, 38.849675315108605], [-87.06963365141381, 38.849675314156045], [-87.06963365150811, 38.84966831845982], [-87.06962466847533, 38.84966831840771], [-87.0696246685705, 38.84966132271146], [-87.06961568553858, 38.84966132265868], [-87.06961568457831, 38.84964733126685], [-87.06960670154727, 38.849647330312195], [-87.06960670164423, 38.84964033461594], [-87.06959771861494, 38.84964033456177], [-87.06959771871277, 38.84963333886549], [-87.06958873568439, 38.8496333388106], [-87.0695887358818, 38.84961934741803], [-87.06957975285516, 38.84961934736245], [-87.06957975295299, 38.84961234986384], [-87.0695707699281, 38.849612350708746], [-87.06957077002771, 38.849605354111276], [-87.0695617870037, 38.84960535495548], [-87.06956178710418, 38.849598358357994], [-87.06955742408564, 38.849598358252756], [-87.06955280292864, 38.849598359202204], [-87.06955280313136, 38.84958436600723], [-87.0695438201091, 38.84958436594888], [-87.06954382021222, 38.84957737025254], [-87.06953483603844, 38.849577370194204], [-87.06953483729485, 38.84957037449716], [-87.06952585312196, 38.84957037443812], [-87.06952585448325, 38.84955638214355], [-87.06951687031213, 38.84955638208381], [-87.06951687041789, 38.849549386387416], [-87.06950788740002, 38.84954938632633], [-87.06950788635426, 38.849542390630624], [-87.06949890448969, 38.84954239056814], [-87.06949890355145, 38.849528398274856], [-87.06948992053624, 38.849528398212385], [-87.06948992064378, 38.8495214016148], [-87.06948093762944, 38.84952140155163], [-87.06948093773872, 38.84951440585519], [-87.06947195472526, 38.84951440579134], [-87.06947195483542, 38.8495074100949], [-87.06946297182284, 38.84950741003033], [-87.06946297089166, 38.84949341773695], [-87.06945398903325, 38.849493417671], [-87.06945398799277, 38.84948642197522], [-87.06944500498284, 38.84948642190928], [-87.06944500509564, 38.849479426212824], [-87.06943602208659, 38.84947942614617], [-87.0694360223131, 38.849465433852046], [-87.0694270393058, 38.84946543378472], [-87.0694270394195, 38.84945843718706], [-87.06941805641394, 38.8494584380202], [-87.06941805652852, 38.849451441422524], [-87.06940907352384, 38.84945144225499], [-87.06940907260235, 38.849437449060304], [-87.06940008959857, 38.84943744899089], [-87.06940008971578, 38.84943045329436], [-87.06939110671289, 38.84943045322425], [-87.06939110683098, 38.849423457527706], [-87.06938212382896, 38.84942345745692], [-87.06938212394792, 38.84941646176038], [-87.0693731409459, 38.84941646078772], [-87.06937314118562, 38.84940246939459], [-87.06936415818625, 38.84940246932243], [-87.06936415715457, 38.84939547362653], [-87.06935517415607, 38.84939547355366], [-87.06935517427767, 38.849388477857055], [-87.06934619128005, 38.84938847778352], [-87.0693461915233, 38.849374484588], [-87.0693372085283, 38.8493744854149], [-87.06933720865081, 38.84936748881713], [-87.06932822565582, 38.84936748874218], [-87.06932822578008, 38.84936049304557], [-87.06931924278597, 38.849360492969936], [-87.06931924188298, 38.84934650067618], [-87.06931025889062, 38.84934650059986], [-87.06931025901665, 38.8493395049032], [-87.06930127602516, 38.84933950482619], [-87.06930127615207, 38.849332509129525], [-87.06929229316148, 38.849332509051806], [-87.06929229341618, 38.84931851675729], [-87.06928331042734, 38.8493185166789], [-87.06928330940273, 38.84931152008175], [-87.06927432526324, 38.849311520904486], [-87.06927432654432, 38.84930452430595], [-87.0692653424057, 38.84930452512802], [-87.06926534368768, 38.84929752852947], [-87.06925635954907, 38.84929752844967], [-87.06925636096322, 38.84928353615439], [-87.06924737682637, 38.84928353607389], [-87.06924737580617, 38.84927654037784], [-87.0692383928226, 38.849276540296], [-87.06923839295567, 38.84926954459925], [-87.06922940997211, 38.849269543615534], [-87.0692294105288, 38.84926298407945], [-87.06922941024004, 38.84925555222201], [-87.0692204272591, 38.84925555213878], [-87.06922042739394, 38.84924855644201], [-87.06921189846034, 38.84924855608904], [-87.06921144441388, 38.84924855635806], [-87.06921144454961, 38.8492415606613], [-87.06920246157043, 38.84924156057668], [-87.06920246068948, 38.84922756738144], [-87.06919347771208, 38.84922756729612], [-87.06919347784955, 38.849220571599325], [-87.06918449487301, 38.84922057151331], [-87.06918449501138, 38.849213575816485], [-87.06917551203573, 38.849213575729806], [-87.0691755121741, 38.84920657913182], [-87.06916652919931, 38.84920657904441], [-87.06916652832717, 38.849192587651416], [-87.06915754535416, 38.849192587563344], [-87.06915754549517, 38.84918559186649], [-87.06914856252303, 38.849185591777704], [-87.06914856266404, 38.84917859517969], [-87.06913957969277, 38.84917859509022], [-87.06913957882503, 38.849164602795994], [-87.06913059585553, 38.849164602705834], [-87.06913059599918, 38.84915760700895], [-87.06912161303057, 38.849157606918084], [-87.0691216131751, 38.84915061122119], [-87.06911263020648, 38.8491506102285], [-87.0691126304973, 38.84913661883468], [-87.06910364753132, 38.849136618742435], [-87.0691036465252, 38.84912962304619], [-87.0690946635601, 38.84912962295327], [-87.06909466370728, 38.84912262725633], [-87.06908568074218, 38.849122626261554], [-87.06908568103742, 38.849108633966495], [-87.06907669807583, 38.84910863477335], [-87.0690766982239, 38.849101638175235], [-87.06906771526316, 38.84910163898138], [-87.06906771425972, 38.849094642383925], [-87.06905873129901, 38.84909464228823], [-87.06905873144883, 38.8490876456901], [-87.06904974848901, 38.84908764559372], [-87.06904974879215, 38.84907365419973], [-87.06904076583409, 38.84907365410265], [-87.06904076598654, 38.849066658405626], [-87.06903178302935, 38.849066658307876], [-87.06903178202941, 38.849059661710385], [-87.06902279907312, 38.84905966161192], [-87.06902279938069, 38.84904566931671], [-87.069013816427, 38.84904567011871], [-87.06901381658123, 38.84903867352052], [-87.06900483247603, 38.84903867432249], [-87.06900483263027, 38.84903167682313], [-87.06899584852594, 38.84903167762442], [-87.0689958499912, 38.849017685328455], [-87.06898686588777, 38.84901768522793], [-87.06898686719792, 38.849010689530154], [-87.06897788309534, 38.84901068942891], [-87.06897788325398, 38.84900369373183], [-87.06896890030383, 38.84900369272805], [-87.06896889931095, 38.84899669703164], [-87.06895991636253, 38.848996696928324], [-87.06895991668245, 38.84898270463296], [-87.06895093373669, 38.848982705430124], [-87.06895093389709, 38.84897570883184], [-87.06894195095131, 38.848975708727146], [-87.0689419499602, 38.84896871212953], [-87.06893296701618, 38.84896871292531], [-87.06893296734137, 38.84895472062984], [-87.06892398439824, 38.848954720523786], [-87.06892398456216, 38.84894772482663], [-87.06891500161905, 38.84894772381869], [-87.06891500063145, 38.84894072812221], [-87.06890601769007, 38.84894072801476], [-87.06890601802056, 38.84892673571923], [-87.06889703508182, 38.84892673651224], [-87.0688970352475, 38.84891973991389], [-87.06888805230963, 38.848919740706215], [-87.06888805247533, 38.8489127432067], [-87.06887906838595, 38.848912743998994], [-87.06887906855341, 38.84890574740061], [-87.06887008561644, 38.84890574729038], [-87.06887008595484, 38.84889175589593], [-87.06886110301961, 38.848891755785026], [-87.06886110318884, 38.84888475918662], [-87.0688521191021, 38.8488847590757], [-87.06885211927306, 38.84887776337845], [-87.06884313633961, 38.84887776326615], [-87.06884313668243, 38.84886377097047], [-87.0688341537516, 38.84886377175862], [-87.06883415392258, 38.848856774259026], [-87.06882516984024, 38.848856775047196], [-87.06882517001297, 38.848849778448745], [-87.0688161870839, 38.84884977923552], [-87.068816187432, 38.84883578693977], [-87.06880720450383, 38.848835786824694], [-87.0688072046792, 38.84882879112738], [-87.06879822059862, 38.84882879011115], [-87.06879822077488, 38.84882179441383], [-87.06878923784845, 38.848821794297365], [-87.06878923820184, 38.84880780200154], [-87.06878025527804, 38.848807802785565], [-87.0687802554552, 38.84880080618705], [-87.068771271379, 38.8488008060699], [-87.06877127155704, 38.848793809471374], [-87.06876228863499, 38.848793810254016], [-87.0687622888139, 38.8487868136555], [-87.06875330589186, 38.848786813536265], [-87.06875330510078, 38.84877282214219], [-87.0687443221805, 38.84877282202228], [-87.06874432236117, 38.848765825423726], [-87.0687353382894, 38.8487658253038], [-87.06873533962421, 38.84875882960572], [-87.0687263555533, 38.84875882948509], [-87.06872635591904, 38.848744837189095], [-87.06871737185075, 38.848744837968965], [-87.06871737318558, 38.84873784046854], [-87.06870838911817, 38.84873784124769], [-87.06870838930237, 38.84873084464909], [-87.06869940638738, 38.84873084452574], [-87.06869940560688, 38.84871685313151], [-87.06869042269363, 38.84871685300744], [-87.0686904228796, 38.84870985640881], [-87.06868143996722, 38.84870985628406], [-87.06868144015493, 38.84870286058657], [-87.06867245724344, 38.84870286046114], [-87.06867245627964, 38.84869586476434], [-87.06866347336904, 38.848695864638195], [-87.06866347374712, 38.848681872342034], [-87.06865449083739, 38.84868187131405], [-87.06865449102774, 38.84867487561655], [-87.06864550811979, 38.84867487548901], [-87.06864550715862, 38.848667879792174], [-87.06863652425153, 38.84866787966397], [-87.06863652463575, 38.848653888268906], [-87.06862754172955, 38.84865388723884], [-87.0686275418083, 38.8486503709163], [-87.06862754077015, 38.84864689154197], [-87.06861855786572, 38.84864689141236], [-87.06861855805958, 38.848639895714804], [-87.06860957515602, 38.84863989558452], [-87.06860957554466, 38.84862590328822], [-87.06860059264284, 38.84862590315724], [-87.06860059168521, 38.84861890655918], [-87.06859160878427, 38.84861890642751], [-87.06859160898081, 38.848611910729915], [-87.06858262608074, 38.84861191059753], [-87.06858262627814, 38.848604914899944], [-87.06857364337897, 38.848604914766895], [-87.06857364262227, 38.848590922471196], [-87.06856465972486, 38.848590922337436], [-87.06856465992314, 38.848583925738644], [-87.06855567702746, 38.84858392650536], [-87.06855567722666, 38.848576929906564], [-87.06854669317947, 38.84857693067327], [-87.06854669357958, 38.84856293747565], [-87.06853771068567, 38.84856293733983], [-87.06853771088748, 38.848555941642154], [-87.06852872799445, 38.84855594150566], [-87.06852872704475, 38.84854894580865], [-87.0685197441526, 38.84854894567144], [-87.06851974455888, 38.848534953374916], [-87.06851076166849, 38.84853495323703], [-87.06851076071969, 38.84852795663885], [-87.06850177783105, 38.8485279574014], [-87.0685017780355, 38.84852096080254], [-87.06849279514773, 38.84852096156441], [-87.0684927955593, 38.8485069692678], [-87.06848381151916, 38.84850696822735], [-87.06848381172625, 38.84849997252961], [-87.06847482884028, 38.848499972388936], [-87.06847482904824, 38.84849297669119], [-87.06846584501073, 38.848492976550524], [-87.06846584637198, 38.84848598085209], [-87.06845686118297, 38.84848598071138], [-87.0684568627531, 38.84847198751285], [-87.0684478787191, 38.84847198827195], [-87.06844788008124, 38.848464991672344], [-87.06843889604725, 38.84846499152957], [-87.06843889510635, 38.84845799583246], [-87.06842991222565, 38.84845799568832], [-87.06842991264955, 38.848444003391556], [-87.06842092977057, 38.84844400324675], [-87.06842092883144, 38.84843700754961], [-87.06841194595337, 38.848437007404094], [-87.0684119461675, 38.84843001170627], [-87.06840296329031, 38.84843001156007], [-87.06840296256624, 38.84841601836275], [-87.0683939796908, 38.84841601821586], [-87.0683939799067, 38.848409022518005], [-87.06838499703213, 38.848409022370426], [-87.06838499724891, 38.84840202667256], [-87.06837601437522, 38.848402026524276], [-87.06837601344051, 38.848395030827085], [-87.0683670305677, 38.8483950306781], [-87.06836703100306, 38.848381037480024], [-87.06835804813288, 38.848381038231516], [-87.06835804719906, 38.84837404163314], [-87.06834906432975, 38.84837404238394], [-87.0683490645492, 38.84836704578488], [-87.06834008168077, 38.848367046535], [-87.06834008096902, 38.84835305333751], [-87.0683310981015, 38.84835305318577], [-87.06833109832357, 38.84834605748783], [-87.06832211545692, 38.848346057335405], [-87.06832211567988, 38.84833906163747], [-87.0683131328141, 38.848339061484346], [-87.06831313210765, 38.84832506828679], [-87.0683041492445, 38.848325069034125], [-87.06830414946835, 38.848318072435], [-87.06829516660608, 38.848318073181666], [-87.06829516567842, 38.848311076583194], [-87.06828618281615, 38.84831107642799], [-87.06828618304263, 38.84830408073001], [-87.0682772001804, 38.848304079672964], [-87.06827719948272, 38.848290088277636], [-87.0682682166231, 38.848290088121054], [-87.06826821685134, 38.84828309242304], [-87.06825923399259, 38.848283092265774], [-87.06825923422086, 38.84827609566659], [-87.068250251363, 38.84827609550862], [-87.06825025066973, 38.84826210321206], [-87.06824126781365, 38.84826210305339], [-87.06824126804452, 38.84825510735535], [-87.06823228518931, 38.84825510719602], [-87.06823228426867, 38.84824811149862], [-87.06822330141433, 38.84824811133858], [-87.0682233018779, 38.84823411814012], [-87.06821431902617, 38.84823411888055], [-87.06821431810644, 38.848227122281976], [-87.0682053352556, 38.8482271230217], [-87.06820533548915, 38.84822012642245], [-87.06819635148679, 38.848220127162165], [-87.06819635195563, 38.84820613396363], [-87.06818736795418, 38.8482061338015], [-87.06818736934274, 38.8481991381027], [-87.06817838534215, 38.848199137939865], [-87.0681783855792, 38.84819214224175], [-87.06816940157951, 38.848192142078226], [-87.06816940181658, 38.848185145478936], [-87.06816041897014, 38.848185145314034], [-87.06816041829451, 38.848171153017255], [-87.06815143544985, 38.84817115285168], [-87.06815143568954, 38.84816415715351], [-87.06814245284573, 38.84816415698724], [-87.06814245308631, 38.84815716128905], [-87.06813346909016, 38.84815716022161], [-87.06813346957304, 38.848143168825224], [-87.06812448673189, 38.848143168657586], [-87.06812448697337, 38.84813617205823], [-87.06811550298157, 38.848136172791705], [-87.06811550322392, 38.84812917619234], [-87.06810652038453, 38.848129176023306], [-87.06810651971948, 38.84811518372637], [-87.06809753688182, 38.84811518355664], [-87.0680975371268, 38.848108187858394], [-87.06808855429003, 38.848108187687984], [-87.06808855453589, 38.84810119198974], [-87.06807957054677, 38.84810119091814], [-87.06807957079351, 38.848094195219886], [-87.06807058795852, 38.84809419504808], [-87.06807058845288, 38.848080202750374], [-87.06806160446726, 38.84808020257855], [-87.06806160471577, 38.84807320688027], [-87.06805262188338, 38.848073206707085], [-87.06805262213192, 38.84806621010764], [-87.06804363930043, 38.84806620993376], [-87.06804363864856, 38.84805221853784], [-87.06803465581883, 38.84805221836325], [-87.06803465606913, 38.84804522176377], [-87.06802567208875, 38.84804522249035], [-87.06802567233906, 38.848038224989686], [-87.06801668951195, 38.848038225714895], [-87.06801668886452, 38.84802423341772], [-87.0680077060383, 38.84802423324107], [-87.0680077062921, 38.84801723754271], [-87.06799872346677, 38.84801723736538], [-87.06799872372058, 38.848010240765866], [-87.06798973974372, 38.84801024058851], [-87.06798973999928, 38.84800324489013], [-87.0679807571757, 38.84800324471142], [-87.06798075653532, 38.84798925241415], [-87.0679717737135, 38.84798925223473], [-87.06797177397081, 38.84798225653633], [-87.067962791149, 38.84798225545507], [-87.06796279140721, 38.847975259756666], [-87.06795380743478, 38.847975259576536], [-87.06795380795292, 38.84796126817969], [-87.06794482513462, 38.84796126799819], [-87.06794482424134, 38.847954271399274], [-87.0679358414239, 38.8479542712171], [-87.06793584168388, 38.8479472746175], [-87.06792685771582, 38.84794727533643], [-87.0679268582384, 38.84793328303836], [-87.06791787427123, 38.84793328285548], [-87.0679178756862, 38.847926287156334], [-87.06790889171992, 38.84792628697274], [-87.06790889198254, 38.8479192903731], [-87.06789990801714, 38.84791929018883], [-87.06789990969737, 38.84790529789], [-87.06789092573457, 38.847905298606186], [-87.06789092484658, 38.8478983020072], [-87.0678819420362, 38.84789830182086], [-87.06788194230145, 38.84789130522118], [-87.06787295949194, 38.84789130503417], [-87.06787295860657, 38.847884309336315], [-87.06786397579795, 38.84788430914858], [-87.06786397633284, 38.847870316850354], [-87.06785499237445, 38.84787031756378], [-87.0678549926415, 38.84786332006291], [-87.06784600983636, 38.84786332077497], [-87.06784601010516, 38.84785632417525], [-87.0678370273009, 38.84785632488662], [-87.06783702668871, 38.84784233258896], [-87.06782804388536, 38.847842332398486], [-87.06782804300438, 38.84783533670057], [-87.06781906020105, 38.847835335608224], [-87.06781906047334, 38.847828339909626], [-87.06781007767174, 38.84782833971777], [-87.06781007706485, 38.847814347420055], [-87.067801094265, 38.8478143472275], [-87.06780109453906, 38.847807351528864], [-87.06779211173924, 38.84780735043447], [-87.06779211086179, 38.847800354736506], [-87.06778312806371, 38.84780035454256], [-87.06778312833951, 38.847793358843916], [-87.06777414554232, 38.84779335864926], [-87.06777414494248, 38.84777936635146], [-87.06776756600942, 38.84777936566271], [-87.06776516214788, 38.84777936705731], [-87.06776516242375, 38.847772369556324], [-87.06775617847765, 38.84777237026213], [-87.06775617875525, 38.847765373662284], [-87.06774719596156, 38.84776537346559], [-87.06774719536786, 38.84775138206887], [-87.06773821257593, 38.84775138187146], [-87.0677382128553, 38.84774438527159], [-87.06772923006424, 38.84774438507351], [-87.06772922919211, 38.84773738847429], [-87.0677202464028, 38.847737389176665], [-87.0677202469659, 38.84772339687806], [-87.06771126302512, 38.84772339667924], [-87.06771126330712, 38.847716400079335], [-87.06770228051958, 38.84771639987917], [-87.06770228019707, 38.84771362791378], [-87.06770228080333, 38.84770940418043], [-87.0676932968643, 38.847709403980225], [-87.06769329714892, 38.847702408281464], [-87.06768431436315, 38.847702408079925], [-87.06768431378093, 38.84768841578189], [-87.06767533099605, 38.84768841467847], [-87.06767533128243, 38.84768141897968], [-87.06766634849929, 38.847681418776766], [-87.06766634763419, 38.84767442307863], [-87.06765736369955, 38.84767442287567], [-87.06765736542737, 38.84766043057623], [-87.0676483803421, 38.84766043037323], [-87.06764838178267, 38.84765343377259], [-87.06763939785152, 38.84765343446941], [-87.06763939929294, 38.84764643786874], [-87.0676304142103, 38.847646438565526], [-87.06763041594341, 38.847632446266005], [-87.06762143201404, 38.84763244606029], [-87.06762143115249, 38.847625449460935], [-87.06761244837638, 38.84762544925385], [-87.06761244866892, 38.84761845355498], [-87.06760346589371, 38.847618453347216], [-87.06760346532735, 38.84760446104894], [-87.06759448255387, 38.847604460840465], [-87.06759448169497, 38.84759746424109], [-87.06758549892237, 38.84759746403192], [-87.06758549921757, 38.84759046833301], [-87.06757651644585, 38.84759046812317], [-87.06757651558956, 38.84758347242492], [-87.06756753281873, 38.84758347221437], [-87.06756753341094, 38.8475694790142], [-87.06755854949036, 38.84756947970479], [-87.06755854978734, 38.847562483104696], [-87.06754956701913, 38.84756248289277], [-87.06754956731785, 38.84755548719381], [-87.06754058339816, 38.84755548698184], [-87.06754058399652, 38.84754149468276], [-87.06753160123095, 38.84754149446945], [-87.0675316003782, 38.847534497869994], [-87.06752261761439, 38.847534498557124], [-87.06752261791489, 38.84752750195699], [-87.06751363515195, 38.847527502643466], [-87.06751363460322, 38.84751351034497], [-87.06750465184031, 38.84751350922842], [-87.06750465099107, 38.847506513530064], [-87.06749566822991, 38.847506513314], [-87.06749566853391, 38.84749951761497], [-87.06748894327596, 38.8474995178962], [-87.06748668577362, 38.8474995173982], [-87.06748668492529, 38.847492520798674], [-87.06747770216673, 38.84749252148238], [-87.0674777016242, 38.84747852828262], [-87.06746871886655, 38.84747852806448], [-87.0674687191732, 38.84747153236542], [-87.06745973641642, 38.847471532146564], [-87.06745973557159, 38.84746453644816], [-87.0674507528157, 38.84746453622862], [-87.06745075343082, 38.84745054302816], [-87.06744176952516, 38.84745054370974], [-87.06744176983361, 38.84744354710949], [-87.06743278708035, 38.84744354688858], [-87.06743278623816, 38.847436551190135], [-87.06742380348578, 38.84743655096852], [-87.0674238041062, 38.84742255776797], [-87.06741482020405, 38.847422558447484], [-87.06741482051514, 38.84741556184718], [-87.06740583776626, 38.84741556252535], [-87.06740583807823, 38.84740856592506], [-87.06739685417784, 38.847408566603185], [-87.0673968544907, 38.84740157000287], [-87.06738787059034, 38.84740156977917], [-87.06738787121864, 38.84738757747969], [-87.06737888732006, 38.847387577255276], [-87.06737888878705, 38.84738058065428], [-87.06736990373781, 38.84738058133101], [-87.06736990520567, 38.847373584729986], [-87.06736092130969, 38.84737358540535], [-87.06736092194244, 38.847359592204654], [-87.06735193804735, 38.847359591978154], [-87.06735193900082, 38.84733860397934], [-87.06734295510839, 38.84733860375216], [-87.06734295574466, 38.84732461055138], [-87.0673339730072, 38.847324611223996], [-87.06733397249371, 38.847310618924986], [-87.06732498975718, 38.847310618695744], [-87.0673249892446, 38.847296625495545], [-87.06731600650981, 38.847296625265635], [-87.06731600600071, 38.8472826338677], [-87.06730702326767, 38.84728263363709], [-87.06730702275948, 38.847268641337976], [-87.06729804002737, 38.84726864020553], [-87.06729803984435, 38.84724765220703], [-87.0672890571157, 38.84724765197502], [-87.06728905661103, 38.847233659675815], [-87.06728007388502, 38.84723366034428], [-87.06728007338126, 38.84721966714388], [-87.06727109065613, 38.84721966691051], [-87.06727109015502, 38.84720567461124], [-87.0672621074325, 38.84720567527832], [-87.06726210693228, 38.84719168207784], [-87.06725312421068, 38.847191681843086], [-87.06725312404089, 38.84717069384429], [-87.06724414132192, 38.84717069360883], [-87.06724414082522, 38.84715670040828], [-87.06723515810803, 38.84715670017212], [-87.06723515761395, 38.84714270787269], [-87.06722617489935, 38.847142708537014], [-87.06722617440704, 38.84712871623755], [-87.0672171916925, 38.84712871509884], [-87.06721719120195, 38.84711472279935], [-87.06720820849087, 38.84711472346227], [-87.0672082080021, 38.847100731162726], [-87.06719922529193, 38.847100730923806], [-87.06719922513629, 38.84707974112238], [-87.06719024242962, 38.847079741783915], [-87.06719024194436, 38.847065749484294], [-87.0671812592386, 38.84706574924398], [-87.06718125875425, 38.84705175604316], [-87.0671722760511, 38.847051756703316], [-87.06717227556936, 38.84703776440364], [-87.06716329286711, 38.847037764161925], [-87.06716329238628, 38.84702377096104], [-87.0671543096858, 38.847023770718664], [-87.0671543092076, 38.8470097784189], [-87.0671453265097, 38.84700977907698], [-87.06714532752233, 38.84698878927452], [-87.06713885007106, 38.84698878939316], [-87.0671363436747, 38.84698878993258], [-87.06713634435239, 38.84697479763206], [-87.0671273605057, 38.84697479738826], [-87.06712736118516, 38.84696080508772], [-87.0671183773402, 38.84696080484322], [-87.06711837802057, 38.84694681164147], [-87.06710939417823, 38.846946812297446], [-87.0671093952023, 38.846925823395914], [-87.06711837789048, 38.84692582364177], [-87.06711837851913, 38.84684186803692], [-87.0671273611959, 38.84684186738093], [-87.06712736200956, 38.84683047041878], [-87.06712736181414, 38.84675791177488], [-87.06713634448121, 38.84675791201936], [-87.06713634427513, 38.84666695981157], [-87.06714532808311, 38.84666696005472], [-87.06714532752818, 38.84658300444682], [-87.06715431247797, 38.846583004688625], [-87.06715431191175, 38.84649904817837], [-87.06716329569863, 38.846499048420156], [-87.06716329512201, 38.8464150919087], [-87.06717227889833, 38.84641509214981], [-87.06717227864713, 38.8463241399367], [-87.06718126125881, 38.84632413927662], [-87.06718126181457, 38.846240183663156], [-87.06719024441652, 38.84624018390356], [-87.06719024496103, 38.84615622738775], [-87.06719922755244, 38.84615622762746], [-87.06719922841893, 38.846065274508526], [-87.06720821215123, 38.846065274746884], [-87.06720821267491, 38.84598131822858], [-87.06721719524347, 38.84598131756578], [-87.06721719575674, 38.845897361046255], [-87.0672261783156, 38.84589736128394], [-87.06722617908733, 38.845872466753725], [-87.06764886455154, 38.84589381630851], [-87.0680559797261, 38.84591395503866], [-87.06806210855933, 38.846019851218394], [-87.06806613081406, 38.846089364312206], [-87.06807774653367, 38.846290101612816], [-87.06807894512382, 38.84631080505104], [-87.0680917595149, 38.84653224668111], [-87.06809258323767, 38.84653806678914], [-87.06809392892526, 38.84654262136515], [-87.0681004266977, 38.8465603532941], [-87.06817448699445, 38.84676247887938], [-87.06817564814317, 38.846765647578984], [-87.06819945229901, 38.84683061447829], [-87.06825504440894, 38.84698233723114], [-87.06825630568802, 38.84698536709278], [-87.06826011817697, 38.846991879345296], [-87.06833789080137, 38.847100882252484], [-87.068407616236, 38.84719860820625], [-87.06852110668804, 38.847357672889], [-87.06853072695222, 38.84737115669753], [-87.06855511515111, 38.84740533867516], [-87.06870261607209, 38.84761206804785], [-87.06872356571313, 38.847641428106215], [-87.06881661672446, 38.847771844948575], [-87.06885017669782, 38.84781887919699], [-87.06886659241773, 38.84784166253807], [-87.06891705818526, 38.84791170240246], [-87.06900108262438, 38.84802831415362], [-87.06911180246038, 38.84818197562455], [-87.0691519294304, 38.84823766423355], [-87.069212084233, 38.848321149830454], [-87.06930277827543, 38.84844701591196], [-87.06930654705616, 38.84845224670642], [-87.06945330028596, 38.84865591520027], [-87.06949872213733, 38.8487225198806], [-87.06955757713952, 38.84880882398987], [-87.0696005087531, 38.848871775010885], [-87.06968303470188, 38.84899278930594], [-87.06974803317071, 38.84908810033822], [-87.06986734981653, 38.849263060228246], [-87.06989444942896, 38.84930279683871], [-87.06990307429199, 38.849318384430035], [-87.06999593697836, 38.849486212017716], [-87.07002200681391, 38.84953332700179], [-87.07009835554145, 38.84967130810629], [-87.0701715528838, 38.84980359302352], [-87.0701960886708, 38.84984793602196], [-87.0702012651729, 38.85077407178312], [-87.06966059766187, 38.85076182431459]]], [[[-87.07029901376208, 38.84764161702388], [-87.07028998631462, 38.846024596646565], [-87.07055581901595, 38.8460377870565], [-87.07054909109846, 38.847641645582215], [-87.07054818045081, 38.84785839653472], [-87.07054228875955, 38.84926258067242], [-87.07054523511704, 38.849803634678835], [-87.07054628973239, 38.849997479610806], [-87.07054630800614, 38.850000812986174], [-87.0705505910262, 38.850781982554544], [-87.07031652316162, 38.85077668159985], [-87.07031129426761, 38.84984098638343], [-87.07031126496348, 38.84983580203437], [-87.07031108461172, 38.849803609144985], [-87.07030015516223, 38.84784591181935], [-87.07029901376208, 38.84764161702388]]], [[[-87.07091823751118, 38.850790308308525], [-87.07066584788839, 38.8507845929284], [-87.07066343340986, 38.8503441458601], [-87.07066156191935, 38.85000288177036], [-87.07090337088466, 38.84899292724319], [-87.07096807346879, 38.84872268624581], [-87.07098000768534, 38.84867284129716], [-87.070980393024, 38.84867096394883], [-87.07101898145369, 38.84845244187307], [-87.07106670386213, 38.848182198502734], [-87.07111442591012, 38.84791195419955], [-87.07111881593089, 38.84788709395358], [-87.07116214759945, 38.847641710765835], [-87.07120987008162, 38.84737146729972], [-87.07124666035011, 38.84716312298793], [-87.07125867427729, 38.84710122314181], [-87.07128585829996, 38.84696115649428], [-87.07131112303331, 38.84683098033081], [-87.07136357139315, 38.84656073658293], [-87.07136652007975, 38.846545540333985], [-87.07136717243951, 38.846538744292914], [-87.071367129226, 38.84653701409341], [-87.07135476706881, 38.846290486075446], [-87.07134407692106, 38.846077280096964], [-87.0728801300763, 38.8461558852687], [-87.07288496557955, 38.84615611114613], [-87.07301132421414, 38.84616143648736], [-87.07301132498726, 38.84626817521001], [-87.07302030759205, 38.84626817500206], [-87.07302030733283, 38.846394182312565], [-87.07302030623339, 38.84645736439693], [-87.07302030591399, 38.846659970244744], [-87.07296228799311, 38.84665997045242], [-87.07295742387659, 38.84665996988594], [-87.0729574236449, 38.84665297328523], [-87.07281369427676, 38.84665297375348], [-87.07281369405916, 38.846645977152754], [-87.07266824077229, 38.84664597671429], [-87.07266098089919, 38.8466459767247], [-87.07266098069745, 38.84663898102512], [-87.07264301424124, 38.84663898048467], [-87.07264301399383, 38.84675092159199], [-87.07263403132828, 38.84675092177096], [-87.07263403026786, 38.84683487737531], [-87.07262504759083, 38.84683487665243], [-87.07262504818738, 38.84685586555279], [-87.0726160632039, 38.84685586573185], [-87.07261606379782, 38.84687685463212], [-87.07260708111644, 38.84687685480905], [-87.07260708170773, 38.846897843709264], [-87.07259809787043, 38.846897842985044], [-87.07259809730763, 38.84691883278706], [-87.07258911462097, 38.84691883296261], [-87.07258911405371, 38.846939820962234], [-87.0725801313644, 38.84693982113708], [-87.07258013214259, 38.84696780663745], [-87.07257114714503, 38.84696780681305], [-87.07257114772489, 38.846988794811786], [-87.07256216502941, 38.846988794985265], [-87.07256216560755, 38.84700978388508], [-87.07255318175707, 38.84700978405859], [-87.07255318118023, 38.847030772959066], [-87.07254419847948, 38.847030773131166], [-87.07254419905237, 38.847051762030844], [-87.07254135616205, 38.84705176199407], [-87.0725352151966, 38.84705176220296], [-87.07253521576686, 38.84707275110256], [-87.07252623190756, 38.84707275037286], [-87.0725262313228, 38.847093739273106], [-87.07251724861413, 38.84709373944314], [-87.07251724917913, 38.84711472834258], [-87.0725082664678, 38.84711472851195], [-87.07250826472546, 38.84713571741277], [-87.07249928201058, 38.847135716680256], [-87.07249928257032, 38.84715670557957], [-87.07249029985373, 38.84715670574755], [-87.07249029925846, 38.8471776946475], [-87.07248131538687, 38.84717769481549], [-87.07248131594135, 38.84719868371467], [-87.07247233321945, 38.84719868388127], [-87.07247233280229, 38.847226668479976], [-87.0724633500769, 38.84722666864589], [-87.07246334947283, 38.84724765664444], [-87.07245436559242, 38.84724765681037], [-87.07245436613994, 38.84726864661046], [-87.07244538340834, 38.84726864587383], [-87.0724453839523, 38.84728963477267], [-87.07243639891425, 38.84728963493795], [-87.07243639945558, 38.84731062383671], [-87.07242741671871, 38.84731062309872], [-87.07242741725742, 38.84733161199742], [-87.07241843451881, 38.84733161215989], [-87.07241843275015, 38.84735260105996], [-87.0724094500089, 38.84735260122173], [-87.07240945054235, 38.84737359012029], [-87.07240046779756, 38.84737358938022], [-87.07240046717601, 38.84739457827942], [-87.07239148327712, 38.84739457844053], [-87.07239148380529, 38.847415567338935], [-87.07238250105614, 38.847415567498665], [-87.07238250042933, 38.8474365563977], [-87.0723735176775, 38.84743655655673], [-87.07237351704717, 38.847457544554544], [-87.07236453429272, 38.847457544712896], [-87.07236453383346, 38.847485529310404], [-87.0723555510755, 38.84748552946803], [-87.07235555159316, 38.84750651836615], [-87.07234656768019, 38.84750651852382], [-87.07234656704195, 38.847527506521395], [-87.0723375842787, 38.847527506677665], [-87.07233758479204, 38.84754849647679], [-87.07232860202524, 38.847548495731196], [-87.07232860138265, 38.84756948462978], [-87.07231961746174, 38.847569484785396], [-87.07231961796798, 38.84759047278204], [-87.07231063519681, 38.84759047293624], [-87.07231063570133, 38.84761146183397], [-87.07230309224565, 38.847611461997744], [-87.07230165292663, 38.84761146108634], [-87.07230165112375, 38.84763244998542], [-87.07229266834732, 38.847632450138235], [-87.07229266861613, 38.847641824896776], [-87.07229266884657, 38.84765343903583], [-87.0722836860675, 38.84765343918797], [-87.07228368425936, 38.847674428086904], [-87.07227470147673, 38.84767442733719], [-87.07227470197073, 38.84769541623463], [-87.07226571918636, 38.847695416385406], [-87.07226571951365, 38.847709408683265], [-87.07225673672751, 38.84770940883334], [-87.0722567349106, 38.847730396830926], [-87.07224775212183, 38.847730396980324], [-87.0722477524465, 38.84774439017925], [-87.07223876965598, 38.847744390327954], [-87.07223876997799, 38.84775838262573], [-87.07222978718569, 38.84775838277372], [-87.07222978536088, 38.84777937077113], [-87.07222080256594, 38.84777937091847], [-87.07222080288444, 38.84779336321613], [-87.07221182008685, 38.8477933624616], [-87.0722118204045, 38.84780735566039], [-87.07220283760604, 38.847807355806346], [-87.07220283577333, 38.8478283438036], [-87.07219385297223, 38.84782834394885], [-87.07219385328548, 38.847842336246394], [-87.07218487048263, 38.847842336390976], [-87.07218487095031, 38.84786332528783], [-87.0721758881439, 38.84786332453054], [-87.0721758861498, 38.8478773177306], [-87.07216690334253, 38.847877317873795], [-87.07216690365051, 38.84789131017124], [-87.07215792084149, 38.847891310313734], [-87.07215792130037, 38.84791229830926], [-87.07214893848872, 38.84791229845109], [-87.07214893648843, 38.84792629074987], [-87.072139953675, 38.847926290890996], [-87.07213995347881, 38.847935224982535], [-87.07213995397773, 38.847940283188315], [-87.07213097116255, 38.84794028332876], [-87.07213097161444, 38.84796127222528], [-87.07212198879571, 38.84796127146386], [-87.07212198794254, 38.847975263761825], [-87.07211300397059, 38.8479752639016], [-87.0721130044172, 38.847996252798], [-87.07210402159407, 38.8479962520352], [-87.07210402189068, 38.848010245233525], [-87.0720950390667, 38.84801024537121], [-87.07209503820826, 38.84802423766907], [-87.07208605538253, 38.84802423780605], [-87.07208605466796, 38.848045225801826], [-87.07207707183959, 38.84804522593814], [-87.07207707213001, 38.84805921823519], [-87.07206808814749, 38.84805921837151], [-87.07206808843618, 38.848073210668545], [-87.07205910560427, 38.84807321080347], [-87.0720591060342, 38.84809419879838], [-87.07205012204727, 38.84809419893331], [-87.07205012233243, 38.84810819123025], [-87.07204113834375, 38.84810819136453], [-87.07204113876932, 38.848129180260464], [-87.07203215592946, 38.84812917949214], [-87.07203215621203, 38.84814317269019], [-87.07202317337133, 38.848143172822354], [-87.07202317365123, 38.84815716511919], [-87.07201418850401, 38.848157165252104], [-87.07201418892078, 38.848178153246714], [-87.07200520607567, 38.84817815337749], [-87.07200520635116, 38.84819214477308], [-87.07199622350429, 38.84819214490318], [-87.07199622377983, 38.84820613810108], [-87.07198723977884, 38.84820613823119], [-87.0719872401877, 38.84822712622563], [-87.07197825618405, 38.84822712635506], [-87.07197825645517, 38.848241118651714], [-87.07196927360215, 38.84824111877974], [-87.07196927400668, 38.84826210767522], [-87.0719602899977, 38.84826210690213], [-87.07196029026532, 38.84827609919869], [-87.0719513074079, 38.84827609932533], [-87.07195130767377, 38.84829009162186], [-87.07194232481457, 38.84829009174785], [-87.07194232405791, 38.84831107974271], [-87.07193334004369, 38.848311079868694], [-87.07193334030694, 38.848325073066285], [-87.07192435744246, 38.84832507228973], [-87.07192435770396, 38.8483390654873], [-87.07191537483772, 38.848339064710046], [-87.07191537522642, 38.84836005360519], [-87.07190639120515, 38.84836005282796], [-87.07190639146224, 38.848374045124295], [-87.07189740744009, 38.848374045247525], [-87.07189740782356, 38.84839503414255], [-87.07188842495026, 38.84839503336322], [-87.07188842520476, 38.848409026560645], [-87.0718794411782, 38.84840902668249], [-87.07187944142913, 38.84842301807755], [-87.07187045855322, 38.84842301819801], [-87.07187045892788, 38.848444006191706], [-87.07186147604932, 38.848444006311475], [-87.07186147514615, 38.848457999509485], [-87.07185249111254, 38.84845799872812], [-87.07185249136, 38.84847199192539], [-87.07184350847794, 38.84847199204377], [-87.07184350884471, 38.84849298003729], [-87.07183452595999, 38.84849298015501], [-87.07183452504975, 38.848506971550584], [-87.07182554216327, 38.8485069716676], [-87.07182554252567, 38.84852796056215], [-87.07181655963656, 38.84852796067849], [-87.0718165598761, 38.84854195297444], [-87.07180757698522, 38.84854195309007], [-87.07180757491825, 38.848555945387396], [-87.0717985920256, 38.848555945502355], [-87.07179859214317, 38.848562941199724], [-87.07178960924965, 38.84856294131397], [-87.07178960948391, 38.848576933609834], [-87.07178062658774, 38.848576932822255], [-87.07178062682026, 38.84859092511809], [-87.07177164392321, 38.84859092523097], [-87.0717716430025, 38.848604918428634], [-87.07176266010369, 38.848604918540836], [-87.0717626603318, 38.848618909935446], [-87.07175367743125, 38.84861891004695], [-87.07175367754532, 38.848625906645395], [-87.07174469464387, 38.84862590675622], [-87.07174469371607, 38.848639898151504], [-87.07173570966047, 38.84863989826231], [-87.07173570988421, 38.848653890558005], [-87.07172672697925, 38.84865389066746], [-87.07172672720124, 38.84866788296312], [-87.07171774429361, 38.848667882170695], [-87.07171774440418, 38.848674878769096], [-87.07170876149657, 38.848674878877155], [-87.07170876056266, 38.84868887117347], [-87.07169977765328, 38.84868887128083], [-87.07169977787001, 38.84870286357641], [-87.07169079495887, 38.84870286368311], [-87.07169079517384, 38.848716855978644], [-87.07168181226095, 38.84871685608462], [-87.07168181236709, 38.84872385178181], [-87.07167282830093, 38.848723851887826], [-87.07167282851239, 38.848737844183326], [-87.07166384559686, 38.84873784428793], [-87.07166384465415, 38.848751836584114], [-87.07165486173596, 38.84875183578688], [-87.07165486194481, 38.848765828983474], [-87.07164587787337, 38.8487658290874], [-87.07164587807866, 38.848779820481646], [-87.07163689515782, 38.8487798205842], [-87.0716368952605, 38.84878681718247], [-87.07163113789233, 38.84878681620748], [-87.0716279123388, 38.848786817284314], [-87.07162791254058, 38.84880080867852], [-87.07161892961712, 38.848800808779686], [-87.07161892866563, 38.84881480107572], [-87.07160994574042, 38.84881480117619], [-87.07160994593958, 38.84882879347148], [-87.0716009630117, 38.848828792670126], [-87.07160096311176, 38.84883579016949], [-87.071591980183, 38.84883578936742], [-87.07159198037866, 38.84884978166268], [-87.07158299629663, 38.848849781761785], [-87.07158299649053, 38.848863774057], [-87.07157401355914, 38.84886377415471], [-87.07157401375038, 38.848877765548735], [-87.07156503081724, 38.84887776564577], [-87.0715650309129, 38.848884762243934], [-87.07155604682646, 38.84888476234097], [-87.07155604586178, 38.848898753735654], [-87.071547062926, 38.84889875383131], [-87.07154706311377, 38.84891274702756], [-87.07153808017534, 38.848912746221366], [-87.07153808036044, 38.84892673851644], [-87.07152909742115, 38.84892673861071], [-87.0715290976045, 38.84894073090575], [-87.07152011351103, 38.84894073100004], [-87.07152011360138, 38.84894772669697], [-87.07151113065943, 38.848947726789845], [-87.07151113083928, 38.84896171908486], [-87.07150214789557, 38.848961719177055], [-87.07150214807277, 38.84897571057085], [-87.0714931651273, 38.84897571066235], [-87.07149316415213, 38.848989703859175], [-87.071484181204, 38.84898970304882], [-87.07148418103414, 38.8489929877733], [-87.07148418129175, 38.84899669964685], [-87.07147519834363, 38.84899669973698], [-87.07147519851645, 38.84901069203188], [-87.07146621556659, 38.84901069212131], [-87.07146621573676, 38.849024683515005], [-87.07145723163272, 38.84902468360446], [-87.07145723180203, 38.84903867589927], [-87.07144824884864, 38.84903867598735], [-87.0714482490153, 38.84905266738099], [-87.07143926606015, 38.84905266746836], [-87.07143926614349, 38.84905966406631], [-87.07143028318747, 38.849059664152996], [-87.0714302821991, 38.849073656448454], [-87.07142129924131, 38.849073656534436], [-87.0714212994036, 38.84908764882915], [-87.07141231644404, 38.84908764891447], [-87.07141231660367, 38.84910164030798], [-87.07140333364235, 38.84910164039259], [-87.0714033337222, 38.8491086369905], [-87.0713943496076, 38.84910863707515], [-87.07139434976372, 38.84912262846861], [-87.07138536679976, 38.84912262855183], [-87.07138536695501, 38.84913662084644], [-87.07137638398929, 38.84913662092899], [-87.07137638414281, 38.84915061322357], [-87.07136740002294, 38.849150613306115], [-87.07136740009925, 38.84915760990397], [-87.0713584171309, 38.84915760998515], [-87.07135841727998, 38.84917160137851], [-87.07134943430987, 38.84917160145898], [-87.0713494344581, 38.849185593753475], [-87.07134045148622, 38.84918559383326], [-87.0713404505522, 38.84920658092391], [-87.07133146757768, 38.84920658100301], [-87.07133146779522, 38.849227569895184], [-87.07132248481805, 38.849227569973614], [-87.07132248496103, 38.84924156226797], [-87.07131350198212, 38.849241562345675], [-87.0713135010402, 38.84926254943612], [-87.07130451805862, 38.84926254951317], [-87.07130451757463, 38.84926321907453], [-87.07130451826829, 38.84928353840516], [-87.07129553528408, 38.8492835384815], [-87.07129553542178, 38.84929753077573], [-87.07128655128342, 38.8492975308521], [-87.07128655148603, 38.84931851794165], [-87.07128545439814, 38.84931851861119], [-87.07127756849832, 38.84931851891776], [-87.07127756863161, 38.84933251031075], [-87.07126858564125, 38.84933251038505], [-87.07126858468797, 38.84935349927749], [-87.07125960169496, 38.84935349935108], [-87.07125960188965, 38.849374486440425], [-87.07125061889491, 38.849374487414494], [-87.07125061902295, 38.84938847880736], [-87.07124163602555, 38.84938847887957], [-87.07124163506437, 38.84940946777182], [-87.07123265206432, 38.84940946784335], [-87.07123265218885, 38.84942345923614], [-87.07122366918705, 38.84942345930696], [-87.07122366937212, 38.84944444729723], [-87.07121468636767, 38.8494444473674], [-87.07121468533629, 38.8494584387608], [-87.07120570233008, 38.849458438830254], [-87.07120570251078, 38.84947942772157], [-87.07119671950193, 38.84947942779033], [-87.07119671962035, 38.849493420084116], [-87.07118773660973, 38.84949342015219], [-87.07118773563097, 38.84951440724177], [-87.07117875261771, 38.849514407309165], [-87.07117875273262, 38.84952839960287], [-87.07116976971761, 38.84952839966955], [-87.07116977014353, 38.84953345336824], [-87.07116976988688, 38.849549387659465], [-87.07116078571681, 38.8495493877262], [-87.07116078588346, 38.84957037571603], [-87.07115180286317, 38.84957037578134], [-87.07115180297282, 38.849584368074915], [-87.07114281995075, 38.84958436813957], [-87.07114282011214, 38.849605356129274], [-87.07113383593504, 38.84960535619392], [-87.07113383719359, 38.849619348486705], [-87.07112485416712, 38.849619348549965], [-87.07112485432235, 38.84964033563841], [-87.07111587129324, 38.84964033570097], [-87.07111587139588, 38.84965432799439], [-87.07110688721261, 38.84965432805697], [-87.07110688736347, 38.84967531604644], [-87.07109790433087, 38.84967531700879], [-87.0710979044291, 38.84968930840097], [-87.07108892139382, 38.84968930846147], [-87.07108892038701, 38.849710296451526], [-87.07107993734911, 38.84971029651134], [-87.07107993744471, 38.84972428880458], [-87.07107095440416, 38.849724287962566], [-87.07107095454539, 38.84974527685295], [-87.07106197150308, 38.84974527691138], [-87.07106197044187, 38.84975926830409], [-87.0710529873978, 38.849759268361844], [-87.07105298753288, 38.849780256350954], [-87.07104400563858, 38.84978025640731], [-87.07104400577103, 38.84980124439634], [-87.07103502156926, 38.849801244453424], [-87.0710350216561, 38.84981523674646], [-87.071026038605, 38.84981523680213], [-87.07102603873129, 38.8498362238899], [-87.07101705567753, 38.8498362239449], [-87.07101705576176, 38.84985021713901], [-87.07100807155295, 38.84985021629285], [-87.07100807167487, 38.84987120428165], [-87.0709990886167, 38.84987120433528], [-87.07099908869654, 38.84988519662815], [-87.07099010563661, 38.849885196681065], [-87.07099010613678, 38.84989381626481], [-87.07099010575237, 38.84990618376858], [-87.0709811215374, 38.84990618382154], [-87.07098112276702, 38.84992017701479], [-87.07097213970272, 38.84992017706633], [-87.0709721398132, 38.84994116415372], [-87.07096315674626, 38.8499411642046], [-87.07096315681905, 38.84995515649731], [-87.07095417259791, 38.84995515654817], [-87.0709541728687, 38.84997283007445], [-87.07095417270403, 38.84997614453659], [-87.0709451896318, 38.84997614368493], [-87.07094518839655, 38.850193019261994], [-87.07093620529791, 38.8501930193108], [-87.07093620560609, 38.8503441751744], [-87.07093620559218, 38.8504938459247], [-87.07092722245571, 38.85049384597285], [-87.07092722138714, 38.85072370722722], [-87.07092722085049, 38.850775388677874], [-87.0709272215273, 38.85078767507485], [-87.07091823835388, 38.850787675122355], [-87.07091823751118, 38.850790308308525]]]]}}, {"type": "Feature", "properties": {"SPR_ID": 189, "Unit_Site": "Interchange parcel 189", "Site_typ": "Interchange", "layer": "Vincennes", "Shape_Area": 41338.5274119, "Site_Score": 24.57, "Final_Rank": 20, "SITE_EVAL": "Poor", "RATIONALE": "Strong transmission access and low flood risk; limited by land cover suitability.", "dataset": "row_parcels", "layer_title": "Right-of-Way Parcels", "layer_type": "row", "center_latitude": 38.610736, "center_longitude": -87.165097, "source_geometry_valid": true, "sol_s": 0.262729660771271, "slp_s": 0.619961587288603, "trn_s": 1.0, "fld_s": 1.0, "lc_s": 0.2, "row_source": "Manual"}, "geometry": {"type": "MultiPolygon", "coordinates": [[[[-87.16447835931878, 38.612222608086626], [-87.16447835931223, 38.612136079860555], [-87.16448734250406, 38.612136079850394], [-87.16448734252691, 38.61175429042801], [-87.16448734419134, 38.61114634698965], [-87.16449632726179, 38.61114634788027], [-87.16449632815976, 38.61099231652265], [-87.16449632862721, 38.61087129503617], [-87.16449632830526, 38.61060103473715], [-87.16449632865543, 38.61060068507294], [-87.1650732035651, 38.60998361925869], [-87.16517849909398, 38.609847742567204], [-87.16518803216194, 38.60984774262851], [-87.16518803214487, 38.609840722317706], [-87.16522396606567, 38.60984072295552], [-87.16522396604717, 38.609833703545895], [-87.16525989766524, 38.60983370327474], [-87.16525989879179, 38.60982668386349], [-87.1652868475027, 38.609826683652884], [-87.16528684747807, 38.60981966424326], [-87.16532278023763, 38.60981966395119], [-87.16532278020951, 38.609812644541556], [-87.16535871181904, 38.60981264514127], [-87.16535871178534, 38.60980562483044], [-87.16539464568845, 38.60980562541588], [-87.16539464565334, 38.60979860600625], [-87.16543057725372, 38.60979860568273], [-87.16543057721509, 38.609791586273104], [-87.1654665099605, 38.609791585936925], [-87.1654665099452, 38.60978957897515], [-87.16546650991837, 38.609784566527274], [-87.16549345861335, 38.609784566269134], [-87.16549345971717, 38.60977754685788], [-87.16552939245756, 38.6097775474036], [-87.16552939240934, 38.60977052799398], [-87.1655653251441, 38.60977052762747], [-87.16556532509237, 38.609763508217846], [-87.16560125667506, 38.60976350784195], [-87.16560125661982, 38.6097564884323], [-87.16562820760129, 38.609756488139894], [-87.165628207876, 38.60965119428925], [-87.16563719075765, 38.60965119419151], [-87.16563719050541, 38.60951919972615], [-87.16563719142285, 38.60925582810329], [-87.1656793537219, 38.609201419129924], [-87.16571989995266, 38.609149010379575], [-87.16571342501611, 38.609715016150716], [-87.16570057423088, 38.61052768349846], [-87.16569010473357, 38.61116479547399], [-87.16568424803745, 38.61134554923944], [-87.165684130551, 38.61135089889927], [-87.16567529400206, 38.612106322743486], [-87.16567030314721, 38.612408895166816], [-87.16447835850109, 38.61240334902452], [-87.16447835931878, 38.612222608086626]]], [[[-87.16418446427676, 38.61453703825192], [-87.16407436644472, 38.61436819166693], [-87.16408309491898, 38.614368192044736], [-87.1640830950121, 38.61436117354149], [-87.16409207848154, 38.614361173561086], [-87.16409207866195, 38.61434713475221], [-87.16410106212963, 38.614347134771094], [-87.16410106222102, 38.61434011626783], [-87.16411004453919, 38.614340116287636], [-87.16411004462763, 38.6143330968832], [-87.16411902809357, 38.61433309690071], [-87.1641190281832, 38.61432607839745], [-87.16412801049756, 38.61432607751469], [-87.16412801067305, 38.61431203960693], [-87.16413699528496, 38.614312039621474], [-87.16413699422219, 38.614305020218595], [-87.16414597768663, 38.614305021135245], [-87.16414597776956, 38.61429800082955], [-87.16415496008452, 38.61429800174713], [-87.16415496025272, 38.61428396293812], [-87.16416394371251, 38.6142839629522], [-87.16416394379571, 38.6142769435477], [-87.16417292725463, 38.61427694356109], [-87.16417292733904, 38.61426992505777], [-87.16418191079705, 38.61426992507047], [-87.16418191096209, 38.61425588716259], [-87.16419089326767, 38.61425588627505], [-87.16419089335034, 38.614248867771686], [-87.16419987680572, 38.614248867783026], [-87.16419987573684, 38.61424184838009], [-87.16420885919135, 38.61424184839075], [-87.16420886049977, 38.614227810481204], [-87.1642178428039, 38.61422781049277], [-87.1642178428819, 38.614220791088215], [-87.16422682633377, 38.61422079109747], [-87.16422682641296, 38.614213772594105], [-87.16423580871533, 38.61421377260427], [-87.16423580886783, 38.61419973379511], [-87.16424479231502, 38.61419973290183], [-87.16424479239247, 38.614192714398406], [-87.16425377584085, 38.61419271440563], [-87.16425377591534, 38.61418569500103], [-87.16426275936283, 38.61418569500756], [-87.16426275943853, 38.61417867650413], [-87.16427174173651, 38.61417867651159], [-87.16427174188205, 38.61416463770235], [-87.16428072417828, 38.6141646377091], [-87.16428072425222, 38.61415761920567], [-87.16428970769621, 38.614157619210125], [-87.16428970891586, 38.614150599803885], [-87.16429869121033, 38.61415059980926], [-87.16429869135268, 38.61413656190116], [-87.16430767479403, 38.614136561904246], [-87.16430767486332, 38.614129542499576], [-87.16431665715515, 38.614129542503605], [-87.16431665722563, 38.61412252400012], [-87.16432564066521, 38.61412252400185], [-87.16432564080029, 38.61410848519249], [-87.16433067639392, 38.614108484429316], [-87.16433462423606, 38.61410848429234], [-87.16433462430479, 38.61410146578884], [-87.16434360774174, 38.614101465789176], [-87.16434360780754, 38.614094446384485], [-87.16435259009499, 38.61409444638574], [-87.16435259022687, 38.61408040847752], [-87.16436157366122, 38.614080408476504], [-87.16436157257662, 38.61407338907338], [-87.1643705560101, 38.61407338907167], [-87.16437055728711, 38.6140593511618], [-87.16437953957018, 38.614059351160996], [-87.16437953963455, 38.61405233265746], [-87.16438852306331, 38.61405233175317], [-87.16438852318824, 38.61403829384488], [-87.16439750546868, 38.6140382938427], [-87.16439750552922, 38.61403127443794], [-87.16440648895949, 38.614031275334675], [-87.1644064902254, 38.614017235622335], [-87.16441547250324, 38.61401723561878], [-87.1644154725641, 38.61401021711521], [-87.16442445598967, 38.61401021710936], [-87.16442445610761, 38.61399617920098], [-87.16443343838279, 38.613996179196064], [-87.16443343849693, 38.61398214038645], [-87.16444242191899, 38.61398214037925], [-87.16444242197724, 38.61397512187561], [-87.16445140539842, 38.61397512186771], [-87.16445140551113, 38.613961083959246], [-87.1644603889285, 38.61396108304947], [-87.1644603878364, 38.61395406454745], [-87.16446937125495, 38.61395406453816], [-87.1644693713621, 38.61394002572847], [-87.16447835363029, 38.61394002572013], [-87.164478353683, 38.61393300631526], [-87.16448733824753, 38.61393300630301], [-87.16448733835327, 38.61391896839446], [-87.16449632061881, 38.61391896838474], [-87.1644963207228, 38.613904930476174], [-87.16450530413314, 38.61390492956296], [-87.16450530418531, 38.613897911059254], [-87.16451428644822, 38.61389791104816], [-87.16451428654874, 38.61388387313954], [-87.16452327110713, 38.613883873124536], [-87.1645232711555, 38.61387685371961], [-87.16453225341577, 38.61387685370714], [-87.16453225351073, 38.613862814897296], [-87.1645412369179, 38.61386281488253], [-87.1645412369645, 38.6138557954776], [-87.16455021922215, 38.61385579546375], [-87.16455022011696, 38.61384411958502], [-87.16455021931569, 38.61384175755505], [-87.16455920386882, 38.61384175753731], [-87.1645592039137, 38.613834738132326], [-87.16456818616871, 38.61383473811711], [-87.16456818625876, 38.613820700208386], [-87.16457716966063, 38.61382070019087], [-87.16457716974894, 38.61380666228211], [-87.16458615200047, 38.6138066622655], [-87.16458615204272, 38.6137996428605], [-87.1645951365906, 38.61379964284001], [-87.16459513667336, 38.61378560402999], [-87.16460411892223, 38.61378560401203], [-87.16460411896276, 38.61377858460702], [-87.16461310235938, 38.613778584586754], [-87.16461310244071, 38.61376454667791], [-87.16462208468695, 38.613764546658565], [-87.16462208472574, 38.61375752725354], [-87.1646310681197, 38.61375752723189], [-87.16463106934619, 38.61374348932136], [-87.1646400515898, 38.61374348930065], [-87.16464005162683, 38.61373646989561], [-87.1646490350182, 38.613736469872585], [-87.16464903509255, 38.61372243196366], [-87.16465801733354, 38.61372243194157], [-87.16465801740411, 38.61370839313141], [-87.16466700079403, 38.61370839400821], [-87.16466700197499, 38.61370137370031], [-87.16467468282261, 38.61370137370588], [-87.16467598421335, 38.61370137367685], [-87.16467598428248, 38.61368733576784], [-87.16468496766771, 38.613687335742085], [-87.16468496770037, 38.613680316336975], [-87.16469394993611, 38.61368031631215], [-87.16469395000175, 38.61366627840307], [-87.16470293338435, 38.61366627837597], [-87.16470293341527, 38.613659258970806], [-87.16471191679697, 38.613659258943], [-87.16471191685915, 38.6136452210339], [-87.1647209002391, 38.61364522100539], [-87.16472090029747, 38.61363118219508], [-87.16472988252913, 38.61363118306869], [-87.16472988255536, 38.613624162762335], [-87.16473886593475, 38.613624163633645], [-87.16473886713825, 38.613610124821655], [-87.16474785051383, 38.61361012479108], [-87.1647478505404, 38.613603105385906], [-87.16475683276646, 38.61360310535626], [-87.16475683281992, 38.61358906744705], [-87.16476581619287, 38.613589067415106], [-87.1647658162177, 38.61358204800991], [-87.16477479844114, 38.6135820479789], [-87.16477479887854, 38.613573702915744], [-87.1647747984911, 38.61356801006961], [-87.16478378301004, 38.61356801003471], [-87.16478378303312, 38.61356099062946], [-87.16479276525394, 38.613560990597094], [-87.16479276529836, 38.61354695178659], [-87.1648017486681, 38.6135469526531], [-87.16480174871077, 38.61353291384258], [-87.1648107309281, 38.61353291380883], [-87.16481073094855, 38.61352589440354], [-87.16481971546222, 38.613525894365885], [-87.16481971550347, 38.6135118564565], [-87.16482869886677, 38.613511856419755], [-87.16482869773687, 38.61350483701607], [-87.1648376810993, 38.61350483697865], [-87.16483768113706, 38.61349079906924], [-87.16484666449772, 38.61349079903111], [-87.1648466645147, 38.61348377962581], [-87.16485564672587, 38.61348377958862], [-87.16485564790877, 38.613469741677534], [-87.16486463126681, 38.613469741638035], [-87.16486463127998, 38.61346272133151], [-87.16487361349058, 38.61346272219416], [-87.1648736135193, 38.61344868338345], [-87.16488259687472, 38.61344868334259], [-87.16488259690377, 38.61343464543305], [-87.16489158140604, 38.613434645389894], [-87.16489158027004, 38.61342762598614], [-87.16490056362282, 38.61342762594391], [-87.16490056364839, 38.61341358803431], [-87.1649095469994, 38.613413587991396], [-87.16490954701028, 38.613406568586], [-87.16491852921182, 38.61340656854401], [-87.16491852923389, 38.61339253063438], [-87.16492751258228, 38.6133925305901], [-87.16492751374003, 38.61338551118306], [-87.16493649593893, 38.613385511139704], [-87.16493649595544, 38.61337147232884], [-87.16494547930121, 38.61337147228316], [-87.164945479316, 38.61335743347229], [-87.16495446265999, 38.61335743342593], [-87.16495446266858, 38.613350414921676], [-87.16496344486309, 38.613350414876244], [-87.16496344602301, 38.61333637606371], [-87.16497242936438, 38.61333637601597], [-87.16497242937123, 38.61332935751169], [-87.16498141156312, 38.61332935746489], [-87.16498141157298, 38.61331531955512], [-87.16499039490968, 38.613315318604826], [-87.16499039491477, 38.61330830010053], [-87.16499937825263, 38.61330830005073], [-87.1649993782574, 38.613303287605824], [-87.16499937825697, 38.61329426123971], [-87.165008361591, 38.61329426028804], [-87.16500836159436, 38.61328724178372], [-87.1650173449296, 38.61328724173256], [-87.16501734493251, 38.6132732038227], [-87.16501865895023, 38.61327320377206], [-87.1650263271153, 38.61327320287128], [-87.16502632711646, 38.61325916496137], [-87.1650353104482, 38.613259164908854], [-87.16503531044893, 38.613252146404484], [-87.1650442949284, 38.613252146349645], [-87.16504429492402, 38.61323810753851], [-87.16505327710449, 38.613238107486225], [-87.1650532771035, 38.613231088981834], [-87.16506226043171, 38.61323108892724], [-87.16506226042178, 38.61321704921489], [-87.16507124374823, 38.613217049159616], [-87.16507124259208, 38.613203011251215], [-87.1650802270654, 38.61320301119362], [-87.16508022705972, 38.61319599178802], [-87.16508921038356, 38.61319599173135], [-87.16508921037251, 38.61318195382131], [-87.16509819254598, 38.61318195376559], [-87.16509819253857, 38.61317493435997], [-87.16510717585976, 38.61317493430193], [-87.16510717584525, 38.61316089639183], [-87.1651161603133, 38.613160896331486], [-87.16511616029497, 38.613146857520185], [-87.16512514246406, 38.613146857462404], [-87.16512514245403, 38.61313983805674], [-87.16513412577292, 38.61313983889784], [-87.16513412574902, 38.61312579918528], [-87.16514310906409, 38.613125799124525], [-87.16514310905438, 38.613118780620006], [-87.16515209121995, 38.61311878056018], [-87.16515209234328, 38.61310474174715], [-87.1651610756557, 38.61310474168501], [-87.1651610756307, 38.61309070377476], [-87.1651700589414, 38.61309070371193], [-87.165170058927, 38.613083684306204], [-87.16517904108821, 38.613083684244316], [-87.16517904105973, 38.61306964633402], [-87.1651880255164, 38.61306964626819], [-87.16518802552754, 38.61306564406237], [-87.16557900172744, 38.61306746253152], [-87.16536314232593, 38.6132949373298], [-87.16535545484994, 38.61330303911903], [-87.16509882686917, 38.61357347780292], [-87.16501909250918, 38.61365750140733], [-87.16484219696514, 38.613843916816926], [-87.16458556857957, 38.61411435435384], [-87.16433098595857, 38.61438263458906], [-87.16432893712411, 38.614384793123634], [-87.16418446427676, 38.61453703825192]]], [[[-87.16649240604912, 38.61364454964625], [-87.16650032897456, 38.61306600113154], [-87.16662085613434, 38.61306586292001], [-87.1665979405182, 38.613118669509625], [-87.1665669690723, 38.61326462152727], [-87.1665599150787, 38.613337498565215], [-87.16656217181934, 38.613456590931904], [-87.16656279850143, 38.61348967199451], [-87.16657261153492, 38.613562351991234], [-87.16659941493303, 38.61364145224083], [-87.16666913440378, 38.6137597573156], [-87.16676452868118, 38.613897616828304], [-87.16686042455407, 38.61406194092522], [-87.16696462943608, 38.61421954909703], [-87.16709475970592, 38.61440994436151], [-87.16720752430489, 38.614574071039954], [-87.16726063077947, 38.614705804746976], [-87.16727925353686, 38.61479823527002], [-87.16726502220686, 38.614937374800476], [-87.16721705945262, 38.61507690588844], [-87.16711761944795, 38.61517071448769], [-87.1669678326426, 38.61527834617591], [-87.16677575626909, 38.61537985305447], [-87.16654038565154, 38.61542230559635], [-87.16649266890545, 38.61541607234766], [-87.1664910176527, 38.61442737518582], [-87.16649240604912, 38.61364454964625]]]]}}, {"type": "Feature", "properties": {"SPR_ID": 190, "Unit_Site": "US 24/SR 101 parcel", "Site_typ": "Interchange", "layer": "Fort Wayne", "Shape_Area": 37373.2547806, "Site_Score": 0.0, "Final_Rank": 32, "SITE_EVAL": "Poor", "RATIONALE": "Strong low flood risk and solar resource; limited by slope.", "dataset": "row_parcels", "layer_title": "Right-of-Way Parcels", "layer_type": "row", "center_latitude": 41.14461, "center_longitude": -84.850132, "source_geometry_valid": true, "sol_s": 0.523665329227331, "slp_s": 0.0, "trn_s": 0.194219471805654, "fld_s": 1.0, "lc_s": 0.2558139534885, "row_source": "US_ROAD"}, "geometry": {"type": "MultiPolygon", "coordinates": [[[[-84.84998543708085, 41.14338673648526], [-84.85007917005214, 41.14338581335742], [-84.84996599481906, 41.14342481686966], [-84.84975458478145, 41.14349807026863], [-84.84954317991645, 41.14357133327992], [-84.84933153144962, 41.14364470754124], [-84.84911970367183, 41.14371801230779], [-84.84890841827927, 41.14379114937257], [-84.84884891159726, 41.1438117007531], [-84.84884318637077, 41.143401181193944], [-84.84885907820454, 41.14340097909547], [-84.84892637702532, 41.1433998891115], [-84.8489960815761, 41.14339905209514], [-84.84906953099728, 41.1433982165383], [-84.84914754292257, 41.1433977390781], [-84.84923073857622, 41.14339698639717], [-84.84931643655429, 41.14339622905462], [-84.84940308657046, 41.14339558040222], [-84.8494059352514, 41.143395550742945], [-84.849493805582, 41.14339445824428], [-84.84949675958151, 41.143394414336896], [-84.84958701948804, 41.1433928295704], [-84.84968169035503, 41.14339117218562], [-84.84977936294078, 41.1433893960393], [-84.84988034578464, 41.14338790410062], [-84.84998543708085, 41.14338673648526]]], [[[-84.84797087907161, 41.143448784954906], [-84.84797244981037, 41.14344866569414], [-84.84798182338827, 41.14412128312152], [-84.84767849777423, 41.14422878927981], [-84.84747610087312, 41.14429793934424], [-84.84727333519558, 41.14436239663624], [-84.84726646794329, 41.14436463262079], [-84.84706210004202, 41.144432743505114], [-84.84705630671843, 41.14443471313007], [-84.84686076968008, 41.144502469961715], [-84.84667189541649, 41.144567747095365], [-84.84648749716291, 41.14463099185239], [-84.84630701970539, 41.14469289552616], [-84.84613052626963, 41.14475382050461], [-84.84595893629822, 41.14481334355741], [-84.84579129234602, 41.14487144859514], [-84.8456291830432, 41.14492765375347], [-84.84547027931688, 41.14498202085821], [-84.84531555257392, 41.14503534181482], [-84.84516412695643, 41.14508721924668], [-84.8451327845806, 41.14509802672099], [-84.8451331875491, 41.14509765596241], [-84.84522269268484, 41.145014444965355], [-84.8453106989667, 41.144932424514565], [-84.84539802411311, 41.14485136672224], [-84.84548559852301, 41.14476996765116], [-84.84557242622172, 41.144688622993684], [-84.845657463086, 41.14460858052123], [-84.84573686091635, 41.14453423038008], [-84.84574160165701, 41.14452983802189], [-84.84582535264123, 41.1444519366808], [-84.84590867337435, 41.14437476040926], [-84.8459926755173, 41.14429740046686], [-84.84607542017889, 41.144220520437386], [-84.84615468894627, 41.14414753576931], [-84.84623072465713, 41.1440808568215], [-84.84630647149663, 41.14401950374927], [-84.84638431726168, 41.14396194856661], [-84.84646459466012, 41.14390756428959], [-84.8465462392702, 41.143856909264834], [-84.84662867298879, 41.143810099678795], [-84.8467121278404, 41.14376692730035], [-84.84679711991024, 41.14372658663141], [-84.84688311512419, 41.14368894068095], [-84.84696874006366, 41.1436541231921], [-84.84705209998064, 41.14362308862334], [-84.8471351104842, 41.14359562960352], [-84.847219406875, 41.143570710261685], [-84.84730352510239, 41.14354850318209], [-84.84738724506617, 41.14352885293034], [-84.84746848097252, 41.14351181599041], [-84.84754752189542, 41.14349747973662], [-84.84762406535623, 41.14348525665743], [-84.84769748473558, 41.14347536202505], [-84.84776997229704, 41.14346707121523], [-84.84784060570561, 41.14345998688848], [-84.8479079187211, 41.143453911408216], [-84.84796100488587, 41.14344959029109], [-84.84797087907161, 41.143448784954906]]], [[[-84.85165443893598, 41.143814986314396], [-84.85183051678881, 41.14375451432519], [-84.85175879387036, 41.14382040828813], [-84.85167107633507, 41.143901541116726], [-84.8515845486387, 41.14398228084731], [-84.85149952158254, 41.14406234145029], [-84.85141631418378, 41.1441408569897], [-84.85133218702181, 41.14421929045175], [-84.8512480202928, 41.14429856437971], [-84.85116544971923, 41.144376205311914], [-84.8510823093611, 41.144453409510625], [-84.85099936493623, 41.14453040923887], [-84.85091797384774, 41.14460570131902], [-84.85083926296579, 41.14467805569458], [-84.85076352166378, 41.14474649329115], [-84.85069189161933, 41.14480925831538], [-84.85062263582341, 41.14486586979419], [-84.85054966236056, 41.14492083828056], [-84.85047533405312, 41.14497394486887], [-84.85040094994048, 41.145022628756514], [-84.85032300503646, 41.14506924472743], [-84.85024260061145, 41.14511374758345], [-84.85016166288086, 41.1451548402261], [-84.85008180318933, 41.14519174570066], [-84.84999879090674, 41.14522619815187], [-84.8499128889351, 41.14525977873329], [-84.84983207088641, 41.14528946762336], [-84.84975482754174, 41.14531448545256], [-84.84967640096446, 41.1453371689971], [-84.84959925787928, 41.1453575481105], [-84.84952744817065, 41.14537504541572], [-84.84946293086313, 41.14538929309106], [-84.84940734337974, 41.14540024787372], [-84.84930586616058, 41.145417279183995], [-84.84922784325916, 41.14542833452703], [-84.84916764527559, 41.14543532639584], [-84.84911236263704, 41.14544078066029], [-84.84902393931294, 41.14544911867892], [-84.84896483680991, 41.14545445557658], [-84.84892645337052, 41.14545759266492], [-84.84889225641366, 41.14476479589205], [-84.84890343610269, 41.144760729058845], [-84.84909848652391, 41.14469090602903], [-84.84933153061989, 41.14461584400877], [-84.84933824092614, 41.144613632891385], [-84.84951883748481, 41.14455273186457], [-84.84972772193035, 41.144481619603425], [-84.84993724227643, 41.14440984870175], [-84.85014822789788, 41.14433770845882], [-84.85036142893715, 41.14426455805132], [-84.85057576204463, 41.14419022232041], [-84.85078935501885, 41.144116023691524], [-84.85100456200993, 41.14404171607578], [-84.8512216007323, 41.143966616281396], [-84.85143943484175, 41.14389060588108], [-84.85165443893598, 41.143814986314396]]], [[[-84.84803459748056, 41.14507047806603], [-84.8480353519684, 41.14507021564771], [-84.84805658134648, 41.14550039835404], [-84.84803423504474, 41.14550061661541], [-84.84793498355144, 41.145501533993105], [-84.84789318947256, 41.14550187692312], [-84.84781579662116, 41.14550251280638], [-84.84768191205691, 41.1455039976775], [-84.84753962564596, 41.14550596303499], [-84.8473937665293, 41.14550826944756], [-84.84724697035678, 41.145510736496895], [-84.84709855580563, 41.14551277408207], [-84.84694932675289, 41.14551494126026], [-84.84680104723236, 41.14551722147716], [-84.84674422119302, 41.1455179818393], [-84.84679774591865, 41.14549940305369], [-84.84697768171033, 41.14543648330151], [-84.84715655371217, 41.14537398202327], [-84.84734109485628, 41.14531173236873], [-84.8473449580896, 41.14531041389106], [-84.84753444243556, 41.14524481831193], [-84.84772732746896, 41.14517778989745], [-84.8479211960699, 41.14510982208025], [-84.84803459748056, 41.14507047806603]]]]}}, {"type": "Feature", "properties": {"SPR_ID": 192, "Unit_Site": "I 69 exit 309 parcel", "Site_typ": "Interchange", "layer": "Fort Wayne", "Shape_Area": 16039.926227, "Site_Score": 67.72, "Final_Rank": 10, "SITE_EVAL": "Fair", "RATIONALE": "Strong low flood risk and land cover suitability; limited by slope.", "dataset": "row_parcels", "layer_title": "Right-of-Way Parcels", "layer_type": "row", "center_latitude": 41.122129, "center_longitude": -85.185577, "source_geometry_valid": true, "sol_s": 0.744881345197402, "slp_s": 0.286222110444583, "trn_s": 0.745638290042719, "fld_s": 1.0, "lc_s": 1.0, "row_source": "US_ROAD"}, "geometry": {"type": "MultiPolygon", "coordinates": [[[[-85.18749764978674, 41.12029856960375], [-85.18808928617759, 41.120135190224595], [-85.18789274604238, 41.12032615327316], [-85.1877079309138, 41.12050722205915], [-85.18769667048086, 41.12049326529724], [-85.18763170874543, 41.12041725347464], [-85.1875995552983, 41.120384318932786], [-85.18759153229558, 41.120377291182535], [-85.18751753745654, 41.120314301507726], [-85.18749764978674, 41.12029856960375]]], [[[-85.18501920471088, 41.12126008299009], [-85.18501926622567, 41.12125728895394], [-85.18502176917727, 41.121259307330504], [-85.18501920471088, 41.12126008299009]]], [[[-85.18841803789115, 41.12126132964235], [-85.18888824353029, 41.120805678787384], [-85.18888439669955, 41.12082705688651], [-85.18878186290101, 41.12138941063394], [-85.18877798843637, 41.121387232955875], [-85.18874966119247, 41.121373742001666], [-85.18873895570323, 41.12136921854589], [-85.18865590503833, 41.12133528027155], [-85.1886300074928, 41.12132552415131], [-85.1885230136228, 41.121288515985], [-85.1884908116332, 41.121278534569065], [-85.18846826952719, 41.121272851207046], [-85.18841803789115, 41.12126132964235]]], [[[-85.18664663475066, 41.120705349637305], [-85.18667806993301, 41.12070535006856], [-85.18671708276032, 41.1207089971064], [-85.18675905517297, 41.1207210946607], [-85.18681658452597, 41.12074086735094], [-85.18687620726158, 41.12076901475133], [-85.18690238294684, 41.12078245247718], [-85.18691821025972, 41.12079592635215], [-85.1869580000988, 41.12084248433677], [-85.18698437319998, 41.12087782942503], [-85.1869960226519, 41.12089980539077], [-85.18699786990688, 41.12090587035018], [-85.18699798326014, 41.1209262865784], [-85.18699768111374, 41.12092964699864], [-85.18698713715152, 41.120997840218784], [-85.18697363060214, 41.121061627202934], [-85.18695096418035, 41.12113142746812], [-85.18694966970968, 41.12113552708942], [-85.18692978512844, 41.12120033058319], [-85.18691134822647, 41.12123037286494], [-85.18684497029005, 41.12132344923507], [-85.18679357477659, 41.12139643707622], [-85.18669734618572, 41.12148904339433], [-85.18663096640319, 41.12139627558843], [-85.18662509593058, 41.12138833408181], [-85.18660919440902, 41.12136907352594], [-85.18659157738826, 41.121350687600504], [-85.18655501626645, 41.12131517660308], [-85.1864767690403, 41.12123873336757], [-85.18645096309376, 41.12121125968309], [-85.18644849055143, 41.12120865453171], [-85.18640467966655, 41.121162958118006], [-85.18633778934023, 41.12108940486152], [-85.1863327384793, 41.12108397040456], [-85.18631218046264, 41.12106234859107], [-85.18630157550551, 41.12102606809118], [-85.18629538785154, 41.12098855648069], [-85.18629538338524, 41.1209522996974], [-85.18629814719307, 41.12093697474214], [-85.1863152248265, 41.120876928115386], [-85.18632508991885, 41.120856638400085], [-85.18634369532916, 41.120833458924864], [-85.18637349209308, 41.12080420001898], [-85.18638414427443, 41.12079555398934], [-85.18641054288277, 41.12077995717848], [-85.18647290537741, 41.12074835569666], [-85.18650516669238, 41.120732672833036], [-85.18654272137378, 41.12072187877358], [-85.18660298658986, 41.12070972907399], [-85.18664663475066, 41.120705349637305]]], [[[-85.188125522657, 41.121887052906175], [-85.18814256377357, 41.121886473398646], [-85.18818736153199, 41.12189674854326], [-85.18825452062171, 41.12191997863701], [-85.1882898863463, 41.12193442893312], [-85.18833072670607, 41.121959268937275], [-85.18836666588234, 41.12198309866138], [-85.18838917365261, 41.12200666665951], [-85.18841968347434, 41.12204496337017], [-85.18843840853874, 41.122077741405754], [-85.18844194879969, 41.12209068402394], [-85.18843983399634, 41.122142709208326], [-85.18843448526863, 41.12220213627288], [-85.18842300365407, 41.12224271159615], [-85.18841145813091, 41.12226175004583], [-85.18838004463771, 41.122297264023736], [-85.18834631122627, 41.122324792442086], [-85.18829839478698, 41.122355085507586], [-85.18827967363235, 41.122364555064934], [-85.1882396464797, 41.122376479954895], [-85.18816992668195, 41.12239132360971], [-85.18810430719839, 41.122397625129786], [-85.18806648991738, 41.122397632765974], [-85.18803960535355, 41.1223939959454], [-85.18798330679819, 41.122378258739886], [-85.1878849796434, 41.12234592788282], [-85.18780632771242, 41.122305952970876], [-85.18769691478967, 41.1222416711059], [-85.18757174493147, 41.12215905515219], [-85.18758710228616, 41.12214798439711], [-85.18769567488708, 41.12206523656088], [-85.18776413463702, 41.12201327986296], [-85.18785144128412, 41.121958273411046], [-85.18794083445064, 41.12191223689369], [-85.18799652772041, 41.12189147008755], [-85.18800657075214, 41.12188929066821], [-85.18802981370692, 41.121887344143424], [-85.18806155508999, 41.12188736252813], [-85.18810577605271, 41.121887386279695], [-85.188125522657, 41.121887052906175]]], [[[-85.18542116315223, 41.12185883725243], [-85.18545253185455, 41.12185694721503], [-85.18550246671458, 41.12186440845079], [-85.18558449975212, 41.12188440297151], [-85.18566265893209, 41.121910244380196], [-85.18572985354733, 41.121942875755465], [-85.18581797517001, 41.12198810756105], [-85.18589380203677, 41.12203838976445], [-85.1859641999491, 41.12208983123389], [-85.18598551556462, 41.12210441042098], [-85.18602973228283, 41.122132702920574], [-85.1859327072511, 41.122226857021175], [-85.18584736224432, 41.12227695683378], [-85.18583219675867, 41.1222861964646], [-85.18578267707048, 41.12231791702168], [-85.18571843139625, 41.122347374403176], [-85.18562738545283, 41.12238172572815], [-85.18557806591073, 41.12239406986565], [-85.18551776375494, 41.12240235244623], [-85.18546661150224, 41.12240322102114], [-85.18540443650849, 41.12239789713774], [-85.1853672653781, 41.12239291404378], [-85.18534265226602, 41.12238453123996], [-85.18529947361154, 41.12236569011625], [-85.18524356376456, 41.122336304237926], [-85.18520364172008, 41.1223079998464], [-85.1851820213476, 41.12228468661396], [-85.18515693263203, 41.12224887045688], [-85.18514226223866, 41.122214120111025], [-85.18513042071459, 41.12216100495779], [-85.18512916358068, 41.12212588049473], [-85.1851363520925, 41.122079678473014], [-85.18515632017801, 41.12202657277079], [-85.1851815632899, 41.12198368894932], [-85.1852235157117, 41.121932685203], [-85.18525925182497, 41.12190509648397], [-85.18530644362717, 41.121882637839626], [-85.1853506345851, 41.121869268129466], [-85.18542116315223, 41.12185883725243]]], [[[-85.18853849684639, 41.122995419138704], [-85.18855485472005, 41.122990544891415], [-85.1885551334683, 41.122994701700975], [-85.18855904092003, 41.123027382666464], [-85.18852336449855, 41.12299956414222], [-85.18852780878377, 41.12299848109414], [-85.18853849684639, 41.122995419138704]]], [[[-85.18474261695884, 41.12299147252323], [-85.18476136468837, 41.12288504080781], [-85.18481735106944, 41.12291446775806], [-85.18484821472666, 41.12292927780587], [-85.1849262028099, 41.12296330567118], [-85.18496501159431, 41.12297833367929], [-85.18505898035357, 41.1230103389285], [-85.1850888815866, 41.12301953202606], [-85.1851061969934, 41.123023663673294], [-85.18465434719882, 41.1234627900911], [-85.18474212674305, 41.122994175131566], [-85.18474261695884, 41.12299147252323]]], [[[-85.18688658212615, 41.122815249284145], [-85.1868877504699, 41.122813352697875], [-85.18697733875526, 41.12292640022377], [-85.18713221288259, 41.123121634089024], [-85.18718868132932, 41.12320261429233], [-85.1872123050807, 41.123251847834936], [-85.1872215017029, 41.12329215221222], [-85.18722521135174, 41.123324941796945], [-85.18722139484565, 41.12334977915856], [-85.18721074443536, 41.12339971804375], [-85.18718633309908, 41.12344521313956], [-85.18714977960148, 41.12348851565333], [-85.18711061177984, 41.12351419360183], [-85.18709980253793, 41.12352152213645], [-85.18706824897434, 41.123543643094976], [-85.18706254931557, 41.12354692575519], [-85.18702262052621, 41.12356117117609], [-85.18696633813515, 41.12357298654885], [-85.18692483848281, 41.12357748458858], [-85.18685748261164, 41.12357935612452], [-85.18682680066951, 41.12357812276759], [-85.18679753866154, 41.12357173969242], [-85.186740190064, 41.12355366323152], [-85.18670961823597, 41.12353908707238], [-85.18665613461162, 41.123505367871864], [-85.18659019016931, 41.12346104706343], [-85.18657658043126, 41.12343437435001], [-85.18656667359899, 41.1233842739719], [-85.18655824665052, 41.12333043809485], [-85.18656198960734, 41.123291107546876], [-85.18657884317572, 41.12324695728955], [-85.18659525106155, 41.12322158680536], [-85.18666520472337, 41.123118610106154], [-85.18671834463942, 41.12304085786198], [-85.1867395736279, 41.12301014709436], [-85.1868122641525, 41.12292127398661], [-85.18681903598399, 41.1229127073461], [-85.1868274231095, 41.122901196386174], [-85.18687745433142, 41.122829175189665], [-85.18688658212615, 41.122815249284145]]], [[[-85.1854145496344, 41.12418423746687], [-85.18582775351545, 41.12378273949168], [-85.18583306573947, 41.1237893724712], [-85.1858850684685, 41.123851372763326], [-85.18590137100544, 41.12386945074993], [-85.18591922427689, 41.123886671333445], [-85.18594054219889, 41.123904516656964], [-85.18596352578166, 41.12392113798163], [-85.18608258725504, 41.12400115899957], [-85.1860846444042, 41.12400250107959], [-85.18574101065147, 41.12409890738044], [-85.1854145496344, 41.12418423746687]]]]}}, {"type": "Feature", "properties": {"SPR_ID": 193, "Unit_Site": "US 24/ US 35 parcel", "Site_typ": "Interchange", "layer": "La Porte", "Shape_Area": 20173.8285028, "Site_Score": 47.26, "Final_Rank": 14, "SITE_EVAL": "Fair", "RATIONALE": "Strong low flood risk and land cover suitability; limited by solar resource.", "dataset": "row_parcels", "layer_title": "Right-of-Way Parcels", "layer_type": "row", "center_latitude": 40.758075, "center_longitude": -86.400128, "source_geometry_valid": true, "sol_s": 0.221525974149985, "slp_s": 0.678020168403052, "trn_s": 0.583226721649694, "fld_s": 1.0, "lc_s": 0.96666666666704, "row_source": "US_ROAD"}, "geometry": {"type": "MultiPolygon", "coordinates": [[[[-86.39790465986295, 40.757069132165654], [-86.39831086210769, 40.757065931078095], [-86.39840548928784, 40.75731127393759], [-86.39849202653647, 40.75764668161323], [-86.39849683359989, 40.75766302924926], [-86.39862417856344, 40.758049618928254], [-86.398624734245, 40.758118629071994], [-86.3986189577027, 40.75816883511599], [-86.39858887237244, 40.75822702667885], [-86.39856438857858, 40.75825088073185], [-86.39848795418129, 40.75831032973827], [-86.39843262515124, 40.758337993958726], [-86.39838960788192, 40.75835340765386], [-86.39829987175979, 40.75836655084429], [-86.39820853741504, 40.75836196042111], [-86.39807699876097, 40.75833043459815], [-86.39801084992239, 40.75829620483938], [-86.3979911653028, 40.75828274879578], [-86.39794351265954, 40.7582304857851], [-86.39792631650862, 40.75820488928588], [-86.39790944164749, 40.7581691580469], [-86.39790913043547, 40.75814390727718], [-86.39790895367673, 40.7581371058054], [-86.3978990989798, 40.75788779699268], [-86.39789413168624, 40.757394480300746], [-86.39789379774837, 40.75738382865687], [-86.39788504182525, 40.7572174537058], [-86.39789983295236, 40.75710897069713], [-86.39790033888387, 40.75710502399038], [-86.39790465986295, 40.757069132165654]]], [[[-86.39935662461723, 40.757063449121716], [-86.39987599493129, 40.757065709575244], [-86.39991979655865, 40.757077294407246], [-86.39997550418626, 40.75709732898066], [-86.40003201200066, 40.75712877340682], [-86.40004156901306, 40.757136667731224], [-86.40005665038478, 40.75715601090617], [-86.4000808238863, 40.75719266081469], [-86.40009288622527, 40.7572096830044], [-86.40010159810495, 40.75722066015927], [-86.40011500903779, 40.757247785233645], [-86.40038994024137, 40.75781347771124], [-86.40042844704038, 40.757902701107604], [-86.40043290002718, 40.7579124940083], [-86.40055085108216, 40.75815930753993], [-86.40064894470477, 40.75837395010438], [-86.40075153144672, 40.758619457558936], [-86.40076400772891, 40.75870138207474], [-86.40075601948674, 40.758754908099014], [-86.40073991981268, 40.75878609856155], [-86.4006914237689, 40.75885133884462], [-86.40065803640994, 40.75888109634612], [-86.40058280948878, 40.7589237628838], [-86.40054138210004, 40.75894209269421], [-86.4004616936235, 40.75895822653824], [-86.40042433652225, 40.758961961991055], [-86.40034071006407, 40.75895409184851], [-86.40030608670365, 40.75894682041596], [-86.40020174004738, 40.75890988904567], [-86.40016009489158, 40.75888614138535], [-86.4001381653508, 40.758865487024444], [-86.40008193513506, 40.75877888208752], [-86.40000950620534, 40.75863221582864], [-86.40000864158462, 40.758630478089856], [-86.39979704874465, 40.758209236494736], [-86.39971386425196, 40.75799088716597], [-86.39935662461723, 40.757063449121716]]], [[[-86.40034053211505, 40.7599813512072], [-86.40019587918303, 40.75960408659866], [-86.40020279332163, 40.75960487474623], [-86.40037279411716, 40.75962087358053], [-86.40042599950176, 40.75962336791159], [-86.40045429731515, 40.759622663615374], [-86.40048247385259, 40.759620556953074], [-86.4005462948415, 40.75961417440438], [-86.40041633880865, 40.75983594633398], [-86.40040910438555, 40.75984904410297], [-86.40038201929602, 40.75990120517237], [-86.40034053211505, 40.7599813512072]]]]}}, {"type": "Feature", "properties": {"SPR_ID": 196, "Unit_Site": "US 41/SR64 parcel", "Site_typ": "Interchange", "layer": "Vincennes", "Shape_Area": 13770.2408022, "Site_Score": 2.36, "Final_Rank": 30, "SITE_EVAL": "Poor", "RATIONALE": "Strong low flood risk and land cover suitability; limited by solar resource.", "dataset": "row_parcels", "layer_title": "Right-of-Way Parcels", "layer_type": "row", "center_latitude": 38.354801, "center_longitude": -87.599374, "source_geometry_valid": true, "sol_s": 0.0, "slp_s": 0.060711536571534, "trn_s": 0.339689565359902, "fld_s": 1.0, "lc_s": 0.9999999999997, "row_source": "US_ROAD"}, "geometry": {"type": "MultiPolygon", "coordinates": [[[[-87.59896491130118, 38.35390170214282], [-87.59896676000194, 38.353819221680745], [-87.59903864061417, 38.35387890213886], [-87.59896491130118, 38.35390170214282]]], [[[-87.59776870841353, 38.353893315696716], [-87.59786455500942, 38.353812145840884], [-87.59786326914121, 38.353920217284355], [-87.59785487452088, 38.35391676784298], [-87.59782114852521, 38.35390576822329], [-87.5977885903556, 38.353897605101075], [-87.59776870841353, 38.353893315696716]]], [[[-87.59729910300598, 38.354515074179304], [-87.59737460048827, 38.35450257080966], [-87.59742925606068, 38.354503381024195], [-87.5975147727799, 38.354521828622666], [-87.59763318976974, 38.35457609615402], [-87.59766415802147, 38.354600210976294], [-87.59774320352727, 38.35473165261478], [-87.59778570035344, 38.354906916898486], [-87.59779720588988, 38.355113175446824], [-87.59757019806688, 38.35509098096365], [-87.59725761044838, 38.35501638592869], [-87.59715421031713, 38.35495684418765], [-87.59711087775949, 38.354921838720294], [-87.59708540602679, 38.35488817343071], [-87.59705638096052, 38.35481496970337], [-87.59705225308353, 38.354775572985055], [-87.5970659529543, 38.354708551290905], [-87.59709106823902, 38.35465896602645], [-87.5971274044534, 38.35461261398274], [-87.5971749677967, 38.354570530624336], [-87.59722701021681, 38.3545403737629], [-87.59729910300598, 38.354515074179304]]], [[[-87.59930667108215, 38.35450402201476], [-87.5993797321673, 38.3544970074472], [-87.59943367578053, 38.35449919473323], [-87.59950938576571, 38.35451445291128], [-87.59954549717622, 38.35452847336547], [-87.59959523529287, 38.354558896699714], [-87.599646430738, 38.354600184024534], [-87.5997049187732, 38.35467765421959], [-87.59973177413899, 38.35473351080919], [-87.59973555635115, 38.35477300652917], [-87.59972337310285, 38.35482878791482], [-87.59967806214169, 38.3549127541761], [-87.59963222514185, 38.354963897830444], [-87.59956611344099, 38.355001349204734], [-87.59930996420243, 38.35507638153093], [-87.59898182022212, 38.35511533109633], [-87.59899281607865, 38.35498231195089], [-87.59902558029242, 38.354755785952264], [-87.59907918273582, 38.354639458782906], [-87.599119780245, 38.35459343763342], [-87.5991585080424, 38.35456497105249], [-87.59923125281489, 38.354527345416834], [-87.59930667108215, 38.35450402201476]]], [[[-87.60043819781333, 38.355189233980866], [-87.60050955902926, 38.35505699334515], [-87.6005192040566, 38.35506450251314], [-87.60054445631437, 38.355082621161834], [-87.60055933466974, 38.35509200510505], [-87.6007249049108, 38.35519164792851], [-87.60043819781333, 38.355189233980866]]], [[[-87.59623381097322, 38.35591607647918], [-87.59608888931363, 38.3558115882121], [-87.59634673651861, 38.35581376753925], [-87.59633290900574, 38.35583282124492], [-87.59631658964126, 38.355857709528195], [-87.59630301389822, 38.35588359953559], [-87.59629523645954, 38.35590211147446], [-87.59627701411246, 38.35595021234011], [-87.5962508428302, 38.355929074741], [-87.59623381097322, 38.35591607647918]]], [[[-87.60049694179139, 38.35593756984169], [-87.60044674079714, 38.35584835253295], [-87.60067915618413, 38.355850310097544], [-87.60051024467316, 38.35596501156676], [-87.60050757668571, 38.35595834896534], [-87.60049694179139, 38.35593756984169]]], [[[-87.59755361365885, 38.35593478229907], [-87.59783004335928, 38.35590099134629], [-87.59778140845198, 38.35615411730477], [-87.5976868575307, 38.35637071727793], [-87.59763682867212, 38.35642109744951], [-87.59753993787174, 38.3564785747372], [-87.59749015474036, 38.356496764584335], [-87.59742826058762, 38.356507491801814], [-87.59733521593691, 38.356505027856315], [-87.59726597265193, 38.35649081320805], [-87.59720470953353, 38.356462719582574], [-87.59714719519263, 38.356422270881865], [-87.59709271465772, 38.35636713928598], [-87.59706167602899, 38.35630637371018], [-87.59705133360801, 38.35624528014042], [-87.59705722476797, 38.356196116320895], [-87.59708346869249, 38.356126836284716], [-87.59711619690286, 38.35608173459948], [-87.59715741634878, 38.35604778286066], [-87.59723505265717, 38.35600704325662], [-87.59738394519812, 38.35596133353039], [-87.59755361365885, 38.35593478229907]]], [[[-87.59897602768666, 38.356072044047906], [-87.59894064016225, 38.35590035062418], [-87.59932437128269, 38.355944807401045], [-87.59949476698213, 38.35598766460431], [-87.59961396095858, 38.356048244616865], [-87.59968132014751, 38.35611487998476], [-87.59970946817593, 38.3561649044429], [-87.5997207358286, 38.35622148241511], [-87.59972105847028, 38.35626697634073], [-87.5997073070215, 38.35631235840095], [-87.59968085695205, 38.35636648058523], [-87.59963596127133, 38.356420154559224], [-87.59957510113391, 38.35646267549666], [-87.59950402355138, 38.35649005491347], [-87.59941246237493, 38.35650649360612], [-87.59932521551175, 38.35650578962879], [-87.59925137539526, 38.356490881375066], [-87.59918607750315, 38.35646020667385], [-87.59912443925946, 38.356420845266726], [-87.59910930564251, 38.35640660755589], [-87.59905130711604, 38.356316549899546], [-87.59901612731846, 38.35622552848987], [-87.59897602768666, 38.356072044047906]]], [[[-87.59780094154128, 38.35710971141679], [-87.59781620168559, 38.3571041352479], [-87.5978144229757, 38.35719612500538], [-87.59774044720723, 38.35712746120714], [-87.59776792047758, 38.35712045382402], [-87.59780094154128, 38.35710971141679]]], [[[-87.59890659306922, 38.357208701209444], [-87.59890782762544, 38.35709514613563], [-87.59891203315226, 38.357096870324526], [-87.59894576195494, 38.35710787140751], [-87.5989849497009, 38.35711741705563], [-87.59900881196336, 38.35712223566068], [-87.59897173796594, 38.35715100375689], [-87.59894900441499, 38.357170103260636], [-87.59890659306922, 38.357208701209444]]]]}}, {"type": "Feature", "properties": {"SPR_ID": 199, "Unit_Site": "SR 912 parcel", "Site_typ": "Interchange", "layer": "La Porte", "Shape_Area": 19496.8559192, "Site_Score": 91.83, "Final_Rank": 3, "SITE_EVAL": "Good", "RATIONALE": "Strong low flood risk and land cover suitability; limited by solar resource.", "dataset": "row_parcels", "layer_title": "Right-of-Way Parcels", "layer_type": "row", "center_latitude": 41.656182, "center_longitude": -87.507451, "source_geometry_valid": true, "sol_s": 0.477813131726283, "slp_s": 0.734990748840324, "trn_s": 0.866935296651375, "fld_s": 1.0, "lc_s": 1.0, "row_source": "US_ROAD"}, "geometry": {"type": "MultiPolygon", "coordinates": [[[[-87.50723770636453, 41.65571402983874], [-87.5072775317577, 41.655713537930275], [-87.50809601092818, 41.65572433964543], [-87.50819847533785, 41.65572569169414], [-87.50819853020977, 41.65583854945739], [-87.5081989015515, 41.656622950436635], [-87.5077059814384, 41.656579989359365], [-87.50768488833721, 41.65657853689811], [-87.50723555418651, 41.65655576899929], [-87.50715510714521, 41.65654800942851], [-87.50708937856756, 41.65653548042531], [-87.50702615510312, 41.656517099186566], [-87.50696635042154, 41.656493130099975], [-87.50691084044907, 41.65646392599162], [-87.50686042234348, 41.656429903987046], [-87.50681585195726, 41.65639157506926], [-87.5067777810329, 41.65634949931936], [-87.50674674992669, 41.65630427694087], [-87.50672322270614, 41.65625658233183], [-87.50670753979684, 41.65620709854077], [-87.50669993158274, 41.656156566745786], [-87.50670050942864, 41.65610571333596], [-87.50670926354782, 41.65605528414777], [-87.50672606876839, 41.65600601381533], [-87.50675067852262, 41.65595862489631], [-87.50678273186354, 41.655913803521955], [-87.50682175363525, 41.655872221013794], [-87.50686719236151, 41.65583446436188], [-87.50691836906306, 41.65580109499752], [-87.50697454054938, 41.65577260257819], [-87.50703488137567, 41.655749401464725], [-87.50709851383846, 41.655731826986624], [-87.50716449364076, 41.65572014541365], [-87.50723770636453, 41.65571402983874]]], [[[-87.50534578044397, 41.6566671089168], [-87.50583269452787, 41.65626662878948], [-87.50583784053963, 41.656300809057996], [-87.50584173885595, 41.6563210427155], [-87.50584696882248, 41.65634001131036], [-87.50587494692921, 41.656428288115514], [-87.5058899225209, 41.65646557942842], [-87.50593229456547, 41.65655148702997], [-87.50595368663399, 41.65658792233171], [-87.50600904670972, 41.656668599915086], [-87.50601920990711, 41.656682570323625], [-87.5060361360474, 41.65670282137777], [-87.50604039573534, 41.65670752958496], [-87.50586889088021, 41.656713552818125], [-87.50525703858122, 41.65673503387545], [-87.50533417340388, 41.656676294114874], [-87.50534578044397, 41.6566671089168]]], [[[-87.5059031032132, 41.65747672350568], [-87.5060498619747, 41.657471246019895], [-87.50604165278484, 41.65749134111893], [-87.50603487163814, 41.65751312417796], [-87.506013967756, 41.657592343250684], [-87.5060122850281, 41.65759908711735], [-87.50600639041569, 41.65763669726444], [-87.50600302958968, 41.65767900970582], [-87.50596056652311, 41.65765385677661], [-87.5056853954286, 41.65749086171028], [-87.50567888618856, 41.65748707941619], [-87.50567560833592, 41.65748521224019], [-87.5059031032132, 41.65747672350568]]], [[[-87.50761950104528, 41.657440781710356], [-87.50819926105052, 41.65740216503613], [-87.5081993340964, 41.65756194100683], [-87.50819942893797, 41.65777154360904], [-87.50819955262303, 41.658038437943546], [-87.50735643029151, 41.658030012887664], [-87.50711198956921, 41.65798083703895], [-87.50706989738204, 41.65796721655903], [-87.5070288652649, 41.65794863474498], [-87.50699157075978, 41.65792605886629], [-87.50695870537055, 41.657899909213256], [-87.50693118705156, 41.65787099598876], [-87.50690806234678, 41.65783781109864], [-87.50689221468888, 41.65780506518652], [-87.5068821181957, 41.65776993313193], [-87.50687845983987, 41.65773409714738], [-87.50688130724708, 41.657698218061135], [-87.50689061039346, 41.657662963524245], [-87.50689618522566, 41.65765080628814], [-87.50690619418842, 41.65762898102176], [-87.50692777524029, 41.65759689149394], [-87.5069549641886, 41.65756728031905], [-87.50698722626198, 41.65754072180692], [-87.50702399820757, 41.657517680505485], [-87.50706460597935, 41.6574985827208], [-87.50710828012525, 41.6574837876266], [-87.50715420249877, 41.65747357084575], [-87.5072163689551, 41.657466406950356], [-87.50761950104528, 41.657440781710356]]]]}}, {"type": "Feature", "properties": {"SPR_ID": 201, "Unit_Site": "US 31 / SR2 Exit 73 parcel", "Site_typ": "Interchange", "layer": "La Porte", "Shape_Area": 23625.6371273, "Site_Score": 24.82, "Final_Rank": 19, "SITE_EVAL": "Poor", "RATIONALE": "Strong low flood risk and land cover suitability; limited by slope.", "dataset": "row_parcels", "layer_title": "Right-of-Way Parcels", "layer_type": "row", "center_latitude": 41.672455, "center_longitude": -86.341818, "source_geometry_valid": true, "sol_s": 0.416178982977331, "slp_s": 0.173320522313577, "trn_s": 0.418543573915341, "fld_s": 1.0, "lc_s": 1.0, "row_source": "US_ROAD"}, "geometry": {"type": "MultiPolygon", "coordinates": [[[[-86.34127837316373, 41.66942971682012], [-86.3412767273534, 41.669382590254095], [-86.34169273977353, 41.669881705537136], [-86.34161911311291, 41.66988305729927], [-86.34158623065537, 41.66988458748871], [-86.34155359488427, 41.669887961938144], [-86.34151618630193, 41.66989417960173], [-86.34147866017675, 41.669903089707624], [-86.34129369425048, 41.66995431518703], [-86.3412947400561, 41.66986692962908], [-86.341295089037, 41.669821384439906], [-86.34129486075456, 41.669809722517826], [-86.34127837316373, 41.66942971682012]]], [[[-86.34006948449948, 41.66961810123289], [-86.34024697760582, 41.66938849029836], [-86.34025094778326, 41.6694667290947], [-86.34024589704741, 41.66972609066478], [-86.34024584970533, 41.66973072725684], [-86.34024575041762, 41.66987492522326], [-86.34024548181578, 41.67004605799603], [-86.34021868333141, 41.670034919981596], [-86.34018789088688, 41.6700232843572], [-86.34015597683603, 41.6700134941484], [-86.34012234637179, 41.670005448662394], [-86.34008796099744, 41.66999945335533], [-86.33982402456391, 41.6699617497104], [-86.34006948449948, 41.66961810123289]]], [[[-86.34171357918795, 41.67054015144211], [-86.34177716796496, 41.670538984425235], [-86.34188089436518, 41.67055713599464], [-86.34201831794259, 41.67061859925535], [-86.34207842815529, 41.67066188028866], [-86.34213410779907, 41.67074896275426], [-86.34216349928188, 41.67086004010458], [-86.34216007176876, 41.67093510380178], [-86.34212774576203, 41.67101348333672], [-86.34204764980998, 41.671105812538535], [-86.34195916015807, 41.67117124791873], [-86.34186184961834, 41.67121234593406], [-86.34159920754742, 41.67127738712817], [-86.34158673381492, 41.67128063209014], [-86.34157424715798, 41.67128420213354], [-86.34127674634678, 41.67137316213582], [-86.34127768475771, 41.671293371683795], [-86.34143950506358, 41.67068022993692], [-86.34149853793781, 41.670617254459785], [-86.34159170709081, 41.67057390466188], [-86.34171357918795, 41.67054015144211]]], [[[-86.33958800376244, 41.670625113512266], [-86.33971093266435, 41.67061607230645], [-86.33985440450071, 41.6706365680054], [-86.33992563997205, 41.67066617370825], [-86.34002305472028, 41.67074098869461], [-86.34007889703217, 41.67083904915532], [-86.34024339813645, 41.6713818922248], [-86.3402433873035, 41.67139024716193], [-86.3399299517799, 41.67133170086655], [-86.33969460753632, 41.67128465502133], [-86.339527673237, 41.67123228142266], [-86.33942919885705, 41.671173909625566], [-86.3393622969238, 41.671105220535715], [-86.33932479384558, 41.671020846983424], [-86.33930931388362, 41.670941671926656], [-86.33930751944791, 41.67087420912904], [-86.33932611358073, 41.670818353009444], [-86.33937721766335, 41.670748098534034], [-86.33943335683104, 41.670682603510755], [-86.33948359529565, 41.67065422889896], [-86.33958800376244, 41.670625113512266]]], [[[-86.34289746648378, 41.67133415077483], [-86.34290085064468, 41.67133071589445], [-86.3429156823469, 41.671341067900855], [-86.34303180377368, 41.671418450728225], [-86.34282394980504, 41.67141889720932], [-86.34289746648378, 41.67133415077483]]], [[[-86.3429657146094, 41.67207722527568], [-86.34297663840317, 41.672077202155954], [-86.34297019157708, 41.67208257407352], [-86.3429657146094, 41.67207722527568]]], [[[-86.3385448428754, 41.67209175441552], [-86.33873955783254, 41.67209130763614], [-86.33868809463223, 41.672147179887006], [-86.33866912636425, 41.67216966328409], [-86.3386588794384, 41.672184421022195], [-86.3385448428754, 41.67209175441552]]], [[[-86.34137957908048, 41.67235541519165], [-86.34129759665008, 41.67210638956396], [-86.34186530794157, 41.672207975215066], [-86.3420121076678, 41.6722473814994], [-86.34212559777262, 41.67232155534368], [-86.34220010723014, 41.672403678133975], [-86.34224836564007, 41.67250538252649], [-86.34225770115097, 41.672582553954015], [-86.34224674212783, 41.67263948374302], [-86.34221197523594, 41.672718710388246], [-86.34215957338522, 41.67277522192717], [-86.34207918360332, 41.672824819696125], [-86.34197940578363, 41.67286423915735], [-86.34190879632904, 41.67287910913453], [-86.3418480980363, 41.672877565418894], [-86.34173484677017, 41.672852164387194], [-86.34163308695555, 41.67279993833719], [-86.34156351759731, 41.672751295903026], [-86.34152199836618, 41.672696500151766], [-86.34143518773078, 41.672530713228475], [-86.34138046652208, 41.67235815843955], [-86.34137957908048, 41.67235541519165]]], [[[-86.33990194609117, 41.67224342381563], [-86.34024795317094, 41.672149090283014], [-86.34024886215668, 41.67222030573747], [-86.34022587432497, 41.67241047335648], [-86.34018382652903, 41.67268847338656], [-86.3401372000937, 41.672797917728616], [-86.34007026830187, 41.67286740430043], [-86.34001196257499, 41.67291118993495], [-86.33994204325505, 41.672937596272675], [-86.33987729919117, 41.67294989563041], [-86.33974251028178, 41.67294444308073], [-86.33962124228027, 41.67292419101624], [-86.33955488124096, 41.67289370702783], [-86.33948377075528, 41.672838727886244], [-86.33944839174278, 41.67279277202993], [-86.33941458883044, 41.67268326022945], [-86.33942013158287, 41.67256542771782], [-86.33945316744337, 41.672475592401454], [-86.33949934219606, 41.672425462076944], [-86.33958531507756, 41.67235949984358], [-86.33970120068348, 41.672300232352704], [-86.33990194609117, 41.67224342381563]]], [[[-86.34011689814766, 41.67398840436438], [-86.33982323839025, 41.6736072978949], [-86.33989671462128, 41.67361027074065], [-86.33992038220136, 41.67361074984318], [-86.33995866501074, 41.67360949614174], [-86.33999665496803, 41.67360574577608], [-86.34002826740688, 41.67360066085158], [-86.34020450522723, 41.673567179999765], [-86.34024684422955, 41.67355740804458], [-86.34026598366584, 41.673551207529414], [-86.34027404813163, 41.67417486112002], [-86.34011689814766, 41.67398840436438]]], [[[-86.34128974373132, 41.67422541173229], [-86.34128405099331, 41.67341896256488], [-86.34129519875235, 41.673424684723955], [-86.3413236895756, 41.67343813349914], [-86.34135767719806, 41.67345140029966], [-86.34139307796136, 41.673462393686705], [-86.34141742395929, 41.67346844096191], [-86.34165065865078, 41.67352075116014], [-86.34170026480132, 41.67352956053457], [-86.3417308398291, 41.673532776458146], [-86.34176164157248, 41.673534375094135], [-86.34181389242859, 41.67353570384828], [-86.34128974373132, 41.67422541173229]]]]}}, {"type": "Feature", "properties": {"SPR_ID": 202, "Unit_Site": "Interchange parcel 202", "Site_typ": "Interchange", "layer": "La Porte", "Shape_Area": 5317.56165217, "Site_Score": 93.97, "Final_Rank": 2, "SITE_EVAL": "Good", "RATIONALE": "Strong low flood risk and land cover suitability; limited by slope.", "dataset": "row_parcels", "layer_title": "Right-of-Way Parcels", "layer_type": "row", "center_latitude": 41.653294, "center_longitude": -86.322982, "source_geometry_valid": true, "sol_s": 0.778722746683979, "slp_s": 0.524679220896287, "trn_s": 0.676547627158809, "fld_s": 1.0, "lc_s": 1.0, "row_source": "Recommended"}, "geometry": {"type": "MultiPolygon", "coordinates": [[[[-86.32289177123344, 41.652968104788634], [-86.3229900493502, 41.65296581042151], [-86.32317630406106, 41.65300501383398], [-86.32340395287397, 41.65314413812364], [-86.32347124720704, 41.65319788982176], [-86.3235267146074, 41.65331189538502], [-86.3235266761913, 41.65340348785192], [-86.32350057015346, 41.653463573045585], [-86.32345218014503, 41.65353191451654], [-86.32339547697693, 41.65357133104545], [-86.32332062831955, 41.653608791555065], [-86.32323317508296, 41.65362998837022], [-86.32312514930338, 41.65363568338073], [-86.32271849600635, 41.65356684494688], [-86.32245047673142, 41.65343069328603], [-86.32244630256507, 41.65327698167734], [-86.32263428402503, 41.6530931947022], [-86.32275822683593, 41.653011682670325], [-86.32289177123344, 41.652968104788634]]], [[[-86.32245488331831, 41.65456001704831], [-86.3224553947136, 41.65436052819604], [-86.32284315032805, 41.65456111710641], [-86.32245488331831, 41.65456001704831]]]]}}, {"type": "Feature", "properties": {"SPR_ID": 204, "Unit_Site": "I 74 / SR 3 parcel", "Site_typ": "Interchange", "layer": "Seymour", "Shape_Area": 13434.4327372, "Site_Score": 64.63, "Final_Rank": 11, "SITE_EVAL": "Fair", "RATIONALE": "Strong low flood risk and land cover suitability; limited by slope.", "dataset": "row_parcels", "layer_title": "Right-of-Way Parcels", "layer_type": "row", "center_latitude": 39.363124, "center_longitude": -85.478629, "source_geometry_valid": true, "sol_s": 0.683829004191333, "slp_s": 0.278384517386137, "trn_s": 0.80235915011812, "fld_s": 1.0, "lc_s": 1.0, "row_source": "SR_Road"}, "geometry": {"type": "MultiPolygon", "coordinates": [[[[-85.47908281331982, 39.360706897229264], [-85.47911215019823, 39.3606876556581], [-85.47911157322469, 39.360716609505], [-85.47908281331982, 39.360706897229264]]], [[[-85.48169264317708, 39.3617920373884], [-85.48169944138014, 39.36177016921632], [-85.4818038434426, 39.361838156348824], [-85.48181862656662, 39.3618473549096], [-85.48189917340878, 39.36189522002305], [-85.48177821770075, 39.36189582404091], [-85.48164721903092, 39.36189650861395], [-85.48165377166528, 39.36188485567446], [-85.4816636295621, 39.36186571786984], [-85.48167163007737, 39.361846913530066], [-85.48169264317708, 39.3617920373884]]], [[[-85.48054349283139, 39.361286862961414], [-85.48058164562391, 39.36128644576717], [-85.48061639964381, 39.36129070100141], [-85.48065214312777, 39.3612978767279], [-85.48068017547496, 39.36130669071425], [-85.48071988889187, 39.361324188051476], [-85.48076370739068, 39.361348823673545], [-85.4808047249334, 39.361380112758596], [-85.48082840149654, 39.36140332575309], [-85.48085093684885, 39.36143265796632], [-85.48086268347649, 39.361453798725876], [-85.48087241418138, 39.36148007328796], [-85.48088156696433, 39.36151475400049], [-85.48088485835109, 39.361538180167194], [-85.48088399644728, 39.361559157204006], [-85.48087997236385, 39.36159065467551], [-85.48087272347175, 39.3616207774382], [-85.4808654499194, 39.36163977051643], [-85.48085385232686, 39.36166039113781], [-85.48083011435375, 39.361692237593786], [-85.48080409221775, 39.36172059701821], [-85.48078324729231, 39.36173929035018], [-85.48076481900871, 39.361751819840585], [-85.48074127569954, 39.36176444832556], [-85.48069666991476, 39.36178261423547], [-85.4806240136912, 39.36180832386081], [-85.480576843671, 39.36182092850007], [-85.4805053709653, 39.36183572687378], [-85.48038984396644, 39.36185202127491], [-85.48027203241773, 39.36186329318635], [-85.48026139343301, 39.361864418350486], [-85.48010641822567, 39.361882345226654], [-85.48012782789728, 39.361770359094834], [-85.48012875367861, 39.36176523989687], [-85.4801422594641, 39.361686052046615], [-85.48016525524632, 39.36159860960051], [-85.48018879822048, 39.36153298791619], [-85.48021418775457, 39.36148118401465], [-85.48023991046897, 39.36143869286512], [-85.48027066822368, 39.361400486036494], [-85.48029934787719, 39.36137204521013], [-85.48033108029034, 39.361346649140344], [-85.48035762785165, 39.36133116140352], [-85.4803952359857, 39.361314317924226], [-85.48043806985422, 39.361299708726285], [-85.48046563773931, 39.36129369496854], [-85.48050071601104, 39.3612893614728], [-85.48054349283139, 39.361286862961414]]], [[[-85.47862329821062, 39.36129892251534], [-85.47865854259297, 39.36129924189609], [-85.47868886836912, 39.361301843202604], [-85.47872604078063, 39.36130793445771], [-85.47876080945933, 39.36131669822491], [-85.47880186062052, 39.361330560081164], [-85.47883330461617, 39.36134587309958], [-85.47886603753454, 39.3613653341228], [-85.47890144561211, 39.36139256443888], [-85.47891714385706, 39.361409261878954], [-85.47893740055436, 39.36143664099754], [-85.47896097743703, 39.361475977662735], [-85.47896617639344, 39.36148682899744], [-85.47906490791564, 39.36189039843953], [-85.47886006337137, 39.36187112110358], [-85.4788479410124, 39.36186989130946], [-85.47874195994218, 39.361854856178255], [-85.47861769051931, 39.36183015898356], [-85.47852518805004, 39.36180301453464], [-85.4785039425896, 39.36179617010385], [-85.47849579018971, 39.36179353344124], [-85.47848708941262, 39.361790332778575], [-85.47847212005213, 39.36178396055428], [-85.47846308121267, 39.361780131965375], [-85.4784260566114, 39.36176064083476], [-85.47840124439479, 39.36174491617274], [-85.47837717513971, 39.36172651258778], [-85.47836704593306, 39.361716769873944], [-85.4783450315271, 39.361691021036364], [-85.47833313234227, 39.361673627163505], [-85.47832016726792, 39.36164967256146], [-85.47830887543778, 39.36162504515744], [-85.47830527363114, 39.36161285955325], [-85.47830112725023, 39.36158506752314], [-85.4782996026811, 39.3615553059209], [-85.47830120417927, 39.361535423405215], [-85.47830434829928, 39.36151847945803], [-85.478312994078, 39.361488380537104], [-85.47831967712078, 39.36147416519977], [-85.47833990749015, 39.36143996047887], [-85.47835356676782, 39.3614215511396], [-85.47837449066665, 39.36139796045017], [-85.47839128304383, 39.36138274113426], [-85.47842457321642, 39.36135656946231], [-85.47844320712416, 39.36134522246405], [-85.47847151861535, 39.361331640452065], [-85.47851971051811, 39.361312864548296], [-85.47852429361981, 39.361311388245944], [-85.47854696111337, 39.36130671735103], [-85.47859684948705, 39.36130037060072], [-85.47862329821062, 39.36129892251534]]], [[[-85.4773273999078, 39.361867089838434], [-85.4774802788915, 39.36176800088554], [-85.47748711033198, 39.3617911112552], [-85.47750093268708, 39.36182790403934], [-85.47752448881894, 39.361879282805404], [-85.47752551223162, 39.36188148927158], [-85.47753305050608, 39.36189642405188], [-85.47754454344305, 39.36191765912936], [-85.47724282669446, 39.3619184492049], [-85.47731612010745, 39.36187415035341], [-85.4773273999078, 39.361867089838434]]], [[[-85.48177693932314, 39.36278943327994], [-85.48180535744687, 39.362789310339856], [-85.48173561485471, 39.36284231443091], [-85.48166516299702, 39.36289649586249], [-85.48163506783564, 39.36282436055779], [-85.4816301169091, 39.362813181004036], [-85.48161772517555, 39.36279029294239], [-85.48177693932314, 39.36278943327994]]], [[[-85.47737023571551, 39.362810351650516], [-85.47750385513113, 39.36280975215278], [-85.47748095909117, 39.36285843450679], [-85.47747140548402, 39.36288135298869], [-85.47747000478243, 39.362885188307125], [-85.47741308181146, 39.362841108120776], [-85.47739915074874, 39.36283080019057], [-85.47737023571551, 39.362810351650516]]], [[[-85.48010130470786, 39.36282910835229], [-85.48009944895527, 39.362822137271095], [-85.48028411595294, 39.36283875939542], [-85.48029115342457, 39.36283934597391], [-85.48042226519178, 39.36284942976561], [-85.48048534889473, 39.36285949988058], [-85.4805511543105, 39.36287418447239], [-85.48061646677286, 39.362894692168375], [-85.48068480801827, 39.362921071659834], [-85.48073503778039, 39.362945026949475], [-85.48076417591334, 39.362963744916854], [-85.48079660073367, 39.36299175202618], [-85.4808174183361, 39.36301772624852], [-85.48083628708945, 39.36304830804957], [-85.48085055970964, 39.36308251859987], [-85.48085712530428, 39.36311029437249], [-85.4808598384241, 39.36313555466238], [-85.48085994969689, 39.36316957760746], [-85.48085795424197, 39.36319160213678], [-85.480851815834, 39.36321444565786], [-85.48084149506296, 39.363240408852256], [-85.48082441326183, 39.36326952382343], [-85.48080365138757, 39.36329684366919], [-85.48077096479663, 39.363329814858275], [-85.48075163093615, 39.36334544102393], [-85.48072534967349, 39.36336178468049], [-85.48069083569224, 39.36337939938296], [-85.48065880261001, 39.3633913160053], [-85.48061438010822, 39.36340359972537], [-85.48057398337122, 39.36341077768079], [-85.48054296082479, 39.363412859355066], [-85.48049681281658, 39.36341264051354], [-85.48045637481555, 39.3634092435571], [-85.48043564394256, 39.36340556335979], [-85.4804030654484, 39.36339621149704], [-85.48036259349603, 39.36338131528959], [-85.48032827925755, 39.36336443526645], [-85.48029680684229, 39.36334496859117], [-85.48026566549908, 39.36332168862408], [-85.48024328234696, 39.363298920396616], [-85.48021368358046, 39.363259633279675], [-85.48018394830639, 39.36320485229085], [-85.48015672620514, 39.36313571398513], [-85.48013455096155, 39.363049816913986], [-85.48011531789375, 39.36295542023696], [-85.48010664203044, 39.36286250217897], [-85.48010130470786, 39.36282910835229]]], [[[-85.47865297505172, 39.362868296061585], [-85.47905751630735, 39.362826168077596], [-85.47902605563154, 39.36295342997467], [-85.47902489815203, 39.36295831006706], [-85.47901912631349, 39.362996920665644], [-85.4790056795221, 39.36306951819359], [-85.47898371009103, 39.36313518811391], [-85.47895371824112, 39.3632088586973], [-85.47892332522098, 39.363263353097], [-85.47889525991336, 39.363303860804486], [-85.47886742683575, 39.36333457298556], [-85.47883883255739, 39.36335756971396], [-85.47879904513498, 39.36338234376242], [-85.47876919987362, 39.363397569067864], [-85.47874382020213, 39.36340668259124], [-85.47870860216143, 39.36341569179844], [-85.47867106791271, 39.36342226589619], [-85.4786283265697, 39.363425420113046], [-85.47859222841126, 39.363425722966895], [-85.47856687881169, 39.363423286713584], [-85.47853023129257, 39.36341793569387], [-85.47850015011286, 39.36341140280037], [-85.47849001829208, 39.363408935772576], [-85.47845681556355, 39.36339792724382], [-85.47843951142858, 39.363391083885006], [-85.47841561357923, 39.36337876891743], [-85.47839244073735, 39.36336412168454], [-85.47836515035777, 39.363343880246795], [-85.47834328901031, 39.363323143065976], [-85.47831855141514, 39.363294811438315], [-85.47830245025843, 39.36327270705698], [-85.47829027177046, 39.363251110792504], [-85.47828001457155, 39.36322730873802], [-85.47827344019697, 39.36320559925648], [-85.4782689995233, 39.36318355547244], [-85.47826670040784, 39.36316370303824], [-85.47826696466427, 39.363150030865164], [-85.4782710371344, 39.36311320822401], [-85.4782742003919, 39.363098916224466], [-85.4782837269881, 39.363072846467674], [-85.4782944623149, 39.36305001905895], [-85.47831419881577, 39.36301992734281], [-85.47832843016471, 39.3630029310809], [-85.47835078450402, 39.362981696349685], [-85.47837243718165, 39.362963857379384], [-85.47839669985062, 39.362947964495135], [-85.47843898751728, 39.3629278355828], [-85.47847210315591, 39.36291391184768], [-85.478527486076, 39.36289538316316], [-85.47859997621205, 39.36287778905045], [-85.47865297505172, 39.362868296061585]]], [[[-85.48005291328629, 39.364085783676785], [-85.48005410380179, 39.3639969815204], [-85.48005639881755, 39.36399782692171], [-85.48009104159321, 39.36400914753933], [-85.48016804386205, 39.36403124802126], [-85.48018458421133, 39.36403505553354], [-85.480126695051, 39.36407980698394], [-85.48011980985638, 39.36408525469], [-85.48005232627081, 39.364139896469176], [-85.48005291328629, 39.364085783676785]]], [[[-85.4790450081644, 39.36402322134064], [-85.47905721565508, 39.36401931373199], [-85.47905539411441, 39.364127941696644], [-85.47904087940096, 39.3641148196661], [-85.47902918214034, 39.36410467808574], [-85.47895816623472, 39.3640456017103], [-85.47903269164928, 39.36402653645595], [-85.4790450081644, 39.36402322134064]]]]}}, {"type": "Feature", "properties": {"SPR_ID": 205, "Unit_Site": "I 70 / SR 109 Exit 115 parcel", "Site_typ": "Interchange", "layer": "Greenfield", "Shape_Area": 9961.75665287, "Site_Score": 14.4, "Final_Rank": 27, "SITE_EVAL": "Poor", "RATIONALE": "Strong solar resource and low flood risk; limited by distance from transmission infrastructure.", "dataset": "row_parcels", "layer_title": "Right-of-Way Parcels", "layer_type": "row", "center_latitude": 39.839421, "center_longitude": -85.55527, "source_geometry_valid": true, "sol_s": 1.0, "slp_s": 0.251978677872646, "trn_s": 0.2224678768127, "fld_s": 1.0, "lc_s": 0.3333333333336, "row_source": "SR_Road"}, "geometry": {"type": "MultiPolygon", "coordinates": [[[[-85.55571709427917, 39.83904240753147], [-85.55582436633192, 39.839039840270985], [-85.55596083843297, 39.83904441701961], [-85.55611175521666, 39.83905253487774], [-85.55628840937919, 39.839065838038714], [-85.55647561854857, 39.8390813012374], [-85.55649063932442, 39.83908233506873], [-85.55662680583987, 39.83908984704234], [-85.55629359891887, 39.839213074284835], [-85.55589763991699, 39.83935841433223], [-85.55589123415278, 39.839360815804945], [-85.55530127972501, 39.83958673597692], [-85.55529796288042, 39.83958801996686], [-85.555058578178, 39.83968169687513], [-85.55487266517004, 39.83975313276493], [-85.55472665988043, 39.839644424488526], [-85.55463111528721, 39.839563313972285], [-85.55472846703546, 39.83948605130514], [-85.55473393108915, 39.839481632641004], [-85.5548840606714, 39.83935797966777], [-85.55494512804437, 39.83930998629438], [-85.55506446676281, 39.839229397949055], [-85.55512441987226, 39.839196693291576], [-85.55517788952771, 39.839170483901434], [-85.55522680452013, 39.83914980276396], [-85.55531285933348, 39.839119387204484], [-85.5554248248247, 39.83908576794912], [-85.55550297411678, 39.83906863655233], [-85.5556039405178, 39.83905114685911], [-85.55571709427917, 39.83904240753147]]], [[[-85.55759593727855, 39.839722984961305], [-85.55764313130666, 39.83970572484745], [-85.55752785323143, 39.8398358169855], [-85.55751114918876, 39.83985623477824], [-85.55746182354983, 39.83992173240389], [-85.55745373621625, 39.839933002757256], [-85.55742554045268, 39.839974177033525], [-85.5574205192388, 39.839969839560275], [-85.557287493253, 39.839861722063134], [-85.55727033859073, 39.83984927914622], [-85.5573027046839, 39.83983735037309], [-85.55731142361404, 39.83983404240406], [-85.55759593727855, 39.839722984961305]]], [[[-85.5540286981662, 39.8400601970792], [-85.55404559518183, 39.84004628708258], [-85.55405288441654, 39.84005247560258], [-85.5540286981662, 39.8400601970792]]], [[[-85.55640349970989, 39.84030349479495], [-85.55646483949934, 39.84029600277094], [-85.55658679544534, 39.84029899715365], [-85.55664135024327, 39.84031307321319], [-85.5567024030229, 39.840343567090606], [-85.55676395500052, 39.84039359260822], [-85.55682160705915, 39.84047264243251], [-85.55683430125389, 39.84053535536805], [-85.55682865931664, 39.84060107818689], [-85.55680873134749, 39.84065594425339], [-85.55679062331893, 39.84068897313074], [-85.55677493780209, 39.840703929293106], [-85.55675032440512, 39.84072663968695], [-85.55669456996819, 39.8407732982281], [-85.55658624117238, 39.84084902675025], [-85.55657361444936, 39.84085822061212], [-85.55642719998856, 39.840969259982835], [-85.55640297041384, 39.84098596662066], [-85.55579179992993, 39.84050584089246], [-85.5558456770427, 39.84048805658652], [-85.55585000485986, 39.84048660587888], [-85.55620100762926, 39.84036719089046], [-85.55640349970989, 39.84030349479495]]]]}}, {"type": "Feature", "properties": {"SPR_ID": 208, "Unit_Site": "Interchange parcel 208", "Site_typ": "Interchange", "layer": "Fort Wayne", "Shape_Area": 9275.87603754, "Site_Score": 69.02, "Final_Rank": 9, "SITE_EVAL": "Fair", "RATIONALE": "Strong low flood risk and land cover suitability; limited by solar resource.", "dataset": "row_parcels", "layer_title": "Right-of-Way Parcels", "layer_type": "row", "center_latitude": 41.266091, "center_longitude": -85.853556, "source_geometry_valid": true, "sol_s": 0.488819179649487, "slp_s": 0.517092313611973, "trn_s": 0.629977779314775, "fld_s": 1.0, "lc_s": 1.0, "row_source": "Recommended"}, "geometry": {"type": "MultiPolygon", "coordinates": [[[[-85.85301312068383, 41.26581917698667], [-85.85374150008182, 41.26581059930798], [-85.85377618919271, 41.26581248861035], [-85.85380358201645, 41.26581668055554], [-85.85385702112299, 41.2658276542117], [-85.85389408132802, 41.26583834047267], [-85.8539162369863, 41.26584737407065], [-85.85397717648796, 41.265884176827164], [-85.85399772592535, 41.26590163993002], [-85.85404710530862, 41.26595533298557], [-85.85405757199186, 41.26596923409301], [-85.85406929501742, 41.26599396581399], [-85.85408233672906, 41.26602644096879], [-85.85408792888526, 41.26605052526535], [-85.85409093956154, 41.26607415690553], [-85.85409103866239, 41.26610843084767], [-85.85408901986101, 41.26612652680457], [-85.85407800687773, 41.2661619602029], [-85.85407242383843, 41.26617265247622], [-85.85404702738124, 41.26620707706302], [-85.85401025625956, 41.26625139403442], [-85.8540059048635, 41.266256031056926], [-85.85398127353693, 41.26627420996174], [-85.85395723791214, 41.266291296767214], [-85.85392884187783, 41.266306435053124], [-85.8539071025928, 41.26631713671459], [-85.85388115583434, 41.26632608774365], [-85.85384140825002, 41.26633709741003], [-85.85382357200538, 41.26634046971258], [-85.85378107292668, 41.26634340819071], [-85.85374111498243, 41.26634419212076], [-85.85369030202665, 41.266339967821146], [-85.85357955330609, 41.26631996345201], [-85.85302465487439, 41.266209927384], [-85.85301312068383, 41.26581917698667]]], [[[-85.854874037665, 41.26643441071958], [-85.85489383247753, 41.26639649383653], [-85.85505762394828, 41.26655778601777], [-85.85523061497373, 41.26672685381714], [-85.8552417490378, 41.266737289029535], [-85.85524576028975, 41.26674084457808], [-85.85533220923449, 41.26681637797817], [-85.85479186852564, 41.26668057855368], [-85.85469908019395, 41.26665722115738], [-85.85472988772901, 41.266624390558746], [-85.85474361995564, 41.26660883866771], [-85.85479292128291, 41.26654942059836], [-85.85480096372432, 41.266539331944436], [-85.85480433348104, 41.26653484726308], [-85.85484929918631, 41.26647389888549], [-85.85486253688809, 41.266454465196354], [-85.854874037665, 41.26643441071958]]], [[[-85.85472819368039, 41.267596962025884], [-85.85472900636091, 41.26757115888531], [-85.85477456751069, 41.26758261851635], [-85.85475838648756, 41.26758730902449], [-85.85473741537082, 41.267593865085786], [-85.85472819368039, 41.267596962025884]]], [[[-85.85307382723836, 41.26787593181659], [-85.85305327865127, 41.267179684262786], [-85.85356035638743, 41.26732950425682], [-85.85363535518316, 41.26735589842378], [-85.85367259055147, 41.26737026789881], [-85.85371310058628, 41.26739064740076], [-85.85375534961759, 41.26741562636076], [-85.85377011125375, 41.26742560692113], [-85.85379462942738, 41.26744914645516], [-85.85381334139907, 41.26746643726267], [-85.85382619393944, 41.26749123879825], [-85.85383956202135, 41.26752028443315], [-85.85385154912649, 41.26756132702609], [-85.85385553061114, 41.2675784603545], [-85.85385481799901, 41.26760104787684], [-85.85385112030663, 41.26764229640997], [-85.85383945038875, 41.26768605254509], [-85.85382784003325, 41.26770776772035], [-85.85381495027814, 41.26772782086765], [-85.85379808089932, 41.267746128353174], [-85.8537716159955, 41.267772793007445], [-85.85375142961662, 41.267787645478236], [-85.85371860667813, 41.267807390240655], [-85.85368855082484, 41.267824214366385], [-85.85365918660665, 41.26783466800418], [-85.85360925604702, 41.26785138967452], [-85.85358209685216, 41.267858294646075], [-85.85356769854147, 41.26786023020622], [-85.85351180023197, 41.26786328284807], [-85.85307382723836, 41.26787593181659]]]]}}, {"type": "Feature", "properties": {"SPR_ID": 212, "Unit_Site": "Interchange parcel 212", "Site_typ": "Interchange", "layer": "Greenfield", "Shape_Area": 33923.3853839, "Site_Score": 87.63, "Final_Rank": 4, "SITE_EVAL": "Good", "RATIONALE": "Strong transmission access and low flood risk; limited by slope.", "dataset": "row_parcels", "layer_title": "Right-of-Way Parcels", "layer_type": "row", "center_latitude": 39.933411, "center_longitude": -86.342369, "source_geometry_valid": true, "sol_s": 0.594803138546257, "slp_s": 0.454530952062653, "trn_s": 1.0, "fld_s": 1.0, "lc_s": 0.9999999999998, "row_source": "Recommended"}, "geometry": {"type": "MultiPolygon", "coordinates": [[[[-86.33834456775321, 39.93147955809948], [-86.3388484932057, 39.9314490261975], [-86.33927070015035, 39.931959866965], [-86.33980348921514, 39.93260710278412], [-86.33951191011823, 39.93245265301384], [-86.33948330355405, 39.93243875010159], [-86.33947521271745, 39.93243524334393], [-86.33894307951239, 39.932210435217584], [-86.3389092653334, 39.93219760707379], [-86.33821510612543, 39.93196293843042], [-86.33818940818408, 39.93195500367583], [-86.33818446489009, 39.93195364471152], [-86.33766287901321, 39.93181304877186], [-86.33763332815053, 39.93180599466611], [-86.33714952474693, 39.93170512204061], [-86.33733826148806, 39.93167072569931], [-86.33734220673207, 39.93166999232536], [-86.33834456775321, 39.93147955809948]]], [[[-86.34041034491446, 39.93167057394898], [-86.34034814586852, 39.931595527020875], [-86.34066004359838, 39.93167144458439], [-86.34113430514319, 39.93184803701133], [-86.34162067791546, 39.9321076432199], [-86.34188912034956, 39.93226220865357], [-86.34213535335842, 39.93248068642256], [-86.34214325232028, 39.932487502107556], [-86.34238539317104, 39.93269068090376], [-86.34280753132651, 39.9332723353252], [-86.34297900866315, 39.93358694285675], [-86.34311096094005, 39.93400508215355], [-86.34323845997692, 39.93478483227907], [-86.34330180586873, 39.935157349842285], [-86.3430812456445, 39.93489669745209], [-86.34197008955367, 39.93354920301966], [-86.34041034491446, 39.93167057394898]]]]}}, {"type": "Feature", "properties": {"SPR_ID": 213, "Unit_Site": "Interchange parcel 213", "Site_typ": "Interchange", "layer": "Crawfordsville", "Shape_Area": 66742.0634828, "Site_Score": 39.11, "Final_Rank": 17, "SITE_EVAL": "Poor", "RATIONALE": "Strong low flood risk and transmission access; limited by solar resource.", "dataset": "row_parcels", "layer_title": "Right-of-Way Parcels", "layer_type": "row", "center_latitude": 40.375314, "center_longitude": -86.78295, "source_geometry_valid": true, "sol_s": 0.365988555663543, "slp_s": 0.558815013229168, "trn_s": 0.650138675121503, "fld_s": 1.0, "lc_s": 0.5384615384621, "row_source": "Recommended"}, "geometry": {"type": "MultiPolygon", "coordinates": [[[[-86.78471234070877, 40.37440007105499], [-86.78620797962571, 40.37437754054765], [-86.7862346552395, 40.37467970464067], [-86.78626082608594, 40.37504886294717], [-86.78628059306548, 40.37541821119632], [-86.78629403548021, 40.37578983426812], [-86.78629433296157, 40.37579597459176], [-86.78630856233035, 40.37603077718729], [-86.78630771971422, 40.3760756333663], [-86.78630347399617, 40.37611373265892], [-86.78628977224109, 40.37618694947783], [-86.78627682450626, 40.376236264463955], [-86.78626419667222, 40.37627007880074], [-86.7862509391034, 40.3762955305286], [-86.78623496133591, 40.37631954746592], [-86.78621905370545, 40.376339259932294], [-86.78620967643482, 40.3763490635321], [-86.78619724643629, 40.37636052098306], [-86.78618389945197, 40.37637138933711], [-86.78617253644728, 40.3763795784166], [-86.78615068922286, 40.376392975249395], [-86.7861095596384, 40.37641443569225], [-86.78606703350442, 40.376434591706776], [-86.7860293607309, 40.37644953404923], [-86.78592967548045, 40.37648378455221], [-86.78588682257661, 40.37649624062876], [-86.78586440349794, 40.3765012136427], [-86.78584109557079, 40.376504524609835], [-86.7858120413484, 40.37650671139208], [-86.78576794911226, 40.376506903601296], [-86.78572415580362, 40.376503467439804], [-86.78568635867639, 40.376497762144055], [-86.7856455396503, 40.37648881152473], [-86.78560199329368, 40.37647622512526], [-86.78556290794313, 40.37646293345215], [-86.78553003796978, 40.376449949695356], [-86.78550342275688, 40.376437855026914], [-86.78547790146328, 40.37642479028829], [-86.78544504954164, 40.376405755057725], [-86.78542366124188, 40.376391409658424], [-86.7853909926464, 40.37636509801761], [-86.78537332863363, 40.3763479675674], [-86.78535619663162, 40.376328382192554], [-86.78534350828954, 40.37631095465953], [-86.78532411730335, 40.376279734202875], [-86.7853049041769, 40.37624295809613], [-86.78526436176783, 40.37615101865944], [-86.78521389723902, 40.376036430556304], [-86.78516723168967, 40.37592414052726], [-86.78510942125283, 40.375774779409454], [-86.78508959205261, 40.3757173160811], [-86.78504353269074, 40.37555823150338], [-86.78503688168016, 40.37553675560768], [-86.78471234070877, 40.37440007105499]]], [[[-86.78336963943308, 40.374420296670046], [-86.78348165335613, 40.37441860999918], [-86.78389574241395, 40.37601909710652], [-86.78391595620994, 40.37614505023457], [-86.78393045832448, 40.376276784703094], [-86.78393833184023, 40.37640852480138], [-86.78393961656094, 40.37654365536331], [-86.78393865231936, 40.376609498234814], [-86.7839365487854, 40.37663814177346], [-86.78393103273099, 40.37667336826838], [-86.78392282748527, 40.37670889695219], [-86.78390846512517, 40.3767542692992], [-86.78388868083428, 40.376802441482965], [-86.78387391082866, 40.37683270102398], [-86.783860172377, 40.376857178581815], [-86.78383483841863, 40.37689539151913], [-86.78380812367057, 40.37692885311789], [-86.78377273064794, 40.37696667785877], [-86.78374835706629, 40.37698966341359], [-86.783713978903, 40.37701917904315], [-86.78367703168716, 40.377048622287774], [-86.78365010360221, 40.37706808134539], [-86.7836033230533, 40.377097639506005], [-86.78357001590793, 40.37711601090931], [-86.78353730437081, 40.377131946428186], [-86.78348350576742, 40.3771543020591], [-86.78344599492651, 40.37716766724996], [-86.78340201334849, 40.377181358154715], [-86.78333892757668, 40.37719806647226], [-86.78329443083574, 40.37720781484431], [-86.7832525811529, 40.3772153383825], [-86.78318674932385, 40.37722396922377], [-86.7831170972533, 40.377228529712376], [-86.78304505422716, 40.3772285477378], [-86.78299510351664, 40.377225710716445], [-86.78294557639673, 40.377220460002015], [-86.78286878543865, 40.377207796660585], [-86.78282819696649, 40.37719930134646], [-86.78279479595184, 40.37719106276613], [-86.78273682614758, 40.37717366701438], [-86.78268086432146, 40.37715314971415], [-86.78264856372942, 40.37713937700376], [-86.7826148651555, 40.37712330791327], [-86.7825826165767, 40.37710618926396], [-86.78255001050259, 40.37708705006993], [-86.78251965947997, 40.3770674484307], [-86.78248918755686, 40.37704588525239], [-86.78246046233005, 40.37702368930184], [-86.78243404762569, 40.37700136435468], [-86.782408748633, 40.37697790544002], [-86.78238484257065, 40.37695355903151], [-86.7823624081355, 40.376928396450815], [-86.78234149577231, 40.37690248265999], [-86.78232202222718, 40.37687569768072], [-86.78230449534301, 40.3768487361784], [-86.78228938901435, 40.376822591860375], [-86.7822773458802, 40.37679890020702], [-86.78226109707259, 40.37676062644442], [-86.78224919227368, 40.376724707756395], [-86.78223693614481, 40.37667058530806], [-86.7822330679213, 40.376638639493834], [-86.78223036965093, 40.37658285212192], [-86.78216271769085, 40.374609794185886], [-86.78216046767528, 40.374475206800376], [-86.78221604091738, 40.37446201207403], [-86.78227460947122, 40.37445182212534], [-86.78232412896001, 40.374446717930326], [-86.78238899716709, 40.37444498321035], [-86.78238986893581, 40.37444496142678], [-86.78336963943308, 40.374420296670046]]], [[[-86.78561749249688, 40.377565188249456], [-86.78549598712776, 40.37714032133964], [-86.78550173955351, 40.377141384284194], [-86.78557695536468, 40.37715273662269], [-86.78558555453809, 40.37715396520509], [-86.7856163881834, 40.37715724946469], [-86.78570318303242, 40.37716405912277], [-86.78574713887934, 40.3771657793399], [-86.78574958446293, 40.37716577396054], [-86.7858368426761, 40.37716539503204], [-86.78587659166676, 40.37716381544623], [-86.78591127844219, 40.377161203930925], [-86.78580194587346, 40.37730389105574], [-86.78580054644844, 40.3773057308459], [-86.78579836018609, 40.37730866109415], [-86.78571139246698, 40.37742663316133], [-86.78570396351172, 40.37743715205532], [-86.78561883734206, 40.37756310331009], [-86.78561749249688, 40.377565188249456]]], [[[-86.7842912488077, 40.37751057592475], [-86.7843127564645, 40.377493437290944], [-86.7845029076816, 40.378165136842846], [-86.78446771463231, 40.37814566994127], [-86.78445391254941, 40.37813834496159], [-86.78437788885142, 40.37809965556702], [-86.78436537764306, 40.3780935240001], [-86.78426006310099, 40.37804385084496], [-86.78424931858528, 40.378038946010896], [-86.78424709874386, 40.378037971578436], [-86.78401775175793, 40.377938091790746], [-86.78401199550974, 40.37793562963618], [-86.7838870150541, 40.37788312205208], [-86.78387994084194, 40.37788021507617], [-86.7837394855638, 40.37782378733728], [-86.78373278510846, 40.37782115222826], [-86.78368625011754, 40.37780324409138], [-86.78369473322743, 40.37780099684677], [-86.78370109422238, 40.37779926906714], [-86.7837161601022, 40.37779482958092], [-86.78378059528846, 40.37777477125826], [-86.78380010068358, 40.37776826614287], [-86.78385931811843, 40.37774716826971], [-86.78388307641295, 40.37773800977027], [-86.78396171995662, 40.37770532897686], [-86.78397143313198, 40.377701166851395], [-86.78398747455053, 40.37769372278102], [-86.78404328088268, 40.37766653722976], [-86.78406383261577, 40.37765587717741], [-86.78411868623785, 40.37762562127608], [-86.78414107325167, 40.37761239611208], [-86.78420982362755, 40.37756895591073], [-86.78421234264955, 40.3775673524683], [-86.78423129939716, 40.377554439811796], [-86.78427630591813, 40.37752191586433], [-86.7842912488077, 40.37751057592475]]]]}}, {"type": "Feature", "properties": {"SPR_ID": 215, "Unit_Site": "Interchange parcel 215", "Site_typ": "Interchange", "layer": "Crawfordsville", "Shape_Area": 11826.0037772, "Site_Score": 18.86, "Final_Rank": 23, "SITE_EVAL": "Poor", "RATIONALE": "Strong low flood risk and land cover suitability; limited by slope.", "dataset": "row_parcels", "layer_title": "Right-of-Way Parcels", "layer_type": "row", "center_latitude": 40.604642, "center_longitude": -86.979996, "source_geometry_valid": true, "sol_s": 0.423762729407432, "slp_s": 0.11171673158655, "trn_s": 0.426923319942688, "fld_s": 1.0, "lc_s": 1.0, "row_source": "Recommended"}, "geometry": {"type": "MultiPolygon", "coordinates": [[[[-86.97852508419827, 40.605115747774946], [-86.97852931051293, 40.60499930547167], [-86.9786141046131, 40.605117342643396], [-86.97852508419827, 40.605115747774946]]], [[[-86.97997144991187, 40.60514149278831], [-86.97918094074227, 40.604052129776576], [-86.97918947468442, 40.60405611593289], [-86.97919559659424, 40.60405875843325], [-86.97963583987989, 40.604245266219536], [-86.97964415182652, 40.604248697357285], [-86.97993464713907, 40.604365499394184], [-86.98019699484512, 40.604487773261845], [-86.98033632090527, 40.60458867375793], [-86.98043000509288, 40.60469480140768], [-86.98051804957845, 40.604851991136734], [-86.98054877198211, 40.60492251224931], [-86.98056361083673, 40.605065637570085], [-86.98055925849296, 40.605151914666955], [-86.97997144991187, 40.60514149278831]]], [[[-86.98055104175828, 40.605973466079035], [-86.9804384366335, 40.60580870571016], [-86.98054730293305, 40.60581063577556], [-86.98055104175828, 40.605973466079035]]], [[[-86.97850761419996, 40.60585328523443], [-86.97850868674634, 40.605774389472394], [-86.97909362239626, 40.605784869624856], [-86.97944134268842, 40.60626896707027], [-86.97986487742037, 40.606858174872464], [-86.97946572003193, 40.606685172420974], [-86.97945219211954, 40.60667955119223], [-86.97909150892012, 40.60653593936487], [-86.97893905036007, 40.60646227148021], [-86.97876741344986, 40.60634056825486], [-86.97862754848026, 40.60620937802382], [-86.9785805547556, 40.60614172812576], [-86.97853672283591, 40.606015642850096], [-86.97850761419996, 40.60585328523443]]]]}}, {"type": "Feature", "properties": {"SPR_ID": 216, "Unit_Site": "Interchange parcel 216", "Site_typ": "Interchange", "layer": "La Porte", "Shape_Area": 13077.0230693, "Site_Score": 14.31, "Final_Rank": 28, "SITE_EVAL": "Poor", "RATIONALE": "Strong low flood risk and land cover suitability; limited by distance from transmission infrastructure.", "dataset": "row_parcels", "layer_title": "Right-of-Way Parcels", "layer_type": "row", "center_latitude": 40.809122, "center_longitude": -87.155025, "source_geometry_valid": true, "sol_s": 0.357986630236292, "slp_s": 0.276856188774527, "trn_s": 0.189393328963769, "fld_s": 1.0, "lc_s": 1.0, "row_source": "Recommended"}, "geometry": {"type": "MultiPolygon", "coordinates": [[[[-87.15319238545645, 40.80823059254746], [-87.15279192604751, 40.80798148081056], [-87.15368565292056, 40.808219160582226], [-87.15369237342551, 40.80853437196935], [-87.15319238545645, 40.80823059254746]]], [[[-87.15457100734075, 40.80907657772222], [-87.15455762450453, 40.808449286384594], [-87.15457879230561, 40.808454852328026], [-87.1546635757942, 40.8084784825069], [-87.15471151689982, 40.80849415884734], [-87.15477692125727, 40.80851865001672], [-87.15483198130377, 40.80854217490178], [-87.15488208786668, 40.808566199176575], [-87.15494389753553, 40.808599339665605], [-87.154985521272, 40.808624456310255], [-87.15506200636452, 40.808675320231096], [-87.15512012489961, 40.808722502683125], [-87.15515244358339, 40.80875098205002], [-87.15518645442627, 40.808783641794115], [-87.15521863522534, 40.808817541762416], [-87.15523938911694, 40.8088412936683], [-87.15527208047239, 40.808882099777236], [-87.15529951714831, 40.80892034281461], [-87.15532525418443, 40.8089608384649], [-87.1553513632603, 40.80900782425667], [-87.15549676096501, 40.80928923425326], [-87.15564671846846, 40.80962130369059], [-87.15564939603144, 40.809627057431804], [-87.15565082447235, 40.80962999588988], [-87.15567196488699, 40.80967285429046], [-87.15567730057454, 40.809683142943314], [-87.1557549672318, 40.80982583147303], [-87.15561393503731, 40.80973825433826], [-87.15470803023018, 40.80916657670677], [-87.15457100734075, 40.80907657772222]]], [[[-87.15274338016563, 40.809268915088275], [-87.1526233640715, 40.80905425551207], [-87.15352160701477, 40.80960335821806], [-87.15353477589285, 40.80961109614139], [-87.1537175280338, 40.809714285184675], [-87.15373000455394, 40.81029946100594], [-87.1536727909738, 40.810281876895004], [-87.15361765479764, 40.81026229009578], [-87.15356546995828, 40.81024126248134], [-87.1535027347657, 40.81021280422904], [-87.15344307430344, 40.81018190414481], [-87.1533851635003, 40.81014773881337], [-87.1532966422472, 40.810089019031594], [-87.15323882869694, 40.81004139925421], [-87.15321052356327, 40.8100159985497], [-87.15316971659767, 40.80997595845392], [-87.15314388811706, 40.809947891522846], [-87.15310891311427, 40.80990618429266], [-87.15306536020603, 40.809845963285255], [-87.15303885919074, 40.80980328448166], [-87.15274338016563, 40.809268915088275]]], [[[-87.15460217727485, 40.81053751811952], [-87.15459645269672, 40.81026921028467], [-87.15532362279492, 40.81072623101658], [-87.15471395450673, 40.81055746993], [-87.15467782305761, 40.81054881252785], [-87.15464009996096, 40.810542486853734], [-87.15460217727485, 40.81053751811952]]]]}}, {"type": "Feature", "properties": {"SPR_ID": 218, "Unit_Site": "Interchange parcel 218", "Site_typ": "Interchange", "layer": "Fort Wayne", "Shape_Area": 50381.6541017, "Site_Score": 53.43, "Final_Rank": 13, "SITE_EVAL": "Fair", "RATIONALE": "Strong low flood risk and land cover suitability; limited by solar resource.", "dataset": "row_parcels", "layer_title": "Right-of-Way Parcels", "layer_type": "row", "center_latitude": 41.16069, "center_longitude": -85.062371, "source_geometry_valid": true, "sol_s": 0.507068951135505, "slp_s": 0.568629198503455, "trn_s": 0.582654093697747, "fld_s": 1.0, "lc_s": 0.5924528301883, "row_source": "Recommended"}, "geometry": {"type": "MultiPolygon", "coordinates": [[[[-85.06038086988417, 41.157855105949075], [-85.06055938566331, 41.15780149846511], [-85.06051010226143, 41.15794563170712], [-85.06050286236204, 41.15797084186598], [-85.06049725393731, 41.158005593005925], [-85.06048324610248, 41.15816060492965], [-85.0604822340002, 41.1581830439594], [-85.06048246264159, 41.158193719649205], [-85.06048747878496, 41.158310644019096], [-85.06049045340842, 41.158339827305646], [-85.06051464080676, 41.15848977556056], [-85.05921174881294, 41.15809672485992], [-85.0592159398904, 41.15809613526653], [-85.05956590603952, 41.15804421383943], [-85.05959533274411, 41.158039042348015], [-85.05993937135094, 41.15796898459252], [-85.05996715784791, 41.15796256848506], [-85.06036112124137, 41.15786062261798], [-85.06036900505605, 41.15785851801015], [-85.06038086988417, 41.157855105949075]]], [[[-85.0620913412965, 41.15754253861198], [-85.06219780426359, 41.15754329179782], [-85.06231286518432, 41.157548158186245], [-85.06242216431079, 41.157558833587494], [-85.06247910491123, 41.15757038790237], [-85.06258389312869, 41.15760784879724], [-85.06269367262263, 41.15766934576936], [-85.06277262024312, 41.15772632468349], [-85.06287356662497, 41.15781610349588], [-85.06295437349878, 41.15790097312279], [-85.06298642948632, 41.15795996521236], [-85.06301117675066, 41.158032901034844], [-85.06302545869153, 41.15810665250761], [-85.0630559599844, 41.15827922380705], [-85.06307493829763, 41.15838796113479], [-85.0631150872498, 41.158710843563526], [-85.06311680297223, 41.15872243418452], [-85.06316989045249, 41.15903144141208], [-85.0631728828026, 41.15904622317162], [-85.06317877510521, 41.159067390340205], [-85.06318649371161, 41.15908821892909], [-85.06324219615338, 41.15922151531729], [-85.06325152518018, 41.15924415713498], [-85.06325343620416, 41.15927275230117], [-85.06274618903792, 41.15907445363273], [-85.06271511342737, 41.15906345441716], [-85.06209545026779, 41.15886621675975], [-85.06196966528687, 41.15882487656557], [-85.06182404685981, 41.158773125032944], [-85.06171854457607, 41.15872037686046], [-85.06161586934377, 41.15864486521771], [-85.0615471615371, 41.15858890188669], [-85.06147121779932, 41.158500367927076], [-85.06140273515213, 41.15842112715437], [-85.06137311240298, 41.15836870048286], [-85.06135793965652, 41.158274650299255], [-85.06135426255801, 41.15818894615933], [-85.06136402482753, 41.158080901420405], [-85.0614033409546, 41.15796591152732], [-85.06143597685559, 41.15789123748226], [-85.06154239617109, 41.15777161348375], [-85.06160459636007, 41.1577158723189], [-85.0616969042845, 41.157653269074956], [-85.06176665467729, 41.15762299062952], [-85.06190669708528, 41.15757110413974], [-85.0619749617038, 41.157554436699684], [-85.0620913412965, 41.15754253861198]]], [[[-85.06428390532612, 41.15962424448684], [-85.06426763109089, 41.15936735404682], [-85.06432294044541, 41.159433302992866], [-85.0643398639236, 41.15945202541577], [-85.06455183184028, 41.15966999992245], [-85.06456951449103, 41.159686985856254], [-85.06460509979966, 41.15971886901973], [-85.06441222397461, 41.15966204705586], [-85.06428390532612, 41.15962424448684]]], [[[-85.05989552447659, 41.159194601888935], [-85.05984369331105, 41.15914665196315], [-85.06104364348528, 41.15950888842026], [-85.06140236892942, 41.15961678478153], [-85.06123001044607, 41.15971656679529], [-85.06121489740815, 41.1597257258439], [-85.06119981495505, 41.1597357474031], [-85.06109783304538, 41.159806719016295], [-85.0610778680558, 41.15982153669068], [-85.06105920188618, 41.15983729317464], [-85.06104821190893, 41.15984760520674], [-85.06090916456559, 41.15998358590106], [-85.06089205950857, 41.16000152859485], [-85.06087658547912, 41.1600202995018], [-85.06086255950461, 41.160040202689665], [-85.06075956840871, 41.16019924828244], [-85.06075555744357, 41.160206376653264], [-85.06042612970438, 41.159793864296226], [-85.06042141801102, 41.15978809862767], [-85.06013542147652, 41.159446072160634], [-85.06012050689567, 41.15942938799259], [-85.05991151445339, 41.15921034042571], [-85.05989552447659, 41.159194601888935]]], [[[-85.06436926231468, 41.16097161908587], [-85.06434151896589, 41.16053370734058], [-85.06518183950901, 41.16075406790322], [-85.06520016901091, 41.16075929117891], [-85.06593346985487, 41.16098028621492], [-85.06558672070851, 41.161015623796395], [-85.0655692868054, 41.16101767280237], [-85.06555750428757, 41.16101936998854], [-85.06520858902651, 41.16107338718655], [-85.0651794902072, 41.161078684512454], [-85.06483640588424, 41.16115065100688], [-85.06481109121884, 41.16115659370832], [-85.06442150699321, 41.16125795996885], [-85.06438898573353, 41.16126610801619], [-85.06436926231468, 41.16097161908587]]], [[[-85.0621820120035, 41.160067215894415], [-85.06236595882483, 41.16006122131371], [-85.06245929935929, 41.16006948711481], [-85.06264492383909, 41.16009785610777], [-85.06284304393071, 41.160137505885444], [-85.06302090075424, 41.16018314117334], [-85.06323867009088, 41.160241646106876], [-85.06323716042522, 41.16025353105381], [-85.06323537907795, 41.16027468173407], [-85.06322238477682, 41.16058766555443], [-85.06322217447321, 41.16059650627488], [-85.06322139818691, 41.16072622521089], [-85.06320621172416, 41.16080129412608], [-85.063170603556, 41.160909726606356], [-85.06314149402694, 41.1609738606511], [-85.06311382244616, 41.161015352032805], [-85.06308956759952, 41.16104001852063], [-85.0629870972777, 41.16112587082567], [-85.06294709340902, 41.16115914812543], [-85.06291152352276, 41.16117995195078], [-85.06285991081171, 41.16121040018998], [-85.06270459770181, 41.16127990851194], [-85.06257630237913, 41.16131248467784], [-85.06248454130548, 41.16132955512066], [-85.06237455913973, 41.16133562001237], [-85.06218600152498, 41.16132291081873], [-85.06202097477491, 41.16128537065407], [-85.06192387754348, 41.161247564908514], [-85.06185162120538, 41.16121529515708], [-85.06174959613755, 41.161144077550766], [-85.06168622516215, 41.16108512275313], [-85.06161170412955, 41.16099508611846], [-85.06156121703926, 41.160916772605354], [-85.06154115312302, 41.16086223707575], [-85.06152296631349, 41.16078671914035], [-85.0615191332749, 41.16065450147638], [-85.0615295274409, 41.160555879119045], [-85.06156231991214, 41.16045806348138], [-85.06162592132692, 41.1603598441372], [-85.06171533113799, 41.16027240407597], [-85.06177568907603, 41.1602303985811], [-85.0619183219245, 41.16014782556257], [-85.06208198638078, 41.160090987976425], [-85.0621820120035, 41.160067215894415]]]]}}, {"type": "Feature", "properties": {"SPR_ID": 220, "Unit_Site": "Interchange parcel 220", "Site_typ": "Interchange", "layer": "La Porte", "Shape_Area": 20168.550359, "Site_Score": 16.97, "Final_Rank": 25, "SITE_EVAL": "Poor", "RATIONALE": "Strong low flood risk and land cover suitability; limited by solar resource.", "dataset": "row_parcels", "layer_title": "Right-of-Way Parcels", "layer_type": "row", "center_latitude": 40.729961, "center_longitude": -86.309896, "source_geometry_valid": true, "sol_s": 0.178423462529714, "slp_s": 0.357866761731921, "trn_s": 0.339788917551258, "fld_s": 1.0, "lc_s": 1.0, "row_source": "Recommended"}, "geometry": {"type": "Polygon", "coordinates": [[[-86.30754723929762, 40.72968489392553], [-86.30569060800069, 40.72932380034185], [-86.30671796637955, 40.72935315645188], [-86.30806195442341, 40.72941901376724], [-86.3090946120683, 40.72955452390189], [-86.31036436704558, 40.72981396443313], [-86.31124180964156, 40.73006043226885], [-86.31195179148466, 40.73026304968443], [-86.31226164564583, 40.73035628009993], [-86.31226670685713, 40.73065510088967], [-86.3118709086319, 40.73057502413387], [-86.31079873062701, 40.73035119819706], [-86.30962040404913, 40.73010912922481], [-86.30842486772754, 40.729861225580315], [-86.30842155896029, 40.729860549031166], [-86.30755056364609, 40.72968555077436], [-86.30754723929762, 40.72968489392553]]]}}, {"type": "Feature", "properties": {"SPR_ID": 222, "Unit_Site": "Interchange parcel 222", "Site_typ": "Interchange", "layer": "La Porte", "Shape_Area": 14537.4871223, "Site_Score": 1.13, "Final_Rank": 31, "SITE_EVAL": "Poor", "RATIONALE": "Strong low flood risk and slope; limited by solar resource.", "dataset": "row_parcels", "layer_title": "Right-of-Way Parcels", "layer_type": "row", "center_latitude": 40.731448, "center_longitude": -86.308515, "source_geometry_valid": true, "sol_s": 0.11128615898373, "slp_s": 0.403142606631493, "trn_s": 0.325541654666368, "fld_s": 1.0, "lc_s": 0.2, "row_source": "Recommended"}, "geometry": {"type": "Polygon", "coordinates": [[[-86.30785528493807, 40.73079052200324], [-86.30785298144369, 40.73067123032472], [-86.3095403998332, 40.73102071540144], [-86.30851749100223, 40.732197919474814], [-86.30829688350448, 40.7321788507696], [-86.30797378737564, 40.73183615177414], [-86.30785361492141, 40.73158959479956], [-86.30786624064123, 40.731305547705794], [-86.30785528493807, 40.73079052200324]]]}}, {"type": "Feature", "properties": {"SPR_ID": 223, "Unit_Site": "Interchange parcel 223", "Site_typ": "Interchange", "layer": "Crawfordsville", "Shape_Area": 89482.500192, "Site_Score": 20.69, "Final_Rank": 22, "SITE_EVAL": "Poor", "RATIONALE": "Strong low flood risk and land cover suitability; limited by distance from transmission infrastructure.", "dataset": "row_parcels", "layer_title": "Right-of-Way Parcels", "layer_type": "row", "center_latitude": 40.353645, "center_longitude": -87.349543, "source_geometry_valid": true, "sol_s": 0.418836465029336, "slp_s": 0.508509988464792, "trn_s": 0.069602444585154, "fld_s": 1.0, "lc_s": 1.0, "row_source": "Recommended"}, "geometry": {"type": "MultiPolygon", "coordinates": [[[[-87.34798142597857, 40.34827952566733], [-87.34797659767845, 40.34798019944142], [-87.34865443469656, 40.348874228990745], [-87.34866335225439, 40.348885466351184], [-87.34867174357215, 40.34889558184616], [-87.34854226880879, 40.34908290821181], [-87.34853300190252, 40.34909713648574], [-87.34813516668055, 40.34974676224019], [-87.34812045841063, 40.34977385852361], [-87.34811796964594, 40.349779233713214], [-87.34794533677965, 40.35016263730661], [-87.34798141174136, 40.348288440345264], [-87.34798145745788, 40.34828358873628], [-87.34798142597857, 40.34827952566733]]], [[[-87.3492174521963, 40.350063385819524], [-87.34940809930507, 40.3497563196742], [-87.34946299624286, 40.34981975267695], [-87.35028512681835, 40.351027873647396], [-87.35045508840598, 40.351504573044465], [-87.35057439547744, 40.35201631482345], [-87.3505973363719, 40.35292572656239], [-87.35059868590169, 40.35294619233038], [-87.35060639380278, 40.353018376096685], [-87.35057955886397, 40.353175983722736], [-87.34995095840954, 40.35549575844752], [-87.34994853532963, 40.355505422762434], [-87.34994324756201, 40.35553750978434], [-87.34988454215551, 40.35612485339277], [-87.34988328938935, 40.35614996407549], [-87.34988431979976, 40.35617274076985], [-87.34992363322579, 40.356606692319055], [-87.34937501697429, 40.355794781379664], [-87.349017925499, 40.355077320088306], [-87.34869292780024, 40.35411446403674], [-87.34854688513047, 40.352961120871164], [-87.34859140348814, 40.352123520652974], [-87.34879476054181, 40.35120002042138], [-87.34902046979357, 40.35051307873282], [-87.3492174521963, 40.350063385819524]]]]}}, {"type": "Feature", "properties": {"SPR_ID": 225, "Unit_Site": "Interchange parcel 225", "Site_typ": "Interchange", "layer": "Fort Wayne", "Shape_Area": 65696.390597, "Site_Score": 8.68, "Final_Rank": 29, "SITE_EVAL": "Poor", "RATIONALE": "Strong low flood risk and solar resource; limited by land cover suitability.", "dataset": "row_parcels", "layer_title": "Right-of-Way Parcels", "layer_type": "row", "center_latitude": 41.112896, "center_longitude": -84.927423, "source_geometry_valid": true, "sol_s": 0.44041880814572, "slp_s": 0.367524268397375, "trn_s": 0.389462747594754, "fld_s": 1.0, "lc_s": 0.2, "row_source": "Recommended"}, "geometry": {"type": "MultiPolygon", "coordinates": [[[[-84.92649111627733, 41.11187647953232], [-84.92649672215138, 41.11187587159435], [-84.92632657735317, 41.111944385988274], [-84.92632202781468, 41.111946243329605], [-84.92615747542729, 41.112014415012574], [-84.92615436903274, 41.11201571376422], [-84.92599943851414, 41.11208114554106], [-84.92599687215987, 41.112082237840006], [-84.9258503250162, 41.11214511731431], [-84.92571183600884, 41.11220510899838], [-84.9255826900926, 41.112261384881805], [-84.92546265909468, 41.112313552673534], [-84.92535003247653, 41.11236200222612], [-84.92529064192662, 41.1123874100203], [-84.92527811040507, 41.11201639437982], [-84.92537853035812, 41.112005157339105], [-84.92538674542456, 41.11200417762149], [-84.92544827606535, 41.11199638147723], [-84.92552403587632, 41.11198757339377], [-84.92561218973358, 41.11197721948444], [-84.92570630568103, 41.11196685850286], [-84.9257088621669, 41.11196657128111], [-84.92580980715393, 41.11195499473902], [-84.92591399736723, 41.11194273976102], [-84.92602175868136, 41.111930122957176], [-84.92613247385069, 41.111917154819466], [-84.9262470992574, 41.111904211950396], [-84.92636707966378, 41.1118906087795], [-84.92649111627733, 41.11187647953232]]], [[[-84.93013937704715, 41.11172930724264], [-84.9302307462235, 41.111708579874936], [-84.9301419741084, 41.111758656330224], [-84.9301361113082, 41.11176202235417], [-84.93001066077026, 41.11183531500958], [-84.9300036625383, 41.1118394910872], [-84.9298806119646, 41.11191447326261], [-84.92987477692458, 41.11191809197523], [-84.92975352771268, 41.11199463582471], [-84.92963292039772, 41.11207105777628], [-84.92963131380168, 41.11207208094111], [-84.92951229544458, 41.11214829714069], [-84.92939362771662, 41.11222445106375], [-84.92927630211665, 41.11230037138685], [-84.92916102833597, 41.112375266527664], [-84.92904775694956, 41.112448852775856], [-84.92893672843898, 41.11252048954269], [-84.92882613530978, 41.112590809063136], [-84.92871557945314, 41.11266073102486], [-84.92860654119926, 41.11273037032519], [-84.9286035872798, 41.11273227447078], [-84.92849808491172, 41.112800886486134], [-84.92839500650847, 41.1128681170584], [-84.92829531241422, 41.11293274136974], [-84.9281970811165, 41.112995646302984], [-84.92810025690164, 41.11305754333346], [-84.92800631122323, 41.11311780771448], [-84.9279147818648, 41.11317648157731], [-84.92782618350354, 41.11323363543803], [-84.927742109059, 41.11328807748381], [-84.92766183385518, 41.11333967488791], [-84.9275851274619, 41.113389203539874], [-84.92751423712657, 41.11343507807951], [-84.92744970461676, 41.113476508423766], [-84.92738922410439, 41.1135146717664], [-84.92733422691799, 41.113549575860134], [-84.92728431542692, 41.11358117842801], [-84.9271919061216, 41.11364029703822], [-84.92710478075506, 41.11369651036634], [-84.92702459037415, 41.11374806741034], [-84.92696026200367, 41.11378847882604], [-84.92690344630479, 41.11382298608177], [-84.92685427586882, 41.11385002611543], [-84.92680616548344, 41.113874262338285], [-84.9267614049129, 41.11389525678794], [-84.92672010390667, 41.11391368518664], [-84.92667011089785, 41.11393378375489], [-84.926606711006, 41.11395770139286], [-84.92652944193301, 41.11398343825133], [-84.92648127493683, 41.113998040061766], [-84.9264222025952, 41.114014364939756], [-84.92636347549877, 41.11402857479605], [-84.92629906063912, 41.11404159863196], [-84.92623085217237, 41.11405395063312], [-84.92616281432578, 41.11406417364983], [-84.92609390759382, 41.11407241199371], [-84.92602294283222, 41.11407845599624], [-84.9259478752293, 41.114082680458445], [-84.92586942725124, 41.114085554151174], [-84.92578772051102, 41.11408733776602], [-84.92570567212094, 41.114089078239324], [-84.92562819671613, 41.114090604686844], [-84.92555399682736, 41.11409193247738], [-84.9254863081771, 41.11409329464565], [-84.92537172015906, 41.114095130562674], [-84.92534833072702, 41.11409545860773], [-84.92532464671967, 41.11339421736505], [-84.92540400397696, 41.113359082032225], [-84.92546411848491, 41.113333630483645], [-84.9255228742078, 41.11330934608636], [-84.92558548038053, 41.11328331965808], [-84.92559226919299, 41.11328043712464], [-84.92567937149582, 41.11324267858521], [-84.9257308779053, 41.11322057836901], [-84.92578836809346, 41.11319585670666], [-84.92585043805836, 41.11316937821874], [-84.92591777348628, 41.1131409633925], [-84.92599034015885, 41.113110374711596], [-84.9260656839259, 41.113078505625005], [-84.9261419333798, 41.11304612497315], [-84.92621909784135, 41.11301335271845], [-84.92629757310867, 41.11298002484828], [-84.9262998849695, 41.11297903514668], [-84.9263772199411, 41.112945721816935], [-84.9264551044383, 41.11291212559322], [-84.92653239496056, 41.11287897078598], [-84.92660962521518, 41.112846441745994], [-84.92668814691812, 41.112814085424226], [-84.92676803182533, 41.112781854470654], [-84.92685001391564, 41.11274939730167], [-84.9269355822845, 41.11271586881589], [-84.92702355864878, 41.11268113070151], [-84.92702606728285, 41.112680131916996], [-84.92711378380996, 41.11264494319668], [-84.92720025130494, 41.11261049934574], [-84.92728491261897, 41.112577664043144], [-84.92737951259035, 41.112542816981936], [-84.92746993893705, 41.11251002674904], [-84.9275634242254, 41.112477102339625], [-84.92756664729518, 41.11247595607077], [-84.92766405910602, 41.11244091077377], [-84.9277604590778, 41.112405998508486], [-84.92785565257128, 41.11237229574515], [-84.92795068012157, 41.11233958701978], [-84.92804891648021, 41.11230735568423], [-84.92815248211487, 41.112274069013196], [-84.92825869413129, 41.112240094863346], [-84.92836436042623, 41.11220658007589], [-84.9284711215812, 41.112173655944616], [-84.92858206343789, 41.11214010794768], [-84.92869460827075, 41.112105989691166], [-84.92880568620966, 41.11207284114447], [-84.92891925058998, 41.1120404550837], [-84.92903731509148, 41.11200717164669], [-84.92915509648675, 41.11197413880303], [-84.92927123466745, 41.111942721917536], [-84.92939179758162, 41.11191170692916], [-84.92939425189876, 41.11191107010834], [-84.9295189793031, 41.11187835453153], [-84.92964074553379, 41.11184633228578], [-84.92975985652444, 41.11181652390077], [-84.92988209511026, 41.11178772998369], [-84.93000913205044, 41.111758666396454], [-84.93013937704715, 41.11172930724264]]], [[[-84.92366139397588, 41.114133607553946], [-84.92370646360492, 41.114113952962775], [-84.9238407436583, 41.11405513086452], [-84.92397440555266, 41.11399660461134], [-84.9241078745747, 41.11393829540193], [-84.92424124853127, 41.113880160864404], [-84.9243661985748, 41.11382546102925], [-84.92446648654322, 41.1137815774482], [-84.92447796166684, 41.11412145126439], [-84.92441828790646, 41.114122864477864], [-84.924354098775, 41.11412432598142], [-84.92428844852361, 41.11412608267242], [-84.92422548948912, 41.11412766355402], [-84.92416453426958, 41.11412896166385], [-84.92410327261095, 41.1141299308573], [-84.92404183254425, 41.11413096795935], [-84.92393543636186, 41.114132680797006], [-84.92383649418487, 41.114129569427554], [-84.92381840013205, 41.114129284657366], [-84.92380304780555, 41.11412948886714], [-84.92370841358665, 41.1141321161094], [-84.92369394959864, 41.11413240027217], [-84.92366280965598, 41.11413358263758], [-84.92366139397588, 41.114133607553946]]], [[[-84.92440815954306, 41.11211178157746], [-84.92441010528339, 41.11211156354173], [-84.92443202596702, 41.11276085186911], [-84.92439056279187, 41.1127792891224], [-84.92438646363964, 41.11278113648919], [-84.92431664188614, 41.1128129688941], [-84.92426383455481, 41.11283632405907], [-84.92420501544653, 41.11286178752298], [-84.92413695902292, 41.11289137460408], [-84.9240826798512, 41.11291490851965], [-84.92401693305165, 41.11294368777812], [-84.92394244792905, 41.11297625014441], [-84.92385770472491, 41.11301293750067], [-84.92376370725074, 41.11305371657998], [-84.92366267433641, 41.11309752667793], [-84.9235571469735, 41.113143137263755], [-84.92344673789626, 41.113190667443455], [-84.92333140414236, 41.11324027045206], [-84.92321292549221, 41.113291439736756], [-84.92309265453672, 41.113343543953214], [-84.92297044453254, 41.11339632644471], [-84.92284657340736, 41.113449773302676], [-84.92271164910102, 41.11350769901575], [-84.92258404396179, 41.11356303010492], [-84.92245500610407, 41.11361895760541], [-84.92232351200104, 41.11367594943801], [-84.92218982829674, 41.113734009504455], [-84.92205395883877, 41.11379305319826], [-84.92191733858395, 41.11385270828472], [-84.92178018966214, 41.11391212488257], [-84.92164039531193, 41.11397203220582], [-84.92149712182399, 41.11403360055136], [-84.92135230472421, 41.11409663515696], [-84.92120796271453, 41.11416000421628], [-84.92106299212381, 41.11422328067976], [-84.92091690774605, 41.11428693226873], [-84.92077175411254, 41.114350292426515], [-84.92062717039732, 41.11441362395828], [-84.9204853337439, 41.11447636089256], [-84.9203476466021, 41.11453738914911], [-84.92021450522643, 41.11459581517465], [-84.9201076159108, 41.11464174654252], [-84.92011172608292, 41.11463789811904], [-84.92018530489933, 41.1145692442722], [-84.92018727856504, 41.11456739019621], [-84.9202611176224, 41.11449746737456], [-84.92026350620581, 41.11449518393888], [-84.92033765458405, 41.1144236822779], [-84.92040654630023, 41.11435797277916], [-84.9204141857379, 41.11435079234395], [-84.92043330803742, 41.11433182611461], [-84.92049288585133, 41.114275552800876], [-84.92057331559916, 41.114198599729576], [-84.92065388196275, 41.11412093479211], [-84.92073562928383, 41.11404335506995], [-84.9208201224611, 41.11396329652806], [-84.92090545975364, 41.11388188225824], [-84.92091014954018, 41.113877326391766], [-84.92099381889969, 41.1137945641816], [-84.92108070626811, 41.11371028643391], [-84.92116995568095, 41.113623462573095], [-84.9212607984784, 41.113535805408254], [-84.9213524864618, 41.11344770045193], [-84.92144586861227, 41.113359644012206], [-84.92154237354701, 41.11326987933415], [-84.92154430521632, 41.11326807041308], [-84.921641812324, 41.11317605210783], [-84.92173721168925, 41.113086054737344], [-84.92183036352719, 41.1130014526023], [-84.92192304395532, 41.11292264975746], [-84.9220171801796, 41.112848960398566], [-84.92211311554357, 41.11277973228725], [-84.92221067526778, 41.112715296434864], [-84.92231004856669, 41.11265520498789], [-84.9224116203105, 41.1125990370407], [-84.92251474223359, 41.11254627648722], [-84.92261775105958, 41.11249762560974], [-84.92271981368259, 41.11245333149247], [-84.92282240870992, 41.11241284614489], [-84.92292439867505, 41.11237560681395], [-84.92302323834896, 41.11234278988212], [-84.92312027035379, 41.112314005237266], [-84.92321835095642, 41.11228799563863], [-84.9233171852914, 41.11226410364147], [-84.92341430269856, 41.11224276478037], [-84.9235092979055, 41.11222455722373], [-84.92360648804915, 41.112208501363526], [-84.9237029930798, 41.11219411652429], [-84.92379821673786, 41.11218203237388], [-84.92389517085569, 41.11217081611395], [-84.92399256369568, 41.112159811244695], [-84.92408604173312, 41.11214903656759], [-84.92417349359958, 41.112139053017025], [-84.92425675049033, 41.11212968734674], [-84.9242594494247, 41.1121293775045], [-84.92433777499905, 41.11212018680432], [-84.92440815954306, 41.11211178157746]]]]}}, {"type": "Feature", "properties": {"SPR_ID": 226, "Unit_Site": "Interchange parcel 226", "Site_typ": "Interchange", "layer": "Seymour", "Shape_Area": 20696.4006034, "Site_Score": 27.5, "Final_Rank": 18, "SITE_EVAL": "Poor", "RATIONALE": "Strong low flood risk and solar resource; limited by land cover suitability.", "dataset": "row_parcels", "layer_title": "Right-of-Way Parcels", "layer_type": "row", "center_latitude": 39.348969, "center_longitude": -85.444243, "source_geometry_valid": true, "sol_s": 0.560141412216077, "slp_s": 0.509234576160963, "trn_s": 0.432966435002145, "fld_s": 1.0, "lc_s": 0.3739130434784, "row_source": "Recommended"}, "geometry": {"type": "Polygon", "coordinates": [[[-85.44324274570674, 39.34823173217779], [-85.44332221560447, 39.348228395698975], [-85.44340868856676, 39.348231298677035], [-85.44348016601704, 39.34823519214402], [-85.4435488277249, 39.348243237626875], [-85.44365357178289, 39.34826138492926], [-85.44378169883481, 39.34829488282105], [-85.44400671859947, 39.34838502928727], [-85.44434484236275, 39.34853372179937], [-85.4447879500664, 39.3487321416293], [-85.4447962334881, 39.348735756391804], [-85.445212551855, 39.34891265169698], [-85.44546523145564, 39.349025970553825], [-85.44530780724992, 39.349115295182564], [-85.44529657960818, 39.34912189017304], [-85.44511199237218, 39.349234104113584], [-85.44510083527864, 39.34924112710901], [-85.44508226729826, 39.34925396173521], [-85.44492277138951, 39.349370889598866], [-85.44490785380886, 39.34938238271461], [-85.44478164371382, 39.349484548781376], [-85.44477187550245, 39.349492730092656], [-85.44467259133712, 39.34957875021165], [-85.44466354446908, 39.3495868474498], [-85.44465874654465, 39.349591368586374], [-85.44461600256307, 39.34963237910665], [-85.44429000451673, 39.34948626150928], [-85.4435377882726, 39.349143874137184], [-85.44353492846535, 39.34914258347172], [-85.44288353366525, 39.348852117183085], [-85.44227300851031, 39.348578353216496], [-85.44227089187328, 39.348577409448886], [-85.44200822998353, 39.34846120643851], [-85.44213795710962, 39.34844536812224], [-85.44214572677087, 39.348444362093055], [-85.4421604503632, 39.34844213728455], [-85.4422917108379, 39.34842042668236], [-85.4423136781997, 39.34841631569065], [-85.44250616970602, 39.34837605267724], [-85.44252758243954, 39.348371100781634], [-85.44276430349053, 39.348311044759555], [-85.44294428313155, 39.34827236334381], [-85.44306798165532, 39.348248603576856], [-85.44315223647325, 39.34823505875699], [-85.44323985593682, 39.34823184578788], [-85.44324274570674, 39.34823173217779]]]}}]}