{"type": "FeatureCollection", "features": [{"type": "Feature", "properties": {"SPR_ID": 131, "Unit_Site": "Lebanon TPF NB", "Site_typ": "Truck Parking", "layer": "Crawfordsville", "Shape_Area": 70172.8812074, "Site_Score": 46.52, "Final_Rank": 19, "SITE_EVAL": "Fair", "RATIONALE": "Strong low flood risk and slope; limited by solar resource.", "dataset": "welcome_rest_sites", "layer_title": "Rest Areas, Welcome Centers & Weigh Stations", "layer_type": "rest_area", "center_latitude": 40.157605, "center_longitude": -86.538899, "source_geometry_valid": true, "sol_s": 0.491376244535385, "slp_s": 0.618532733371769, "trn_s": 0.515572099912035, "fld_s": 1.0, "lc_s": 0.61481481481446, "Site_ID": 10602, "Site_Statu": "Active", "Site_Avail": "Yes", "Acreage": 29.0, "Address": null, "County": "Boone", "Solar_Type": "Rooftop and Ground", "Electrical": "Yes", "Ownership": "INDOT"}, "geometry": {"type": "MultiPolygon", "coordinates": [[[[-86.54097710265836, 40.159067544634716], [-86.53858474328527, 40.15782143343375], [-86.53807473094852, 40.15787887530074], [-86.53765671729062, 40.157668191793846], [-86.53761902341675, 40.15761044710357], [-86.53761413820475, 40.15759978736765], [-86.53761172661454, 40.157590231263704], [-86.53761136981346, 40.157580859951544], [-86.53761300209997, 40.15757131909513], [-86.53761630097671, 40.157562586740035], [-86.5379749288064, 40.15731907771584], [-86.53797880245051, 40.15731631464023], [-86.53826040564064, 40.157105267634826], [-86.53826762871766, 40.15709929070022], [-86.53827246110954, 40.15709452862418], [-86.53827682322351, 40.15708950790167], [-86.5384888732565, 40.15682504397845], [-86.53849040839329, 40.15682306800524], [-86.53849408920154, 40.156817735532634], [-86.53849725115313, 40.15681220908937], [-86.53867494905293, 40.15646784220106], [-86.53867601215448, 40.15646569226298], [-86.53867878293876, 40.15645897049598], [-86.53868079390386, 40.156452092540064], [-86.53876570921354, 40.156089525078166], [-86.53876696184338, 40.156082269303965], [-86.53876736970255, 40.156075092151305], [-86.53876695037542, 40.15606782431146], [-86.53872299204441, 40.15568715327151], [-86.53872177973433, 40.155680121024005], [-86.53871990906913, 40.155673556450246], [-86.53868167264892, 40.15556153933727], [-86.53869379988075, 40.155559405548686], [-86.54034612423423, 40.15783020219135], [-86.54065593953055, 40.15830348207412], [-86.5406566544459, 40.15830455523963], [-86.54118736057046, 40.159086497887834], [-86.54157944790812, 40.159660513922404], [-86.54141610376637, 40.15954000375633], [-86.54097710265836, 40.159067544634716]]], [[[-86.54033708356404, 40.1598641117669], [-86.53703370879708, 40.158236658320085], [-86.53700094927822, 40.15765352307457], [-86.5370224888085, 40.157308638777515], [-86.53694905605488, 40.156677557060654], [-86.53770911127796, 40.155732635117666], [-86.53847235320389, 40.155598364061625], [-86.53850997677202, 40.15570858861026], [-86.53855187098516, 40.15607137753578], [-86.53847142239351, 40.156414861583904], [-86.53830112898547, 40.15674487941156], [-86.53810094305132, 40.15699454625593], [-86.53783070044317, 40.1571970782898], [-86.5374572555448, 40.157450605719085], [-86.53745149447342, 40.15745481897568], [-86.537446157506, 40.15745934655608], [-86.53744045679686, 40.157465046621944], [-86.53743542646896, 40.15747110614209], [-86.53743117567761, 40.15747735887676], [-86.53741873990813, 40.157497737353104], [-86.53741508455076, 40.157504492493594], [-86.53741296080511, 40.15750945185136], [-86.5374046945917, 40.157531048851844], [-86.53740197456548, 40.15753995559511], [-86.53740125747387, 40.1575435376131], [-86.53739742063263, 40.15756596136257], [-86.53739673735635, 40.157571308478055], [-86.53739650834021, 40.15757667903117], [-86.53739655421703, 40.15757908925759], [-86.53739741743225, 40.157601730894605], [-86.5373979288163, 40.15760769813225], [-86.53739900295004, 40.15761362076876], [-86.53739932843247, 40.157614971693256], [-86.53740489474943, 40.1576370374922], [-86.5374066759725, 40.15764292871737], [-86.53740901573202, 40.15764870414939], [-86.53741876874417, 40.157669985728525], [-86.53741916456077, 40.15767083510442], [-86.53742405474541, 40.15767954701286], [-86.53747770921828, 40.15776174425627], [-86.53748072479819, 40.15776604122336], [-86.53748575629463, 40.15777209949286], [-86.53749145599808, 40.15777780005094], [-86.53749778194975, 40.15778309678141], [-86.53750468510303, 40.15778794984647], [-86.53751474788619, 40.1577936948591], [-86.53776911388994, 40.15792189866984], [-86.53796380718134, 40.15837681609968], [-86.5404330251633, 40.159592135284306], [-86.54096981697157, 40.159495206872485], [-86.5411890071339, 40.159636330182245], [-86.54093448114521, 40.15983527288245], [-86.54033708356404, 40.1598641117669]]]]}}, {"type": "Feature", "properties": {"SPR_ID": 132, "Unit_Site": "Lebanon TPF SB", "Site_typ": "Truck Parking", "layer": "Crawfordsville", "Shape_Area": 60677.2024473, "Site_Score": 82.97, "Final_Rank": 5, "SITE_EVAL": "Good", "RATIONALE": "Strong low flood risk and slope; limited by solar resource.", "dataset": "welcome_rest_sites", "layer_title": "Rest Areas, Welcome Centers & Weigh Stations", "layer_type": "rest_area", "center_latitude": 40.1727, "center_longitude": -86.552205, "source_geometry_valid": true, "sol_s": 0.587925360163638, "slp_s": 0.935835813971056, "trn_s": 0.657786550555913, "fld_s": 1.0, "lc_s": 0.6685714285712, "Site_ID": 10603, "Site_Statu": "Active", "Site_Avail": "Yes", "Acreage": 24.0, "Address": null, "County": "Boone", "Solar_Type": "Rooftop and Ground", "Electrical": "Yes", "Ownership": "INDOT"}, "geometry": {"type": "MultiPolygon", "coordinates": [[[[-86.55204040778919, 40.173200810307065], [-86.55198822044039, 40.17314016283643], [-86.55197273288485, 40.173141011062135], [-86.55193794169934, 40.17310648361508], [-86.5519033781003, 40.17307182279688], [-86.5518690420876, 40.17303702860773], [-86.55183493600401, 40.1730021019579], [-86.55180105866903, 40.17296704374392], [-86.55176741241954, 40.17293185577696], [-86.55173399726127, 40.17289653715625], [-86.55170081435074, 40.17286109058938], [-86.55166786486218, 40.17282551608103], [-86.55163514996396, 40.17278981453692], [-86.551602669644, 40.17275398775907], [-86.55157042508247, 40.1727180348513], [-86.55153841743586, 40.17268195852113], [-86.55150664670396, 40.17264575876876], [-86.55147511405501, 40.17260943649985], [-86.55144381948294, 40.17257299261551], [-86.55141276649894, 40.17253642893144], [-86.55138195275391, 40.17249974543873], [-86.55135138059059, 40.172462943047606], [-86.55132104999684, 40.17242602356008], [-86.55129096332134, 40.17238898698547], [-86.5512611193775, 40.17235183512125], [-86.55123152051394, 40.1723145679767], [-86.5512021667245, 40.17227718645293], [-86.55117305799702, 40.17223969235199], [-86.55114419667419, 40.172202086584086], [-86.5511155827557, 40.1721643691494], [-86.55108721622946, 40.17212654184997], [-86.55105909943808, 40.17208860559599], [-86.55103123120092, 40.172050561284024], [-86.55100361386656, 40.17201240892335], [-86.55097624624244, 40.17197415121236], [-86.55094913185155, 40.17193578816491], [-86.55025407654091, 40.17112827995966], [-86.54976611147205, 40.170562385831445], [-86.54999008572626, 40.1707182963733], [-86.54999322053006, 40.1707203951551], [-86.55000065049605, 40.170724768408675], [-86.55000854775113, 40.17072862903607], [-86.55001180598457, 40.170729999429405], [-86.55006574905713, 40.170775351114855], [-86.55022839157616, 40.170936824046066], [-86.5503639473424, 40.171179652651745], [-86.55136004380124, 40.171518648970626], [-86.55284373447658, 40.1719894674308], [-86.55286371497237, 40.17319645007338], [-86.5531674985481, 40.173395269375504], [-86.55320575400991, 40.17410820063837], [-86.55320412344716, 40.17414335746392], [-86.55320405490538, 40.17414628708383], [-86.55320413196065, 40.17414940196005], [-86.55322466348109, 40.17456541935244], [-86.55322519043189, 40.17457103249253], [-86.55322621799219, 40.17457660431889], [-86.55322824499028, 40.17458361881649], [-86.55323106115384, 40.174590469683864], [-86.55323331230107, 40.174594825446654], [-86.55335795231741, 40.174817251371586], [-86.55337685221856, 40.17486297803727], [-86.55324313085232, 40.17466669144488], [-86.55321804419626, 40.174615532488716], [-86.55319190653236, 40.17458673821766], [-86.55316601050255, 40.174557816037556], [-86.55314035728112, 40.17452876595306], [-86.55311494920501, 40.17449958977527], [-86.55308978626226, 40.17447028930617], [-86.55306486962714, 40.17444086455047], [-86.55304019928172, 40.17441131821109], [-86.55301577874924, 40.17438165030183], [-86.5529916068432, 40.174351862620085], [-86.55296768590642, 40.17432195607607], [-86.5529440159328, 40.17429193157084], [-86.55292059807884, 40.17426179181185], [-86.5528974335188, 40.174231536803816], [-86.552874523421, 40.17420116745228], [-86.55285186894193, 40.1741706864648], [-86.5528294700814, 40.174140093841444], [-86.55280732917623, 40.17410939139331], [-86.55278544622028, 40.174078580021465], [-86.5527638212015, 40.174047661527915], [-86.55274245646261, 40.17401663682278], [-86.55272135316599, 40.17398550771261], [-86.55270051013696, 40.173954274192994], [-86.55267993088083, 40.17392293898045], [-86.55262990139923, 40.17385992524162], [-86.55257515085448, 40.173800622262235], [-86.55252063142721, 40.17374119401693], [-86.5524663419368, 40.17368164140245], [-86.5524122847259, 40.173621965329126], [-86.5523584597942, 40.17356216579727], [-86.55230486713545, 40.17350224370812], [-86.55225150792374, 40.17344219906654], [-86.5521983821529, 40.173382032773794], [-86.55214548981657, 40.17332174573108], [-86.55209283091446, 40.173261337938726], [-86.55204040778919, 40.173200810307065]]], [[[-86.55308879918172, 40.17041902177057], [-86.55371176219751, 40.17041869843184], [-86.55391525780784, 40.170450890627095], [-86.55368354009022, 40.17404918887641], [-86.55393302908283, 40.175072288958745], [-86.55398501948977, 40.175128703024605], [-86.55381547006537, 40.17518684472867], [-86.55365921705243, 40.175001179561704], [-86.55356101692928, 40.17476359025129], [-86.55355956205447, 40.1747603123968], [-86.55355731087505, 40.174755957541265], [-86.5534384633137, 40.17454387092987], [-86.55341883443067, 40.174146194057776], [-86.55351722169745, 40.172025362916635], [-86.55351729021687, 40.172022434196286], [-86.55351688155636, 40.17201525746409], [-86.55351565864433, 40.17200813435165], [-86.55351363169079, 40.1720011198562], [-86.55351081560929, 40.17199426809214], [-86.5535072323718, 40.17198763139917], [-86.55350326809264, 40.17198179057635], [-86.55352313583244, 40.17165730127513], [-86.5529981757806, 40.17129113200125], [-86.5507341097003, 40.17056270797679], [-86.54997283122661, 40.170483885278486], [-86.54992801073695, 40.17045268507867], [-86.55291167783115, 40.17041911277083], [-86.55308879918172, 40.17041902177057]]]]}}, {"type": "Feature", "properties": {"SPR_ID": 133, "Unit_Site": "Waynetown EB Rest Area", "Site_typ": "Rest Area", "layer": "Crawfordsville", "Shape_Area": 47132.0918177, "Site_Score": 19.58, "Final_Rank": 29, "SITE_EVAL": "Poor", "RATIONALE": "Strong low flood risk and land cover suitability; limited by slope.", "dataset": "welcome_rest_sites", "layer_title": "Rest Areas, Welcome Centers & Weigh Stations", "layer_type": "rest_area", "center_latitude": 40.113884, "center_longitude": -87.112826, "source_geometry_valid": true, "sol_s": 0.527103519929887, "slp_s": 0.389433694816352, "trn_s": 0.396565312106366, "fld_s": 1.0, "lc_s": 0.5622641509434, "Site_ID": 12302, "Site_Statu": "Inactive", "Site_Avail": "See Comment", "Acreage": 17.0, "Address": null, "County": "Fountain", "Solar_Type": "Ground", "Electrical": "Low", "Ownership": "INDOT"}, "geometry": {"type": "Polygon", "coordinates": [[[-87.11256210242674, 40.11416046621999], [-87.11003034508023, 40.11360781711358], [-87.10915473919668, 40.11344658232609], [-87.11001221150926, 40.11330916172906], [-87.11172917312386, 40.11281681712993], [-87.11288631499616, 40.11287978326316], [-87.11424548878048, 40.11294178102032], [-87.11438857520956, 40.114171514561065], [-87.11432732358016, 40.114574431252144], [-87.11256210242674, 40.11416046621999]]]}}, {"type": "Feature", "properties": {"SPR_ID": 135, "Unit_Site": "Veedersburg EB Weigh St", "Site_typ": "Weigh Station", "layer": "Crawfordsville", "Shape_Area": 15057.8974082, "Site_Score": 72.58, "Final_Rank": 8, "SITE_EVAL": "Good", "RATIONALE": "Strong low flood risk and slope; limited by solar resource.", "dataset": "welcome_rest_sites", "layer_title": "Rest Areas, Welcome Centers & Weigh Stations", "layer_type": "rest_area", "center_latitude": 40.118921, "center_longitude": -87.187077, "source_geometry_valid": true, "sol_s": 0.486385147731507, "slp_s": 0.973823956795926, "trn_s": 0.5, "fld_s": 1.0, "lc_s": 0.7714285714278, "Site_ID": 12304, "Site_Statu": "Inactive", "Site_Avail": "See Comment", "Acreage": 5.0, "Address": null, "County": "Fountain", "Solar_Type": "Ground", "Electrical": "Low", "Ownership": "INDOT"}, "geometry": {"type": "Polygon", "coordinates": [[[-87.186265137529, 40.11880686984091], [-87.186719800016, 40.11852560822518], [-87.18793975913268, 40.118558719334345], [-87.18795733643542, 40.1188600397219], [-87.18832231639564, 40.11898775718204], [-87.18901207695818, 40.11904195076337], [-87.18940995613885, 40.11917064719968], [-87.18854414700348, 40.11919002056954], [-87.18669706952234, 40.11920610101713], [-87.18537191140595, 40.11921448944672], [-87.18456914435002, 40.11922099079413], [-87.18474043651202, 40.11915854868949], [-87.18589066164812, 40.118982222770434], [-87.186265137529, 40.11880686984091]]]}}, {"type": "Feature", "properties": {"SPR_ID": 136, "Unit_Site": "Veedersburg WB Weigh St", "Site_typ": "Weigh Station", "layer": "Crawfordsville", "Shape_Area": 18093.4108656, "Site_Score": 23.34, "Final_Rank": 26, "SITE_EVAL": "Poor", "RATIONALE": "Strong low flood risk and land cover suitability; limited by solar resource.", "dataset": "welcome_rest_sites", "layer_title": "Rest Areas, Welcome Centers & Weigh Stations", "layer_type": "rest_area", "center_latitude": 40.120113, "center_longitude": -87.187193, "source_geometry_valid": true, "sol_s": 0.06288068495122, "slp_s": 0.64598674744388, "trn_s": 0.534524015994865, "fld_s": 1.0, "lc_s": 0.93043478260842, "Site_ID": 12305, "Site_Statu": "Inactive", "Site_Avail": "See Comment", "Acreage": 5.0, "Address": null, "County": "Fountain", "Solar_Type": "Ground", "Electrical": "Low", "Ownership": "INDOT"}, "geometry": {"type": "Polygon", "coordinates": [[[-87.18852117698299, 40.11956267824397], [-87.18941552731756, 40.119546745087725], [-87.18829309904795, 40.119844817548596], [-87.1882788189856, 40.11988519840017], [-87.18801761582104, 40.120286539442894], [-87.18649089254, 40.120340651826545], [-87.18626660653241, 40.12028451441301], [-87.18624370424435, 40.11994084553309], [-87.18548127443405, 40.119740323226594], [-87.18414331864766, 40.119602984082114], [-87.18450708816239, 40.11959491365034], [-87.18551423343969, 40.11958682419777], [-87.18551488239939, 40.119586816851545], [-87.18673691679506, 40.11957131513595], [-87.18851936506222, 40.119562699212516], [-87.18852117698299, 40.11956267824397]]]}}, {"type": "Feature", "properties": {"SPR_ID": 137, "Unit_Site": "Lizton Rest Area EB", "Site_typ": "Rest Area", "layer": "Crawfordsville", "Shape_Area": 10269.6685806, "Site_Score": 100.0, "Final_Rank": 1, "SITE_EVAL": "Good", "RATIONALE": "Strong low flood risk and land cover suitability; limited by distance from transmission infrastructure.", "dataset": "welcome_rest_sites", "layer_title": "Rest Areas, Welcome Centers & Weigh Stations", "layer_type": "rest_area", "center_latitude": 39.900088, "center_longitude": -86.554934, "source_geometry_valid": true, "sol_s": 0.790164925382073, "slp_s": 0.784824839777053, "trn_s": 0.600074386718006, "fld_s": 1.0, "lc_s": 1.0, "Site_ID": 13203, "Site_Statu": "Active", "Site_Avail": "See Comment", "Acreage": 9.0, "Address": null, "County": "Hendricks", "Solar_Type": "Rooftop and Canopy", "Electrical": "Need Review", "Ownership": "INDOT"}, "geometry": {"type": "MultiPolygon", "coordinates": [[[[-86.55490170341949, 39.899493092351356], [-86.55495949023027, 39.89948637289069], [-86.55497561692887, 39.899446056860995], [-86.5550750638324, 39.899454120287764], [-86.55507103186272, 39.89948771629149], [-86.55513688136443, 39.899479653663974], [-86.55512075489098, 39.8996261352975], [-86.55490035956548, 39.89961672839686], [-86.55490170341949, 39.899493092351356]]], [[[-86.55565239323381, 39.8999209694994], [-86.55568538541911, 39.899832171695394], [-86.55584224251153, 39.899866434483584], [-86.55578579574068, 39.900011795907766], [-86.55564021033794, 39.899950943840054], [-86.55565239323381, 39.8999209694994]]], [[[-86.55378136038088, 39.899173549139576], [-86.55385021633124, 39.899119811352385], [-86.5544675064697, 39.89933649063861], [-86.55493849771638, 39.89976059004878], [-86.55512308645295, 39.89992169813663], [-86.5555552286509, 39.90025392599455], [-86.55542394508447, 39.90078009883862], [-86.55388059339396, 39.8995855883355], [-86.55384227839815, 39.899380243825924], [-86.55378136038088, 39.899173549139576]]]]}}, {"type": "Feature", "properties": {"SPR_ID": 138, "Unit_Site": "Lizton Rest Area WB", "Site_typ": "Rest Area", "layer": "Crawfordsville", "Shape_Area": 10267.307778, "Site_Score": 93.57, "Final_Rank": 3, "SITE_EVAL": "Good", "RATIONALE": "Strong low flood risk and land cover suitability; limited by distance from transmission infrastructure.", "dataset": "welcome_rest_sites", "layer_title": "Rest Areas, Welcome Centers & Weigh Stations", "layer_type": "rest_area", "center_latitude": 39.901208, "center_longitude": -86.554403, "source_geometry_valid": true, "sol_s": 0.615025732838136, "slp_s": 0.976145256452924, "trn_s": 0.55150866967352, "fld_s": 1.0, "lc_s": 1.0, "Site_ID": 13204, "Site_Statu": "Active", "Site_Avail": "See Comment", "Acreage": 10.0, "Address": null, "County": "Hendricks", "Solar_Type": "Rooftop and Canopy", "Electrical": "Need Review", "Ownership": "INDOT"}, "geometry": {"type": "MultiPolygon", "coordinates": [[[[-86.55338491357746, 39.90155980034444], [-86.55330563564567, 39.90144393303019], [-86.55344183002977, 39.90139514722978], [-86.55351297627605, 39.90149881796781], [-86.55347638755961, 39.901535406881074], [-86.55345605897907, 39.901494751587265], [-86.55340930635097, 39.90150491582825], [-86.55343369889393, 39.901545570561744], [-86.55338491357746, 39.90155980034444]]], [[[-86.55399978184417, 39.90161222392965], [-86.55399799209407, 39.9014869883426], [-86.55422231052287, 39.901466326161874], [-86.55423652077334, 39.90149244734842], [-86.55422864304919, 39.90149156112622], [-86.55420475284419, 39.90160257857047], [-86.55412212635274, 39.9016522550892], [-86.55399978184417, 39.90161222392965]]], [[[-86.55363844645576, 39.9006142567916], [-86.55362795033679, 39.900241504382194], [-86.5552399322298, 39.90155538693564], [-86.55522966292338, 39.90175956611541], [-86.55530236475951, 39.901871175844704], [-86.55522646604503, 39.901983879821785], [-86.55489918127515, 39.90185928029373], [-86.5547120652934, 39.90180866510051], [-86.55442128678473, 39.901569933537736], [-86.55357839727013, 39.90086092147138], [-86.55363844645576, 39.9006142567916]]]]}}, {"type": "Feature", "properties": {"SPR_ID": 139, "Unit_Site": "Plainfield Rest Area EB", "Site_typ": "Rest Area", "layer": "Crawfordsville", "Shape_Area": 9296.97974946, "Site_Score": 76.25, "Final_Rank": 7, "SITE_EVAL": "Good", "RATIONALE": "Strong low flood risk and slope; limited by solar resource.", "dataset": "welcome_rest_sites", "layer_title": "Rest Areas, Welcome Centers & Weigh Stations", "layer_type": "rest_area", "center_latitude": 39.651333, "center_longitude": -86.397697, "source_geometry_valid": true, "sol_s": 0.409765274288161, "slp_s": 0.983474391765684, "trn_s": 0.544769466803645, "fld_s": 1.0, "lc_s": 0.92, "Site_ID": 13205, "Site_Statu": "Active", "Site_Avail": "See Comment", "Acreage": 20.0, "Address": null, "County": "Hendricks", "Solar_Type": "Rooftop and Canopy", "Electrical": "Need Review", "Ownership": "INDOT"}, "geometry": {"type": "MultiPolygon", "coordinates": [[[[-86.39686692003764, 39.65155078638046], [-86.39692219288928, 39.65151159316303], [-86.39699555514358, 39.65157993027586], [-86.39693425258983, 39.65161510428334], [-86.39686692003764, 39.65155078638046]]], [[[-86.39684172741615, 39.65129641327662], [-86.39673059767419, 39.65092639325528], [-86.39854448711579, 39.6513689158624], [-86.3987367039951, 39.651737870843895], [-86.39684172741615, 39.65129641327662]]], [[[-86.39653205184236, 39.6518018854918], [-86.3966424607649, 39.651517277408665], [-86.3967847648969, 39.65155162658392], [-86.39670870501902, 39.65173318727316], [-86.39665963538634, 39.651816606991986], [-86.39653205184236, 39.6518018854918]]], [[[-86.39622781515358, 39.65197117840397], [-86.39715524557994, 39.651897573182296], [-86.39737115554142, 39.65222143810588], [-86.39698840614263, 39.65222634445854], [-86.39688535895466, 39.65228768281504], [-86.39644372490064, 39.652324485129476], [-86.3964927955509, 39.65221407711184], [-86.39641918959033, 39.65211838960758], [-86.39642655082255, 39.65209140071211], [-86.39622536108789, 39.65207668019099], [-86.39622781515358, 39.65197117840397]]]]}}, {"type": "Feature", "properties": {"SPR_ID": 140, "Unit_Site": "Plainfield Rest Area WB", "Site_typ": "Rest Area", "layer": "Crawfordsville", "Shape_Area": 73261.53602, "Site_Score": 61.13, "Final_Rank": 14, "SITE_EVAL": "Fair", "RATIONALE": "Strong low flood risk and slope; limited by solar resource.", "dataset": "welcome_rest_sites", "layer_title": "Rest Areas, Welcome Centers & Weigh Stations", "layer_type": "rest_area", "center_latitude": 39.653381, "center_longitude": -86.399757, "source_geometry_valid": true, "sol_s": 0.299059239285814, "slp_s": 0.876523570037365, "trn_s": 0.688099716958253, "fld_s": 1.0, "lc_s": 0.82857142857136, "Site_ID": 13206, "Site_Statu": "Active", "Site_Avail": "See Comment", "Acreage": 23.0, "Address": null, "County": "Hendricks", "Solar_Type": "All", "Electrical": "Need Review", "Ownership": "INDOT"}, "geometry": {"type": "Polygon", "coordinates": [[[-86.39869402513395, 39.65380316695407], [-86.39801734499858, 39.65373000082754], [-86.3967165190802, 39.6542601974158], [-86.39677252785445, 39.65421652461627], [-86.39705900317732, 39.654015542825775], [-86.3972575435226, 39.653875635906005], [-86.39745519943956, 39.65373587182146], [-86.39765542905141, 39.65359561526753], [-86.39785214404544, 39.65345663671716], [-86.3980658958956, 39.65330492904249], [-86.39835997632727, 39.6531001882892], [-86.39866512319243, 39.65288636407657], [-86.39898951814858, 39.65266354280223], [-86.39946754501189, 39.652369145604325], [-86.39946874040007, 39.65236839852788], [-86.39986712032314, 39.65211570715575], [-86.40009169776438, 39.65197534418088], [-86.4002656060301, 39.65187067095695], [-86.40064459478957, 39.652378737605666], [-86.40107729177502, 39.65286097634786], [-86.40185931084348, 39.65371113993539], [-86.4025244516578, 39.65438342395548], [-86.40214824581162, 39.65475492597779], [-86.39957663709477, 39.654856796168474], [-86.39869402513395, 39.65380316695407]]]}}, {"type": "Feature", "properties": {"SPR_ID": 141, "Unit_Site": "Spring Creek Welcome Center EB", "Site_typ": "Welcome Center", "layer": "Crawfordsville", "Shape_Area": 68234.6171181, "Site_Score": 4.06, "Final_Rank": 36, "SITE_EVAL": "Poor", "RATIONALE": "Strong low flood risk and land cover suitability; limited by distance from transmission infrastructure.", "dataset": "welcome_rest_sites", "layer_title": "Rest Areas, Welcome Centers & Weigh Stations", "layer_type": "rest_area", "center_latitude": 40.11647, "center_longitude": -87.505124, "source_geometry_valid": true, "sol_s": 0.209623720811789, "slp_s": 0.401072975290069, "trn_s": 0.179550131328714, "fld_s": 1.0, "lc_s": 0.83157894736858, "Site_ID": 18302, "Site_Statu": "Active", "Site_Avail": "See Comment", "Acreage": 21.0, "Address": null, "County": "Vermillion", "Solar_Type": "All", "Electrical": "Yes", "Ownership": "INDOT"}, "geometry": {"type": "MultiPolygon", "coordinates": [[[[-87.50407104062863, 40.11582412795824], [-87.50421251400978, 40.115333603656666], [-87.5063382931528, 40.115354057556814], [-87.50644471768706, 40.115632978762854], [-87.50649407388339, 40.116295152199285], [-87.50641002294803, 40.116933747999916], [-87.50708452570954, 40.11735747419756], [-87.5081894874139, 40.11760586090162], [-87.50542104810563, 40.11764703212512], [-87.5022120057744, 40.117695475043604], [-87.5024461223013, 40.11760968956675], [-87.5031934112006, 40.11731342097436], [-87.50369785459904, 40.11664533968659], [-87.50407104062863, 40.11582412795824]]], [[[-87.5054252351539, 40.1178117031865], [-87.50839516572373, 40.117767533005456], [-87.50840886715397, 40.117807628461094], [-87.5052699015301, 40.117854344783645], [-87.50207699416424, 40.117903671300375], [-87.50206146822198, 40.117862478426794], [-87.5054252351539, 40.1178117031865]]]]}}, {"type": "Feature", "properties": {"SPR_ID": 142, "Unit_Site": "I-70 WB Terre Haute Weigh Station", "Site_typ": "Weigh Station", "layer": "Crawfordsville", "Shape_Area": 43894.8405238, "Site_Score": 49.65, "Final_Rank": 18, "SITE_EVAL": "Fair", "RATIONALE": "Strong low flood risk and transmission access; limited by solar resource.", "dataset": "welcome_rest_sites", "layer_title": "Rest Areas, Welcome Centers & Weigh Stations", "layer_type": "rest_area", "center_latitude": 39.436366, "center_longitude": -87.528607, "source_geometry_valid": true, "sol_s": 0.175921543900487, "slp_s": 0.818363869467026, "trn_s": 0.989373486929916, "fld_s": 1.0, "lc_s": 0.6627906976734, "Site_ID": 18404, "Site_Statu": "Active", "Site_Avail": "See Comment", "Acreage": 18.0, "Address": null, "County": "Vigo", "Solar_Type": "Rooftop and Ground", "Electrical": "Need Review", "Ownership": "Indiana State Police"}, "geometry": {"type": "MultiPolygon", "coordinates": [[[[-87.53132739416385, 39.43540661712245], [-87.5313731225446, 39.435397823824914], [-87.53137302086039, 39.43542711236337], [-87.53136690950086, 39.43542277013795], [-87.53135955921613, 39.43541839572735], [-87.53135174339259, 39.435414535245336], [-87.53134352616327, 39.435411218133886], [-87.53133496464837, 39.4354084684606], [-87.53132739416385, 39.43540661712245]]], [[[-87.52653829138981, 39.43683678683269], [-87.5263466891376, 39.436329083721766], [-87.52633086230364, 39.43605742969407], [-87.52643917141592, 39.43579114376905], [-87.52661905911604, 39.435659525195675], [-87.52685790626472, 39.43559756341349], [-87.52689213137477, 39.43559444659894], [-87.5269863875658, 39.43559104699932], [-87.52711070165182, 39.43558788505454], [-87.52730717165979, 39.43558498518327], [-87.52783290653915, 39.43558396394758], [-87.52816708170702, 39.435582876822295], [-87.5281677893433, 39.435582874510125], [-87.52843777095748, 39.435580965267775], [-87.52863778377913, 39.43558067634861], [-87.52864458646053, 39.435666512006186], [-87.52737205336555, 39.43572438787611], [-87.52771261452939, 39.43583636342167], [-87.52889702923848, 39.43631721326564], [-87.52978885640957, 39.436342351714465], [-87.53017736657836, 39.435996449371466], [-87.52965301694405, 39.43572015368481], [-87.52873912691891, 39.43564630130897], [-87.52873694019885, 39.43558053292062], [-87.52880536340778, 39.435580434521775], [-87.5288064521509, 39.43558042867101], [-87.52918093817286, 39.435576910819954], [-87.529498886663, 39.43557621266557], [-87.52983551830182, 39.43557437159561], [-87.53022836385412, 39.43557179214812], [-87.53054966085487, 39.43556998106849], [-87.53080908460107, 39.435570079691715], [-87.53080958541625, 39.435570079208375], [-87.53109814474975, 39.43556907828641], [-87.53129922223435, 39.435568222172776], [-87.53130818564068, 39.435567889286716], [-87.53131708185936, 39.43556697191852], [-87.53132612777135, 39.43556541591497], [-87.53133496458645, 39.43556325625421], [-87.531343526169, 39.43556050585329], [-87.53135174531043, 39.43555718934787], [-87.5313595594226, 39.43555332774836], [-87.53136690949225, 39.4355489537626], [-87.53137261199203, 39.4355449035753], [-87.53137014440053, 39.43625480277233], [-87.53136990289005, 39.43625482730321], [-87.53135976635551, 39.436256613557504], [-87.53120138319736, 39.43629092671394], [-87.53074385465182, 39.436389430563786], [-87.53039533765934, 39.436462223005606], [-87.5303946705804, 39.436462364810765], [-87.53018913855811, 39.436506408577074], [-87.52986113053655, 39.43657484121463], [-87.52940979989667, 39.4366704299948], [-87.52913399228693, 39.43672730566253], [-87.52878914603205, 39.43677948015575], [-87.52877618274401, 39.43678210981362], [-87.52874039114596, 39.436791274112224], [-87.52818960728693, 39.436908964491], [-87.52805556324182, 39.4369377708941], [-87.52804760324251, 39.43693974611315], [-87.52803904251456, 39.436942495366544], [-87.52803071304461, 39.43694586259801], [-87.52797331629127, 39.43697170244863], [-87.52721662925876, 39.43712621460593], [-87.5268567146619, 39.43720469956311], [-87.52683819801759, 39.43710846006991], [-87.52653829138981, 39.43683678683269]]]]}}, {"type": "Feature", "properties": {"SPR_ID": 143, "Unit_Site": "Wolcott Rest Area NB", "Site_typ": "Rest Area", "layer": "La Porte", "Shape_Area": 36358.4089698, "Site_Score": 11.18, "Final_Rank": 32, "SITE_EVAL": "Poor", "RATIONALE": "Strong low flood risk and land cover suitability; limited by distance from transmission infrastructure.", "dataset": "welcome_rest_sites", "layer_title": "Rest Areas, Welcome Centers & Weigh Stations", "layer_type": "rest_area", "center_latitude": 40.698898, "center_longitude": -87.062195, "source_geometry_valid": true, "sol_s": 0.210487827428711, "slp_s": 0.506735314470272, "trn_s": 0.146007416773116, "fld_s": 1.0, "lc_s": 0.9999999999999, "Site_ID": 19101, "Site_Statu": "Inactive", "Site_Avail": "See Comment", "Acreage": 20.0, "Address": null, "County": "White", "Solar_Type": null, "Electrical": "Low", "Ownership": "INDOT"}, "geometry": {"type": "MultiPolygon", "coordinates": [[[[-87.06149434330284, 40.698403985285346], [-87.06163100366943, 40.698062047138194], [-87.06173586757826, 40.69817153253544], [-87.06174041453319, 40.698175956083695], [-87.06174776823674, 40.69818198618557], [-87.06192055513742, 40.698310199308196], [-87.06368056095576, 40.69979381513319], [-87.06389844939007, 40.6999776967111], [-87.06362837431513, 40.69995391604573], [-87.06320293044855, 40.6999169726055], [-87.06320086002577, 40.69991680887958], [-87.06303778308761, 40.699905060596755], [-87.0629463851516, 40.69986903599418], [-87.0619599106449, 40.699048672636685], [-87.06195869290823, 40.699047676926924], [-87.06158543797768, 40.6987473866123], [-87.06151547166853, 40.69865751788533], [-87.06148413188279, 40.69857522829799], [-87.06148416965145, 40.69845924202843], [-87.06149434330284, 40.698403985285346]]], [[[-87.06177992007245, 40.696854775765594], [-87.06177537790359, 40.69684390648092], [-87.06439800996627, 40.700183522158284], [-87.06429915608115, 40.70010569337309], [-87.06409269969203, 40.69989622508118], [-87.06408903162693, 40.699892706514234], [-87.06408649641406, 40.69989048997758], [-87.06384121182087, 40.699683486838055], [-87.06207885750374, 40.69819789368113], [-87.06207408149531, 40.698194116193974], [-87.06190535021851, 40.698068913636995], [-87.06180065680418, 40.69795960667302], [-87.06175709392568, 40.69787400218027], [-87.06173877848607, 40.697792345301515], [-87.06178009157036, 40.69768875634625], [-87.06178309867676, 40.697679201898815], [-87.06185532659849, 40.69736886894], [-87.06185656517285, 40.697361715358674], [-87.06185697754321, 40.697354537896494], [-87.06185689767103, 40.69735136416985], [-87.06184486539777, 40.69711396851446], [-87.0618443323325, 40.69710838519976], [-87.06184330217839, 40.697102843591416], [-87.06184300157211, 40.69710160415354], [-87.0617830677712, 40.696864198996984], [-87.06177992007245, 40.696854775765594]]], [[[-87.06108979502801, 40.69890743834169], [-87.06160709326261, 40.69703991699828], [-87.06162896501701, 40.69712655202675], [-87.06164023102444, 40.69734887833912], [-87.06157116298202, 40.69764563335035], [-87.06152431696911, 40.69776309319149], [-87.0612848646888, 40.69836221878193], [-87.06128182562254, 40.69837188313851], [-87.06128122932215, 40.69837475453123], [-87.06126883652563, 40.698442064286894], [-87.06126805223566, 40.69844775280315], [-87.06126778878327, 40.6984534707717], [-87.06126774649913, 40.69858690151102], [-87.06126815789642, 40.69859408844201], [-87.0612693906972, 40.698601210975205], [-87.06127202278101, 40.698609835418694], [-87.06131147100855, 40.69871341554697], [-87.06131371767444, 40.69871865472063], [-87.06131733038922, 40.69872529222143], [-87.06132168975293, 40.698731662667726], [-87.06132230718099, 40.698732467718465], [-87.0614054500465, 40.69883926052364], [-87.0614102549935, 40.6988448956187], [-87.06141564793353, 40.69885021419501], [-87.06141993262054, 40.6988538730554], [-87.06180084791231, 40.699160325360054], [-87.06279974041536, 40.69999101629502], [-87.06280471317416, 40.69999488823536], [-87.0628100100219, 40.69999850235012], [-87.06281749740657, 40.70000287560769], [-87.0628254577857, 40.700006736011865], [-87.06282979888525, 40.70000854349889], [-87.0629569209193, 40.700058650048], [-87.06296320609292, 40.70006093483223], [-87.06296967207781, 40.70006290781618], [-87.06297867370164, 40.70006506769859], [-87.0629878890043, 40.70006662297938], [-87.062996481054, 40.70006750654988], [-87.06317940665414, 40.70008068362161], [-87.06360371392869, 40.700117527776804], [-87.06393327985558, 40.70014654746506], [-87.06403514273066, 40.70017412432085], [-87.06414930259965, 40.700224661955325], [-87.06427958484566, 40.70032723560777], [-87.06380080291804, 40.700293517646315], [-87.06260836761219, 40.700242558687506], [-87.0618541774071, 40.69980431320367], [-87.06108979502801, 40.69890743834169]]]]}}, {"type": "Feature", "properties": {"SPR_ID": 144, "Unit_Site": "Wolcott Rest Area SB", "Site_typ": "Rest Area", "layer": "La Porte", "Shape_Area": 25989.2482246, "Site_Score": 22.71, "Final_Rank": 27, "SITE_EVAL": "Poor", "RATIONALE": "Strong low flood risk and land cover suitability; limited by distance from transmission infrastructure.", "dataset": "welcome_rest_sites", "layer_title": "Rest Areas, Welcome Centers & Weigh Stations", "layer_type": "rest_area", "center_latitude": 40.698513, "center_longitude": -87.064899, "source_geometry_valid": true, "sol_s": 0.342760586119052, "slp_s": 0.605209267952346, "trn_s": 0.142781994371116, "fld_s": 1.0, "lc_s": 1.0, "Site_ID": 19102, "Site_Statu": "Inactive", "Site_Avail": "See Comment", "Acreage": 19.0, "Address": null, "County": "White", "Solar_Type": null, "Electrical": "Low", "Ownership": "INDOT"}, "geometry": {"type": "MultiPolygon", "coordinates": [[[[-87.06388099236969, 40.6980149571268], [-87.06355232663113, 40.69773137581318], [-87.06355398389073, 40.697731536156816], [-87.06356100204952, 40.69773186201199], [-87.06386689736645, 40.69773850287952], [-87.06423439704501, 40.69775145531445], [-87.06437455391769, 40.6977734702125], [-87.0644869142424, 40.69783494781701], [-87.06506243354953, 40.69831587207049], [-87.06506357314154, 40.69831681013593], [-87.06554914851225, 40.69871012242045], [-87.06581831127306, 40.6989406553212], [-87.06585638424626, 40.69900100277568], [-87.06588676334165, 40.69907928824662], [-87.06590082527231, 40.699151263414144], [-87.06588234480137, 40.69924039262081], [-87.06575231435792, 40.69957964465293], [-87.06575180816918, 40.6995788746966], [-87.06574877017489, 40.699574581975256], [-87.06574369806489, 40.69956852290355], [-87.06573795161171, 40.699562823663044], [-87.06573630960048, 40.699561368790654], [-87.06509209344783, 40.699003944254265], [-87.06508999900436, 40.699002183331494], [-87.06388099236969, 40.6980149571268]]], [[[-87.0629777137897, 40.697551361506015], [-87.06280684080343, 40.69733747515122], [-87.06308243494605, 40.69758582211426], [-87.06309097312813, 40.697592675781124], [-87.06316176155526, 40.69764333990791], [-87.06371972128873, 40.69812476064294], [-87.06372171260661, 40.69812643336241], [-87.06493066560239, 40.69911361800443], [-87.06556459838119, 40.699662145063826], [-87.06560887728689, 40.6997294239717], [-87.06562060328903, 40.69977449778622], [-87.0655998397052, 40.70000557755287], [-87.06554831245818, 40.70021437011757], [-87.06554809672572, 40.70021527111086], [-87.06554697241475, 40.7002215093786], [-87.06554647787601, 40.700227796836614], [-87.06554222535874, 40.700378046479706], [-87.06554220103928, 40.70037980319149], [-87.065542150649, 40.70056992568651], [-87.06554249324203, 40.700576478425745], [-87.06554351759742, 40.7005829821309], [-87.0655779862136, 40.70074643726078], [-87.06336591919353, 40.69805050828596], [-87.06297837386852, 40.69755219895617], [-87.0629777137897, 40.697551361506015]]]]}}, {"type": "Feature", "properties": {"SPR_ID": 145, "Unit_Site": "Arcola Rest Area EB", "Site_typ": "Rest Area", "layer": "Fort Wayne", "Shape_Area": 18576.6666049, "Site_Score": 90.03, "Final_Rank": 4, "SITE_EVAL": "Good", "RATIONALE": "Strong low flood risk and slope; limited by solar resource.", "dataset": "welcome_rest_sites", "layer_title": "Rest Areas, Welcome Centers & Weigh Stations", "layer_type": "rest_area", "center_latitude": 41.124914, "center_longitude": -85.276153, "source_geometry_valid": true, "sol_s": 0.650530822154674, "slp_s": 0.918994499006201, "trn_s": 0.679309810198361, "fld_s": 1.0, "lc_s": 0.68, "Site_ID": 20204, "Site_Statu": "Inactive", "Site_Avail": "See Comment", "Acreage": 11.0, "Address": null, "County": "Allen", "Solar_Type": null, "Electrical": "Low", "Ownership": "INDOT"}, "geometry": {"type": "Polygon", "coordinates": [[[-85.27547788617373, 41.1245048148535], [-85.27572194610556, 41.12433161151476], [-85.27660370924531, 41.12471738227871], [-85.27752483717045, 41.12511102750482], [-85.27821765185301, 41.125331468505486], [-85.27923086650345, 41.125537048413655], [-85.276010701865, 41.1253847955105], [-85.27438366486565, 41.125310028735434], [-85.27509998744128, 41.125158264106666], [-85.27547788617373, 41.1245048148535]]]}}, {"type": "Feature", "properties": {"SPR_ID": 146, "Unit_Site": "Arcola Rest Area WB", "Site_typ": "Rest Area", "layer": "Fort Wayne", "Shape_Area": 25572.645639, "Site_Score": 97.37, "Final_Rank": 2, "SITE_EVAL": "Good", "RATIONALE": "Strong slope and low flood risk; limited by solar resource.", "dataset": "welcome_rest_sites", "layer_title": "Rest Areas, Welcome Centers & Weigh Stations", "layer_type": "rest_area", "center_latitude": 41.126429, "center_longitude": -85.276459, "source_geometry_valid": true, "sol_s": 0.594288224474658, "slp_s": 1.0, "trn_s": 0.679969963551754, "fld_s": 1.0, "lc_s": 0.7793103448277, "Site_ID": 20205, "Site_Statu": "Inactive", "Site_Avail": "See Comment", "Acreage": 11.0, "Address": null, "County": "Allen", "Solar_Type": null, "Electrical": "Low", "Ownership": "INDOT"}, "geometry": {"type": "Polygon", "coordinates": [[[-85.2751549748351, 41.12590372911106], [-85.2740530497884, 41.12568568407827], [-85.27695319236716, 41.12582221627383], [-85.27814746690078, 41.125878404051065], [-85.27799973264624, 41.12591396997896], [-85.27775062921484, 41.12595548711869], [-85.27743233089132, 41.12608695793108], [-85.27749460698753, 41.12626686626215], [-85.27750152646801, 41.1265920840802], [-85.27736313531143, 41.127034934370805], [-85.2768372506686, 41.12714564642967], [-85.27591003382572, 41.12700725588144], [-85.27559477991441, 41.12677863447537], [-85.2751549748351, 41.12590372911106]]]}}, {"type": "Feature", "properties": {"SPR_ID": 147, "Unit_Site": "Auburn Rest Area NB", "Site_typ": "Rest Area", "layer": "Fort Wayne", "Shape_Area": 147141.005208, "Site_Score": 8.63, "Final_Rank": 34, "SITE_EVAL": "Poor", "RATIONALE": "Strong low flood risk and land cover suitability; limited by distance from transmission infrastructure.", "dataset": "welcome_rest_sites", "layer_title": "Rest Areas, Welcome Centers & Weigh Stations", "layer_type": "rest_area", "center_latitude": 41.296926, "center_longitude": -85.085594, "source_geometry_valid": true, "sol_s": 0.38494278617186, "slp_s": 0.38274897894172, "trn_s": 0.309037589410027, "fld_s": 1.0, "lc_s": 0.5770700636942, "Site_ID": 21702, "Site_Statu": "Active", "Site_Avail": "See Comment", "Acreage": 25.0, "Address": null, "County": "Dekalb", "Solar_Type": "All", "Electrical": "Yes", "Ownership": "INDOT"}, "geometry": {"type": "MultiPolygon", "coordinates": [[[[-85.08761760734959, 41.29451582949621], [-85.08761514326254, 41.29438981676153], [-85.08759960869091, 41.29356114484791], [-85.08757336030872, 41.29220904577204], [-85.08754627190672, 41.29078673541977], [-85.08753378616079, 41.29012770709539], [-85.087640030605, 41.29012162659925], [-85.0876400309739, 41.2903284284256], [-85.08764002946751, 41.29053091940369], [-85.08764002986179, 41.29054856617139], [-85.08764901389735, 41.2905485668498], [-85.08764901344644, 41.29100754474361], [-85.08765799637769, 41.29100754450257], [-85.08765799553105, 41.291138390095675], [-85.08765799525759, 41.29134087836699], [-85.08765799459336, 41.29135177517556], [-85.08766697757187, 41.29135177493486], [-85.08766697852248, 41.291426021580875], [-85.08767596151121, 41.29142602133968], [-85.08767596130146, 41.29150026706488], [-85.08768494430042, 41.291500266823206], [-85.0876849451422, 41.29154336682912], [-85.08768494409763, 41.29157451254774], [-85.08769392710681, 41.29157451230556], [-85.08769392680132, 41.29165550706592], [-85.08770290979534, 41.29165550772357], [-85.08770290963255, 41.291729752546374], [-85.08771189385675, 41.291729752323114], [-85.08771189367467, 41.29180399804549], [-85.08772087668912, 41.29180399870218], [-85.0877208761641, 41.29189849243307], [-85.08772985921784, 41.29189849218906], [-85.08772985990473, 41.29215082677735], [-85.08772985804372, 41.29235746097054], [-85.08773884238047, 41.29235745984678], [-85.08773884156429, 41.29275828221946], [-85.08773884003236, 41.29281642587429], [-85.08774782440582, 41.292816425651424], [-85.08774782348809, 41.29296076567872], [-85.08774782362465, 41.29312689935372], [-85.0877568068208, 41.293126900011536], [-85.08775680608727, 41.29316739692228], [-85.08776578931531, 41.29316739667922], [-85.08776578967164, 41.2932146426446], [-85.08777477290617, 41.293214642401], [-85.08777477340168, 41.29325513843095], [-85.08778375544811, 41.293255138166934], [-85.0877837557887, 41.29330238503218], [-85.08779274022903, 41.29330238480726], [-85.0877927395399, 41.293342880817036], [-85.08780172157216, 41.29334288145214], [-85.08780172194962, 41.29339012741671], [-85.08781070640204, 41.29339012719065], [-85.08781070569567, 41.29343062410036], [-85.08781968776631, 41.29343062383405], [-85.08781968818063, 41.29347786889794], [-85.08782867023149, 41.293477869531344], [-85.08782867194785, 41.293518365580105], [-85.08783765403058, 41.29351836531265], [-85.08783765336418, 41.2935588613216], [-85.08784663781358, 41.2935588619935], [-85.08784663821754, 41.29360610795708], [-85.08785562031237, 41.29360610768849], [-85.08785561962873, 41.29364660459737], [-85.08786460411653, 41.29364660436785], [-85.08786460336367, 41.29369384941093], [-85.087873586638, 41.2936938500613], [-85.08787358598968, 41.29373434606956], [-85.08788257048958, 41.29373434583889], [-85.08788256919581, 41.29377069405672], [-85.08788256974728, 41.29378159088158], [-85.08789155303371, 41.293781591530816], [-85.08789155239447, 41.293822087538715], [-85.08790053571278, 41.29382208728708], [-85.08790053627185, 41.29386258331468], [-85.08790951837574, 41.29386258394292], [-85.08790951884308, 41.29390982900484], [-85.08791850097978, 41.29390982873224], [-85.0879185027153, 41.29395032567959], [-85.08792748488389, 41.29395032450613], [-85.08792748496744, 41.293973175574415], [-85.0879274853618, 41.293997569567665], [-85.0879364674843, 41.2939975701942], [-85.08793646806147, 41.294038066221084], [-85.08794545140957, 41.294038065966596], [-85.08794545067803, 41.29408531190818], [-85.08795443403264, 41.29408531165311], [-85.08795443461887, 41.29412580767967], [-85.08796341797905, 41.29412580742404], [-85.0879634173499, 41.29416630433087], [-85.08797239954828, 41.294166303154554], [-85.08797240124639, 41.29421354823494], [-85.08798138339867, 41.294213548858586], [-85.08798138280487, 41.29425404486483], [-85.08799036618275, 41.29425404460746], [-85.08799036649229, 41.294314788636306], [-85.08798138310607, 41.2943147888935], [-85.08798138387948, 41.29437813328523], [-85.08798138313276, 41.2943957800239], [-85.08797239973545, 41.29439578028014], [-85.08797239964368, 41.29440252931423], [-85.0879813830419, 41.29440252905801], [-85.08798138333789, 41.294463273085185], [-85.08799934893109, 41.294463273451456], [-85.08799934884183, 41.294470022485505], [-85.08800833224942, 41.29447002222739], [-85.08800833216105, 41.29447677126147], [-85.08801731554328, 41.29447677190292], [-85.08801731545582, 41.29448352093702], [-85.0880352810548, 41.29448352129779], [-85.08803528216288, 41.29449027035173], [-85.08804426437963, 41.29449027007103], [-85.0880442642949, 41.29449701910516], [-85.08805324768002, 41.29449701974388], [-85.08805324759618, 41.29450376877803], [-85.08807121442094, 41.29450376825286], [-85.08807121345019, 41.294509321126654], [-85.08761835529258, 41.294515818507335], [-85.08761760734959, 41.29451582949621]]], [[[-85.0872258962985, 41.290145328396996], [-85.08731567506246, 41.29014018957618], [-85.0873279671805, 41.290789093387026], [-85.08735505116071, 41.29221143341657], [-85.08738129436192, 41.29356351441894], [-85.08739682709789, 41.29439219532461], [-85.08739930474121, 41.29451895587813], [-85.08730923837139, 41.294520243910206], [-85.08730679997866, 41.294389244356495], [-85.0872903919265, 41.293559577927454], [-85.08726425498418, 41.292207725658535], [-85.08723774792688, 41.2907874110006], [-85.0872258962985, 41.290145328396996]]], [[[-85.08684951400872, 41.290530920428665], [-85.08684951419318, 41.29043382271838], [-85.08684053134307, 41.29043382289798], [-85.08684053154442, 41.290328429623834], [-85.08684053290504, 41.290167381336474], [-85.08700778033027, 41.29015781021213], [-85.08701929729415, 41.290781847792786], [-85.08694088410726, 41.290915100814296], [-85.08693811598339, 41.29092081935675], [-85.08693639685296, 41.29092676700514], [-85.08693575862596, 41.290932832601655], [-85.08693486972261, 41.291340880201155], [-85.08693442893427, 41.29154336743675], [-85.08693266798186, 41.29235331364992], [-85.08693178624493, 41.292758283544835], [-85.08692918899696, 41.29395191635296], [-85.08692527978928, 41.293973176623595], [-85.0868700528176, 41.29427350884137], [-85.08681157172968, 41.2943781360584], [-85.08672749585031, 41.294528561340165], [-85.08654037859642, 41.29453122910908], [-85.08627088344618, 41.294535072057265], [-85.08600138948199, 41.294538914393314], [-85.0854624026453, 41.294546599890154], [-85.08543017219617, 41.29454705894811], [-85.08543017263132, 41.29454426764923], [-85.08543915482143, 41.29454426847236], [-85.08543915636875, 41.294537519463944], [-85.08544813858428, 41.29453751938606], [-85.08544813893694, 41.29453077035778], [-85.08545712115158, 41.29453077027919], [-85.08545712272331, 41.29452402037044], [-85.08546240263989, 41.2945240208445], [-85.08546610493707, 41.294524020291135], [-85.08546610528781, 41.29451727126279], [-85.08547508750067, 41.29451727118275], [-85.08547508904415, 41.29451052217422], [-85.0854840712561, 41.29451052209347], [-85.08548407160494, 41.29450377306507], [-85.08549305384231, 41.294503772083324], [-85.08549305419021, 41.29449702305488], [-85.08550203759405, 41.29449702299255], [-85.08550203794098, 41.29449027396408], [-85.08551102015024, 41.29449027388118], [-85.08551102049621, 41.294483524852666], [-85.08552000389827, 41.29448352478889], [-85.08552000426964, 41.29447677486011], [-85.08552898645075, 41.294476775676024], [-85.08552898682116, 41.2944700257472], [-85.08553797019509, 41.294470026582246], [-85.08553797053821, 41.29446327755368], [-85.08554695396388, 41.294463276587464], [-85.08554695311234, 41.294456527539], [-85.08556491990927, 41.29445652740496], [-85.08556492024957, 41.29444977837632], [-85.08557390245345, 41.29444977828836], [-85.0855739028191, 41.29444302835942], [-85.0855828862158, 41.29444302829061], [-85.08558288655418, 41.294436279261916], [-85.08559186875625, 41.2944362791725], [-85.08559186909369, 41.29442953014378], [-85.08560085126852, 41.29442953095394], [-85.08560085282504, 41.29442278104478], [-85.08560983502531, 41.29442278095394], [-85.08560983538717, 41.29441603102488], [-85.08561881756022, 41.294416031833606], [-85.0856188190885, 41.29440928282465], [-85.08562780248067, 41.29440928275222], [-85.08562780162059, 41.294402533703526], [-85.0856367850382, 41.29440253273011], [-85.08563678537087, 41.29439578370124], [-85.08564576876124, 41.29439578362737], [-85.08564576789927, 41.29438903457863], [-85.08565475128873, 41.29438903450405], [-85.08565475042579, 41.29438228545526], [-85.08566373503439, 41.294382284499534], [-85.08566373450009, 41.29437813761296], [-85.08566373417051, 41.29437553545073], [-85.08567271755818, 41.294375535374705], [-85.08567271669334, 41.294368786325876], [-85.08568170127381, 41.294368786268976], [-85.08568170040802, 41.29436203722012], [-85.08569068382023, 41.29436203624239], [-85.08569068295348, 41.29435528719348], [-85.08569966631212, 41.294355288015566], [-85.08569966666444, 41.29434853808624], [-85.0857086500222, 41.29434853890759], [-85.08570865037356, 41.29434178897823], [-85.08571763253671, 41.29434178977902], [-85.08571763408084, 41.294335039869495], [-85.08572661626941, 41.29433503976928], [-85.08572661659255, 41.29432829074013], [-85.08573559878023, 41.2943282906392], [-85.08573560029612, 41.29432154162989], [-85.08574458248289, 41.29432154152824], [-85.08574458280413, 41.29431479249902], [-85.08575356501635, 41.29431479149638], [-85.08575356533662, 41.29430804246716], [-85.08576254871528, 41.29430804238391], [-85.08576254903461, 41.29430129335465], [-85.0857715324124, 41.2943012932707], [-85.08577153153706, 41.29429454422155], [-85.08578051613397, 41.29429454325644], [-85.08578051525768, 41.294287794207285], [-85.08578949863367, 41.294287794121885], [-85.08578949775644, 41.2942810450727], [-85.08579848110519, 41.29428104588684], [-85.08579848144704, 41.29427429595721], [-85.08580746482122, 41.294274295870345], [-85.0858074639684, 41.29426754592083], [-85.08581644731535, 41.294267546733536], [-85.08581644762896, 41.29426079770412], [-85.08582543100134, 41.29426079761583], [-85.08582543131399, 41.29425404858639], [-85.08583441349178, 41.294254048477505], [-85.0858344150235, 41.29424729856762], [-85.08584339720039, 41.29424729845803], [-85.08584339751113, 41.294240549428515], [-85.08585237968713, 41.294240549318204], [-85.08585237999691, 41.294233800288694], [-85.0858613633657, 41.29423380019751], [-85.08586136370086, 41.29422705026767], [-85.08587034587504, 41.29422705015592], [-85.08587034618293, 41.294220301126344], [-85.08587933074361, 41.29422030105358], [-85.08587932985684, 41.294213552004095], [-85.08588831322294, 41.29421355191077], [-85.08588831233521, 41.29420680286127], [-85.08589729689409, 41.29420680278706], [-85.08589729633675, 41.294193303807596], [-85.08590627850641, 41.294193303692936], [-85.08590627941847, 41.29417305660382], [-85.0859152616117, 41.294173055588104], [-85.08591526252074, 41.29415280849885], [-85.08592424587862, 41.29415280840252], [-85.08592424531527, 41.29413930942281], [-85.0859332286713, 41.29413930932574], [-85.0859332296007, 41.294119061336], [-85.08594221176028, 41.294119061218304], [-85.08594221268669, 41.29409881322842], [-85.0859511948435, 41.294098813109976], [-85.08595119424787, 41.2940853150303], [-85.08596017879026, 41.29408531495082], [-85.08596017734965, 41.29406506602073], [-85.08596916186295, 41.29406506684073], [-85.08596916039296, 41.29404481881078], [-85.08597814492987, 41.29404481872978], [-85.08597814465057, 41.29402457071956], [-85.085987127991, 41.294024570617935], [-85.08598712738738, 41.29401107253792], [-85.08599611072599, 41.29401107243557], [-85.08599611046706, 41.29399082352484], [-85.08600509377659, 41.29399082432199], [-85.08600509385842, 41.29397317757381], [-85.08600509348832, 41.293970576311416], [-85.08601407684776, 41.293970575307235], [-85.08601407743184, 41.29395707724685], [-85.08602306076313, 41.29395707714222], [-85.08602306046889, 41.2939368291314], [-85.08603204379742, 41.29393682902601], [-85.08603204350018, 41.29391658101507], [-85.08604102679963, 41.29391658180919], [-85.08604102743037, 41.293903081948024], [-85.0860500107543, 41.29390308184113], [-85.0860500104248, 41.293882834730226], [-85.086058993746, 41.29388283462257], [-85.0860589922724, 41.29386258569112], [-85.08606797675822, 41.29386258650284], [-85.08606797616297, 41.29384908752185], [-85.08607695947957, 41.29384908741268], [-85.08607695916741, 41.293828839401144], [-85.08608594248126, 41.29382883929122], [-85.08608594216608, 41.293808591279564], [-85.08609492547718, 41.29380859116888], [-85.08609492515899, 41.2937883431571], [-85.08610390846734, 41.29378834304564], [-85.08610390905778, 41.29377484408418], [-85.08611289233798, 41.29377484487229], [-85.08611289197913, 41.29370060097402], [-85.08612187524916, 41.2937006017612], [-85.08612187543287, 41.293568216006705], [-85.08612187645316, 41.29303241031474], [-85.08613085965783, 41.293032410198926], [-85.08613085959688, 41.29296076845442], [-85.08613085990595, 41.29275828386093], [-85.0861308600654, 41.29271518568629], [-85.08613984320023, 41.29271518646914], [-85.08613984317923, 41.29251945089895], [-85.08614882631352, 41.29251945078023], [-85.08614882743706, 41.292323715223], [-85.08615781054452, 41.29232371510302], [-85.08615781015526, 41.29213472855161], [-85.08616679443045, 41.2921347284502], [-85.08616679318044, 41.291948343135914], [-85.08616679309554, 41.29193899193943], [-85.0861757773439, 41.291938991836744], [-85.08617577688686, 41.29175000437197], [-85.08618475991564, 41.291750004248165], [-85.0861847609232, 41.29155426596301], [-85.08619374389882, 41.2915542667382], [-85.08619374483447, 41.291543369034976], [-85.08619374445242, 41.29142602422202], [-85.0862027274631, 41.29142602319558], [-85.08620272653206, 41.29141927414228], [-85.0862117107092, 41.29141927403525], [-85.08621171006516, 41.291405775048176], [-85.0862206930468, 41.29140577492055], [-85.08622069452746, 41.29139902500664], [-85.0862296775082, 41.291399024878274], [-85.0862296768603, 41.2913855258911], [-85.08623866103287, 41.29138552578186], [-85.08623866009798, 41.291378776728436], [-85.086247643076, 41.29137877659863], [-85.0862476436179, 41.29136527763117], [-85.08625662659408, 41.29136527750062], [-85.08625662568357, 41.29135852754687], [-85.08626560865888, 41.29135852741558], [-85.0862656091969, 41.291345028448006], [-85.08627089007835, 41.291345027998986], [-85.08627459217035, 41.291345028315995], [-85.08627459161636, 41.29134088052624], [-85.08627459245156, 41.29133827838202], [-85.08628357542413, 41.29133827824929], [-85.0862835759583, 41.291324779281574], [-85.08629255892903, 41.2913247791481], [-85.08629255798834, 41.29131803009451], [-85.08630154215183, 41.29131802998014], [-85.08630154148848, 41.29130453099247], [-85.0863105244565, 41.291304530857516], [-85.08631052592747, 41.291297780943275], [-85.0863195088946, 41.29129778080762], [-85.08631950822738, 41.29128428181981], [-85.08632849119266, 41.291284281683396], [-85.08632849144176, 41.29127753264954], [-85.08633747443245, 41.29127753161212], [-85.08633747376139, 41.29126403262419], [-85.08634645791759, 41.29126403250616], [-85.08634645816475, 41.291257283472234], [-85.08635544112641, 41.291257283333636], [-85.08635544167144, 41.29124378346515], [-85.08636442460495, 41.2912437842261], [-85.08636442368285, 41.29123703427198], [-85.08637340664178, 41.29123703413191], [-85.08637340718293, 41.291223534263295], [-85.08638239011373, 41.291223535022795], [-85.08638239035703, 41.29121678598873], [-85.08639137333955, 41.29121678494694], [-85.08639137387684, 41.2912032850782], [-85.08640035680492, 41.29120328583621], [-85.08640035585263, 41.29119653678226], [-85.08640933999976, 41.291196536659115], [-85.08640933933955, 41.291183036770406], [-85.08641832226489, 41.29118303752694], [-85.08641832279635, 41.29116953765803], [-85.08642730571987, 41.29116953841383], [-85.08642730601095, 41.29116278757906], [-85.08643629012721, 41.29116278835402], [-85.08643628946116, 41.29114928846511], [-85.08644527238195, 41.29114928921945], [-85.0864452726711, 41.291142538384605], [-85.086454255591, 41.29114253913825], [-85.0864542549211, 41.291129039249206], [-85.08646323783915, 41.29112904000209], [-85.08646323929369, 41.291122290087316], [-85.08647222221086, 41.291122290839496], [-85.0864722215371, 41.29110879095035], [-85.08648120564607, 41.29110879172162], [-85.08648120473771, 41.291102040866804], [-85.08649018765215, 41.2911020416175], [-85.08649018816816, 41.29108854174805], [-85.08649917108076, 41.29108854249803], [-85.08649917136411, 41.291081791663004], [-85.08650815427583, 41.29108179241225], [-85.08650815478798, 41.2910682925427], [-85.08651713772417, 41.29106829239092], [-85.08651713795297, 41.29106154335637], [-85.08652612086195, 41.29106154410415], [-85.08652612137023, 41.29104804423447], [-85.08653510433003, 41.29104804318097], [-85.08653510336322, 41.29104129412652], [-85.08654038419434, 41.29104129456486], [-85.08654408746312, 41.29104129489268], [-85.0865440867739, 41.291027795003025], [-85.08655306970465, 41.29102779484832], [-85.08655307114952, 41.29102104493324], [-85.08656205405306, 41.291021045678086], [-85.08656205335997, 41.2910075457883], [-85.08657103748163, 41.291007545651986], [-85.08657103651099, 41.29100079659742], [-85.08658001943812, 41.291000796440535], [-85.08658001990848, 41.29098729747075], [-85.0865890028601, 41.29098729641285], [-85.08658900308116, 41.290980547378055], [-85.08659798600554, 41.29098054721971], [-85.08659798647206, 41.29096704824979], [-85.08660696939462, 41.29096704809071], [-85.08660696964006, 41.29096029815558], [-85.08661595136809, 41.29096029797594], [-85.08661595302436, 41.29094679902575], [-85.08662493594422, 41.290946798865185], [-85.08662493499408, 41.290940048910144], [-85.08663391910666, 41.290940048768725], [-85.0866339183718, 41.29092654977872], [-85.08664290128893, 41.2909265496167], [-85.08664290269782, 41.29091980060158], [-85.08665188561405, 41.29091980043884], [-85.08665188487531, 41.290906301448715], [-85.08666086778972, 41.29090630128523], [-85.08666086802936, 41.29089955134991], [-85.08666985094284, 41.29089955118572], [-85.08666985020025, 41.290886052195454], [-85.08667883430556, 41.29088605205036], [-85.08667883454326, 41.290879302114995], [-85.08668781745403, 41.29087930194934], [-85.08668781790122, 41.29086580297881], [-85.08669680081015, 41.29086580281239], [-85.08669680101961, 41.290859053777226], [-85.08670578395399, 41.29085905270984], [-85.08670578439728, 41.29084555373917], [-85.0867147673035, 41.2908455535713], [-85.08671476655121, 41.290832054580726], [-85.08672375064926, 41.29083205443195], [-85.08672374966217, 41.29082530537686], [-85.0867327337593, 41.29082530522738], [-85.08673273419677, 41.29081180625652], [-85.08674171712475, 41.29081180518618], [-85.08674171613575, 41.290805056131], [-85.0867506990365, 41.29080505596021], [-85.08675069947014, 41.290791556989234], [-85.08675968236908, 41.290791556817695], [-85.08675968259807, 41.290784806882044], [-85.08676866549611, 41.290784806709766], [-85.08676866592589, 41.29077130773869], [-85.08677764882209, 41.29077130756568], [-85.08677764904915, 41.29076455762995], [-85.0867866331381, 41.29076455747607], [-85.08678663237036, 41.290751058485014], [-85.08679561526385, 41.29075105831053], [-85.08679561546268, 41.290744309275034], [-85.08680459835526, 41.29074430909984], [-85.08680459918405, 41.29073341139299], [-85.08680459758365, 41.290730810108656], [-85.08681358169436, 41.29073080905228], [-85.08681358189125, 41.29072406001673], [-85.08682256478112, 41.29072405984008], [-85.08682256519928, 41.29071056086859], [-85.08683154808732, 41.29071056069121], [-85.0868315483086, 41.29070381075531], [-85.08684053119572, 41.29070381057719], [-85.08684053161004, 41.2906903116056], [-85.08684951449534, 41.290690311426744], [-85.08684951400872, 41.290530920428665]]], [[[-85.08707936679228, 41.294613597169416], [-85.08709260860789, 41.29461340746519], [-85.08710727633496, 41.29540171388064], [-85.08714827623119, 41.29748935261131], [-85.08717428188933, 41.29875351916234], [-85.08717643170424, 41.29887145261684], [-85.0871745084306, 41.2988325216237], [-85.08716450287774, 41.29863005642097], [-85.08715449738935, 41.2984275903117], [-85.08714589231104, 41.298253463141215], [-85.08714524177478, 41.2982483011585], [-85.08714256336826, 41.298240233097864], [-85.08703792949704, 41.298022656241756], [-85.08699480587948, 41.297932984188], [-85.08699102942322, 41.2979266893847], [-85.0869882482831, 41.29792324026246], [-85.08689651195287, 41.297820187883644], [-85.08684622128656, 41.29776369592629], [-85.08683957456627, 41.297617719691225], [-85.08683767263994, 41.29757594099103], [-85.08681191808427, 41.29701030997625], [-85.08678426086597, 41.2964028947835], [-85.08677715890344, 41.29624692115276], [-85.08677732621686, 41.296200421988694], [-85.08677805552247, 41.295997947805624], [-85.08677951407505, 41.295592998518686], [-85.08678024212831, 41.29539052339495], [-85.08678097139963, 41.295188046483666], [-85.08678242985731, 41.29478309264054], [-85.08678286741102, 41.29466131915579], [-85.08680736794621, 41.29461748622257], [-85.08707936679228, 41.294613597169416]]], [[[-85.08770932554172, 41.299213418665964], [-85.08769945410806, 41.29870268905402], [-85.08767528494467, 41.297445627269795], [-85.08763491592053, 41.29540113961145], [-85.08761936806741, 41.2946058687113], [-85.08822392767964, 41.29459719536081], [-85.08822392768793, 41.294598258201184], [-85.08823290992008, 41.29459825790609], [-85.08823291102179, 41.29460500786061], [-85.08824189325487, 41.294605007564826], [-85.0882418943838, 41.2946117566191], [-85.0882598600193, 41.29461175694555], [-85.08825985995635, 41.294618505980026], [-85.08826884338507, 41.294618505702], [-85.08826884332301, 41.2946252547365], [-85.0882778267264, 41.29462525535806], [-85.0882778266652, 41.29463200439257], [-85.08829579233281, 41.294632003813255], [-85.08829579222088, 41.29463875464833], [-85.08830477565249, 41.29463875436756], [-85.08830477559404, 41.29464550340213], [-85.0883137590266, 41.29464550312066], [-85.08831375894277, 41.29465225305551], [-85.08832274237629, 41.29465225277337], [-85.08832274231965, 41.29465900180793], [-85.08834070796863, 41.294659002122046], [-85.0883407079138, 41.29466575115665], [-85.08834969134925, 41.29466575087245], [-85.08834969129533, 41.29467249990705], [-85.08835867470545, 41.294672500522466], [-85.08835867465244, 41.2946792495571], [-85.08837664030719, 41.29467924986572], [-85.08837664144968, 41.29468599892021], [-85.08838562369434, 41.29468599861344], [-85.08838562364404, 41.29469274764809], [-85.08839460705704, 41.29469274826074], [-85.08839460700764, 41.294699497295426], [-85.08841257269447, 41.294699496698286], [-85.0884125738406, 41.29470624575285], [-85.08842155606182, 41.29470624634359], [-85.08842155720887, 41.294712995398164], [-85.08842683595216, 41.29471299571666], [-85.08843053945733, 41.294712995087956], [-85.08843053941158, 41.294719744122695], [-85.0884485062453, 41.294719745340444], [-85.08844850620136, 41.29472649437521], [-85.08845748842546, 41.29472649496323], [-85.08845748957613, 41.29473324401785], [-85.08846647182749, 41.29473324370491], [-85.08846647297905, 41.29473999275953], [-85.08848443865114, 41.29473999305168], [-85.08848443861082, 41.29474674208651], [-85.08849342086411, 41.294746741771505], [-85.08849342199211, 41.29475349172644], [-85.08850240424636, 41.29475349141076], [-85.08850240540154, 41.29476024046545], [-85.08852037107938, 41.29476024075209], [-85.08852037104269, 41.294766989787], [-85.0885293544926, 41.29476698948907], [-85.0885293544568, 41.29477373852398], [-85.08853833668763, 41.294773739105814], [-85.08853833665275, 41.294780488140724], [-85.08854732010454, 41.294780487841436], [-85.08854732054819, 41.29478309000596], [-85.08854732007056, 41.29478723687637], [-85.08856528694979, 41.29478723717598], [-85.08856528691763, 41.29479398621096], [-85.08857426917763, 41.29479398588978], [-85.08857426912009, 41.29480073582502], [-85.08858325254846, 41.29480073642327], [-85.0885832525181, 41.29480748545825], [-85.08860121940312, 41.29480748575238], [-85.08860121937458, 41.29481423478741], [-85.08861020283119, 41.2948142344833], [-85.08861020160984, 41.29482098349852], [-85.08861918504113, 41.294820984094], [-85.0886191850144, 41.29482773312903], [-85.08863715193145, 41.29482773251742], [-85.08863715068654, 41.29483448243294], [-85.08864613533976, 41.29483448214592], [-85.08864613412203, 41.294841231161186], [-85.08865511758248, 41.29484123085365], [-85.0886551175331, 41.294847980789044], [-85.08867308445592, 41.2948479801719], [-85.08867308324093, 41.294854729187215], [-85.08868206787074, 41.29485472979773], [-85.08868206665665, 41.29486147881304], [-85.08869105011999, 41.29486147850278], [-85.08869105010051, 41.29486822753792], [-85.0886963312179, 41.29486822878426], [-85.08870901700283, 41.2948682278156], [-85.08870901579147, 41.29487497683097], [-85.08871800039786, 41.29487497833901], [-85.0887179991874, 41.29488172735438], [-85.08872698265361, 41.294881727041364], [-85.08872698263777, 41.29488847607657], [-85.08873596488493, 41.294888476643315], [-85.08873596486998, 41.29489522567854], [-85.08875393299998, 41.29489522506891], [-85.08875393179314, 41.29490197408435], [-85.08876291523596, 41.29490197466886], [-85.08876291522374, 41.294908723704125], [-85.0887718975001, 41.294908723367854], [-85.08877189748875, 41.29491547240314], [-85.08878986440453, 41.29491547266846], [-85.08878986439503, 41.29492222170377], [-85.08879884664702, 41.29492222226571], [-85.08879884783214, 41.29492897132087], [-85.08880783011136, 41.294928970981836], [-85.08880783010366, 41.2949357200172], [-85.08882579702521, 41.294935720277024], [-85.08882579701934, 41.29494246931241], [-85.08883477927422, 41.29494246987159], [-85.08883477924296, 41.29494921980725], [-85.08884376271878, 41.29494921948532], [-85.08884376271472, 41.29495596852072], [-85.08886172964203, 41.29495596877504], [-85.08886172963977, 41.29496271781049], [-85.08887071192385, 41.29496271746666], [-85.0888707119225, 41.29496946650211], [-85.08887969537491, 41.294969467077706], [-85.08887969537447, 41.29497621611315], [-85.08889766114014, 41.29497621544189], [-85.08889766111523, 41.29498296537765], [-85.08890664459588, 41.29498296505091], [-85.08890664459817, 41.29498971408643], [-85.08891562807977, 41.294989713759], [-85.08891562805667, 41.29499646369478], [-85.0889335938281, 41.294996463018045], [-85.08893359383312, 41.29500321205359], [-85.08894257729035, 41.295003212624366], [-85.08894257729628, 41.29500996165992], [-85.08895156075447, 41.29500996223001], [-85.08895156076127, 41.295016711265596], [-85.08896054302673, 41.295016711815194], [-85.08896054422816, 41.29502346087061], [-85.08896952652084, 41.29502346051924], [-85.08896952602306, 41.29559299513232], [-85.08896952495506, 41.29599794439945], [-85.08896952572438, 41.29612357571006], [-85.08896054208695, 41.29612357603835], [-85.08896054209033, 41.2961303250727], [-85.08895155845201, 41.29613032540026], [-85.08895155845443, 41.29613707443459], [-85.08894257600893, 41.29613707478124], [-85.0889425760104, 41.29614382381556], [-85.08893359237027, 41.29614382414167], [-85.08893359237078, 41.29615057317594], [-85.0889246099235, 41.29615057352116], [-85.08892460875515, 41.296164070669555], [-85.08891562630602, 41.29616407101403], [-85.08891562630461, 41.29617082004824], [-85.08890664385459, 41.29617082039201], [-85.0889066438522, 41.296177569426185], [-85.08889765901382, 41.296177569729565], [-85.08889766020422, 41.296184318783546], [-85.08888867658494, 41.29618431820575], [-85.08888867774814, 41.29619106816], [-85.08887969293424, 41.296191067561665], [-85.08887969341001, 41.296200417859694], [-85.08887969411748, 41.29620456564969], [-85.08887071049548, 41.29620456507044], [-85.08887071046298, 41.29621131500477], [-85.0888617268401, 41.29621131442481], [-85.08886172680664, 41.296218064359124], [-85.08885274437658, 41.29621806379825], [-85.08885274436847, 41.296224812832264], [-85.08884376071748, 41.29622481315112], [-85.08884376067306, 41.296238312119364], [-85.08883477824027, 41.29623831155703], [-85.08883477703647, 41.29624506057115], [-85.08882579460278, 41.29624506000811], [-85.08882579459178, 41.29625180904203], [-85.08881681213091, 41.29625180937853], [-85.08881681092522, 41.296258558392594], [-85.08880782846344, 41.29625855872838], [-85.08880782845054, 41.296265307762255], [-85.08879884598787, 41.29626530809731], [-85.0887988447664, 41.29627880614516], [-85.08878986230191, 41.29627880647948], [-85.08878986231335, 41.29628555461301], [-85.08878087984795, 41.2962855549466], [-85.08878087863842, 41.296292303960556], [-85.08877189617212, 41.29629230429343], [-85.08877189615538, 41.296299053327175], [-85.08876291249443, 41.2962990536395], [-85.08876291247674, 41.29630580267324], [-85.0887539288149, 41.29630580298484], [-85.0887539299713, 41.29631930107205], [-85.08874494630764, 41.29631930138291], [-85.08874494631432, 41.2963260495163], [-85.08873596264975, 41.29632604982644], [-85.08873596382291, 41.296332798879874], [-85.08872698015745, 41.296332799189315], [-85.08872698013592, 41.296339548222925], [-85.08871799646954, 41.296339548531634], [-85.08871799764079, 41.29634629758502], [-85.08870901399982, 41.29634629699273], [-85.08870901392662, 41.29635979596009], [-85.08870003025753, 41.296359796267325], [-85.08870003145314, 41.29636654442041], [-85.08869632785404, 41.296366545055754], [-85.0886910466157, 41.296366543806826], [-85.08869104775779, 41.29637329376039], [-85.08868206411319, 41.29637329316593], [-85.08868206406056, 41.296380043099674], [-85.08867308160879, 41.29638004252429], [-85.08867308152793, 41.29639354149143], [-85.08866409788058, 41.296393540895494], [-85.08866409901978, 41.29640029084897], [-85.08865511417781, 41.29640029023249], [-85.08865511584335, 41.29640289151595], [-85.08865511534235, 41.296407039285675], [-85.08864613169321, 41.2964070386883], [-85.08864613166305, 41.29641378772165], [-85.08863714798674, 41.29641378802381], [-85.08863714795562, 41.29642053705712], [-85.08862816547214, 41.29642053737839], [-85.08862816540798, 41.29643403544495], [-85.08861918172893, 41.29643403574566], [-85.08861918169589, 41.296440784778916], [-85.08861019920968, 41.29644078509873], [-85.08861019920197, 41.29644753323168], [-85.08860121552112, 41.29644753353094], [-85.08860121548615, 41.296454282564156], [-85.08859223299817, 41.29645428288251], [-85.08859223296227, 41.29646103191567], [-85.08858324927961, 41.29646103221348], [-85.08858324920587, 41.29647453027977], [-85.08857426671513, 41.296474530596676], [-85.08857426548356, 41.29648127960997], [-85.08856528299191, 41.29648127992614], [-85.08856528297942, 41.296488028058945], [-85.08855630048687, 41.2964880283744], [-85.08855630044714, 41.29649477740745], [-85.08854731675997, 41.29649477770238], [-85.08854731671927, 41.2965015267354], [-85.08853833422494, 41.296501527049415], [-85.08853833294786, 41.29651502509558], [-85.08852935045171, 41.29651502540885], [-85.08852935040908, 41.2965217744418], [-85.0885203679383, 41.29652177385408], [-85.08852036670099, 41.29652852286722], [-85.08851138422932, 41.296528522278756], [-85.0885113841585, 41.29653527221194], [-85.08850240168593, 41.29653527162277], [-85.08850240156863, 41.296548770588814], [-85.08849341787419, 41.29654877087935], [-85.08849341782773, 41.296555519912204], [-85.08848443535244, 41.29655551932158], [-85.08848443411128, 41.29656226833456], [-85.08847545163508, 41.29656226774322], [-85.08847545156041, 41.29656901767627], [-85.08846646908331, 41.296569017084224], [-85.08846646784025, 41.296575766097156], [-85.08845748533597, 41.29657576640464], [-85.08845748640283, 41.29658926539021], [-85.08844850272926, 41.29658926477685], [-85.088448502678, 41.29659601380954], [-85.08843951897725, 41.29659601409573], [-85.08843952014507, 41.296602762247964], [-85.08843053644343, 41.296602762533446], [-85.08843053519652, 41.29660951154625], [-85.08842683397147, 41.29660951221228], [-85.0884215526877, 41.29660951185083], [-85.08842155263358, 41.296616260883454], [-85.08841257012388, 41.29661626118732], [-85.08841257001372, 41.2966297592525], [-85.08840358630842, 41.296629759535776], [-85.08840358747241, 41.29663650768788], [-85.08839460376623, 41.29663650797046], [-85.08839460370922, 41.29664325700297], [-85.08838562000214, 41.296643257284835], [-85.08838562113793, 41.29665000633716], [-85.08837663742995, 41.29665000661828], [-85.08837663737104, 41.296656755650744], [-85.08836765366215, 41.29665675593116], [-85.08836765473616, 41.29667025401585], [-85.08835867102545, 41.29667025429553], [-85.08835867099089, 41.296677002427664], [-85.08834968727929, 41.29667700270661], [-85.08834968841123, 41.29668375175882], [-85.08834070469872, 41.296683752037026], [-85.08834070463597, 41.29669050106939], [-85.08833172092257, 41.296690501346895], [-85.0883317219889, 41.29670399943138], [-85.08832273827366, 41.296703999708114], [-85.08832273820897, 41.296710748740416], [-85.08831375568658, 41.29671074903628], [-85.08831375564725, 41.29671749716827], [-85.0883047719565, 41.296717496543316], [-85.0883047718636, 41.29672424647582], [-85.08829578936572, 41.29672424586997], [-85.08829578927188, 41.29673099580244], [-85.0882868067731, 41.29673099519587], [-85.08828680541603, 41.29674449414067], [-85.08827782291543, 41.29674449353336], [-85.08827782284595, 41.29675124256551], [-85.08826883915069, 41.29675124193764], [-85.08826883908026, 41.29675799096976], [-85.08825985655155, 41.296757991261266], [-85.08825985648015, 41.296764740293376], [-85.0882508727568, 41.296764740564335], [-85.08825087268447, 41.29677148959639], [-85.08824189015395, 41.29677148988647], [-85.08824189000735, 41.29678498795054], [-85.08823290628126, 41.29678498822003], [-85.08823290742706, 41.29679173637159], [-85.08822392370006, 41.29679173664039], [-85.08822392481858, 41.29679848569219], [-85.08821493989696, 41.29679848594041], [-85.08821494101453, 41.29680523499217], [-85.08820595728574, 41.296805235259534], [-85.08820595771276, 41.29680783742289], [-85.08820595713148, 41.29681873332335], [-85.0881969745946, 41.29681873360977], [-85.0881969745428, 41.2968254817414], [-85.08818799200502, 41.2968254820271], [-85.08818799073224, 41.296832231039126], [-85.08817900819355, 41.2968322313241], [-85.08817900811354, 41.29683898035595], [-85.08817002557397, 41.2968389806402], [-85.08817002549301, 41.29684572967199], [-85.08816104175881, 41.296845729935704], [-85.08816104162123, 41.296859227098984], [-85.08815733918865, 41.2968592277362], [-85.08815205907895, 41.29685922738177], [-85.08815205863792, 41.296892973440684], [-85.08814307492358, 41.29689297280256], [-85.0881430755291, 41.29694021604402], [-85.088134091782, 41.29694021630534], [-85.08813409237973, 41.296987459546294], [-85.08812510862616, 41.296987459806765], [-85.08812510881737, 41.29701030816431], [-85.08812510924243, 41.29703470214694], [-85.08811612548239, 41.29703470240658], [-85.08811612597711, 41.297088694677925], [-85.08810714340345, 41.29708869495653], [-85.08810714278391, 41.29713593817608], [-85.08809816023009, 41.29713593755358], [-85.08809815960278, 41.2971831807726], [-85.08808917701619, 41.29718318104953], [-85.08808917638109, 41.297230424268065], [-85.0880801925943, 41.29723042452431], [-85.08808019188578, 41.29728441587317], [-85.08807120928535, 41.29728441614839], [-85.0880712086608, 41.29733165846557], [-85.08806222605392, 41.29733165873996], [-85.08806222658906, 41.29737890197675], [-85.08805324278195, 41.297378902230456], [-85.08805324330929, 41.29742614546674], [-85.08804425952204, 41.29742614481933], [-85.08804425994518, 41.29748013708592], [-85.088035277318, 41.29748013735776], [-85.08803527666214, 41.297527379672836], [-85.0880262940285, 41.297527379943844], [-85.08802629336485, 41.29757462225845], [-85.08801731072474, 41.29757462252861], [-85.08801731057139, 41.29761771797494], [-85.08801731005335, 41.29762186484268], [-85.08800832740677, 41.297621865112], [-85.08800832792133, 41.297669107445415], [-85.08799934407455, 41.297669107694055], [-85.08799934325927, 41.29772309993785], [-85.08799036062514, 41.29772309930519], [-85.0879903599039, 41.297770342517985], [-85.08798137723703, 41.297770342784744], [-85.0879813765343, 41.297817585096745], [-85.08797239386098, 41.297817585362665], [-85.08797239427717, 41.29782018752541], [-85.08797239434422, 41.29786482769401], [-85.08798137702404, 41.29786482742822], [-85.08798137748619, 41.297912070659585], [-85.08797239360612, 41.29791207090541], [-85.08797239323636, 41.29793906522549], [-85.0879634105464, 41.297939065490375], [-85.08796341131367, 41.29796606163064], [-85.08795442742624, 41.29796606187489], [-85.0879544282157, 41.297993057114695], [-85.08794544551836, 41.297993057378], [-85.0879454450836, 41.29802005349803], [-85.08793646118882, 41.29802005374072], [-85.0879364616296, 41.29802265500306], [-85.08793646207977, 41.298040299950166], [-85.08792747818224, 41.298040300192085], [-85.08792747773933, 41.298067296311764], [-85.08791849505818, 41.298067295672475], [-85.08791849463746, 41.29809429089166], [-85.08790951192633, 41.29809429115186], [-85.08790951147516, 41.29812128727114], [-85.08790052878666, 41.29812128663028], [-85.08790052952514, 41.29814828276917], [-85.08789154441911, 41.298148282988144], [-85.08789154517976, 41.29817527822657], [-85.08788784147927, 41.29817527883368], [-85.0878825624576, 41.29817527848442], [-85.08788256202035, 41.298202273702806], [-85.0878735792945, 41.29820227395989], [-85.08787357882682, 41.29822927007837], [-85.08786459609729, 41.29822927033465], [-85.08786459687188, 41.29825626467219], [-85.08785561175111, 41.29825626488804], [-85.08785561246896, 41.29828326102595], [-85.08784662973207, 41.29828326128069], [-85.08784662930461, 41.298310255598], [-85.08783764653774, 41.29831025675223], [-85.08783764607985, 41.29833725196962], [-85.0878286633356, 41.298337252222794], [-85.08782866299569, 41.298357498410624], [-85.08781968024869, 41.298357498663016], [-85.08781968095013, 41.298384494800175], [-85.0878106958382, 41.298384494111836], [-85.0878106965618, 41.29841148934849], [-85.08780171380744, 41.29841148959934], [-85.08780171399201, 41.29842758891985], [-85.08780171330683, 41.29843848571625], [-85.08779273054878, 41.298438485966294], [-85.08779273019658, 41.29845873215356], [-85.0878017129574, 41.29845873190355], [-85.08780171329023, 41.29857346273748], [-85.08781069606682, 41.29857346248712], [-85.08781069669618, 41.298630056001336], [-85.08781069638147, 41.29868819421951], [-85.08781968039393, 41.298688193088346], [-85.0878196795492, 41.298802923898805], [-85.08782866233106, 41.29880292454799], [-85.08782866232332, 41.298832520124755], [-85.08782866274085, 41.298917653575906], [-85.08783764556476, 41.29891765332445], [-85.08783764473627, 41.29903238413123], [-85.08784662876977, 41.29903238389928], [-85.08784662794938, 41.29914711470426], [-85.08785561083118, 41.2991471135518], [-85.0878556111403, 41.29919595193069], [-85.08770932554172, 41.299213418665964]]], [[[-85.08731091377994, 41.29461028621349], [-85.08740106510585, 41.294608996890574], [-85.08741659814567, 41.295403580317284], [-85.08745695975529, 41.29744804717796], [-85.08748112426433, 41.29870508368946], [-85.0874914503589, 41.299239432115805], [-85.0874017135253, 41.29925014620405], [-85.08739261230485, 41.29875111070855], [-85.08736660139643, 41.29748685672918], [-85.08732559694722, 41.29539933956133], [-85.08731091377994, 41.29461028621349]]], [[[-85.08694831454466, 41.29923745114053], [-85.08694831494782, 41.29897839485348], [-85.0869393309244, 41.29897839501547], [-85.08693933116929, 41.298832522109656], [-85.08693933150172, 41.29863005660323], [-85.08693933293988, 41.29860720828059], [-85.08693034896744, 41.29860720844297], [-85.08693034958824, 41.298586962261965], [-85.08692136561862, 41.29858696242371], [-85.08692136605177, 41.29857346436952], [-85.08691238327779, 41.298573464550444], [-85.08691238273632, 41.29855321744933], [-85.08690339996515, 41.29855321762961], [-85.0869033994262, 41.298532970528505], [-85.08689441665786, 41.29853297070813], [-85.08689441587603, 41.29851947353439], [-85.08688543313589, 41.2985194728131], [-85.08688543376955, 41.29849922663211], [-85.0868764510322, 41.29849922591017], [-85.08687645047465, 41.29847897970933], [-85.08686746649369, 41.29847898076745], [-85.08686746696341, 41.29846548181299], [-85.08685848420444, 41.298465481990014], [-85.08685848484582, 41.29844523580904], [-85.08684950089587, 41.2984452359656], [-85.0868495007693, 41.29842759012571], [-85.0868495015661, 41.29842498888433], [-85.08684051761897, 41.29842498904023], [-85.08684051923497, 41.298411491906165], [-85.08683153412225, 41.29841149114129], [-85.08683153477133, 41.29839124496031], [-85.08682255204897, 41.29839124423447], [-85.0868225527006, 41.298370998053485], [-85.08681356995471, 41.298370998227284], [-85.08681356921463, 41.29835750015327], [-85.08680986553144, 41.29835749982518], [-85.08680458527687, 41.29835750030656], [-85.08680458595995, 41.298337253225306], [-85.08679560202499, 41.298337253377966], [-85.08679560271065, 41.2983170062967], [-85.08678661997227, 41.29831700646856], [-85.08678662040478, 41.29830350931465], [-85.08677763650081, 41.29830350856573], [-85.08677763597153, 41.2982832623649], [-85.08676865326416, 41.29828326163518], [-85.08676865393119, 41.29826301545419], [-85.08675967117397, 41.29826301652439], [-85.08675967047047, 41.29824951755009], [-85.08675068654769, 41.29824951769949], [-85.08675068724621, 41.29822927061823], [-85.08674170449369, 41.29822927168711], [-85.08674170400096, 41.29820902458601], [-85.08673272008379, 41.29820902473412], [-85.08673272174666, 41.2981955266998], [-85.08672373783136, 41.29819552684726], [-85.0867237373175, 41.298175280646426], [-85.0867147546251, 41.29817527991285], [-85.08671475509765, 41.29816178185867], [-85.08670577116072, 41.2981617829051], [-85.08670577139787, 41.298155033878025], [-85.08669678870831, 41.29815503314308], [-85.08669678894637, 41.298148284116], [-85.08668780623144, 41.298148284280664], [-85.0866878052503, 41.29814153613403], [-85.08667882256265, 41.29814153539772], [-85.08667882280251, 41.298134786370696], [-85.08666983889572, 41.298134786514126], [-85.08666983911016, 41.29812803838737], [-85.0866608564244, 41.298128037649704], [-85.08666085547229, 41.29812128860284], [-85.08665187276118, 41.29812128876476], [-85.08665187297741, 41.29811454063803], [-85.08664289029356, 41.298114539899], [-85.08664288934325, 41.29810779085216], [-85.08663390663405, 41.298107791012725], [-85.08663390712273, 41.298094292958766], [-85.08662492322163, 41.29809429309883], [-85.08662492346687, 41.298087544071834], [-85.0866159395404, 41.29808754511148], [-85.08661594100661, 41.29808079520411], [-85.0866069583012, 41.298080795362644], [-85.08660695735445, 41.29807404631585], [-85.08659797464999, 41.2980740464737], [-85.08659797370414, 41.298067297426925], [-85.08658899100064, 41.2980672975841], [-85.08658899124947, 41.29806054855716], [-85.0865800085469, 41.29806054871364], [-85.08658000760286, 41.29805379966691], [-85.08657102490125, 41.2980537998227], [-85.08657102515188, 41.298047050795816], [-85.08656204125747, 41.2980470509311], [-85.086562041509, 41.29804030190421], [-85.08655305880927, 41.298040302058666], [-85.08655305786795, 41.298033553011926], [-85.0865440751692, 41.29803355316571], [-85.08654407542252, 41.29802680413884], [-85.08653509153096, 41.29802680427208], [-85.08653509214393, 41.298022657406634], [-85.0865350917852, 41.298020055245225], [-85.08652610908835, 41.29802005539763], [-85.08652610814971, 41.29801330635096], [-85.08651712545382, 41.29801330650267], [-85.08651712690362, 41.29800655749572], [-85.08650814301492, 41.2980065576269], [-85.08650814329818, 41.29799980769981], [-85.08649915938409, 41.29799980873059], [-85.08649915964193, 41.2979930597038], [-85.08649017575513, 41.29799305983362], [-85.08649017723396, 41.29798630992642], [-85.08648119451556, 41.297986310975695], [-85.08648119358142, 41.297979561929075], [-85.08647221089029, 41.297979562077394], [-85.08647220998338, 41.29797281213051], [-85.08646322726689, 41.29797281317841], [-85.08646322752831, 41.297966064151666], [-85.0864542448391, 41.297966064298606], [-85.08645424393399, 41.29795931435176], [-85.08644526124573, 41.29795931449804], [-85.08644526028887, 41.29795256635174], [-85.08643627760155, 41.297952566497315], [-85.08643627789202, 41.29794581657033], [-85.08642729520565, 41.29794581671526], [-85.0864272942506, 41.297939068568965], [-85.08641831156518, 41.2979390687132], [-85.08641831185744, 41.29793231878626], [-85.08640932797923, 41.297932318909936], [-85.08640932821974, 41.29792557078355], [-85.08640034553623, 41.29792557092641], [-85.086400346098, 41.29791207197281], [-85.08639136339005, 41.29791207301528], [-85.0863913624649, 41.29790532396878], [-85.08638237978424, 41.2979053241103], [-85.0863823788863, 41.29789857416354], [-85.08637339618026, 41.29789857520466], [-85.08637339645067, 41.29789182617803], [-85.08636441257815, 41.29789182629834], [-85.08636441287577, 41.297885076371436], [-85.08635543019797, 41.297885076510916], [-85.08635542925008, 41.29787832836474], [-85.08634644657324, 41.297878328503536], [-85.08634644687265, 41.29787157857668], [-85.08633746300299, 41.29787157869493], [-85.08633746325067, 41.29786483056863], [-85.08632848057573, 41.29786483070607], [-85.0863284796832, 41.297858080759354], [-85.0863194970092, 41.29785808089612], [-85.08631949725869, 41.297851332769845], [-85.08631051339188, 41.29785133288606], [-85.08631051369491, 41.29784458295925], [-85.08630153102281, 41.29784458309464], [-85.0863015312741, 41.29783783496838], [-85.0862925474092, 41.29783783508323], [-85.0862925489078, 41.29783108517631], [-85.08628356385009, 41.29783108527062], [-85.08628356532326, 41.297824336263965], [-85.08627458143394, 41.297824337277746], [-85.08627458208927, 41.29782018951226], [-85.08627458174058, 41.29781758735098], [-85.08627087928238, 41.29781758702604], [-85.0862655990723, 41.29781758748364], [-85.08626559815976, 41.297810838437314], [-85.0862566154661, 41.29781083946956], [-85.08625661577454, 41.29780408954282], [-85.08624763310817, 41.29780408967412], [-85.08624763219743, 41.297797340627824], [-85.08623864950567, 41.297797341658715], [-85.08623864862216, 41.29779059171214], [-85.08622966595767, 41.29779059184208], [-85.08622966624249, 41.29778384281566], [-85.08622068357899, 41.29778384294492], [-85.08622068267093, 41.29777709389866], [-85.08621170000838, 41.297777094027225], [-85.08621169910121, 41.297770344980975], [-85.08620271643962, 41.29777034510887], [-85.08620271672713, 41.29776359608247], [-85.08619373287272, 41.29776359618982], [-85.08619373316114, 41.297756847163456], [-85.08618475050143, 41.29775684728998], [-85.08618474959698, 41.29775009824377], [-85.08617576693824, 41.297750098369626], [-85.08617576751863, 41.2977366003169], [-85.08616678486176, 41.29773660044209], [-85.08616678395907, 41.29772985139591], [-85.08615780130317, 41.2977298515204], [-85.08615780159514, 41.29772310249407], [-85.08614881777275, 41.29772310169776], [-85.0861488180393, 41.29771635357173], [-85.08613983538532, 41.29771635369486], [-85.08613983448532, 41.297709604648695], [-85.0861308518586, 41.297709603870885], [-85.0861308509332, 41.29770285572501], [-85.0861218682811, 41.297702855846794], [-85.0861218685767, 41.2976961068205], [-85.08611288595188, 41.29769610604133], [-85.08611288502827, 41.297689357895486], [-85.08610390237807, 41.2976893580159], [-85.08610390148169, 41.29768260896979], [-85.08609491885879, 41.297682608189255], [-85.08609491913074, 41.29767586006327], [-85.0860859352887, 41.29767586016247], [-85.08608593678163, 41.297669111156104], [-85.08607695296688, 41.297669110354335], [-85.08607695324062, 41.2976623622284], [-85.08606796940049, 41.297662362326236], [-85.08606796970147, 41.29765561330003], [-85.08605898588861, 41.297655612496925], [-85.08605898738426, 41.297648863490565], [-85.0860500035197, 41.297648864487336], [-85.08605000382248, 41.297642115461144], [-85.0860410212053, 41.297642114676506], [-85.08604102031522, 41.29763536563049], [-85.08603203764633, 41.29763536664572], [-85.08603203675716, 41.29762861759972], [-85.08602305414188, 41.297628616813725], [-85.08602305444735, 41.297621867787576], [-85.08601407178037, 41.29762186880147], [-85.08601407125795, 41.29761772101634], [-85.08601407089299, 41.29761511975546], [-85.0860050882796, 41.29761511896811], [-85.08600508739313, 41.297608369922145], [-85.08600138492076, 41.29760837048907], [-85.08599610475439, 41.29760837003438], [-85.08599610503624, 41.297601621908555], [-85.08585237453099, 41.29760162166982], [-85.08585237420797, 41.29760837069559], [-85.08546239690477, 41.29760837186722], [-85.08526847064776, 41.29760837162006], [-85.08526847029083, 41.29761511974426], [-85.08519290313859, 41.2976151206436], [-85.08492340853955, 41.29761512064416], [-85.08483882292056, 41.29761512164292], [-85.08467558284815, 41.29761512129414], [-85.08467558432731, 41.29761772347401], [-85.08467558359747, 41.29762187033718], [-85.08447365285143, 41.29762186972608], [-85.08447265776891, 41.29758939422552], [-85.08447193092195, 41.29754200020341], [-85.08447614041255, 41.29742796364991], [-85.08450244695045, 41.29707199543155], [-85.08449645179029, 41.29684113245496], [-85.08449631668715, 41.29683554669548], [-85.0844813158135, 41.29616454701335], [-85.08448119661055, 41.29615874444645], [-85.08445367806428, 41.294679255622235], [-85.08448694373864, 41.2946792554192], [-85.08448694299727, 41.29467250637335], [-85.08477824269308, 41.29467250635546], [-85.08492341424851, 41.29467250576611], [-85.0850798300024, 41.29467250565607], [-85.08507983039357, 41.29466575662873], [-85.08519290787757, 41.294665755754394], [-85.0852774586049, 41.29466575569697], [-85.08527745778196, 41.29465900664933], [-85.08528644242745, 41.29465900572391], [-85.08528644160354, 41.29465225667624], [-85.0852954250281, 41.2946522566305], [-85.08529542420324, 41.294645507582814], [-85.08530440882059, 41.294645507556204], [-85.08530440930198, 41.29463891795622], [-85.08546240284875, 41.294636664776476], [-85.08600139042767, 41.29462897929577], [-85.08627088356927, 41.29462513694795], [-85.0865403778706, 41.29462129488829], [-85.08667675054211, 41.29461934975823], [-85.08666818875737, 41.29463466902568], [-85.08666566514582, 41.294640146629135], [-85.08666409598413, 41.29464582114507], [-85.08666350663724, 41.29465160112257], [-85.08666303439125, 41.29478309271092], [-85.08666157519474, 41.29518804653654], [-85.08666084674773, 41.29539052345895], [-85.08666011713134, 41.29559299855409], [-85.0866586578399, 41.295997947823565], [-85.08665792935861, 41.29620042201773], [-85.08665775899618, 41.29624763539491], [-85.08665779129763, 41.29624930855367], [-85.08666478482493, 41.29640289440205], [-85.0866924409067, 41.29701031049982], [-85.08672009866602, 41.29761772025926], [-85.08672747068452, 41.29777965025226], [-85.08672833129523, 41.29778587766921], [-85.08673033090324, 41.29779195559052], [-85.08673343109582, 41.297797768086426], [-85.08673757069981, 41.29780320155078], [-85.08675269375365, 41.29782018821084], [-85.08680986707768, 41.29788441285575], [-85.08688504409358, 41.29796886232613], [-85.08691091532113, 41.2980226568887], [-85.087026918634, 41.29826386387898], [-85.08703500928014, 41.29842759009596], [-85.08704501439838, 41.29863005620764], [-85.0870550195811, 41.29883252141279], [-85.08707502886723, 41.299237451784364], [-85.08707756832851, 41.29928884715534], [-85.08694831500947, 41.299304279425236], [-85.08694831454466, 41.29923745114053]]]]}}, {"type": "Feature", "properties": {"SPR_ID": 148, "Unit_Site": "Flat Creek Rest Area NB", "Site_typ": "Rest Area", "layer": "Fort Wayne", "Shape_Area": 53709.5563706, "Site_Score": 38.36, "Final_Rank": 22, "SITE_EVAL": "Poor", "RATIONALE": "Strong low flood risk and slope; limited by distance from transmission infrastructure.", "dataset": "welcome_rest_sites", "layer_title": "Rest Areas, Welcome Centers & Weigh Stations", "layer_type": "rest_area", "center_latitude": 40.86806, "center_longitude": -85.343805, "source_geometry_valid": true, "sol_s": 0.431115401629134, "slp_s": 0.907343816032058, "trn_s": 0.323842593783752, "fld_s": 1.0, "lc_s": 0.575, "Site_ID": 23502, "Site_Statu": "Inactive", "Site_Avail": "See Comment", "Acreage": 13.0, "Address": null, "County": "Huntington", "Solar_Type": "Ground", "Electrical": "Low", "Ownership": "INDOT"}, "geometry": {"type": "Polygon", "coordinates": [[[-85.34399983094286, 40.866332405960584], [-85.34412771085998, 40.865270219121214], [-85.34465117090782, 40.86516417263217], [-85.34460118263289, 40.86614789798018], [-85.34461049610019, 40.8665140370831], [-85.34462574047312, 40.86701769212351], [-85.34470965524486, 40.869905122510026], [-85.34471684764512, 40.87019732026522], [-85.34436280822703, 40.87025680990871], [-85.34396993915934, 40.869524627878896], [-85.34294788750039, 40.86899267021061], [-85.3429605112359, 40.86712680361612], [-85.34399983094286, 40.866332405960584]]]}}, {"type": "Feature", "properties": {"SPR_ID": 149, "Unit_Site": "I-69 NB Warren Weigh Station", "Site_typ": "Weigh Station", "layer": "Fort Wayne", "Shape_Area": 37831.9841237, "Site_Score": 21.66, "Final_Rank": 28, "SITE_EVAL": "Poor", "RATIONALE": "Strong low flood risk and slope; limited by distance from transmission infrastructure.", "dataset": "welcome_rest_sites", "layer_title": "Rest Areas, Welcome Centers & Weigh Stations", "layer_type": "rest_area", "center_latitude": 40.74779, "center_longitude": -85.408506, "source_geometry_valid": true, "sol_s": 0.491591756477072, "slp_s": 0.822999520382326, "trn_s": 0.196363683794601, "fld_s": 1.0, "lc_s": 0.5047619047622, "Site_ID": 23504, "Site_Statu": "Inactive", "Site_Avail": "See Comment", "Acreage": 7.0, "Address": null, "County": "Huntington", "Solar_Type": "Ground", "Electrical": "Low", "Ownership": "INDOT"}, "geometry": {"type": "MultiPolygon", "coordinates": [[[[-85.4082430969117, 40.74530995960581], [-85.4083397365321, 40.74524369304971], [-85.40859928107105, 40.745348615043085], [-85.40812989069103, 40.746030611925626], [-85.40789795745908, 40.74600576194501], [-85.40785654011712, 40.745878750768675], [-85.4082430969117, 40.74530995960581]]], [[[-85.40985955978344, 40.74505334804076], [-85.41029098520463, 40.744509753091066], [-85.40995878805839, 40.74528200374025], [-85.40954893343202, 40.746028368296145], [-85.40931596408426, 40.74645116521263], [-85.4093504787992, 40.74654176449773], [-85.40946264922765, 40.746628049154225], [-85.40936773555258, 40.74673159168392], [-85.40913045179786, 40.74664099224591], [-85.40908299469416, 40.7465460788318], [-85.40911319441841, 40.74647273675067], [-85.40985955978344, 40.74505334804076]]], [[[-85.40872949611366, 40.745342672846895], [-85.40942382107734, 40.74475620466272], [-85.4074554446518, 40.74736497664207], [-85.40786664600647, 40.74652909145694], [-85.40814302767356, 40.74613811224163], [-85.40872949611366, 40.745342672846895]]], [[[-85.4083970294053, 40.74737872834276], [-85.40892768151456, 40.74668844916526], [-85.40922536513554, 40.74685238983362], [-85.40871628356133, 40.74748227027129], [-85.40854802817388, 40.74753404173529], [-85.4084186002073, 40.74745638485221], [-85.4083970294053, 40.74737872834276]]], [[[-85.40705772457707, 40.74607070228256], [-85.40785316473303, 40.7450528085715], [-85.4080958407785, 40.74491124765194], [-85.40862164046688, 40.74497191658968], [-85.40921484946075, 40.74453375107801], [-85.4097743532376, 40.744129290255984], [-85.40941033925188, 40.74463486593918], [-85.4086890502739, 40.745187629475716], [-85.40815651036515, 40.745120218965056], [-85.40738803439513, 40.74614485297304], [-85.40774530767132, 40.7464616813688], [-85.40715883954039, 40.74756046642158], [-85.4073880343708, 40.74652234972836], [-85.40717232222075, 40.74621900479753], [-85.40705772457707, 40.74607070228256]]], [[[-85.40857929175267, 40.7467031536847], [-85.40912111152322, 40.745985792388105], [-85.40949518770655, 40.74548418942204], [-85.40917889527451, 40.74614238170225], [-85.40905696426125, 40.746359737484134], [-85.40891206146499, 40.74655984562208], [-85.40885438208251, 40.74652930998609], [-85.40862402075727, 40.74683332437125], [-85.40854273354198, 40.74688457105957], [-85.40846321373553, 40.746987064007364], [-85.4085462682426, 40.747055981172366], [-85.4082762301012, 40.74738304254367], [-85.40804326026267, 40.74764621206368], [-85.40776714829714, 40.7478834955147], [-85.40756968912184, 40.74802944323431], [-85.40773223809049, 40.747809685951076], [-85.40803670738723, 40.74742148273139], [-85.40803754709201, 40.74742039352484], [-85.40857929175267, 40.7467031536847]]], [[[-85.40954810805468, 40.74495997709337], [-85.41004933610652, 40.74430047468759], [-85.41011574766507, 40.74434877424743], [-85.40984156579925, 40.744705547949934], [-85.40943731223433, 40.74522800793971], [-85.40943685991483, 40.745228598943086], [-85.4094364477199, 40.74522914635974], [-85.40893309204883, 40.745904105158566], [-85.40839152785362, 40.74662112408899], [-85.40785029682455, 40.747337681016354], [-85.4075455568827, 40.74772622772375], [-85.40754477707652, 40.747727238481836], [-85.40754417642181, 40.74772803822008], [-85.40733889369915, 40.74800557257575], [-85.40701915184485, 40.748412839499984], [-85.40701826074543, 40.74841399645092], [-85.40689354042486, 40.74857951106258], [-85.40681983416448, 40.74855116190865], [-85.4068770539066, 40.74847812685712], [-85.40687783498046, 40.74847711341881], [-85.40717544770885, 40.748084124661524], [-85.40771713136989, 40.74736698636555], [-85.40841121778944, 40.74645166387218], [-85.40891460162098, 40.745795750101884], [-85.408914875519, 40.74579538995068], [-85.40954810805468, 40.74495997709337]]], [[[-85.40710491197767, 40.74876710804504], [-85.40788012861634, 40.747904257948015], [-85.40829780146227, 40.7475771838998], [-85.40847735002673, 40.747624992917096], [-85.40865582938625, 40.74766917105343], [-85.40877599299166, 40.74767623935166], [-85.40894210147074, 40.7475755139871], [-85.40967997969119, 40.746636947655134], [-85.40984850398796, 40.746738063063205], [-85.40878342366858, 40.74803907872866], [-85.40856097065341, 40.748018855834786], [-85.40821043837992, 40.748018855437586], [-85.40779923588744, 40.74812671141724], [-85.40730714184343, 40.74882103591702], [-85.40710491197767, 40.74876710804504]]]]}}, {"type": "Feature", "properties": {"SPR_ID": 150, "Unit_Site": "Flat Creek Rest Area SB", "Site_typ": "Rest Area", "layer": "Fort Wayne", "Shape_Area": 35714.5943292, "Site_Score": 81.31, "Final_Rank": 6, "SITE_EVAL": "Good", "RATIONALE": "Strong low flood risk and transmission access; limited by solar resource.", "dataset": "welcome_rest_sites", "layer_title": "Rest Areas, Welcome Centers & Weigh Stations", "layer_type": "rest_area", "center_latitude": 40.914434, "center_longitude": -85.328499, "source_geometry_valid": true, "sol_s": 0.349471898058388, "slp_s": 0.860221557709836, "trn_s": 0.987965442267633, "fld_s": 1.0, "lc_s": 0.82, "Site_ID": 29002, "Site_Statu": "Inactive", "Site_Avail": "Yes", "Acreage": 12.0, "Address": null, "County": "Wells", "Solar_Type": "Ground", "Electrical": "Low", "Ownership": "INDOT"}, "geometry": {"type": "Polygon", "coordinates": [[[-85.32665594032807, 40.91570027259159], [-85.3294281541596, 40.91236490825037], [-85.32933618655474, 40.91315320142876], [-85.3292704956257, 40.91412543030349], [-85.32930991098807, 40.91474292644718], [-85.328810657803, 40.91528159421014], [-85.32752311250891, 40.91559691160022], [-85.3260743894252, 40.916406107853206], [-85.32665594032807, 40.91570027259159]]]}}, {"type": "Feature", "properties": {"SPR_ID": 151, "Unit_Site": "I-70 EB Richmond Weigh Station", "Site_typ": "Weigh Station", "layer": "Greenfield", "Shape_Area": 13530.5780284, "Site_Score": 72.43, "Final_Rank": 9, "SITE_EVAL": "Good", "RATIONALE": "Strong solar resource and low flood risk; limited by land cover suitability.", "dataset": "welcome_rest_sites", "layer_title": "Rest Areas, Welcome Centers & Weigh Stations", "layer_type": "rest_area", "center_latitude": 39.864528, "center_longitude": -84.943678, "source_geometry_valid": true, "sol_s": 1.0, "slp_s": 0.61767184458962, "trn_s": 0.767936414404591, "fld_s": 1.0, "lc_s": 0.507692307692, "Site_ID": 30890, "Site_Statu": "Inactive", "Site_Avail": "See Comment", "Acreage": 2.0, "Address": null, "County": "Wayne", "Solar_Type": "Ground", "Electrical": "Yes", "Ownership": "Indiana State Police"}, "geometry": {"type": "Polygon", "coordinates": [[[-84.94594892046231, 39.86385785278008], [-84.94740387549274, 39.86382321171041], [-84.94743851770734, 39.863834758257525], [-84.94783112412587, 39.86385785268004], [-84.94846622388576, 39.8638116639296], [-84.9423808151715, 39.8648278233087], [-84.94397433807976, 39.86422736544906], [-84.94594892046231, 39.86385785278008]]]}}, {"type": "Feature", "properties": {"SPR_ID": 152, "Unit_Site": "Pipe Creek Rest Area NB", "Site_typ": "Rest Area", "layer": "Greenfield", "Shape_Area": 109134.881098, "Site_Score": 8.51, "Final_Rank": 35, "SITE_EVAL": "Poor", "RATIONALE": "Strong low flood risk and slope; limited by distance from transmission infrastructure.", "dataset": "welcome_rest_sites", "layer_title": "Rest Areas, Welcome Centers & Weigh Stations", "layer_type": "rest_area", "center_latitude": 40.354145, "center_longitude": -85.555992, "source_geometry_valid": true, "sol_s": 0.594900029729985, "slp_s": 0.675781481056527, "trn_s": 0.21860065616127, "fld_s": 1.0, "lc_s": 0.3096774193548, "Site_ID": 31802, "Site_Statu": "Active", "Site_Avail": "Yes", "Acreage": 44.0, "Address": null, "County": "Delaware", "Solar_Type": "All", "Electrical": "Yes", "Ownership": "INDOT"}, "geometry": {"type": "MultiPolygon", "coordinates": [[[[-85.55774038103516, 40.35104429805961], [-85.55831165045802, 40.349367381505424], [-85.55827402611763, 40.349987425286926], [-85.55824340473282, 40.350147124300484], [-85.55815700621095, 40.35039230414009], [-85.55808384884156, 40.3505741523623], [-85.55789761889807, 40.35085528533041], [-85.55774038103516, 40.35104429805961]]], [[[-85.55765656384409, 40.351451785853904], [-85.55791978341168, 40.351135373785354], [-85.55782450629877, 40.35150860341304], [-85.55782414614006, 40.351510088073894], [-85.55782294929833, 40.351516963968976], [-85.557802642471, 40.35168859026141], [-85.55780221577989, 40.35169480010195], [-85.55779784468709, 40.3519216120601], [-85.55779783294541, 40.35192282629809], [-85.55779783722872, 40.351923620025595], [-85.5578262545138, 40.354179098496225], [-85.55782503853213, 40.354935783235945], [-85.55782505284913, 40.354937211306456], [-85.55783625063584, 40.3554490903005], [-85.55783637988162, 40.355451977425055], [-85.55785986217768, 40.355798354318864], [-85.55786019039218, 40.35580179616289], [-85.55789182922966, 40.35605929412914], [-85.55789269710739, 40.35606454445921], [-85.55792298845127, 40.35620999241189], [-85.55750812541538, 40.35573265340919], [-85.55750094663867, 40.355725315393535], [-85.55749553767565, 40.35572074443038], [-85.55748969910414, 40.355716495126565], [-85.55738964476234, 40.35564896845551], [-85.5573878703693, 40.355647797699774], [-85.55731170127034, 40.35559860541616], [-85.55730412777098, 40.355594152480606], [-85.55729620837609, 40.35559029251127], [-85.55729477906438, 40.3555896719915], [-85.55722271111259, 40.35555895287182], [-85.55721506576248, 40.35555599268983], [-85.55720713475579, 40.35555350640861], [-85.55720028236674, 40.35555179572759], [-85.5570186697381, 40.3555115305699], [-85.55699755474289, 40.35549533775729], [-85.55698256930783, 40.35547377652386], [-85.55697379262176, 40.35541723059233], [-85.55696677982746, 40.35236920781467], [-85.55703505487787, 40.352196781201066], [-85.5571278466255, 40.352072196206464], [-85.55765592353933, 40.35145254721796], [-85.55765656384409, 40.351451785853904]]], [[[-85.55828805037288, 40.35062633319194], [-85.55834073832142, 40.350495430205186], [-85.55831411951591, 40.35671556124476], [-85.55827405395127, 40.35663944382709], [-85.55827269735917, 40.35663690085153], [-85.55827049929248, 40.35663278616307], [-85.55824385294612, 40.35658196783514], [-85.5581915642854, 40.356452831765445], [-85.55810584311878, 40.35604124000824], [-85.55807473945322, 40.355788100010415], [-85.55805147094175, 40.35544490231653], [-85.5580403194618, 40.35493519502902], [-85.55804153257094, 40.35417880843018], [-85.5580415282019, 40.35417796335183], [-85.55801310986647, 40.35192302631382], [-85.55801740187566, 40.35170033487797], [-85.55803684219116, 40.351536028190694], [-85.5581403198611, 40.35113066538881], [-85.55828805037288, 40.35062633319194]]], [[[-85.55831185112604, 40.35724536180263], [-85.55697475581276, 40.35610731068049], [-85.55502282535824, 40.356102381557875], [-85.5553621370999, 40.35286780837809], [-85.5571745481366, 40.35171584990222], [-85.5569457631952, 40.35198430734357], [-85.55694271008744, 40.35198810878851], [-85.55694240706814, 40.35198851400602], [-85.55684203021754, 40.35212328231512], [-85.55683787015663, 40.35212946177511], [-85.55683440430724, 40.352135886829686], [-85.55683253713075, 40.35214017693397], [-85.55675610249091, 40.35233320468032], [-85.55675311464995, 40.35234277976402], [-85.55675189003428, 40.35234990304142], [-85.55675147992727, 40.35235715269771], [-85.5567585213658, 40.35542231861355], [-85.55675927240907, 40.35543188360083], [-85.55677116849813, 40.35550852202559], [-85.55677205273467, 40.355513111323745], [-85.55677408521264, 40.3555201257024], [-85.5567769089714, 40.35552697698814], [-85.55677972394606, 40.35553230748201], [-85.55678301814856, 40.35553747459178], [-85.5568149964309, 40.35558348154757], [-85.55681681640228, 40.355585993387436], [-85.55682186267164, 40.35559205261059], [-85.55682757842271, 40.35559775172969], [-85.55683382831563, 40.355602976445795], [-85.55688584876137, 40.35564287150877], [-85.55689286578638, 40.35564779589322], [-85.55690031614382, 40.35565216894244], [-85.55690823552246, 40.355656028938576], [-85.55691656567313, 40.35565934632654], [-85.55692524118706, 40.35566209596626], [-85.55693209473782, 40.35566380757895], [-85.55712861378777, 40.3557073777108], [-85.55718090267618, 40.35572966652784], [-85.55724809270767, 40.35577305962598], [-85.55733667637628, 40.35583284440655], [-85.5579033879538, 40.3564849004438], [-85.55807623037903, 40.35670447011546], [-85.55812551183004, 40.35679815702429], [-85.55831204143263, 40.357201050892], [-85.55831185112604, 40.35724536180263]]], [[[-85.55831185112604, 40.35724536180263], [-85.5583301457064, 40.35726093274018], [-85.55835402337162, 40.35734361210852], [-85.55831151458537, 40.35732395469887], [-85.55831185112604, 40.35724536180263]]]]}}, {"type": "Feature", "properties": {"SPR_ID": 153, "Unit_Site": "Pipe Creek Rest Area SB", "Site_typ": "Rest Area", "layer": "Greenfield", "Shape_Area": 144692.530139, "Site_Score": 3.46, "Final_Rank": 38, "SITE_EVAL": "Poor", "RATIONALE": "Strong low flood risk and slope; limited by distance from transmission infrastructure.", "dataset": "welcome_rest_sites", "layer_title": "Rest Areas, Welcome Centers & Weigh Stations", "layer_type": "rest_area", "center_latitude": 40.356813, "center_longitude": -85.56181, "source_geometry_valid": true, "sol_s": 0.573944484260719, "slp_s": 0.651216397365737, "trn_s": 0.214947449615016, "fld_s": 1.0, "lc_s": 0.26871165644175, "Site_ID": 31803, "Site_Statu": "Active", "Site_Avail": "Yes", "Acreage": 42.0, "Address": "40.04132987626853, -86.17070898893301", "County": "Delaware", "Solar_Type": "All", "Electrical": "Yes", "Ownership": "INDOT"}, "geometry": {"type": "MultiPolygon", "coordinates": [[[[-85.55961194988708, 40.355200318249], [-85.55956979760452, 40.35497877080569], [-85.56003247686732, 40.35547726050151], [-85.56003778426638, 40.355482516551376], [-85.56004652682378, 40.35548959190882], [-85.56014608411046, 40.35556116856079], [-85.56015060890435, 40.35556424374425], [-85.56015805946952, 40.35556861658708], [-85.56016597903094, 40.355572476363186], [-85.5601678121608, 40.35557326853811], [-85.56029231795962, 40.355625804838375], [-85.560299770081, 40.35562866601775], [-85.5603074908017, 40.355631079200734], [-85.56031227729251, 40.35563231533997], [-85.56047954916022, 40.355672197716565], [-85.56053051581517, 40.35569663247312], [-85.56054182947403, 40.355731429193256], [-85.56058183307151, 40.357909405402644], [-85.56058185376195, 40.357910259692495], [-85.56060526114226, 40.35864285759013], [-85.56052319593735, 40.35890157892964], [-85.56039880365049, 40.359118371611785], [-85.55959607253865, 40.36011697795861], [-85.55970672353182, 40.35969260058233], [-85.5597071671267, 40.359690792640876], [-85.5597084201956, 40.359683431862514], [-85.55972737980261, 40.35951188506013], [-85.55972776300972, 40.35950494676898], [-85.55972775843755, 40.3595041656511], [-85.55970289469481, 40.35749906951341], [-85.55969078190236, 40.35629461316425], [-85.55969069188419, 40.35629181571731], [-85.55964528626346, 40.35545897474537], [-85.55964485798297, 40.35545431006847], [-85.55961255037674, 40.35520408419297], [-85.55961194988708, 40.355200318249]]], [[[-85.55912390766228, 40.353758786647276], [-85.5590837179384, 40.35332403180354], [-85.55930196468053, 40.35393544854242], [-85.56003007809684, 40.3548394529244], [-85.56108630012592, 40.355090957768596], [-85.56271249385313, 40.355188311214455], [-85.56302169626089, 40.35901559917002], [-85.56094728027306, 40.359103796450306], [-85.55935735493584, 40.36087691942062], [-85.55945683274601, 40.360604610903], [-85.56058608705403, 40.35919980282706], [-85.56058761494013, 40.359197842617654], [-85.56059295896085, 40.359189766105445], [-85.56072414199636, 40.35896113552045], [-85.56072672700314, 40.35895620385859], [-85.56073018335279, 40.35894745701397], [-85.56081783214998, 40.358671128894485], [-85.56081923171716, 40.35866600950783], [-85.56082045835626, 40.35865888802008], [-85.56082086771173, 40.35865171131658], [-85.5608208363119, 40.35864969926551], [-85.56079709433654, 40.357906699303186], [-85.56075691708537, 40.35571961849827], [-85.5607564497177, 40.35571302275666], [-85.56075529243816, 40.35570647518354], [-85.56075374475186, 40.35570089840253], [-85.56072894532424, 40.35562462588077], [-85.56072563594837, 40.35561633714991], [-85.56072204296451, 40.35560970070331], [-85.56071770718623, 40.35560332887838], [-85.56071266173943, 40.35559726983388], [-85.56070694565551, 40.35559157090118], [-85.56070060163165, 40.35558627315119], [-85.56069367701669, 40.35558142041525], [-85.56068781305022, 40.35557791327963], [-85.56068164673201, 40.355574724894794], [-85.56058205191609, 40.355526976465406], [-85.56057871201058, 40.35552543943315], [-85.56057038286613, 40.3555221223208], [-85.56056170723294, 40.35551937205164], [-85.56055692072601, 40.35551813682339], [-85.56038674587904, 40.35547756167878], [-85.56028364378682, 40.355434057510315], [-85.56020178685206, 40.35537520645575], [-85.55948883170656, 40.35460706971277], [-85.55933077413002, 40.3543193456454], [-85.55925020362176, 40.354164706029536], [-85.55912390766228, 40.353758786647276]]], [[[-85.55900584459799, 40.35512153811424], [-85.55899488244889, 40.354055333619776], [-85.5590425951962, 40.3542086829195], [-85.55904616031803, 40.35421777846949], [-85.55904731898994, 40.35422010366068], [-85.55913115972368, 40.35438102364599], [-85.55913191623458, 40.35438243754165], [-85.5592899946021, 40.35467020267319], [-85.55932490506873, 40.354835040700614], [-85.55939855664113, 40.35522216389415], [-85.55943031971312, 40.355468171435554], [-85.55947551703717, 40.35629728565296], [-85.5594876139274, 40.357500483281], [-85.55951242677257, 40.35950186177841], [-85.55949440069269, 40.359664935707045], [-85.55928954364569, 40.36045061355684], [-85.55925356380179, 40.36054916359716], [-85.55925323734658, 40.36055000455276], [-85.5590935401613, 40.36098714648947], [-85.55909122815713, 40.36099489945862], [-85.55908422702403, 40.36102503214967], [-85.55903903769253, 40.357752105796585], [-85.55900584459799, 40.35512153811424]]]]}}, {"type": "Feature", "properties": {"SPR_ID": 154, "Unit_Site": "Greenfield Rest Area EB", "Site_typ": "Rest Area", "layer": "Greenfield", "Shape_Area": 180460.295023, "Site_Score": 38.15, "Final_Rank": 23, "SITE_EVAL": "Poor", "RATIONALE": "Strong low flood risk and solar resource; limited by distance from transmission infrastructure.", "dataset": "welcome_rest_sites", "layer_title": "Rest Areas, Welcome Centers & Weigh Stations", "layer_type": "rest_area", "center_latitude": 39.823828, "center_longitude": -85.70414, "source_geometry_valid": true, "sol_s": 0.635732751746874, "slp_s": 0.632301965292214, "trn_s": 0.438044695330384, "fld_s": 1.0, "lc_s": 0.5155963302757, "Site_ID": 33002, "Site_Statu": "Active", "Site_Avail": "Yes", "Acreage": 50.0, "Address": null, "County": "Hancock", "Solar_Type": null, "Electrical": "Yes", "Ownership": "INDOT"}, "geometry": {"type": "MultiPolygon", "coordinates": [[[[-85.70118471913761, 39.822278091200225], [-85.7068024305406, 39.822142922839845], [-85.70684864166547, 39.82359842440997], [-85.70706730419195, 39.824118411691195], [-85.70729009489222, 39.82442654816007], [-85.70816331231822, 39.82474097140186], [-85.70936805072513, 39.82488577701594], [-85.71024900464805, 39.82493203056221], [-85.71147607741351, 39.82497218655833], [-85.7113785984382, 39.82498204601447], [-85.71108459442463, 39.82500874771337], [-85.70437349501925, 39.82524064618458], [-85.70429255477138, 39.825241229657294], [-85.70359634788478, 39.825248815556634], [-85.70287082302502, 39.82525549914553], [-85.7020458457108, 39.825260890703476], [-85.70140737929941, 39.82526518217726], [-85.7006203996117, 39.82527263140032], [-85.6999144657895, 39.82527649408882], [-85.69911741900471, 39.82528278687911], [-85.69867278350657, 39.82528587794881], [-85.69832943242169, 39.82528760096553], [-85.69966483573991, 39.8251116755941], [-85.70106001732984, 39.824794682300215], [-85.70134551419972, 39.82405823644401], [-85.70129609216313, 39.82290323798596], [-85.70118471913761, 39.822278091200225]]], [[[-85.69806901193091, 39.82545362034153], [-85.69822237651734, 39.82545285118769], [-85.69666830908106, 39.8255064128513], [-85.69701177767438, 39.8254611713549], [-85.69734879721054, 39.825458478378984], [-85.69806901193091, 39.82545362034153]]]]}}, {"type": "Feature", "properties": {"SPR_ID": 155, "Unit_Site": "Greenfield Rest Area WB", "Site_typ": "Rest Area", "layer": "Greenfield", "Shape_Area": 163980.896907, "Site_Score": 62.12, "Final_Rank": 13, "SITE_EVAL": "Fair", "RATIONALE": "Strong low flood risk and slope; limited by distance from transmission infrastructure.", "dataset": "welcome_rest_sites", "layer_title": "Rest Areas, Welcome Centers & Weigh Stations", "layer_type": "rest_area", "center_latitude": 39.826708, "center_longitude": -85.703406, "source_geometry_valid": true, "sol_s": 0.577597318998614, "slp_s": 0.753708306935357, "trn_s": 0.494095669671885, "fld_s": 1.0, "lc_s": 0.6916201117317, "Site_ID": 33003, "Site_Statu": "Active", "Site_Avail": "Yes", "Acreage": 39.0, "Address": null, "County": "Hancock", "Solar_Type": null, "Electrical": "Yes", "Ownership": "INDOT"}, "geometry": {"type": "Polygon", "coordinates": [[[-85.70889694897521, 39.825557709791006], [-85.70918179592394, 39.82554045749844], [-85.71004873517666, 39.82573807480119], [-85.70847481841807, 39.82582971817967], [-85.70657738584639, 39.82629435067687], [-85.70597058762061, 39.827102638314216], [-85.70604886130893, 39.828409502178005], [-85.70144850894972, 39.82840431976236], [-85.70112826315118, 39.827066062846484], [-85.69995941585127, 39.826349098750995], [-85.69677266882185, 39.82578531589235], [-85.70124062550259, 39.82566164118883], [-85.7013895198172, 39.82566093852966], [-85.7022180999174, 39.82565423241412], [-85.70293553809292, 39.82564893018602], [-85.70362685589159, 39.825645235363254], [-85.7043329937587, 39.82563879723219], [-85.70500594965849, 39.82563405030143], [-85.7056355669597, 39.8256285744508], [-85.70603877393953, 39.825627258718775], [-85.70604008752285, 39.82562724814386], [-85.7066981116816, 39.825618857020075], [-85.70669887960877, 39.8256188448592], [-85.70738846445413, 39.8256062220619], [-85.70796063735598, 39.82559381465493], [-85.7079630130748, 39.82559374290978], [-85.70849998589128, 39.825572863627464], [-85.7088938554529, 39.825557862762], [-85.70889694897521, 39.825557709791006]]]}}, {"type": "Feature", "properties": {"SPR_ID": 156, "Unit_Site": "Centerville Rest Area EB", "Site_typ": "Rest Area", "layer": "Greenfield", "Shape_Area": 44106.4911839, "Site_Score": 66.09, "Final_Rank": 11, "SITE_EVAL": "Fair", "RATIONALE": "Strong low flood risk and land cover suitability; limited by distance from transmission infrastructure.", "dataset": "welcome_rest_sites", "layer_title": "Rest Areas, Welcome Centers & Weigh Stations", "layer_type": "rest_area", "center_latitude": 39.858625, "center_longitude": -85.023333, "source_geometry_valid": true, "sol_s": 0.810115773712304, "slp_s": 0.981334463131084, "trn_s": 0.232819097805644, "fld_s": 1.0, "lc_s": 0.98333333333236, "Site_ID": 38905, "Site_Statu": "Inactive", "Site_Avail": "See Comment", "Acreage": 11.0, "Address": null, "County": "Wayne", "Solar_Type": "Ground", "Electrical": "Yes", "Ownership": "INDOT"}, "geometry": {"type": "Polygon", "coordinates": [[[-85.02259534446186, 39.85800483545577], [-85.02319940999972, 39.857822966526996], [-85.02403081383513, 39.85793338729853], [-85.02449847762237, 39.85838806076669], [-85.02518698299599, 39.85887521096259], [-85.02605735887954, 39.85909605276936], [-85.027729959681, 39.85931127719684], [-85.02753250872422, 39.85930993031576], [-85.02744408377251, 39.859309442336595], [-85.02648982742157, 39.859304179077384], [-85.02524384919086, 39.85929586721744], [-85.02325641979348, 39.8592799071185], [-85.02294905777131, 39.85927743631903], [-85.02204070714951, 39.85927129928017], [-85.02056879685874, 39.859261343331305], [-85.01976129694059, 39.85925508113833], [-85.02034795702708, 39.85915451057004], [-85.02159506190876, 39.85886221985561], [-85.0221146891264, 39.85834259267674], [-85.02259534446186, 39.85800483545577]]]}}, {"type": "Feature", "properties": {"SPR_ID": 157, "Unit_Site": "Centerville Welcome Center WB", "Site_typ": "Welcome Center", "layer": "Greenfield", "Shape_Area": 175970.644579, "Site_Score": 58.39, "Final_Rank": 15, "SITE_EVAL": "Fair", "RATIONALE": "Strong low flood risk and transmission access; limited by land cover suitability.", "dataset": "welcome_rest_sites", "layer_title": "Rest Areas, Welcome Centers & Weigh Stations", "layer_type": "rest_area", "center_latitude": 39.860892, "center_longitude": -85.02519, "source_geometry_valid": true, "sol_s": 0.737240147590859, "slp_s": 0.614987981051895, "trn_s": 0.880354014398278, "fld_s": 1.0, "lc_s": 0.44672897196262, "Site_ID": 38906, "Site_Statu": "Active", "Site_Avail": "See Comment", "Acreage": 42.0, "Address": "I-70, Greens Fork, IN 47345", "County": "Wayne", "Solar_Type": null, "Electrical": "Need Review", "Ownership": "INDOT"}, "geometry": {"type": "MultiPolygon", "coordinates": [[[[-85.02901372550512, 39.859798789290025], [-85.02964222396665, 39.85980089773871], [-85.02962540674807, 39.85980608587538], [-85.02962159535358, 39.85980732742325], [-85.02945098287125, 39.85986596541421], [-85.02944937214825, 39.85986653173833], [-85.0292066348763, 39.85995370146495], [-85.02913446651937, 39.85997641101721], [-85.02908645392749, 39.85999011033718], [-85.02903177006938, 39.860002493531105], [-85.02899300673207, 39.86000924458403], [-85.02894059458957, 39.86001642758194], [-85.02886125207833, 39.86002405997473], [-85.02858362340628, 39.860051034924766], [-85.02835386559511, 39.860070118645424], [-85.0281821262832, 39.86008096506326], [-85.02794314926015, 39.86009225962062], [-85.02762740447227, 39.860098746975865], [-85.02730071652022, 39.86009340128939], [-85.02729954792949, 39.860093386813865], [-85.0253375485868, 39.86007779037493], [-85.02400627530344, 39.86007041974047], [-85.02400550730691, 39.86007041836467], [-85.02400481053313, 39.86007042000439], [-85.02365584749303, 39.86007217096876], [-85.02348729664708, 39.86006908451653], [-85.02339112021757, 39.86006415948432], [-85.02328964074755, 39.860056317829674], [-85.02320173267374, 39.86004614077469], [-85.0230906712255, 39.8600310400609], [-85.02297482608033, 39.860011507207055], [-85.02287381580958, 39.85999274250519], [-85.02269168384667, 39.85995516640284], [-85.02251557386086, 39.85991591252574], [-85.02526609853193, 39.859958071173324], [-85.0267147326731, 39.859791047987855], [-85.02721892982915, 39.85979274968981], [-85.02752926593745, 39.859793795797344], [-85.02773722387369, 39.85979449707853], [-85.02901372550512, 39.859798789290025]]], [[[-85.02336451572288, 39.862427601800434], [-85.02350867955545, 39.861243954662875], [-85.0220074314433, 39.86125233470016], [-85.02067336035286, 39.85991762681851], [-85.01858816851352, 39.85978848744085], [-85.0184865496661, 39.859782193264444], [-85.01948945466513, 39.85980285440073], [-85.01988374743426, 39.85983002173057], [-85.02064064669796, 39.85988489617322], [-85.02149422424438, 39.85990024125784], [-85.02180974710316, 39.85990508310141], [-85.02192357312212, 39.85994108995814], [-85.02192737243038, 39.85994222774911], [-85.02201800513672, 39.85996782979741], [-85.02202206004061, 39.859968900773794], [-85.02237280097407, 39.86005551430261], [-85.0223757190133, 39.86005619920871], [-85.0226333761875, 39.86011362962152], [-85.02263543262758, 39.860114071899204], [-85.0228198357868, 39.860152115650095], [-85.0228224280802, 39.860152623818564], [-85.0229258420884, 39.86017183495877], [-85.0229280438266, 39.860172224753484], [-85.02304709895168, 39.86019229977381], [-85.02305137287422, 39.86019295012211], [-85.023165958237, 39.86020852987339], [-85.02316864541598, 39.86020886847978], [-85.02326049536717, 39.860219501051056], [-85.02326570872022, 39.86022000434269], [-85.02337159751475, 39.86022818605046], [-85.02337517274218, 39.86022841636634], [-85.02347539874815, 39.86023354828013], [-85.02347994516805, 39.86023370595788], [-85.02365236612042, 39.86023686379233], [-85.02365490453157, 39.860236887237704], [-85.02365560016436, 39.86023688467973], [-85.02400543506693, 39.860235129660964], [-85.02533567835167, 39.860242492698056], [-85.0272967380284, 39.86025808222601], [-85.0276254446807, 39.86026346136656], [-85.02762771318832, 39.860263480133845], [-85.02763056055544, 39.860263451089466], [-85.02795066205998, 39.86025687386198], [-85.02795435504328, 39.860256748379776], [-85.02819635275382, 39.860245311476014], [-85.02819854107857, 39.86024519103003], [-85.02837268512204, 39.860234192686235], [-85.02837540644406, 39.86023399301096], [-85.02860745915058, 39.86021471943865], [-85.02860937425694, 39.860214546591756], [-85.02888785579613, 39.860187489686545], [-85.02896980791768, 39.860179605238194], [-85.02897520330141, 39.860178978027825], [-85.02903285454028, 39.86017107775785], [-85.02903770179594, 39.860170323208926], [-85.02908220559962, 39.86016257241155], [-85.02908877562822, 39.86016125795066], [-85.02915023463038, 39.86014734122915], [-85.02915693390422, 39.86014563616617], [-85.02921032699955, 39.86013040303243], [-85.02921362028712, 39.86012941575698], [-85.02928981134266, 39.860105439382615], [-85.02929455057347, 39.860103843342635], [-85.02953884619326, 39.860016114329696], [-85.02970676131109, 39.85995840245691], [-85.02982446666967, 39.85992209051592], [-85.02987119891023, 39.85990982499867], [-85.02993272645458, 39.85989578740087], [-85.02997990133021, 39.85988733568756], [-85.03010605953354, 39.85987072033197], [-85.03010670965358, 39.859870633177785], [-85.03025416222779, 39.8598503838998], [-85.03054846173714, 39.85982234753623], [-85.03064680568689, 39.859815869140554], [-85.03082517436425, 39.85980654246135], [-85.0308849738528, 39.859805056162486], [-85.03334170110436, 39.859813238716434], [-85.03353869892368, 39.85981389234251], [-85.03372153095988, 39.859814499115856], [-85.03372075313905, 39.85987507007647], [-85.03048361405943, 39.85996074329115], [-85.02895637294112, 39.86053914189126], [-85.0277322517018, 39.86247916161871], [-85.02422286218273, 39.86243774702215], [-85.02421446309724, 39.86243764804948], [-85.02336451572288, 39.862427601800434]]], [[[-84.9443378161718, 39.86609326379617], [-84.94404261924583, 39.86594151601411], [-84.94300651572715, 39.86523624428938], [-84.94543571009663, 39.86506626090621], [-84.94544326467438, 39.86514524486891], [-84.94476031149541, 39.86526856473366], [-84.94461876642796, 39.86538196412789], [-84.94437844513548, 39.865604992734625], [-84.94407214423032, 39.86569440739114], [-84.9447353924046, 39.86599017191811], [-84.94548095146462, 39.86592226589237], [-84.94595167022247, 39.865859623328426], [-84.94591766710724, 39.865713105385815], [-84.94567461179312, 39.865736309893244], [-84.94564775751311, 39.865680563168915], [-84.94579405958814, 39.8656187744881], [-84.94591448627197, 39.865482246471856], [-84.94618122543012, 39.865396794591476], [-84.9457593768422, 39.86510457943686], [-84.94546856467284, 39.865147715691734], [-84.94544125955024, 39.8650448359149], [-84.94619046644107, 39.86489699201837], [-84.94651379805202, 39.86480914358958], [-84.94681735107834, 39.86470880712921], [-84.94758099304318, 39.86441514193168], [-84.94706940085901, 39.8648912928024], [-84.94737846493136, 39.865809437256836], [-84.94680774597066, 39.86589951833102], [-84.94677876918885, 39.86590409256683], [-84.94596210909495, 39.86603298764928], [-84.94581907479113, 39.86605556163439], [-84.9453048881477, 39.866136713443886], [-84.9451737218431, 39.86615741587101], [-84.94462964766895, 39.86624327910942], [-84.9443378161718, 39.86609326379617]]]]}}, {"type": "Feature", "properties": {"SPR_ID": 158, "Unit_Site": "I-65 SB Lowell Weigh Station", "Site_typ": "Weigh Station", "layer": "La Porte", "Shape_Area": 28583.4652342, "Site_Score": 26.75, "Final_Rank": 25, "SITE_EVAL": "Poor", "RATIONALE": "Strong transmission access and low flood risk; limited by solar resource.", "dataset": "welcome_rest_sites", "layer_title": "Rest Areas, Welcome Centers & Weigh Stations", "layer_type": "rest_area", "center_latitude": 41.304913, "center_longitude": -87.302182, "source_geometry_valid": true, "sol_s": 0.203059867343476, "slp_s": 0.62363125453873, "trn_s": 1.0, "fld_s": 1.0, "lc_s": 0.4372093023253, "Site_ID": 44506, "Site_Statu": "Active", "Site_Avail": "See Comment", "Acreage": 13.0, "Address": null, "County": "Lake", "Solar_Type": null, "Electrical": "Yes", "Ownership": "Indiana State Police"}, "geometry": {"type": "MultiPolygon", "coordinates": [[[[-87.30242024381558, 41.30375384308702], [-87.30248789771451, 41.3037494623154], [-87.30255275290519, 41.30376009306263], [-87.30263069029364, 41.30378510537791], [-87.30274621154085, 41.30385712931268], [-87.30279002146942, 41.303895647406044], [-87.30281714538525, 41.3039358181614], [-87.3028449409115, 41.30401606080222], [-87.30284268800307, 41.30405659618], [-87.30281879935278, 41.30412498367531], [-87.30280367629447, 41.30414793826114], [-87.30266466287127, 41.30424519116054], [-87.3026789930836, 41.30410552892324], [-87.30267931849383, 41.30409917760701], [-87.30267908952105, 41.304093834814395], [-87.30267056835544, 41.30399504585307], [-87.30266914009121, 41.3039860923061], [-87.30266766184825, 41.303980796936045], [-87.30266572648893, 41.3039755865399], [-87.30263729197583, 41.30390771407082], [-87.3026357784979, 41.30390435635906], [-87.3026321343308, 41.30389772002473], [-87.30262773524574, 41.3038913487011], [-87.30262709713791, 41.30389052526913], [-87.30257592201329, 41.303825441011895], [-87.30257107843536, 41.30381981579495], [-87.30256564503019, 41.30381450830003], [-87.30255920946175, 41.30380921244663], [-87.3025521870299, 41.30380435861409], [-87.3025460100075, 41.30380072671188], [-87.30253950249435, 41.303797438873026], [-87.30248391290377, 41.30377147060315], [-87.3024810065027, 41.30377015860551], [-87.30247255774543, 41.30376684343594], [-87.30246375801984, 41.303764093973605], [-87.3024586704948, 41.303762803920286], [-87.30242024381558, 41.30375384308702]]], [[[-87.30276621566615, 41.30439876648392], [-87.30282713998999, 41.304356144616825], [-87.30280372633669, 41.30480817881122], [-87.3027757794113, 41.305337256410915], [-87.30273253843724, 41.3055250113429], [-87.30267877936714, 41.305575160999204], [-87.3026401360903, 41.305593998708204], [-87.30255932509257, 41.305599028480174], [-87.30256151636175, 41.30559576101683], [-87.30256480332123, 41.3055897090824], [-87.30256766848775, 41.30558285836891], [-87.30256973015389, 41.3055758458264], [-87.30257088904006, 41.30556941845781], [-87.30258950555341, 41.30542323510062], [-87.30258990594393, 41.30541888781189], [-87.3026442576665, 41.30446196124998], [-87.3027529951354, 41.304406674925374], [-87.30276213928079, 41.304401481330515], [-87.30276621566615, 41.30439876648392]]], [[[-87.3020582166421, 41.30396277977274], [-87.30214910891468, 41.30389541190882], [-87.30229529126245, 41.3038970683706], [-87.3023808025601, 41.303917007619106], [-87.30240174145976, 41.30392678907305], [-87.30243284973123, 41.30396635403995], [-87.30245351507087, 41.30401568200845], [-87.30246067281391, 41.30409867498241], [-87.30242875600896, 41.304409746743886], [-87.30242869053818, 41.30441057202532], [-87.30242849457105, 41.30441340277369], [-87.30242829341348, 41.30441691992586], [-87.30237185346206, 41.30540966306638], [-87.30235569530865, 41.30553654174264], [-87.30232082297987, 41.305583776258985], [-87.30229089954405, 41.30561131675031], [-87.30224517380678, 41.305628665029204], [-87.30215965553396, 41.305641071611035], [-87.30213342773828, 41.30563594568827], [-87.30194978784183, 41.305508646394465], [-87.3019847590396, 41.30401653436119], [-87.3020577166325, 41.30396314770002], [-87.3020582166421, 41.30396277977274]]], [[[-87.30156436502726, 41.303804208713814], [-87.30155512241969, 41.303337379440514], [-87.30173051281376, 41.303826108039345], [-87.30176777856127, 41.30392994893318], [-87.30176720788975, 41.30398002629011], [-87.3017307225766, 41.30553656922378], [-87.30161680132825, 41.30604442887412], [-87.30159684104851, 41.305444002497985], [-87.30159138621349, 41.30516858070248], [-87.30156687594403, 41.303930996970706], [-87.30156436502726, 41.303804208713814]]], [[[-87.30176986187978, 41.30634944423546], [-87.30191387498323, 41.30570742888889], [-87.30200572205025, 41.30577109699384], [-87.30200943298675, 41.305773554478655], [-87.30201698973285, 41.305777926827915], [-87.30202502432813, 41.305781785382365], [-87.30203347333193, 41.305785102384334], [-87.30204227331188, 41.30578785187772], [-87.30205222053918, 41.30579018220237], [-87.30212870410958, 41.30580513160821], [-87.30213714061061, 41.30580651467298], [-87.30214658447413, 41.30580745281279], [-87.30215610070938, 41.305807765624515], [-87.30216561644372, 41.30580745239863], [-87.30217506120196, 41.30580651422094], [-87.30217673134439, 41.30580628284159], [-87.30230133043939, 41.30578820593595], [-87.30230977875587, 41.30578671548702], [-87.30231804437595, 41.30578472378599], [-87.30232977537202, 41.3057809034189], [-87.30240974933436, 41.305750561546915], [-87.30241526744737, 41.30574831583228], [-87.30242330223932, 41.30574445652421], [-87.3024308592233, 41.30574008502955], [-87.30243125932168, 41.30573980834144], [-87.30245597007215, 41.30575243082288], [-87.30246261086748, 41.30575556698487], [-87.30247105988988, 41.30575888395466], [-87.30247985988031, 41.305761632513814], [-87.3024889450462, 41.30576379301804], [-87.30249824482088, 41.305765346736514], [-87.30250768868346, 41.30576628484672], [-87.30251720491428, 41.30576659762859], [-87.30252618682648, 41.305766319104464], [-87.30268539449429, 41.305756410022646], [-87.30269537305568, 41.30575543797073], [-87.30270467279652, 41.305753884001284], [-87.30271375829201, 41.30575172347261], [-87.30272255795165, 41.30574897458853], [-87.3027310073607, 41.305745657335514], [-87.3027356920513, 41.30574349847011], [-87.30281200016675, 41.30570630025774], [-87.30282290600364, 41.305700228273714], [-87.3028299291433, 41.305695375342204], [-87.30283636369906, 41.30569007987696], [-87.30283763650033, 41.30568891452963], [-87.30292018348293, 41.30561190992813], [-87.30292527956686, 41.305606756699305], [-87.30292982721724, 41.30560131846729], [-87.30293422600646, 41.305594947424645], [-87.30293787099009, 41.30558831173641], [-87.30294073612161, 41.30558146191454], [-87.30294282115523, 41.30557434481407], [-87.30299217084513, 41.305360068440955], [-87.30299316845938, 41.30535468188676], [-87.30299369404602, 41.30534925784171], [-87.30302193144999, 41.30481466848894], [-87.3030603867319, 41.304072162423495], [-87.30306380613919, 41.304010635022465], [-87.30306390127382, 41.30400718840851], [-87.30306348579418, 41.30400001213063], [-87.30306224275319, 41.30399289117717], [-87.30306035628821, 41.3039863799405], [-87.30302544265912, 41.30388558419955], [-87.30302240316031, 41.303878231971595], [-87.30301709981693, 41.30386903190868], [-87.30297869370904, 41.303812156304986], [-87.30297595253694, 41.30380834873933], [-87.30297083456912, 41.303802290988834], [-87.3029650373788, 41.303796592633276], [-87.3029642733152, 41.30379591365859], [-87.30291067970111, 41.30374879375708], [-87.30290663170014, 41.303745241845405], [-87.30290584126654, 41.30374454312269], [-87.30290206672782, 41.30374148861965], [-87.30290019492487, 41.303739947815764], [-87.30289997802014, 41.303739797957135], [-87.3028997633919, 41.303739623771634], [-87.30289317247951, 41.30373509490479], [-87.30289256269178, 41.303734712779324], [-87.30275761368101, 41.30365057512688], [-87.30275034121274, 41.30364641375885], [-87.30274263253499, 41.30364272464267], [-87.30273079558594, 41.30363826991508], [-87.30262877900985, 41.30360553107369], [-87.30262336629637, 41.303603921206744], [-87.30261636074611, 41.30360219842619], [-87.30260921709886, 41.30360083541733], [-87.30251817593133, 41.303585911069796], [-87.30251394198544, 41.30358528264656], [-87.3025044984418, 41.30358434543619], [-87.30249498252422, 41.30358403175129], [-87.30248563907574, 41.30358433374226], [-87.30232189108577, 41.30359493906045], [-87.30231227468346, 41.30359588760963], [-87.30230297524353, 41.30359744244771], [-87.30229389122326, 41.303599602039895], [-87.30228616877196, 41.303601976944144], [-87.30227870994166, 41.303604788932084], [-87.30219874762138, 41.30363787535208], [-87.30219667915276, 41.30363875273211], [-87.30218864580375, 41.30364261292257], [-87.30218108904899, 41.3036469853029], [-87.30217690789233, 41.30364977066456], [-87.30204300975124, 41.3037436909399], [-87.30203491473978, 41.30374946632822], [-87.30203079363733, 41.30375232539046], [-87.30202861726417, 41.30375389484549], [-87.30202795063373, 41.30375439562369], [-87.3019513581189, 41.303811116561626], [-87.30194129984055, 41.30378309192273], [-87.30164266020843, 41.30295093212099], [-87.30154833511065, 41.30268808816294], [-87.30184407574455, 41.302881990314766], [-87.3034088541807, 41.30347737189229], [-87.30338460743677, 41.30371883889396], [-87.30338311427955, 41.303718841928436], [-87.30337375658229, 41.30371916564763], [-87.30336446976969, 41.30372009269825], [-87.30335517033349, 41.30372164672051], [-87.30334608633537, 41.30372380729638], [-87.30333728577943, 41.303726556231226], [-87.30332883665305, 41.30372987172738], [-87.30332080336014, 41.3037337319966], [-87.30331324667095, 41.30373810445096], [-87.30330622377645, 41.30374295741279], [-87.3032997882548, 41.30374825290843], [-87.30329399128686, 41.303753951169085], [-87.30328887328622, 41.30376000885121], [-87.30328447465385, 41.30376637990889], [-87.30328082861124, 41.303773015612904], [-87.30327796479207, 41.30377986634263], [-87.30327590325727, 41.303786878899544], [-87.30327465928967, 41.30379400009775], [-87.30327424458433, 41.303801175859995], [-87.30327466008568, 41.3038083521373], [-87.30327590314614, 41.30381547308862], [-87.30327796515814, 41.30382248559089], [-87.30328082914814, 41.303829335642334], [-87.30328447337703, 41.303835971956], [-87.3032888725221, 41.30384234325438], [-87.30329399052242, 41.303848400990574], [-87.30329978894044, 41.30385409932629], [-87.30330622337846, 41.303859395141174], [-87.30331324706222, 41.30386424802353], [-87.30332080367369, 41.3038686202891], [-87.30332883691572, 41.30387247875752], [-87.30333728573798, 41.30387579566552], [-87.30334608551493, 41.30387854506084], [-87.30335517044307, 41.30388070459746], [-87.30336446997426, 41.30388225914806], [-87.3033681604138, 41.30388262594614], [-87.30315887301384, 41.30596675051744], [-87.30195425681995, 41.305980454848715], [-87.30176986187978, 41.30634944423546]]]]}}, {"type": "Feature", "properties": {"SPR_ID": 159, "Unit_Site": "I-65 NB Lowell Weigh Station", "Site_typ": "Weigh Station", "layer": "La Porte", "Shape_Area": 13274.5247157, "Site_Score": 70.74, "Final_Rank": 10, "SITE_EVAL": "Good", "RATIONALE": "Strong low flood risk and transmission access; limited by solar resource.", "dataset": "welcome_rest_sites", "layer_title": "Rest Areas, Welcome Centers & Weigh Stations", "layer_type": "rest_area", "center_latitude": 41.304529, "center_longitude": -87.300547, "source_geometry_valid": true, "sol_s": 0.26401987744134, "slp_s": 0.796545897558511, "trn_s": 0.960575857946814, "fld_s": 1.0, "lc_s": 0.95, "Site_ID": 44507, "Site_Statu": "Inactive", "Site_Avail": "See Comment", "Acreage": 8.0, "Address": null, "County": "Lake", "Solar_Type": null, "Electrical": "Yes", "Ownership": "INDOT"}, "geometry": {"type": "MultiPolygon", "coordinates": [[[[-87.300419775098, 41.304297477825706], [-87.30044939945842, 41.304291660773266], [-87.30052382096682, 41.304294003087094], [-87.30061498070397, 41.30431252008818], [-87.30064980370494, 41.30433270557829], [-87.30068691330447, 41.304364118644195], [-87.3006957539651, 41.305011288507096], [-87.30065586178519, 41.30505527663489], [-87.30062544077376, 41.30507211499403], [-87.30057302029239, 41.30508730562456], [-87.30045438863675, 41.30508190621718], [-87.3004195969676, 41.30507174440694], [-87.30041387008342, 41.30506234085533], [-87.30040300703321, 41.30499915645785], [-87.30040378483702, 41.304694399006955], [-87.30040529904875, 41.30434837964042], [-87.300419775098, 41.304297477825706]]], [[[-87.30090447199797, 41.30373585979663], [-87.3010043220321, 41.3031684917287], [-87.30101744484435, 41.303807438139565], [-87.30106350846235, 41.30605051537101], [-87.30094351277432, 41.30552176746054], [-87.30091161389016, 41.30525199326106], [-87.30091447166829, 41.30503718982679], [-87.30091447623273, 41.305036363804724], [-87.30091447113728, 41.30503551528852], [-87.30090485986298, 41.304332401255714], [-87.30090484919043, 41.304331378904514], [-87.30089718296198, 41.303933619595995], [-87.30090177017543, 41.30380918721137], [-87.30090447199797, 41.30373585979663]]], [[[-87.2999595812419, 41.305672151765314], [-87.29997751783227, 41.303941967675065], [-87.30019509081126, 41.303888930366554], [-87.30040665626152, 41.30388954675053], [-87.30041638316149, 41.30388923401907], [-87.30042582766905, 41.303888295985416], [-87.30043512719985, 41.30388674219954], [-87.300444211318, 41.30388458185303], [-87.30045301201797, 41.30388183313896], [-87.30046146010805, 41.30387851605502], [-87.30046949359263, 41.30387465688558], [-87.30047705048861, 41.30387028461728], [-87.30048407360752, 41.30386543182742], [-87.3004905081707, 41.30386013559083], [-87.30049630658739, 41.303854437467464], [-87.30050142485456, 41.303848379908736], [-87.3005058237639, 41.30384200895653], [-87.30050946889351, 41.30383537244188], [-87.30051233300937, 41.30382852268089], [-87.3005143948418, 41.30382151017248], [-87.30051563791586, 41.30381438900624], [-87.30051584930911, 41.30381073761482], [-87.30055069442193, 41.30380224331594], [-87.30075259601409, 41.30334715627313], [-87.30068725022119, 41.3037184515483], [-87.30068634340597, 41.30372699776443], [-87.30068348424544, 41.303804613272526], [-87.30067883297279, 41.30393079331893], [-87.30067879091924, 41.303933080495504], [-87.30067880238673, 41.303934276694235], [-87.30068307158477, 41.30415581375461], [-87.30056889678364, 41.304132620630526], [-87.30055945619497, 41.304131037397624], [-87.30055227822719, 41.3041302679613], [-87.30054504815593, 41.304129858069615], [-87.3004422176549, 41.30412662158697], [-87.30043766491994, 41.304126550598134], [-87.30042814822627, 41.30412686368361], [-87.30041870487888, 41.30412780171441], [-87.30041015003063, 41.304129207630034], [-87.30032194668381, 41.304146528176425], [-87.30031211780351, 41.304148835480895], [-87.30030331706587, 41.304151585085], [-87.3002948689284, 41.30415490125655], [-87.30028683539916, 41.30415876041377], [-87.30027927845721, 41.304163132669494], [-87.30027265409551, 41.304167687150894], [-87.3002665463856, 41.304172634823495], [-87.30023842087506, 41.304197388506516], [-87.30023769517325, 41.30419803625464], [-87.30023189550505, 41.304203733467155], [-87.30022677718942, 41.304209791914516], [-87.30022237942289, 41.30421616285269], [-87.300218734239, 41.304222798457204], [-87.30021640691943, 41.304228192960366], [-87.30021457702891, 41.30423369606066], [-87.30018939240489, 41.30432225563324], [-87.30018862477493, 41.30432522208408], [-87.3001873965652, 41.30433220809125], [-87.30018696536145, 41.304339246967274], [-87.30018541053195, 41.30469411294458], [-87.30018461964853, 41.30500431470965], [-87.30018484502364, 41.30500969805075], [-87.3001855250583, 41.30501497931948], [-87.30019944139622, 41.305095917245076], [-87.30020019307233, 41.30509962827698], [-87.30020225599509, 41.30510664173142], [-87.30020511972066, 41.30511349185875], [-87.30020849530602, 41.30511968849041], [-87.3002322838295, 41.30515875338695], [-87.30023695116864, 41.30516556367906], [-87.30024206899152, 41.30517162155017], [-87.30024786726266, 41.305177320038794], [-87.3002525357334, 41.305181251452304], [-87.30025752805615, 41.305184949621086], [-87.30028215124182, 41.3052020568543], [-87.30028595075923, 41.30520457541657], [-87.30029350732497, 41.30520894788005], [-87.30030154055477, 41.30521280655886], [-87.30030897833804, 41.30521576331382], [-87.30031669601891, 41.30521827976015], [-87.30039138473764, 41.30524009440232], [-87.30039347795015, 41.30524068795494], [-87.30040256297161, 41.30524284772376], [-87.30041186262369, 41.305244401611354], [-87.30042424456768, 41.30524550337218], [-87.30058350380159, 41.30525275141038], [-87.30059008176323, 41.305252900876965], [-87.3005995974252, 41.30525258778075], [-87.30060904093207, 41.30525164973476], [-87.30061834184653, 41.305250095930674], [-87.30062742495294, 41.30524793557274], [-87.30062925027374, 41.3052474209674], [-87.3006935362092, 41.305228790787254], [-87.30069319523047, 41.30525441870957], [-87.3006931894687, 41.305255244734745], [-87.3006936208513, 41.30526255699522], [-87.30072638888548, 41.3055396973189], [-87.30072752287941, 41.30554627271146], [-87.30093118284698, 41.30644369713129], [-87.3005895505532, 41.305810671652694], [-87.2999595812419, 41.305672151765314]]]]}}, {"type": "Feature", "properties": {"SPR_ID": 160, "Unit_Site": "Michigan City Welcome Center SB", "Site_typ": "Welcome Center", "layer": "La Porte", "Shape_Area": 10559.5244319, "Site_Score": 29.46, "Final_Rank": 24, "SITE_EVAL": "Poor", "RATIONALE": "Strong low flood risk and land cover suitability; limited by solar resource.", "dataset": "welcome_rest_sites", "layer_title": "Rest Areas, Welcome Centers & Weigh Stations", "layer_type": "rest_area", "center_latitude": 41.735256, "center_longitude": -86.793911, "source_geometry_valid": true, "sol_s": 0.169544776860054, "slp_s": 0.790134841694098, "trn_s": 0.352931811361148, "fld_s": 1.0, "lc_s": 0.8749999999996, "Site_ID": 44604, "Site_Statu": "Active", "Site_Avail": "Yes", "Acreage": 26.0, "Address": null, "County": "Laporte", "Solar_Type": "Rooftop and Canopy", "Electrical": "Yes", "Ownership": "INDOT"}, "geometry": {"type": "Polygon", "coordinates": [[[-86.7938255935256, 41.7362728967377], [-86.79355390136199, 41.73591760758359], [-86.79325434468502, 41.73618233280474], [-86.79351906919617, 41.735304560262165], [-86.7932801872623, 41.735236024644585], [-86.79317382877991, 41.73535290274638], [-86.793079157807, 41.73530732042309], [-86.79318519227913, 41.73503432935064], [-86.79326223561316, 41.735060010261186], [-86.79327650363416, 41.73520838970766], [-86.79352760784603, 41.735276872536694], [-86.79414110088787, 41.734218240033904], [-86.7944977828642, 41.73478607855278], [-86.794112566976, 41.7356307014294], [-86.7938255935256, 41.7362728967377]]]}}, {"type": "Feature", "properties": {"SPR_ID": 161, "Unit_Site": "I-94 EB Chesterton Weigh Station", "Site_typ": "Weigh Station", "layer": "La Porte", "Shape_Area": 46434.8546091, "Site_Score": 18.23, "Final_Rank": 30, "SITE_EVAL": "Poor", "RATIONALE": "Strong low flood risk and slope; limited by solar resource.", "dataset": "welcome_rest_sites", "layer_title": "Rest Areas, Welcome Centers & Weigh Stations", "layer_type": "rest_area", "center_latitude": 41.641588, "center_longitude": -86.999034, "source_geometry_valid": true, "sol_s": 0.264731220720869, "slp_s": 0.866783696704891, "trn_s": 0.278445956482904, "fld_s": 1.0, "lc_s": 0.50769230769246, "Site_ID": 46402, "Site_Statu": "Active", "Site_Avail": "See Comment", "Acreage": 8.0, "Address": null, "County": "Porter", "Solar_Type": null, "Electrical": "Yes", "Ownership": "Indiana State Police"}, "geometry": {"type": "MultiPolygon", "coordinates": [[[[-86.99866402583477, 41.64083113706683], [-86.99865446071477, 41.640830823503556], [-86.99864489438099, 41.6408311368429], [-86.99863540248009, 41.64083207348282], [-86.99862825802934, 41.64083320380552], [-86.99862123124373, 41.640834688113436], [-86.99852663971681, 41.64085722934166], [-86.99858881990691, 41.6408187764432], [-86.99912394336867, 41.64046390938935], [-86.99913694747138, 41.64045497160993], [-86.99913123067643, 41.64046138381638], [-86.9991274122703, 41.64046598828523], [-86.99912299106956, 41.6404723590678], [-86.99911932752966, 41.640478994668676], [-86.99911644806771, 41.64048584464761], [-86.9991143766994, 41.6404928567629], [-86.99911325512693, 41.640498944743335], [-86.99907625523846, 41.64077594479522], [-86.99907570878314, 41.64078415308222], [-86.9990761253385, 41.640791328247346], [-86.99907737521066, 41.64079844847505], [-86.99907944759391, 41.6408054606225], [-86.99908232687966, 41.64081231064616], [-86.99908464545356, 41.640816694484904], [-86.99915864561041, 41.64094569483729], [-86.99916441268256, 41.64095431750323], [-86.99916628701725, 41.64095666300022], [-86.99932728706823, 41.641150663631144], [-86.9993311954638, 41.64115505197758], [-86.99951483912433, 41.64134763112738], [-86.99966149708207, 41.641516151558235], [-86.99969049346545, 41.64166035471738], [-86.99963610689656, 41.64176251367713], [-86.99956977892114, 41.64181130742194], [-86.99832020211085, 41.64255311977013], [-86.99802094547582, 41.64268572305164], [-86.99783989352886, 41.64267912649961], [-86.99759866092201, 41.64254577057254], [-86.99746010609027, 41.642385565896795], [-86.99741032137038, 41.64222256093424], [-86.99745026419474, 41.642151048918535], [-86.99767600390406, 41.6419828878015], [-86.99879341280324, 41.6413675164893], [-86.99879900837776, 41.64136422080169], [-86.99880297451631, 41.641361599738524], [-86.99897597382257, 41.64124159985732], [-86.99898553672634, 41.64123407259811], [-86.99899132203501, 41.641228420610766], [-86.99907732235994, 41.641136420561374], [-86.99908250968497, 41.64113031820294], [-86.99908692973392, 41.64112394652191], [-86.99909059451441, 41.64111731092283], [-86.99909347280648, 41.64111046094529], [-86.99909554539758, 41.64110344883115], [-86.99909679547675, 41.64109632772299], [-86.99909721343751, 41.64108915256487], [-86.99909679567715, 41.64108197649946], [-86.99909554459661, 41.64107485717306], [-86.99909347340373, 41.64106784502622], [-86.99909059410544, 41.64106099500314], [-86.99908693071622, 41.64105435844517], [-86.99908250965201, 41.64104798759438], [-86.99907763229588, 41.641042218422896], [-86.99896663107378, 41.64092221862157], [-86.9989605349842, 41.64091623326044], [-86.99895406665355, 41.6409109369489], [-86.99894700875075, 41.64090608468816], [-86.99893941170647, 41.64090171250755], [-86.99893133675818, 41.640897853734224], [-86.99892284274175, 41.64089453719184], [-86.99891399809908, 41.640891789001884], [-86.99891144172405, 41.64089111793886], [-86.99868944190187, 41.64083511765562], [-86.99868155665128, 41.64083337196372], [-86.99867351889743, 41.640832073929], [-86.99866402583477, 41.64083113706683]]], [[[-86.99775191209561, 41.643278181236184], [-86.99727137827645, 41.642754312170176], [-86.99672905802242, 41.64216307332649], [-86.99502236672154, 41.64297857715115], [-86.99438600071555, 41.64304546434253], [-86.99472683268525, 41.64285484517158], [-86.99492235562892, 41.64275179235064], [-86.99591348343299, 41.64230369153019], [-86.99651666830196, 41.64207674358754], [-86.99652233844745, 41.64207445141894], [-86.99653203129247, 41.642069726518415], [-86.99821998197909, 41.64114848197547], [-86.9984635853653, 41.64104502211229], [-86.998653490599, 41.64099976765348], [-86.99880701500837, 41.641038495045144], [-86.99885364515683, 41.64108890449647], [-86.99881833164632, 41.641126683173994], [-86.99865850599132, 41.641237543336295], [-86.99753950941147, 41.64185378791923], [-86.99753391132886, 41.641857084445924], [-86.99752712203689, 41.64186173563431], [-86.99728012213122, 41.642045735177156], [-86.99727338319776, 41.642051232130584], [-86.99726755443581, 41.64205693086722], [-86.9972624100948, 41.6420629872069], [-86.99725912340091, 41.6420675898236], [-86.99725623295352, 41.64207233746608], [-86.99719423253732, 41.642183337479615], [-86.99719232435653, 41.64218699436871], [-86.99718944581524, 41.64219384429736], [-86.99718737418333, 41.64220085637582], [-86.99718612387261, 41.642207976561096], [-86.99718570569257, 41.6422151526116], [-86.99718612324827, 41.64222232778179], [-86.99718737414075, 41.642229448929], [-86.9971884774706, 41.642233537337994], [-86.99725047780534, 41.6424365374943], [-86.99725432466967, 41.642446310431176], [-86.99725798915048, 41.642452946145255], [-86.99726241013101, 41.64245931706464], [-86.99726538429466, 41.6424629605601], [-86.99742538490527, 41.6426479601529], [-86.99743338296366, 41.642656072243106], [-86.99743985134434, 41.64266136863861], [-86.9974469117272, 41.64266622008973], [-86.99745234512149, 41.64266942768488], [-86.99773634646297, 41.64282642874446], [-86.99774658294616, 41.64283145137689], [-86.99775507595585, 41.642834768005066], [-86.99776392081496, 41.64283751628325], [-86.99777305388257, 41.64283967639424], [-86.99778240191141, 41.64284123122281], [-86.99779613520776, 41.64284238441234], [-86.99804313565181, 41.64285138440287], [-86.99804845991396, 41.642851481771466], [-86.99805802654944, 41.6428511684819], [-86.99806751875504, 41.64285023098924], [-86.99807686688492, 41.642848676498176], [-86.99808599889161, 41.6428465167169], [-86.99809484512907, 41.64284376875808], [-86.99810333835275, 41.64284045153581], [-86.99810428337977, 41.64284003721882], [-86.99843828306297, 41.64269203724232], [-86.9984445716124, 41.64268903071422], [-86.99845057078115, 41.642685710730284], [-86.99971057252334, 41.64193771084242], [-86.99971300888116, 41.64193622105251], [-86.99971930690953, 41.641931933626026], [-86.99980630728587, 41.64186793382489], [-86.99981353709815, 41.64186207283145], [-86.99981936441746, 41.64185637486625], [-86.99982450970339, 41.64185031751117], [-86.99982820326392, 41.641845095124054], [-86.99983138650022, 41.64183968538565], [-86.9999053873072, 41.64170068587514], [-86.99990659527529, 41.64169831066917], [-86.99990947350679, 41.64169146067189], [-86.99991154602804, 41.64168444854375], [-86.99991279602861, 41.64167732742744], [-86.9999132139026, 41.641670153167794], [-86.9999129053157, 41.64166399582407], [-86.9999119855423, 41.64165787270733], [-86.9998749857001, 41.6414738729431], [-86.99987454622735, 41.64147185712412], [-86.99987247373653, 41.64146484499181], [-86.9998695943381, 41.64145799498871], [-86.9998659296457, 41.64145135845603], [-86.99986150847764, 41.641444987635644], [-86.99985836250697, 41.64144114784884], [-86.99969736249952, 41.641256147998035], [-86.99969472446132, 41.64125325306661], [-86.99951177816239, 41.64106140649198], [-86.99935700596812, 41.64087491187855], [-86.9992974945808, 41.64077117072526], [-86.99932893126983, 41.640535826321845], [-86.99945499919656, 41.640394425132605], [-86.999743403565, 41.64018758942685], [-87.00050594455418, 41.63963789510263], [-87.00023337779939, 41.640165320891896], [-86.99966603620761, 41.64053452084595], [-86.99989883378586, 41.64078756058704], [-87.00069270236473, 41.64165043878708], [-86.99775191209561, 41.643278181236184]]]]}}, {"type": "Feature", "properties": {"SPR_ID": 162, "Unit_Site": "I-94 WB Chesterton Weigh Station", "Site_typ": "Weigh Station", "layer": "La Porte", "Shape_Area": 39974.1457381, "Site_Score": 15.1, "Final_Rank": 31, "SITE_EVAL": "Poor", "RATIONALE": "Strong low flood risk and slope; limited by solar resource.", "dataset": "welcome_rest_sites", "layer_title": "Rest Areas, Welcome Centers & Weigh Stations", "layer_type": "rest_area", "center_latitude": 41.640396, "center_longitude": -86.99608, "source_geometry_valid": true, "sol_s": 0.210482798990794, "slp_s": 0.758654675987261, "trn_s": 0.262341313998778, "fld_s": 1.0, "lc_s": 0.623913043478, "Site_ID": 46403, "Site_Statu": "Active", "Site_Avail": "See Comment", "Acreage": 16.0, "Address": null, "County": "Porter", "Solar_Type": null, "Electrical": "Yes", "Ownership": "Indiana State Police"}, "geometry": {"type": "MultiPolygon", "coordinates": [[[[-86.99792727390171, 41.63968960968105], [-86.9978532728345, 41.63956061030915], [-86.99784750726211, 41.63955198757536], [-86.99784318844345, 41.63954682815026], [-86.99783837251898, 41.63954192091822], [-86.99755437273672, 41.63927392115858], [-86.9975525333051, 41.639272233163524], [-86.9975460652541, 41.63926693677126], [-86.99753900643553, 41.639262085323374], [-86.99753141088024, 41.63925771304847], [-86.99752333622114, 41.63925385417516], [-86.99751700254862, 41.639251313998145], [-86.99734904552737, 41.639189179238265], [-86.99797043389334, 41.63926829162883], [-86.99846030730525, 41.63933065812555], [-86.99878374299816, 41.63965042605105], [-87.00038056249575, 41.639181467456794], [-87.00032111294088, 41.639214658400206], [-86.99937197599075, 41.63960343822451], [-86.9985170549036, 41.63993502000568], [-86.99851453215227, 41.63993602968407], [-86.99827284468262, 41.640035836369925], [-86.99813045012674, 41.640080093889196], [-86.99812391328798, 41.64008231586734], [-86.9981175841659, 41.64008485400244], [-86.99810799860082, 41.640089520493035], [-86.99683801249829, 41.64078087881213], [-86.99662276081641, 41.64088206534827], [-86.99650672694177, 41.640902245287904], [-86.99643163558525, 41.64088678566921], [-86.99639128423975, 41.64084928729925], [-86.99640628841203, 41.640811978009204], [-86.99644879237964, 41.64076741784654], [-86.99662217423564, 41.640663947978545], [-86.99767159323748, 41.640055284091545], [-86.99767500818658, 41.64005322060333], [-86.99768205904408, 41.64004837395304], [-86.99781789019642, 41.63994650028929], [-86.99791579266667, 41.63987357323178], [-86.99792253492095, 41.63986807263578], [-86.99792836342793, 41.63986237476447], [-86.99793350753157, 41.639856318392646], [-86.99793792880737, 41.63984994675442], [-86.99794159243284, 41.639843311190454], [-86.99794447199059, 41.63983646124017], [-86.9979465434647, 41.63982944914516], [-86.99794779364575, 41.63982232804792], [-86.99794821172573, 41.6398151528924], [-86.99794770046847, 41.639807221112584], [-86.99793570098954, 41.639714221200705], [-86.99793454369555, 41.63970785666792], [-86.99793247147153, 41.6397008453992], [-86.99792959235702, 41.639693995345404], [-86.99792727390171, 41.63968960968105]]], [[[-86.99598909318726, 41.64122597985421], [-86.995891091784, 41.641031979521735], [-86.99588762441313, 41.64102586889118], [-86.9958835098254, 41.64101998792174], [-86.9958773528463, 41.641012864781544], [-86.99565857507933, 41.64078623835311], [-86.9954925811822, 41.640555956644455], [-86.99543017319225, 41.64043114184759], [-86.99543931814203, 41.640361032606805], [-86.9954612504005, 41.640263653569114], [-86.99550499326871, 41.64019239455742], [-86.99684035769367, 41.639475090255985], [-86.99684700746302, 41.63947122093042], [-86.99685367527594, 41.63946666075001], [-86.99697157914005, 41.63937910008059], [-86.9971479760383, 41.63933460434688], [-86.99726562190246, 41.63934191117259], [-86.9973978584265, 41.63939083073496], [-86.99765743501752, 41.63963578537057], [-86.9977188721746, 41.63974288532878], [-86.99772420793701, 41.63978423494629], [-86.99766299575386, 41.6398298328428], [-86.99753180314482, 41.63992822693067], [-86.99648732848533, 41.64053402090237], [-86.99648613251162, 41.640534724330735], [-86.99630013297359, 41.640645724538125], [-86.99629791392725, 41.640647084558886], [-86.99629085449527, 41.64065193652783], [-86.99628438580116, 41.64065723257202], [-86.99627920431651, 41.640662244929686], [-86.99621720386412, 41.640727244504525], [-86.99621141349101, 41.640733988029204], [-86.99620699198476, 41.64074035869934], [-86.99620332813049, 41.640746995107676], [-86.9962013862729, 41.64075137345949], [-86.99616438594116, 41.64084337390959], [-86.99616137631344, 41.640852856623894], [-86.99616012591586, 41.6408599767997], [-86.99615970883147, 41.640867152848166], [-86.99616012626466, 41.640874328023784], [-86.99616137581742, 41.64088144828306], [-86.99616344788723, 41.640888460482984], [-86.99616632686785, 41.640895310579566], [-86.99616999114919, 41.640901946330104], [-86.99617441311729, 41.64090831729309], [-86.99617896362254, 41.640913731692066], [-86.9961840604844, 41.64091886508333], [-86.99628306027519, 41.64101086459882], [-86.99628438583083, 41.64101207251156], [-86.99629085395301, 41.64101736897324], [-86.99629791286951, 41.64102222049626], [-86.99630550854862, 41.64102659285135], [-86.99631358455707, 41.64103045180904], [-86.99632207845755, 41.64103376854416], [-86.99633092300948, 41.64103651693346], [-86.99633941218156, 41.641038545632895], [-86.99647541335848, 41.64106654526282], [-86.99648540349308, 41.64106823172262], [-86.99649489535824, 41.641069168764645], [-86.99650446050305, 41.64106948160687], [-86.99651402688244, 41.64106916844568], [-86.99652351884883, 41.64106823198095], [-86.99652924886716, 41.64106735484966], [-86.99661212167173, 41.64105294214705], [-86.99633974564865, 41.641214322685045], [-86.99604502912351, 41.641400475297566], [-86.9960074365773, 41.64142841172944], [-86.99599608840384, 41.64125120214983], [-86.9959955351787, 41.64124601036189], [-86.99599454727921, 41.64124085638919], [-86.99599247401568, 41.64123384418661], [-86.99598959503837, 41.64122699498681], [-86.99598909318726, 41.64122597985421]]], [[[-86.99499591863784, 41.640102293077405], [-86.99677363125178, 41.639115916788164], [-86.99723694872553, 41.63917490733605], [-86.99714351668224, 41.639169104392636], [-86.99713446091627, 41.639168824042216], [-86.99712489602163, 41.63916913725517], [-86.9971154031419, 41.63917007376985], [-86.99710736551005, 41.63917137241124], [-86.99709948154917, 41.639173116914094], [-86.9968774813839, 41.639229117187455], [-86.9968749238301, 41.639229789057715], [-86.9968660792358, 41.639232536924446], [-86.9968575864224, 41.6392358540574], [-86.99684951143034, 41.63923971343674], [-86.99684191549738, 41.63924408534037], [-86.99683524650588, 41.63924864461949], [-86.9967054551547, 41.63934503460371], [-86.99535356563824, 41.64007121511819], [-86.99534691451717, 41.640075084356916], [-86.99533985507624, 41.64007993716866], [-86.99533338756221, 41.64008523315993], [-86.9953275588066, 41.64009093089941], [-86.99532241444024, 41.64009698805509], [-86.99531777192963, 41.640103717170625], [-86.99525577200842, 41.64020471634574], [-86.99525232904793, 41.64021099514633], [-86.99524944918842, 41.640217845028694], [-86.9952473101471, 41.64022514800549], [-86.99522224383574, 41.640336437644486], [-86.99522123119537, 41.64034213557842], [-86.99520923144136, 41.64043413586351], [-86.99520870972789, 41.64044215227959], [-86.99520912705285, 41.64044932745917], [-86.99521037769338, 41.64045644863008], [-86.9952124496465, 41.640463460847656], [-86.99521532850747, 41.64047031096859], [-86.99521570068028, 41.640471064889496], [-86.99528969974742, 41.64061906579656], [-86.99529257514118, 41.64062426849226], [-86.9952959188357, 41.64062931177901], [-86.99546891908507, 41.6408693119486], [-86.99547041387173, 41.640871317918254], [-86.99547656959179, 41.64087844108036], [-86.99569100542385, 41.641100570377695], [-86.99577766788843, 41.64127212984425], [-86.99578861962193, 41.64144313344743], [-86.99569500264917, 41.641606749948075], [-86.99500659337937, 41.642167784339975], [-86.99483045551762, 41.64226656425721], [-86.99501180553993, 41.641830126892884], [-86.99499938481837, 41.64047930720944], [-86.99499591863784, 41.640102293077405]]]]}}, {"type": "Feature", "properties": {"SPR_ID": 163, "Unit_Site": "Taylorsville Rest Area NB", "Site_typ": "Rest Area", "layer": "Seymour", "Shape_Area": 16582.7681983, "Site_Score": 64.01, "Final_Rank": 12, "SITE_EVAL": "Fair", "RATIONALE": "Strong low flood risk and land cover suitability; limited by solar resource.", "dataset": "welcome_rest_sites", "layer_title": "Rest Areas, Welcome Centers & Weigh Stations", "layer_type": "rest_area", "center_latitude": 39.259872, "center_longitude": -85.952816, "source_geometry_valid": true, "sol_s": 0.390378595703736, "slp_s": 0.729621771934313, "trn_s": 0.539955988165433, "fld_s": 1.0, "lc_s": 1.0, "Site_ID": 50303, "Site_Statu": "Active", "Site_Avail": "Yes", "Acreage": 6.0, "Address": null, "County": "Bartholomew", "Solar_Type": "Rooftop and Canopy(do)", "Electrical": "Yes", "Ownership": "INDOT"}, "geometry": {"type": "MultiPolygon", "coordinates": [[[[-85.95207176491105, 39.26019989337372], [-85.95200632065823, 39.26015662366313], [-85.95198811307614, 39.26016650036586], [-85.95192020299159, 39.260117510980514], [-85.95201455726043, 39.26005518290103], [-85.95214093881494, 39.26012991831656], [-85.95207176491105, 39.26019989337372]]], [[[-85.95160443994247, 39.260366486466644], [-85.95165895494128, 39.26034239801291], [-85.95170142549408, 39.260402618280054], [-85.95165071401377, 39.26042860800234], [-85.95160443994247, 39.260366486466644]]], [[[-85.95301464722444, 39.260912227260285], [-85.9527449470926, 39.26073633621817], [-85.95249646418098, 39.26059157438278], [-85.95243369510038, 39.26078294827807], [-85.95175685959062, 39.260846361067394], [-85.95160273272867, 39.26068158883048], [-85.95160360344009, 39.260608124735484], [-85.95167544653795, 39.260493165799964], [-85.95175514382451, 39.260521270224515], [-85.95182026164478, 39.26050895944887], [-85.95178491675307, 39.26046259867326], [-85.95180194393924, 39.26042552354417], [-85.95191920809137, 39.26041196466683], [-85.95202933446085, 39.26043297927414], [-85.95207817911229, 39.26035604439225], [-85.95220393509534, 39.26046629769554], [-85.9523053611228, 39.26040544408467], [-85.95242052481547, 39.25936047424767], [-85.95250651657001, 39.25938783463852], [-85.95281530390335, 39.25916113040633], [-85.95288566065803, 39.258996965458664], [-85.95301855577462, 39.25894224298332], [-85.9533117086884, 39.2593252954839], [-85.95317881240942, 39.26096694980798], [-85.95309328364911, 39.26101856881453], [-85.95301464722444, 39.260912227260285]]]]}}, {"type": "Feature", "properties": {"SPR_ID": 164, "Unit_Site": "Taylorsville Rest Area SB", "Site_typ": "Rest Area", "layer": "Seymour", "Shape_Area": 15590.7181502, "Site_Score": 53.8, "Final_Rank": 17, "SITE_EVAL": "Fair", "RATIONALE": "Strong low flood risk and land cover suitability; limited by solar resource.", "dataset": "welcome_rest_sites", "layer_title": "Rest Areas, Welcome Centers & Weigh Stations", "layer_type": "rest_area", "center_latitude": 39.277236, "center_longitude": -85.956715, "source_geometry_valid": true, "sol_s": 0.445539939162861, "slp_s": 0.507059038583924, "trn_s": 0.530793408519668, "fld_s": 1.0, "lc_s": 0.9999999999998, "Site_ID": 50304, "Site_Statu": "Active", "Site_Avail": "Yes", "Acreage": 10.0, "Address": null, "County": "Bartholomew", "Solar_Type": "Rooftop", "Electrical": "Yes", "Ownership": "INDOT"}, "geometry": {"type": "MultiPolygon", "coordinates": [[[[-85.95677579175965, 39.276546646427924], [-85.95677579198713, 39.27649308905583], [-85.95682934944864, 39.276496149551306], [-85.95682858428083, 39.27654664636819], [-85.95680333603076, 39.276542055409244], [-85.95677655751591, 39.276541291063886], [-85.95677579175965, 39.276546646427924]]], [[[-85.95671725250368, 39.27666083171845], [-85.95667342070136, 39.27658906397446], [-85.95671993950587, 39.27657339413025], [-85.9567597252262, 39.276639224543956], [-85.95674540204296, 39.2766527202783], [-85.95671725250368, 39.27666083171845]]], [[[-85.95671725250368, 39.27666083171845], [-85.95671798026991, 39.276662024038146], [-85.9567165120043, 39.276661044942685], [-85.95671725250368, 39.27666083171845]]], [[[-85.95681047685451, 39.27665520637931], [-85.95685935867638, 39.27660207433765], [-85.956895488292, 39.27662332700706], [-85.9568912378797, 39.27661482614622], [-85.95697837442833, 39.27662757737329], [-85.95700812920614, 39.27665733209752], [-85.95695287178798, 39.276738093144], [-85.95688061097498, 39.2767891001161], [-85.95678072232784, 39.276746594098704], [-85.95681685243439, 39.27668496073018], [-85.95681047685451, 39.27665520637931]]], [[[-85.95562862829553, 39.27603230878058], [-85.95629968074738, 39.276017396042086], [-85.95782818762406, 39.27853011292067], [-85.95781327575067, 39.27850774482421], [-85.9571496799718, 39.2784406398559], [-85.95562862829553, 39.27603230878058]]]]}}, {"type": "Feature", "properties": {"SPR_ID": 165, "Unit_Site": "Henryville Rest Area NB", "Site_typ": "Rest Area", "layer": "Seymour", "Shape_Area": 18118.5131008, "Site_Score": 38.97, "Final_Rank": 21, "SITE_EVAL": "Poor", "RATIONALE": "Strong low flood risk and land cover suitability; limited by slope.", "dataset": "welcome_rest_sites", "layer_title": "Rest Areas, Welcome Centers & Weigh Stations", "layer_type": "rest_area", "center_latitude": 38.584656, "center_longitude": -85.776043, "source_geometry_valid": true, "sol_s": 0.442791771044801, "slp_s": 0.368025678430959, "trn_s": 0.492846177512703, "fld_s": 1.0, "lc_s": 1.0, "Site_ID": 51002, "Site_Statu": "Active", "Site_Avail": "See Comment", "Acreage": 18.0, "Address": null, "County": "Clark", "Solar_Type": "Rooftop and Canopy", "Electrical": "Yes", "Ownership": "INDOT"}, "geometry": {"type": "MultiPolygon", "coordinates": [[[[-85.77667524404407, 38.58489582297299], [-85.77679950498171, 38.58488079115242], [-85.77682141680815, 38.58505733452851], [-85.77688478930101, 38.585125737525885], [-85.77683508629676, 38.58517521404769], [-85.77682915667444, 38.5853116858781], [-85.7767054151044, 38.585316431977915], [-85.7765976150799, 38.585100406934195], [-85.77668785789248, 38.585065075264765], [-85.77667524404407, 38.58489582297299]]], [[[-85.77709264624654, 38.58369038366671], [-85.77738805227335, 38.58368729641516], [-85.7777675938512, 38.58372970690262], [-85.7776783674423, 38.584076934945465], [-85.77656317404606, 38.58457572315064], [-85.77673107338437, 38.58471188450878], [-85.77655969793635, 38.584861488647185], [-85.77645207200479, 38.58502927118954], [-85.77638286887331, 38.58517564205165], [-85.77627018757708, 38.5851397856072], [-85.7763242533438, 38.58501687216549], [-85.77622428840596, 38.584960610449436], [-85.77612082803203, 38.585081861910645], [-85.77619990715662, 38.58544922146922], [-85.77614286068885, 38.58552578437046], [-85.77588538482875, 38.58532023719501], [-85.77582085805541, 38.58548220513004], [-85.77575977235804, 38.585336374934116], [-85.77574225141838, 38.58520667062429], [-85.77569759419346, 38.585227036307586], [-85.77559286286602, 38.585361665135764], [-85.77560446826419, 38.58544121964937], [-85.77561725063948, 38.58551191011178], [-85.77563295108443, 38.585543958094064], [-85.77565858617686, 38.585564920388144], [-85.77568400251435, 38.58557584604228], [-85.77571588118629, 38.585589230959876], [-85.77577862946029, 38.5856003768252], [-85.77578311321349, 38.58560718508613], [-85.7757870601442, 38.5856121385639], [-85.77579144502621, 38.5856168587184], [-85.77584244531171, 38.585667858630224], [-85.77584460504616, 38.585669947567645], [-85.77584943141983, 38.58567415868068], [-85.77585461600286, 38.58567809958986], [-85.77590585456048, 38.5857144627258], [-85.77570690231774, 38.58568249834334], [-85.77556653025688, 38.58559573732907], [-85.77547511712149, 38.58551495755295], [-85.77542115377085, 38.584599571392644], [-85.77709264624654, 38.58369038366671]]]]}}, {"type": "Feature", "properties": {"SPR_ID": 166, "Unit_Site": "Henryville Rest Area SB", "Site_typ": "Rest Area", "layer": "Seymour", "Shape_Area": 20230.5288135, "Site_Score": 3.59, "Final_Rank": 37, "SITE_EVAL": "Poor", "RATIONALE": "Strong low flood risk and land cover suitability; limited by solar resource.", "dataset": "welcome_rest_sites", "layer_title": "Rest Areas, Welcome Centers & Weigh Stations", "layer_type": "rest_area", "center_latitude": 38.586256, "center_longitude": -85.781538, "source_geometry_valid": true, "sol_s": 0.0, "slp_s": 0.281500120082583, "trn_s": 0.413993583173018, "fld_s": 1.0, "lc_s": 1.0, "Site_ID": 51003, "Site_Statu": "Active", "Site_Avail": "See Comment", "Acreage": 23.0, "Address": null, "County": "Clark", "Solar_Type": "Rooftop and Canopy", "Electrical": "Yes", "Ownership": "INDOT"}, "geometry": {"type": "MultiPolygon", "coordinates": [[[[-85.7807733518696, 38.585681280269675], [-85.7808534252625, 38.58562017186203], [-85.78091453393044, 38.58567917350557], [-85.78091453399772, 38.58579717601843], [-85.78097564294436, 38.58585196293524], [-85.78090821261227, 38.585908856865494], [-85.78091031922223, 38.58603950288081], [-85.78083446119878, 38.58610693267484], [-85.78075649492753, 38.58601843090885], [-85.78078599555943, 38.58598471609552], [-85.78076492347267, 38.58590253480109], [-85.78072277933407, 38.585847748017116], [-85.78077756667541, 38.58578874714445], [-85.7807733518696, 38.585681280269675]]], [[[-85.78121593680946, 38.58595391442537], [-85.78124754621948, 38.585650508760935], [-85.78115913407818, 38.58560202235235], [-85.78103546579166, 38.585540829144215], [-85.78091463453879, 38.58552642804549], [-85.7807709511113, 38.585537695115256], [-85.78060822986542, 38.58562381624912], [-85.78038938014124, 38.58604771388683], [-85.78036682716039, 38.586285132049646], [-85.78019712189636, 38.586208670217516], [-85.78023731061094, 38.585922867315965], [-85.78043738380534, 38.58557373857974], [-85.78057047978403, 38.585461173717164], [-85.78081735550016, 38.585400293891766], [-85.78107867474463, 38.585401646290855], [-85.78123402997898, 38.5855054065533], [-85.78131765659232, 38.585556955656244], [-85.78128323626827, 38.58561059615743], [-85.78137296919928, 38.58569913630317], [-85.78155032931014, 38.58567096654221], [-85.78146287222502, 38.58537772964854], [-85.78151431731767, 38.58532628494133], [-85.78188986705979, 38.58554235422262], [-85.78186414431367, 38.58569668937089], [-85.78197732292998, 38.58570183338936], [-85.78205963541438, 38.5856040876049], [-85.78200819025132, 38.58537773016535], [-85.78215738100877, 38.58529541782238], [-85.78227426776897, 38.58569982133643], [-85.78225512617193, 38.5862985967327], [-85.78052657273099, 38.587219463082555], [-85.78019217935704, 38.5871422951513], [-85.78014587879632, 38.58681819198816], [-85.78063975115408, 38.58651981059941], [-85.78065004048511, 38.58644264296474], [-85.78084553237194, 38.58622657346706], [-85.78110790114853, 38.58615455037942], [-85.78121593680946, 38.58595391442537]]]]}}, {"type": "Feature", "properties": {"SPR_ID": 167, "Unit_Site": "I-74 EB West Harrison Weigh Station", "Site_typ": "Weigh Station", "layer": "Seymour", "Shape_Area": 35743.6945934, "Site_Score": 0.0, "Final_Rank": 39, "SITE_EVAL": "Poor", "RATIONALE": "Strong low flood risk and land cover suitability; limited by slope.", "dataset": "welcome_rest_sites", "layer_title": "Rest Areas, Welcome Centers & Weigh Stations", "layer_type": "rest_area", "center_latitude": 39.279979, "center_longitude": -84.832499, "source_geometry_valid": false, "sol_s": 0.237086172651776, "slp_s": 0.0, "trn_s": 0.212541599072583, "fld_s": 1.0, "lc_s": 0.94999999999955, "Site_ID": 51502, "Site_Statu": "Active", "Site_Avail": "See Comment", "Acreage": 11.0, "Address": null, "County": "Dearborn", "Solar_Type": "Rooftop and Ground", "Electrical": "Yes", "Ownership": "Indiana State Police"}, "geometry": {"type": "Polygon", "coordinates": [[[-84.83182644096384, 39.27965620270516], [-84.83246122425139, 39.27961765516639], [-84.83350690706457, 39.279690455264955], [-84.83269286287145, 39.28015373255648], [-84.83181263586611, 39.280504499491094], [-84.83036324148259, 39.28080893854903], [-84.82911239294276, 39.280908212590894], [-84.82886751802235, 39.28080231990827], [-84.82867558923776, 39.28023315119175], [-84.82846380605929, 39.27949852651692], [-84.82822554951059, 39.279352925340454], [-84.82761667058766, 39.27911466832892], [-84.82941683220852, 39.279478671555744], [-84.83023087700005, 39.279505144690695], [-84.83175119691846, 39.279650196153945], [-84.83189449463359, 39.27975650519991], [-84.83182644096384, 39.27965620270516]], [[-84.83193321144, 39.27981356904219], [-84.83193172559164, 39.27978412582211], [-84.83189449463359, 39.27975650519991], [-84.83193321144, 39.27981356904219]], [[-84.83193954580584, 39.2799390758629], [-84.83188031218171, 39.280105557876105], [-84.83173824774896, 39.28011375805276], [-84.8313316726172, 39.27976628212898], [-84.83048425411518, 39.27977270859599], [-84.82935114489351, 39.279936290604645], [-84.8293154757962, 39.280019783390756], [-84.82972287066843, 39.28028552550242], [-84.83011514724922, 39.280518136146355], [-84.83073111457145, 39.280437636375716], [-84.83070251943772, 39.28034133196255], [-84.83041128427983, 39.28035562637701], [-84.83069274768047, 39.28025549890015], [-84.83092092926387, 39.2802109807427], [-84.83107965342104, 39.28019550231626], [-84.83153556706786, 39.28022822529228], [-84.83174101156413, 39.280211665831], [-84.83194764849142, 39.28015982128085], [-84.83201277206442, 39.27993083021572], [-84.83193321144, 39.27981356904219], [-84.83193954580584, 39.2799390758629]]]}}, {"type": "Feature", "properties": {"SPR_ID": 169, "Unit_Site": "I-65 NB Jackson Weigh Station", "Site_typ": "Weigh Station", "layer": "Seymour", "Shape_Area": 4766.57124589, "Site_Score": 42.24, "Final_Rank": 20, "SITE_EVAL": "Fair", "RATIONALE": "Strong low flood risk and land cover suitability; limited by solar resource.", "dataset": "welcome_rest_sites", "layer_title": "Rest Areas, Welcome Centers & Weigh Stations", "layer_type": "rest_area", "center_latitude": 38.97776, "center_longitude": -85.842447, "source_geometry_valid": true, "sol_s": 0.085207372200081, "slp_s": 0.885690111395303, "trn_s": 0.611175825269079, "fld_s": 1.0, "lc_s": 1.0, "Site_ID": 53603, "Site_Statu": "Active", "Site_Avail": "Yes", "Acreage": 6.0, "Address": null, "County": "Jackson", "Solar_Type": "Rooftop and Canopy", "Electrical": "Yes", "Ownership": "Indiana State Police"}, "geometry": {"type": "MultiPolygon", "coordinates": [[[[-85.84305495232823, 38.97806816638841], [-85.84305374448768, 38.977992142992406], [-85.84309028728197, 38.977995320367626], [-85.84308737866448, 38.97814801181796], [-85.84305733190686, 38.97815213559042], [-85.84305495232823, 38.97806816638841]]], [[[-85.84229433549751, 38.97843643392613], [-85.8423165252679, 38.97738243789948], [-85.84241082974175, 38.97723820625993], [-85.84257170318538, 38.977149448840095], [-85.84284424755252, 38.977149448768415], [-85.84283174980048, 38.97727831194826], [-85.84283144888313, 38.977284529260345], [-85.84283145650646, 38.97728555028276], [-85.84283279652504, 38.97736989305765], [-85.84263827061902, 38.97734360605073], [-85.84259253209433, 38.97738204655419], [-85.84257034282591, 38.97766496120239], [-85.8425938926361, 38.97766535249992], [-85.84257695337638, 38.977854262359244], [-85.84280526306534, 38.97785862465393], [-85.84283143903498, 38.97793278890403], [-85.84284181950879, 38.977937979464464], [-85.84284271263108, 38.97799417463221], [-85.84282271350632, 38.97801131616514], [-85.84256822761482, 38.978006953760456], [-85.8425580486804, 38.9781189271397], [-85.842595857786, 38.97819018364557], [-85.84273982385109, 38.97822072167809], [-85.84283870938629, 38.97817273301679], [-85.84284659821351, 38.97816511135129], [-85.84285534250887, 38.978473657319945], [-85.84281023833684, 38.97845862298713], [-85.84229433549751, 38.97843643392613]]]]}}, {"type": "Feature", "properties": {"SPR_ID": 170, "Unit_Site": "I-65 Jackson SB Weigh Station", "Site_typ": "Weigh Station", "layer": "Seymour", "Shape_Area": 24615.6716103, "Site_Score": 10.49, "Final_Rank": 33, "SITE_EVAL": "Poor", "RATIONALE": "Strong low flood risk and transmission access; limited by solar resource.", "dataset": "welcome_rest_sites", "layer_title": "Rest Areas, Welcome Centers & Weigh Stations", "layer_type": "rest_area", "center_latitude": 38.977713, "center_longitude": -85.844847, "source_geometry_valid": true, "sol_s": 0.055014789253133, "slp_s": 0.628340309050521, "trn_s": 0.679473753928255, "fld_s": 1.0, "lc_s": 0.5354838709683, "Site_ID": 53604, "Site_Statu": "Active", "Site_Avail": "Yes", "Acreage": 6.0, "Address": null, "County": "Jackson", "Solar_Type": "Ground", "Electrical": "Yes", "Ownership": "INDOT"}, "geometry": {"type": "MultiPolygon", "coordinates": [[[[-85.84409821472148, 38.97762059947059], [-85.84409570277867, 38.97750472279819], [-85.8443848336752, 38.97755979471269], [-85.8443802376949, 38.978322731677636], [-85.84422856912956, 38.978387075525305], [-85.84409842934338, 38.97832654530457], [-85.84409981865493, 38.97830123814717], [-85.84409991540267, 38.97829763109965], [-85.84409823044814, 38.97762183323296], [-85.84409821472148, 38.97762059947059]]], [[[-85.8437107254351, 38.97665396573934], [-85.84370995292751, 38.976379581053116], [-85.84382345656441, 38.97687357990535], [-85.84387916258804, 38.97725267701299], [-85.84388718412025, 38.97762276457939], [-85.84388886084331, 38.978296034770295], [-85.84386911292411, 38.9786557115424], [-85.84372923112069, 38.979293820956336], [-85.84372158206565, 38.97833223871015], [-85.84372602208845, 38.97743595271171], [-85.84372601054116, 38.977434533364004], [-85.8437107254351, 38.97665396573934]]], [[[-85.84465140212771, 38.978396267863346], [-85.84462912180922, 38.97716831763653], [-85.84444218517767, 38.97719031045778], [-85.84444218500445, 38.977311269690546], [-85.84409083613716, 38.97728026811658], [-85.84409009080333, 38.977245878340604], [-85.84408941956836, 38.977237887038996], [-85.84403274682776, 38.97685221863305], [-85.84403180358551, 38.97684718294909], [-85.84387973679742, 38.97618535696703], [-85.8437972617635, 38.975742604810826], [-85.84496077002709, 38.97691980209944], [-85.84510196225132, 38.978113999139886], [-85.84494801447315, 38.978641821299455], [-85.84387207787329, 38.97970900635534], [-85.84387496942587, 38.97966005210288], [-85.8439363552208, 38.979325739416424], [-85.84407826787846, 38.97867835051196], [-85.84407918536236, 38.97867318638436], [-85.84407968205312, 38.97866798654948], [-85.84408823059678, 38.97851229892298], [-85.84412745797424, 38.97850197525157], [-85.84465140212771, 38.978396267863346]]]]}}, {"type": "Feature", "properties": {"SPR_ID": 171, "Unit_Site": "Batesville Welcome Center WB", "Site_typ": "Welcome Center", "layer": "Seymour", "Shape_Area": 45180.2736575, "Site_Score": 57.93, "Final_Rank": 16, "SITE_EVAL": "Fair", "RATIONALE": "Strong low flood risk and slope; limited by distance from transmission infrastructure.", "dataset": "welcome_rest_sites", "layer_title": "Rest Areas, Welcome Centers & Weigh Stations", "layer_type": "rest_area", "center_latitude": 39.288812, "center_longitude": -85.168591, "source_geometry_valid": true, "sol_s": 0.623075263644691, "slp_s": 0.729962065306396, "trn_s": 0.430595763019547, "fld_s": 1.0, "lc_s": 0.728, "Site_ID": 56905, "Site_Statu": "Active", "Site_Avail": "See Comment", "Acreage": 16.0, "Address": "I-71, Mile Marker 152", "County": "Ripley", "Solar_Type": null, "Electrical": "Need Review", "Ownership": "INDOT"}, "geometry": {"type": "Polygon", "coordinates": [[[-85.16699634120725, 39.28816704757229], [-85.16619641511801, 39.287713755792915], [-85.16676256832022, 39.28787208746644], [-85.16691287667433, 39.287913840049484], [-85.16804701029314, 39.28823361290542], [-85.16877027810388, 39.28846057509834], [-85.17102095027394, 39.28935919222539], [-85.17045624934515, 39.28936815550078], [-85.16995429358983, 39.28963706043113], [-85.16975709694, 39.28995974656682], [-85.16935374046852, 39.290085235711366], [-85.16837671965884, 39.29026450529675], [-85.16791061766041, 39.29010316203257], [-85.16753415143059, 39.2900314538896], [-85.16724731914965, 39.28989700213419], [-85.16717561111021, 39.28969084179277], [-85.16743555312694, 39.28931437449186], [-85.16762378576234, 39.2890365065418], [-85.16743555225924, 39.28858833175759], [-85.16699634120725, 39.28816704757229]]]}}]}